id,brand,brand_category,product_name,product_name_normalized,menu_category,product_description,serving_size,serving_size_unit,energy_kcal,protein_g,carbs_g,fat_g,fiber_g,sodium_mg,sugar_g,nutrition_value_type,energy_min_kcal,energy_max_kcal,protein_min_g,protein_max_g,carbs_min_g,carbs_max_g,fat_min_g,fat_max_g,primary_source_type,primary_source_url,primary_source_title,primary_source_date,secondary_source_url,source_notes,confidence_grade,merchant_claims,xiaohongshu_keywords,common_modifications,tags,research_status,last_verified_date,item_type,combo_components,calorie_uncertainty_drivers,conflicting_sources,best_current_estimate
pick-mcd-01,麦当劳,B,板烧鸡腿堡(去酱)+苹果片+无糖可乐,grilled chicken burger no sauce + apple + zero cola,减脂组合,用户UGC高频组合,1,套,,,,,,,,estimated_range,350,430,,,,,,,third_party_analysis,https://post.smzdm.com/p/az60v5po//,麦当劳=减脂餐·减脂期搭配分享,2026-09-18,https://post.smzdm.com/zz/p/ako777nr/,"UGC点值约392kcal, 无称重方法, 取±10%区间",C,,麦当劳 减脂; 板烧鸡腿堡 热量,去酱,burger; combo; high_protein,complete,2026-09-18,custom_combo,burger=板烧鸡腿堡(去酱); side=苹果片; drink=无糖可乐,酱,,350-430 kcal
pick-mcd-02,麦当劳,B,原味板烧鸡腿堡+玉米杯+零度可乐,grilled chicken burger + corn cup + zero cola,减脂组合,用户UGC高频组合,1,套,,,,,,,,estimated_range,420,510,,,,,,,third_party_analysis,https://post.smzdm.com/zz/p/ako777nr/,麦当劳减脂终极攻略400/500/600大卡套餐,2026-09-18,,"UGC点值约462kcal, 无称重方法",C,,麦当劳 减脂,薯条换玉米杯,burger; combo,complete,2026-09-18,custom_combo,burger=原味板烧鸡腿堡; side=玉米杯; drink=零度可乐,酱; 薯条是否替换,,420-510 kcal
pick-mcd-03,麦当劳,B,麦香鱼(去酱)+玉米杯+美式,filet-o-fish no sauce + corn cup + americano,减脂组合,用户UGC组合,1,套,,,,,,,,estimated_range,365,450,,,,,,,third_party_analysis,https://post.smzdm.com/p/az60v5po//,麦当劳=减脂餐·减脂期搭配分享,2026-09-18,,UGC点值约406kcal,C,,麦当劳 减脂,去酱,burger; combo,complete,2026-09-18,custom_combo,burger=麦香鱼(去酱); side=玉米杯; drink=美式,酱; 炸鱼排,,365-450 kcal
pick-kfc-01,肯德基,B,新奥尔良烤鸡腿堡(无酱)+香甜玉米杯+无糖可乐,orleans grilled chicken burger no sauce + corn + zero cola,减脂组合,用户UGC高频组合,1,套,,,,,,,,estimated_range,420,520,,,,,,,third_party_analysis,https://post.smzdm.com/p/a3rq7k6r/,减脂人肯德基点单攻略,2026-09-18,,UGC: 堡约400+玉米约70,C,,KFC 减脂怎么点,无酱,burger; combo,complete,2026-09-18,custom_combo,burger=新奥尔良烤鸡腿堡(无酱); side=香甜玉米杯; drink=无糖可乐,酱,,420-520 kcal
pick-kfc-02,肯德基,B,滋滋YES烤鸡腿堡(无酱),zizi yes grilled chicken burger no sauce,减脂组合,用户UGC单品改法,1,份,,,,,,,,estimated_range,350,430,,,,,,,third_party_analysis,https://post.smzdm.com/p/a3rq7k6r/,减脂人肯德基点单攻略,2026-09-18,,UGC点值约390kcal,C,,KFC 减脂,无酱,burger; high_protein,complete,2026-09-18,single_item,,酱,,350-430 kcal
pick-kfc-03,肯德基,B,汁汁嫩牛堡(去酱),zhizhi tender beef burger no sauce,减脂组合,用户UGC改法: 去酱460→424,1,份,,,,,,,,estimated_range,400,450,,,,,,,third_party_analysis,https://post.smzdm.com/p/a3rq7k6r/,减脂人肯德基点单攻略,2026-09-18,,UGC给出去酱delta 460→424,C,,KFC 减脂,去酱(-36kcal),burger,complete,2026-09-18,single_item,,酱,,400-450 kcal
pick-lxj-01,老乡鸡,B,小份糙米饭+卤鸡腿+青椒炒豆芽+白菜炖豆腐,small brown rice + braised chicken leg + veg x2,减脂组合,用户UGC高频组合,1,套,,,,,,,,estimated_range,530,640,,,,,,,third_party_analysis,https://post.smzdm.com/p/a3m6v66r/,老乡鸡轻养四部曲·用户真实反馈,2026-09-18,,UGC点值约587kcal; 单品可以官方4+1 per-100g复核,C,,老乡鸡 减脂,小份饭,chinese; combo; high_protein,complete,2026-09-18,custom_combo,staple=小份糙米饭; protein=卤鸡腿; veg1=青椒炒豆芽; veg2=白菜炖豆腐,炒菜油量,,530-640 kcal
pick-lxj-02,老乡鸡,B,粗粮盒+蒜蓉粉丝虾+香脆木耳+农家蒸蛋,coarse grain box + garlic vermicelli shrimp +木耳 + steamed egg,减脂组合,用户UGC组合,1,套,,,,,,,,estimated_range,420,520,,,,,,,third_party_analysis,https://post.smzdm.com/p/a3m6v66r/,老乡鸡轻养四部曲·用户真实反馈,2026-09-18,,UGC点值约469kcal,C,,老乡鸡 减脂,,chinese; combo; high_fiber,complete,2026-09-18,custom_combo,staple=粗粮盒; protein=蒜蓉粉丝虾; veg1=香脆木耳; protein2=农家蒸蛋,粉丝蒜蓉油,,420-520 kcal
pick-lxj-03,老乡鸡,B,小份米饭+鱼香肉丝+两份素菜,small rice + yuxiang shredded pork + veg x2,减脂组合,用户UGC组合,1,套,,,,,,,,estimated_range,500,600,,,,,,,third_party_analysis,https://post.smzdm.com/p/a3m6v66r/,老乡鸡轻养四部曲·用户真实反馈,2026-09-18,,UGC点值约551kcal,C,,老乡鸡 减脂,小份饭,chinese; combo,complete,2026-09-18,custom_combo,staple=小份米饭; main=鱼香肉丝; veg1=素菜; veg2=素菜,鱼香汁糖油,,500-600 kcal
pick-micun-01,米村拌饭,B,石锅拌饭(去酱+去海苔碎),stone pot bibimbap no sauce no seaweed,减脂组合,用户UGC改法: 709→576,1,份,,,,,,,,estimated_range,520,630,,,,,,,third_party_analysis,https://post.smzdm.com/zz/p/akoekgv9/,米村拌饭全测评·500大卡怎么吃,2026-09-18,,"UGC给出逐项delta: 去酱709→635, 再去海苔碎→576",C,,米村拌饭 减脂,去酱(-74); 去海苔碎(-59); 米饭半份(-90),rice_bowl; combo,complete,2026-09-18,custom_combo,base=米饭; veg=蔬菜; protein=肉; sauce=去; topping=去海苔碎,拌饭酱; 海苔碎; 米饭份量,,520-630 kcal
pick-micun-02,米村拌饭,B,牛肉粒拌饭(去酱+去海苔碎),beef bits bibimbap no sauce no seaweed,减脂组合,用户UGC改法: 750→551,1,份,,,,,,,,estimated_range,500,600,,,,,,,third_party_analysis,https://post.smzdm.com/zz/p/akoekgv9/,米村拌饭全测评·500大卡怎么吃,2026-09-18,,UGC点值750→551,C,,米村拌饭 减脂,去酱; 去海苔碎,rice_bowl; combo; high_protein,complete,2026-09-18,custom_combo,base=米饭; protein=牛肉粒; sauce=去; topping=去海苔碎,拌饭酱; 米饭份量,,500-600 kcal
pick-tastien-01,塔斯汀,B,湘辣嫩鸡肉汉堡(去酱多菜),xiangla tender chicken burger no sauce extra veg,减脂组合,用户UGC改法,1,份,,,,,,,,estimated_range,290,360,,,,,,,third_party_analysis,https://post.smzdm.com/p/avvoonk9/,塔斯汀汉堡500kcal以内低卡吃法,2026-09-18,,UGC点值约325kcal,C,,塔斯汀 减脂,去酱; 多菜,burger; high_protein,complete,2026-09-18,single_item,,酱; 面包胚,,290-360 kcal
pick-tastien-02,塔斯汀,B,藤椒鸡腿堡(去酱多菜),tengjiao chicken burger no sauce extra veg,减脂组合,用户UGC改法,1,份,,,,,,,,estimated_range,370,450,,,,,,,third_party_analysis,https://post.smzdm.com/p/avvoonk9/,塔斯汀汉堡500kcal以内低卡吃法,2026-09-18,,UGC点值约410kcal,C,,塔斯汀 减脂,去酱; 多菜,burger,complete,2026-09-18,single_item,,酱; 油炸,,370-450 kcal
pick-shaxian-01,沙县小吃,B,去皮鸡腿饭(米饭减半),"skinless chicken leg rice, half rice",减脂组合,用户UGC高频·沙县减脂顶流,1,份,,,,,,,,estimated_range,470,560,,,,,,,third_party_analysis,https://post.smzdm.com/p/a95e3ko7/,沙县减脂必点清单·去皮鸡腿饭500大卡,2026-09-18,https://www.sina.cn/news/detail/5278129538993462.html,UGC点值约500-525kcal; 门店非标准化,C,,沙县 减脂; 鸡腿饭 热量,去皮; 米饭减半; 加青菜,chinese; rice_bowl; high_protein,complete,2026-09-18,single_item,,鸡皮; 米饭份量; 卤汁,,470-560 kcal
pick-shaxian-02,沙县小吃,B,柳叶蒸饺一份,willow-leaf steamed dumplings 1 portion,减脂组合,用户UGC·相对可控选择,1,份,,,,,,,,estimated_range,300,360,,,,,,,third_party_analysis,https://post.smzdm.com/p/a95e3ko7/,沙县减脂红黑榜,2026-09-18,,UGC点值约326kcal; 个数与皮厚为变量,C,,沙县 减脂,蘸醋不蘸辣油,dumpling,complete,2026-09-18,single_item,,个数; 皮厚; 馅肥瘦,,300-360 kcal
familymart-cn-haixian-shuangwei-sanjiao-fantuan,全家便利店,B,全家海鲜双味三角饭团,seafood double-flavor triangle onigiri,饭团,全家自有鲜食三角饭团，海鲜双味(如虾仁/金枪鱼蛋黄酱类)。选食物网转录包装标签每100g营养；包装净含量未在来源披露，故按每100g基准记录。,100,g（每100g基准；包装净含量未在来源披露）,194,5.8,33.3,4.2,,,,exact,,,,,,,,,third_party_analysis,https://www.xuanshiwu.com/foods/570736.html,选食物网 · 全家海鲜双味三角饭团(每100g营养成分),2024-10-22,,营养为每100g基准(来源未披露净含量，无法折算每份)。宏量经Atwater反算与所标能量自洽，判为真实包装标签转录；钠/糖未披露，纤维素来源标0.00疑为占位故留空。confidence降记B(众包转录、无包装照片)。,B,,全家 全家海鲜双味三角饭团 热量; 全家便利店 减脂; 全家 饭团 营养成分,按每100g能量密度控量; 搭配无糖饮品; 沙拉类可要求酱包分装/少酱,onigiri; carb; seafood,complete,2026-09-18,single_item,,包装净含量未在来源披露(按每100g记录); 是否含酱包/实际酱量; 门店与批次配方差异,,
familymart-cn-aoerliang-kaoji-dakou-fantuan,全家便利店,B,奥尔良风味烤鸡大口饭团,orleans-style roast chicken big-bite onigiri,饭团,全家'大口饭团'系列，奥尔良风味烤鸡馅。选食物网每100g：176kcal/P5.4/C28.8/F4.1；魔都食鉴局2020报告独立读同一包装：净含量175g、737KJ/100g(≈176kcal/100g)、307.8kcal/份，两源每100g能量一致(交叉验证通过)。,100,g（每100g基准；包装净含量未在来源披露）,176,5.4,28.8,4.1,,,,exact,,,,,,,,,third_party_analysis,https://www.xuanshiwu.com/foods/1059818.html,选食物网 · 奥尔良风味烤鸡大口饭团(每100g营养成分),2024-12-11,,营养为每100g基准(来源未披露净含量，无法折算每份)。宏量经Atwater反算与所标能量自洽，判为真实包装标签转录；钠/糖未披露，纤维素来源标0.00疑为占位故留空。confidence降记B(众包转录、无包装照片)。,B,,全家 奥尔良风味烤鸡大口饭团 热量; 全家便利店 减脂; 全家 饭团 营养成分,按每100g能量密度控量; 搭配无糖饮品; 沙拉类可要求酱包分装/少酱,onigiri; chicken; carb,complete,2026-09-18,single_item,,包装净含量未在来源披露(按每100g记录); 是否含酱包/实际酱量; 门店与批次配方差异,,
familymart-cn-xianshu-huotui-sanmingzhi,全家便利店,B,鲜蔬火腿三明治,fresh veggie ham sandwich,三明治,全家经典款三明治(生菜+火腿+鸡蛋皮)。选食物网每100g：201kcal/P9/C21/F9(自洽)。魔都食鉴局2020读包装：净含量123g、914KJ/100g(≈218kcal/100g)、268.3kcal/份——每100g能量与选食物网存在差异，见conflicting_sources。,100,g（每100g基准；包装净含量未在来源披露）,201,9.0,21.0,9.0,,,,exact,,,,,,,,,third_party_analysis,https://www.xuanshiwu.com/foods/700132.html,选食物网 · 鲜蔬火腿三明治(每100g营养成分),2024-10-22,https://post.smzdm.com/p/av7o8nv7/,营养为每100g基准(来源未披露净含量，无法折算每份)。宏量经Atwater反算与所标能量自洽，判为真实包装标签转录；钠/糖未披露，纤维素来源标0.00疑为占位故留空。confidence降记B(众包转录、无包装照片)。,B,,全家 鲜蔬火腿三明治 热量; 全家便利店 减脂; 全家 三明治 营养成分,按每100g能量密度控量; 搭配无糖饮品; 沙拉类可要求酱包分装/少酱,sandwich; ham; egg; carb,complete,2026-09-18,single_item,,包装净含量未在来源披露(按每100g记录); 是否含酱包/实际酱量; 门店与批次配方差异,"选食物网(众包转录包装标签): 201大卡/100g, P9/C21/F9(自洽) | 魔都食鉴局2020报告(读包装): 914KJ/100g≈218大卡/100g, 净含量123g, 268.3大卡/份 | 每100g能量差约17大卡(201 vs 218) | 不同年份/批次配方调整；两来源均自称源自包装标签但转录口径不同",每100g能量约201–218大卡；宏量以选食物网P9/C21/F9为准(自洽至201大卡)。单份按2020净含量123g估算约247–268大卡。钠未披露。
familymart-cn-quanmai-huotui-dan-shala-sanmingzhi,全家便利店,B,全麦火腿蛋沙拉三明治,whole-wheat ham & egg salad sandwich,三明治,全麦吐司+火腿+鸡蛋沙拉。选食物网每100g：243kcal/P9.6/C29.1/F9.5(自洽)。全麦吐司但含蛋黄酱沙拉，脂肪不低，非'低卡'款。,100,g（每100g基准；包装净含量未在来源披露）,243,9.6,29.1,9.5,,,,exact,,,,,,,,,third_party_analysis,https://www.xuanshiwu.com/foods/400273.html,选食物网 · 全麦火腿蛋沙拉三明治(每100g营养成分),2024-10-20,,营养为每100g基准(来源未披露净含量，无法折算每份)。宏量经Atwater反算与所标能量自洽，判为真实包装标签转录；钠/糖未披露，纤维素来源标0.00疑为占位故留空。confidence降记B(众包转录、无包装照片)。,B,,全家 全麦火腿蛋沙拉三明治 热量; 全家便利店 减脂; 全家 三明治 营养成分,按每100g能量密度控量; 搭配无糖饮品; 沙拉类可要求酱包分装/少酱,sandwich; whole_wheat; ham; egg,complete,2026-09-18,single_item,,包装净含量未在来源披露(按每100g记录); 是否含酱包/实际酱量; 门店与批次配方差异,,
familymart-cn-jinqiangyu-shucai-shala,全家便利店,B,金枪鱼蔬菜沙拉,tuna vegetable salad,沙拉,全家冷藏沙拉(别名'金枪鱼卷蔬菜沙拉')。选食物网每100g：138kcal/P4.4/C10.5/F8.8。脂肪8.8g/100g偏高，推测含蛋黄酱/沙拉酱；是否含酱包及酱量为最大不确定项。,100,g（每100g基准；包装净含量未在来源披露）,138,4.4,10.5,8.8,,,,exact,,,,,,,,,third_party_analysis,https://www.xuanshiwu.com/foods/377491.html,选食物网 · 金枪鱼蔬菜沙拉(每100g营养成分),2024-10-20,,营养为每100g基准(来源未披露净含量，无法折算每份)。宏量经Atwater反算与所标能量自洽，判为真实包装标签转录；钠/糖未披露，纤维素来源标0.00疑为占位故留空。confidence降记B(众包转录、无包装照片)。,B,,全家 金枪鱼蔬菜沙拉 热量; 全家便利店 减脂; 全家 沙拉 营养成分,按每100g能量密度控量; 搭配无糖饮品; 沙拉类可要求酱包分装/少酱,salad; tuna; vegetable,complete,2026-09-18,single_item,,包装净含量未在来源披露(按每100g记录); 是否含酱包/实际酱量; 门店与批次配方差异,,
familymart-cn-rishi-jinqiangyu-shuangshuni-shala,全家便利店,B,日式金枪鱼双薯泥沙拉,japanese-style tuna & double potato salad,沙拉,日式金枪鱼+双薯泥(土豆/山药类)沙拉。选食物网每100g：65kcal/P2.8/C10.9/F1.1，属沙拉中较低脂款。,100,g（每100g基准；包装净含量未在来源披露）,65,2.8,10.9,1.1,,,,exact,,,,,,,,,third_party_analysis,https://www.xuanshiwu.com/foods/745722.html,选食物网 · 日式金枪鱼双薯泥沙拉(每100g营养成分),2024-10-23,,营养为每100g基准(来源未披露净含量，无法折算每份)。宏量经Atwater反算与所标能量自洽，判为真实包装标签转录；钠/糖未披露，纤维素来源标0.00疑为占位故留空。confidence降记B(众包转录、无包装照片)。,B,,全家 日式金枪鱼双薯泥沙拉 热量; 全家便利店 减脂; 全家 沙拉 营养成分,按每100g能量密度控量; 搭配无糖饮品; 沙拉类可要求酱包分装/少酱,salad; tuna; potato; low_fat,complete,2026-09-18,single_item,,包装净含量未在来源披露(按每100g记录); 是否含酱包/实际酱量; 门店与批次配方差异,,
familymart-cn-nangua-rulao-mianbao,全家便利店,B,南瓜乳酪面包,pumpkin cheese bread,面包,全家烘焙面包，南瓜乳酪馅。选食物网每100g：312kcal/P7.8/C49.1/F9.2。碳水密度高，非减脂优选，收录供参考。,100,g（每100g基准；包装净含量未在来源披露）,312,7.8,49.1,9.2,,,,exact,,,,,,,,,third_party_analysis,https://www.xuanshiwu.com/foods/520325.html,选食物网 · 南瓜乳酪面包(每100g营养成分),2024-10-21,,营养为每100g基准(来源未披露净含量，无法折算每份)。宏量经Atwater反算与所标能量自洽，判为真实包装标签转录；钠/糖未披露，纤维素来源标0.00疑为占位故留空。confidence降记B(众包转录、无包装照片)。,B,,全家 南瓜乳酪面包 热量; 全家便利店 减脂; 全家 面包 营养成分,按每100g能量密度控量; 搭配无糖饮品; 沙拉类可要求酱包分装/少酱,bread; bakery; high_carb,complete,2026-09-18,single_item,,包装净含量未在来源披露(按每100g记录); 是否含酱包/实际酱量; 门店与批次配方差异,,
familymart-cn-rishi-hongdou-shao-mianbao,全家便利店,B,日式红豆烧面包,japanese red-bean bread,面包,红豆馅面包。选食物网每100g：271kcal/P6.7/C55.1/F2.3。低脂但高碳水(含糖红豆)，减脂需控量。,100,g（每100g基准；包装净含量未在来源披露）,271,6.7,55.1,2.3,,,,exact,,,,,,,,,third_party_analysis,https://www.xuanshiwu.com/foods/525637.html,选食物网 · 日式红豆烧面包(每100g营养成分),2024-10-21,,营养为每100g基准(来源未披露净含量，无法折算每份)。宏量经Atwater反算与所标能量自洽，判为真实包装标签转录；钠/糖未披露，纤维素来源标0.00疑为占位故留空。confidence降记B(众包转录、无包装照片)。,B,,全家 日式红豆烧面包 热量; 全家便利店 减脂; 全家 面包 营养成分,按每100g能量密度控量; 搭配无糖饮品; 沙拉类可要求酱包分装/少酱,bread; bakery; high_carb; low_fat,complete,2026-09-18,single_item,,包装净含量未在来源披露(按每100g记录); 是否含酱包/实际酱量; 门店与批次配方差异,,
familymart-cn-maomaochong-mianbao,全家便利店,B,毛毛虫面包,'caterpillar' cream bread,面包,夹心奶油类面包。选食物网每100g：360kcal/P8.8/C48.6/F14.4，高脂高碳，减脂不推荐，收录供参考。,100,g（每100g基准；包装净含量未在来源披露）,360,8.8,48.6,14.4,,,,exact,,,,,,,,,third_party_analysis,https://www.xuanshiwu.com/foods/521528.html,选食物网 · 毛毛虫面包(每100g营养成分),2024-10-21,,营养为每100g基准(来源未披露净含量，无法折算每份)。宏量经Atwater反算与所标能量自洽，判为真实包装标签转录；钠/糖未披露，纤维素来源标0.00疑为占位故留空。confidence降记B(众包转录、无包装照片)。,B,,全家 毛毛虫面包 热量; 全家便利店 减脂; 全家 面包 营养成分,按每100g能量密度控量; 搭配无糖饮品; 沙拉类可要求酱包分装/少酱,bread; bakery; high_fat; high_carb,complete,2026-09-18,single_item,,包装净含量未在来源披露(按每100g记录); 是否含酱包/实际酱量; 门店与批次配方差异,,
familymart-cn-bingpi-yueliang-dangao,全家便利店,B,冰皮月亮蛋糕,snow-skin 'moon' cake,面包/糕点,冰皮糕点。选食物网每100g：159kcal/P4.3/C17.2/F8.1。属糕点类，能量密度中等，减脂需控量。,100,g（每100g基准；包装净含量未在来源披露）,159,4.3,17.2,8.1,,,,exact,,,,,,,,,third_party_analysis,https://www.xuanshiwu.com/foods/482559.html,选食物网 · 冰皮月亮蛋糕(每100g营养成分),2024-10-21,,营养为每100g基准(来源未披露净含量，无法折算每份)。宏量经Atwater反算与所标能量自洽，判为真实包装标签转录；钠/糖未披露，纤维素来源标0.00疑为占位故留空。confidence降记B(众包转录、无包装照片)。,B,,全家 冰皮月亮蛋糕 热量; 全家便利店 减脂; 全家 面包/糕点 营养成分,按每100g能量密度控量; 搭配无糖饮品; 沙拉类可要求酱包分装/少酱,dessert; bakery; snack,complete,2026-09-18,single_item,,包装净含量未在来源披露(按每100g记录); 是否含酱包/实际酱量; 门店与批次配方差异,,
familymart-cn-huotui-zonghe-sanmingzhi,全家便利店,B,火腿综合三明治,ham combo sandwich,三明治,六片吐司升级版，火腿更多+鸡蛋胡萝卜土豆沙拉，酱料足，能量密度高。,139,g（每份净含量）,352.6,,,,,,,exact,,,,,,,,,third_party_analysis,https://post.smzdm.com/p/av7o8nv7/,吃光106个三明治和饭团，得出了这份便利店早餐报告(魔都食鉴局),2020-08-14,,能量源自测评方读取的商品包装标签：净含量139g、能量1063KJ/100g(≈254.1大卡/100g)、352.6大卡/份。来源仅转录能量，未转录蛋白/碳水/脂肪，故宏量留空(见schema §2 能量-only规则)。数据年份为2020-08，2026年配方/在售状态未核实(官方渠道需登录+定位，记blocked)，仅作历史标签参考。,B,,全家 火腿综合三明治 热量; 全家便利店 减脂; 全家 三明治 热量,选择明确低卡系列替代; 减1/3米饭/酱料(减脂攻略建议); 搭配无糖饮品,sandwich; ham; high_cal,complete,2026-09-18,single_item,,酱料/沙拉是主要能量来源; 净含量与实际馅料门店差异; 是否升级为大份,,
familymart-cn-quanmai-xunji-shala-sanmingzhi,全家便利店,B,全麦熏鸡沙拉三明治,whole-wheat smoked chicken salad sandwich,三明治,全麦吐司+熏鸡肉+火腿+蛋皮+生菜，两层不同肉；全麦系列中口碑款。,108,g（每份净含量）,253.4,,,,,,,exact,,,,,,,,,third_party_analysis,https://post.smzdm.com/p/av7o8nv7/,吃光106个三明治和饭团，得出了这份便利店早餐报告(魔都食鉴局),2020-08-14,,能量源自测评方读取的商品包装标签：净含量108g、能量983KJ/100g(≈234.9大卡/100g)、253.4大卡/份。来源仅转录能量，未转录蛋白/碳水/脂肪，故宏量留空(见schema §2 能量-only规则)。数据年份为2020-08，2026年配方/在售状态未核实(官方渠道需登录+定位，记blocked)，仅作历史标签参考。,B,,全家 全麦熏鸡沙拉三明治 热量; 全家便利店 减脂; 全家 三明治 热量,选择明确低卡系列替代; 减1/3米饭/酱料(减脂攻略建议); 搭配无糖饮品,sandwich; whole_wheat; chicken,complete,2026-09-18,single_item,,沙拉酱/蛋黄酱用量; 全麦吐司实际厚度; 熏鸡肉份量,,
familymart-cn-houqie-zhupai-sanmingzhi,全家便利店,B,厚切猪排三明治,thick-cut pork cutlet sandwich,三明治,黄油吐司+两块厚炸猪排+日式酸甜酱+包菜；油炸+黄油吐司，能量密度极高。,136,g（每份净含量）,545.9,,,,,,,exact,,,,,,,,,third_party_analysis,https://post.smzdm.com/p/av7o8nv7/,吃光106个三明治和饭团，得出了这份便利店早餐报告(魔都食鉴局),2020-08-14,,能量源自测评方读取的商品包装标签：净含量136g、能量1682KJ/100g(≈402.0大卡/100g)、545.9大卡/份。来源仅转录能量，未转录蛋白/碳水/脂肪，故宏量留空(见schema §2 能量-only规则)。数据年份为2020-08，2026年配方/在售状态未核实(官方渠道需登录+定位，记blocked)，仅作历史标签参考。,B,,全家 厚切猪排三明治 热量; 全家便利店 减脂; 全家 三明治 热量,选择明确低卡系列替代; 减1/3米饭/酱料(减脂攻略建议); 搭配无糖饮品,sandwich; fried; pork; high_cal,complete,2026-09-18,single_item,,炸猪排裹粉与吸油; 黄油吐司; 日式酱汁含糖,,
familymart-cn-houshao-tusi-zhishi-zhaji-sanmingzhi,全家便利店,B,厚烧吐司芝士炸鸡三明治,thick-toast cheese fried-chicken sandwich,三明治,厚切北海道风味吐司+芝士+炸鸡排+秘制酸甜酱；份量大(178g)。,178,g（每份净含量）,471.6,,,,,,,exact,,,,,,,,,third_party_analysis,https://post.smzdm.com/p/av7o8nv7/,吃光106个三明治和饭团，得出了这份便利店早餐报告(魔都食鉴局),2020-08-14,,能量源自测评方读取的商品包装标签：净含量178g、能量1110KJ/100g(≈265.3大卡/100g)、471.6大卡/份。来源仅转录能量，未转录蛋白/碳水/脂肪，故宏量留空(见schema §2 能量-only规则)。数据年份为2020-08，2026年配方/在售状态未核实(官方渠道需登录+定位，记blocked)，仅作历史标签参考。,B,,全家 厚烧吐司芝士炸鸡三明治 热量; 全家便利店 减脂; 全家 三明治 热量,选择明确低卡系列替代; 减1/3米饭/酱料(减脂攻略建议); 搭配无糖饮品,sandwich; fried_chicken; cheese; high_cal,complete,2026-09-18,single_item,,炸鸡排裹粉吸油; 芝士片数量; 酸甜酱含糖; 厚吐司份量,,
familymart-cn-ludan-xiangchang-zimi-cifantuan,全家便利店,B,卤蛋香肠紫米粢饭团,braised-egg sausage purple-rice onigiri,饭团,上海粢饭团式：紫米+台式黑胡椒肉肠+卤蛋+油条碎，料足份量大(176g)。,176,g（每份净含量）,338.1,,,,,,,exact,,,,,,,,,third_party_analysis,https://post.smzdm.com/p/av7o8nv7/,吃光106个三明治和饭团，得出了这份便利店早餐报告(魔都食鉴局),2020-08-14,,能量源自测评方读取的商品包装标签：净含量176g、能量805KJ/100g(≈192.4大卡/100g)、338.1大卡/份。来源仅转录能量，未转录蛋白/碳水/脂肪，故宏量留空(见schema §2 能量-only规则)。数据年份为2020-08，2026年配方/在售状态未核实(官方渠道需登录+定位，记blocked)，仅作历史标签参考。,B,,全家 卤蛋香肠紫米粢饭团 热量; 全家便利店 减脂; 全家 三明治 热量,选择明确低卡系列替代; 减1/3米饭/酱料(减脂攻略建议); 搭配无糖饮品,onigiri; purple_rice; sausage; egg,complete,2026-09-18,single_item,,肉肠/油条脂肪; 紫米实际份量; 是否含额外酱料,,
familymart-cn-tunnayu-shala-sanjiao-fantuan,全家便利店,B,吞拿鱼沙拉三角饭团,tuna salad triangle onigiri,饭团,金枪鱼(吞拿鱼)沙拉三角饭团，减脂攻略列为低卡主食首选之一(201大卡/107g)。,107,g/份,201,,,,,,,estimated_point,181,221,,,,,,,third_party_analysis,https://post.m.smzdm.com/zz/p/a9kvqxl0/,懒人速食！全家便利店减脂餐怎么吃？(源自小红书 瘦吃老行家bot),,,"能量+规格来自小红书-derived攻略(经smzdm转载,AI总结),仅给能量无宏量,未附方法/包装照片,故降记C级estimated_point(±10%)或estimated_range;宏量/钠未披露。商品名与规格为攻略口径,2026在售未核实。",C,,全家 吞拿鱼沙拉三角饭团 热量; 全家便利店 减脂; 全家 低卡 饭团,按每份能量控量; 搭配无糖饮品; 沙拉/饭团减1/3酱料,onigiri; tuna; lower_cal,complete,2026-09-18,single_item,,是否含金枪鱼蛋黄酱(酱量); 米饭实际份量,,
familymart-cn-quanmai-xunji-tudou-shala-sanmingzhi,全家便利店,B,全麦熏鸡土豆沙拉三明治,whole-wheat smoked chicken potato-salad sandwich,三明治,全麦+熏鸡+土豆沙拉，减脂攻略列为低卡主食(201大卡/98g)。,98,g/份,201,,,,,,,estimated_point,181,221,,,,,,,third_party_analysis,https://post.m.smzdm.com/zz/p/a9kvqxl0/,懒人速食！全家便利店减脂餐怎么吃？(源自小红书 瘦吃老行家bot),,,"能量+规格来自小红书-derived攻略(经smzdm转载,AI总结),仅给能量无宏量,未附方法/包装照片,故降记C级estimated_point(±10%)或estimated_range;宏量/钠未披露。商品名与规格为攻略口径,2026在售未核实。",C,,全家 全麦熏鸡土豆沙拉三明治 热量; 全家便利店 减脂; 全家 低卡 三明治,按每份能量控量; 搭配无糖饮品; 沙拉/饭团减1/3酱料,sandwich; whole_wheat; chicken; lower_cal,complete,2026-09-18,single_item,,土豆沙拉蛋黄酱用量; 熏鸡肉份量; 全麦吐司厚度,,
familymart-cn-dizhi-jixiong-rouwan,全家便利店,B,低脂鸡胸肉丸,low-fat chicken breast meatball,即食鸡胸,即食低脂鸡胸肉丸(56大卡/60g)，高蛋白低卡加餐，减脂攻略推荐。'低脂'为商家/攻略标签。,60,g/份,56,,,,,,,estimated_point,50,62,,,,,,,third_party_analysis,https://post.m.smzdm.com/zz/p/a9kvqxl0/,懒人速食！全家便利店减脂餐怎么吃？(源自小红书 瘦吃老行家bot),,,"能量+规格来自小红书-derived攻略(经smzdm转载,AI总结),仅给能量无宏量,未附方法/包装照片,故降记C级estimated_point(±10%)或estimated_range;宏量/钠未披露。商品名与规格为攻略口径,2026在售未核实。",C,"低脂(攻略/商品标签,非本库核实)",全家 低脂鸡胸肉丸 热量; 全家便利店 减脂; 全家 低卡 即食鸡胸,按每份能量控量; 搭配无糖饮品; 沙拉/饭团减1/3酱料,chicken_breast; high_protein; low_cal; snack,complete,2026-09-18,single_item,,是否含蘸酱/调味油; 实际单粒重量,,
familymart-cn-jixiong-rou-qiepian,全家便利店,B,鸡胸肉切片,sliced chicken breast (ready-to-eat),即食鸡胸,开袋即食鸡胸肉切片(74大卡/60g)，高蛋白饱腹，减脂攻略推荐。,60,g/份,74,,,,,,,estimated_point,67,81,,,,,,,third_party_analysis,https://post.m.smzdm.com/zz/p/a9kvqxl0/,懒人速食！全家便利店减脂餐怎么吃？(源自小红书 瘦吃老行家bot),,,"能量+规格来自小红书-derived攻略(经smzdm转载,AI总结),仅给能量无宏量,未附方法/包装照片,故降记C级estimated_point(±10%)或estimated_range;宏量/钠未披露。商品名与规格为攻略口径,2026在售未核实。",C,,全家 鸡胸肉切片 热量; 全家便利店 减脂; 全家 低卡 即食鸡胸,按每份能量控量; 搭配无糖饮品; 沙拉/饭团减1/3酱料,chicken_breast; high_protein; low_cal; snack,complete,2026-09-18,single_item,,调味/腌料含糖含油; 实际份量,,
familymart-cn-yanxun-jirou-shucai-shala,全家便利店,B,烟熏鸡肉蔬菜沙拉,smoked chicken vegetable salad,沙拉,烟熏鸡肉+蔬菜沙拉。攻略给两种规格口径：80大卡/130g 或 160千卡/190g(疑为大小份/含酱差异)。,130,g/份,,,,,,,,estimated_range,80,160,,,,,,,third_party_analysis,https://post.m.smzdm.com/zz/p/a9kvqxl0/,懒人速食！全家便利店减脂餐怎么吃？(源自小红书 瘦吃老行家bot),,,"能量+规格来自小红书-derived攻略(经smzdm转载,AI总结),仅给能量无宏量,未附方法/包装照片,故降记C级estimated_point(±10%)或estimated_range;宏量/钠未披露。商品名与规格为攻略口径,2026在售未核实。",C,,全家 烟熏鸡肉蔬菜沙拉 热量; 全家便利店 减脂; 全家 低卡 沙拉,按每份能量控量; 搭配无糖饮品; 沙拉/饭团减1/3酱料,salad; chicken; vegetable; lower_cal,nutrition_missing,2026-09-18,single_item,,份量规格(130g vs 190g); 是否含沙拉酱包及酱量; 烟熏鸡肉份量,,"两种口径:约80大卡/130g 或 160千卡/190g(大小份/含酱差异),取范围80–160大卡。"
familymart-cn-heijiao-niurou-shala,全家便利店,B,黑椒牛肉沙拉,black-pepper beef salad,沙拉,黑椒牛肉+蔬菜沙拉(117千卡/180g)，蛋白较高的沙拉选择。,180,g/份,117,,,,,,,estimated_point,105,129,,,,,,,third_party_analysis,https://post.m.smzdm.com/zz/p/a9kvqxl0/,懒人速食！全家便利店减脂餐怎么吃？(源自小红书 瘦吃老行家bot),,,"能量+规格来自小红书-derived攻略(经smzdm转载,AI总结),仅给能量无宏量,未附方法/包装照片,故降记C级estimated_point(±10%)或estimated_range;宏量/钠未披露。商品名与规格为攻略口径,2026在售未核实。",C,,全家 黑椒牛肉沙拉 热量; 全家便利店 减脂; 全家 低卡 沙拉,按每份能量控量; 搭配无糖饮品; 沙拉/饭团减1/3酱料,salad; beef; high_protein; lower_cal,complete,2026-09-18,single_item,,黑椒酱汁含油含糖; 牛肉份量; 是否含酱包,,
familymart-cn-huorun-qingshi-bei,全家便利店,B,活润0添加蔗糖轻食杯,Huorun zero-added-sucrose light yogurt cup,酸奶,全家在售的活润(光明)0添加蔗糖轻食杯(约150–200大卡/340g)。属品牌包装乳制品，非全家自有鲜食；'0添加蔗糖'为商品标签claim。,340,g/份,,,,,,,,estimated_range,150,200,,,,,,,third_party_analysis,https://post.m.smzdm.com/zz/p/a9kvqxl0/,懒人速食！全家便利店减脂餐怎么吃？(源自小红书 瘦吃老行家bot),,,"能量+规格来自小红书-derived攻略(经smzdm转载,AI总结),仅给能量无宏量,未附方法/包装照片,故降记C级estimated_point(±10%)或estimated_range;宏量/钠未披露。商品名与规格为攻略口径,2026在售未核实。",C,"0添加蔗糖(商品标签,非本库核实)",全家 活润0添加蔗糖轻食杯 热量; 全家便利店 减脂; 全家 低卡 酸奶,按每份能量控量; 搭配无糖饮品; 沙拉/饭团减1/3酱料,yogurt; dairy; protein; light,nutrition_missing,2026-09-18,single_item,,实际容量/批次; 是否含果粒或谷物配料,,
familymart-cn-rishi-tangxin-dan,全家便利店,B,日式唐心蛋(溏心蛋),japanese-style soft-boiled (tamago) egg,蛋,日式溏心蛋/唐心蛋(73千卡/48g)，高蛋白低卡加餐，减脂攻略推荐搭配沙拉。,48,g/份,73,,,,,,,estimated_point,66,80,,,,,,,third_party_analysis,https://post.m.smzdm.com/zz/p/a9kvqxl0/,懒人速食！全家便利店减脂餐怎么吃？(源自小红书 瘦吃老行家bot),,,"能量+规格来自小红书-derived攻略(经smzdm转载,AI总结),仅给能量无宏量,未附方法/包装照片,故降记C级estimated_point(±10%)或estimated_range;宏量/钠未披露。商品名与规格为攻略口径,2026在售未核实。",C,,全家 日式唐心蛋(溏心蛋) 热量; 全家便利店 减脂; 全家 低卡 蛋,按每份能量控量; 搭配无糖饮品; 沙拉/饭团减1/3酱料,egg; high_protein; low_cal; snack,complete,2026-09-18,single_item,,卤汁含糖含钠; 单颗实际重量,,
familymart-cn-manao-lvdoushui,全家便利店,B,慢熬绿豆水,slow-boiled mung-bean water,饮品,全家慢熬绿豆水(约95大卡/350–500ml)，低卡饮品选择。容量口径不固定。,400,ml/份(约),95,,,,,,,estimated_point,86,105,,,,,,,third_party_analysis,https://post.m.smzdm.com/zz/p/a9kvqxl0/,懒人速食！全家便利店减脂餐怎么吃？(源自小红书 瘦吃老行家bot),,,"能量+规格来自小红书-derived攻略(经smzdm转载,AI总结),仅给能量无宏量,未附方法/包装照片,故降记C级estimated_point(±10%)或estimated_range;宏量/钠未披露。商品名与规格为攻略口径,2026在售未核实。",C,,全家 慢熬绿豆水 热量; 全家便利店 减脂; 全家 低卡 饮品,按每份能量控量; 搭配无糖饮品; 沙拉/饭团减1/3酱料,drink; low_cal,complete,2026-09-18,single_item,,实际容量(350–500ml); 是否加糖,,
familymart-cn-oden-bailuobo,全家便利店,B,关东煮 白萝卜,oden daikon radish,关东煮,"全家关东煮按串/按份现售,无逐品包装营养标签。白萝卜为清汤关东煮最低卡蔬菜项之一(攻略'1蛋白+2蔬菜+无限魔芋'公式中的蔬菜)。具体能量需按实际克重与是否喝汤估算。",,,,,,,,,,unknown,,,,,,,,,none,https://post.smzdm.com/p/arz2z2z7/,"便利店关东煮热量测评(源自14位全网作者,AI生成)",2025-06-23,,"全家关东煮按串现售、无逐品包装营养标签,来源为AI生成攻略,仅给品类级低卡公式与'丸类偏高'定性判断,无可采信的全家逐品数值→needs_estimation。",U,,全家 关东煮 热量; 全家便利店 减脂; 便利店 关东煮 低卡,选清汤底、少/不蘸酱、不喝汤; 按'1蛋白+2蔬菜+魔芋'低卡公式搭配; 避开丸滑/油炸类,oden; low_cal; menu_only,needs_estimation,2026-09-18,single_item,,汤底类型(清汤/麻辣/味噌); 蘸酱是否使用及份量; 是否喝汤; 单串实际克重; 丸滑淀粉与油脂,,
familymart-cn-oden-moyusi,全家便利店,B,关东煮 魔芋丝/魔芋结,oden konjac,关东煮,"魔芋几乎不含可吸收能量,是关东煮最低卡选项(攻略列为'无限量')。实际数值取决于蘸酱与汤底油脂。",,,,,,,,,,unknown,,,,,,,,,none,https://post.smzdm.com/p/arz2z2z7/,"便利店关东煮热量测评(源自14位全网作者,AI生成)",2025-06-23,,"全家关东煮按串现售、无逐品包装营养标签,来源为AI生成攻略,仅给品类级低卡公式与'丸类偏高'定性判断,无可采信的全家逐品数值→needs_estimation。",U,,全家 关东煮 热量; 全家便利店 减脂; 便利店 关东煮 低卡,选清汤底、少/不蘸酱、不喝汤; 按'1蛋白+2蔬菜+魔芋'低卡公式搭配; 避开丸滑/油炸类,oden; low_cal; menu_only,needs_estimation,2026-09-18,single_item,,汤底类型(清汤/麻辣/味噌); 蘸酱是否使用及份量; 是否喝汤; 单串实际克重; 丸滑淀粉与油脂,,
familymart-cn-oden-haidaijie,全家便利店,B,关东煮 海带结,oden kelp knot,关东煮,"海带结低卡蔬菜项,攻略'2份蔬菜'之一。无逐品标签,需估算。",,,,,,,,,,unknown,,,,,,,,,none,https://post.smzdm.com/p/arz2z2z7/,"便利店关东煮热量测评(源自14位全网作者,AI生成)",2025-06-23,,"全家关东煮按串现售、无逐品包装营养标签,来源为AI生成攻略,仅给品类级低卡公式与'丸类偏高'定性判断,无可采信的全家逐品数值→needs_estimation。",U,,全家 关东煮 热量; 全家便利店 减脂; 便利店 关东煮 低卡,选清汤底、少/不蘸酱、不喝汤; 按'1蛋白+2蔬菜+魔芋'低卡公式搭配; 避开丸滑/油炸类,oden; low_cal; menu_only,needs_estimation,2026-09-18,single_item,,汤底类型(清汤/麻辣/味噌); 蘸酱是否使用及份量; 是否喝汤; 单串实际克重; 丸滑淀粉与油脂,,
familymart-cn-oden-jidan,全家便利店,B,关东煮 鸡蛋,oden boiled egg,关东煮,"关东煮鸡蛋,蛋白来源(攻略'1份蛋白')。同类便利店关东煮鸡蛋约116大卡/100g(罗森口径,非全家实测),仅供类比,不作全家数值。",,,,,,,,,,unknown,,,,,,,,,none,https://post.smzdm.com/p/arz2z2z7/,"便利店关东煮热量测评(源自14位全网作者,AI生成)",2025-06-23,,"全家关东煮按串现售、无逐品包装营养标签,来源为AI生成攻略,仅给品类级低卡公式与'丸类偏高'定性判断,无可采信的全家逐品数值→needs_estimation。",U,,全家 关东煮 热量; 全家便利店 减脂; 便利店 关东煮 低卡,选清汤底、少/不蘸酱、不喝汤; 按'1蛋白+2蔬菜+魔芋'低卡公式搭配; 避开丸滑/油炸类,oden; low_cal; menu_only,needs_estimation,2026-09-18,single_item,,汤底类型(清汤/麻辣/味噌); 蘸酱是否使用及份量; 是否喝汤; 单串实际克重; 丸滑淀粉与油脂,,
familymart-cn-oden-yudoufu,全家便利店,B,关东煮 鱼豆腐,oden fish tofu,关东煮,"鱼豆腐属加工制品,含淀粉与油脂,能量高于纯蔬菜项;丸类更高。无逐品标签,需估算。",,,,,,,,,,unknown,,,,,,,,,none,https://post.smzdm.com/p/arz2z2z7/,"便利店关东煮热量测评(源自14位全网作者,AI生成)",2025-06-23,,"全家关东煮按串现售、无逐品包装营养标签,来源为AI生成攻略,仅给品类级低卡公式与'丸类偏高'定性判断,无可采信的全家逐品数值→needs_estimation。",U,,全家 关东煮 热量; 全家便利店 减脂; 便利店 关东煮 低卡,选清汤底、少/不蘸酱、不喝汤; 按'1蛋白+2蔬菜+魔芋'低卡公式搭配; 避开丸滑/油炸类,oden; low_cal; menu_only,needs_estimation,2026-09-18,single_item,,汤底类型(清汤/麻辣/味噌); 蘸酱是否使用及份量; 是否喝汤; 单串实际克重; 丸滑淀粉与油脂,,
familymart-cn-oden-jirouwan,全家便利店,B,关东煮 鸡肉丸,oden chicken meatball,关东煮,"丸滑类,攻略提示'丸类热量相对较高'。含淀粉与脂肪,需按克重估算。",,,,,,,,,,unknown,,,,,,,,,none,https://post.smzdm.com/p/arz2z2z7/,"便利店关东煮热量测评(源自14位全网作者,AI生成)",2025-06-23,,"全家关东煮按串现售、无逐品包装营养标签,来源为AI生成攻略,仅给品类级低卡公式与'丸类偏高'定性判断,无可采信的全家逐品数值→needs_estimation。",U,,全家 关东煮 热量; 全家便利店 减脂; 便利店 关东煮 低卡,选清汤底、少/不蘸酱、不喝汤; 按'1蛋白+2蔬菜+魔芋'低卡公式搭配; 避开丸滑/油炸类,oden; low_cal; menu_only,needs_estimation,2026-09-18,single_item,,汤底类型(清汤/麻辣/味噌); 蘸酱是否使用及份量; 是否喝汤; 单串实际克重; 丸滑淀粉与油脂,,
familymart-cn-oden-saniaoniuwan,全家便利店,B,关东煮 撒尿牛丸,oden beef ball,关东煮,"牛肉丸类,脂肪/淀粉较高,关东煮中偏高能量项(攻略'需注意丸类热量较高')。需估算。",,,,,,,,,,unknown,,,,,,,,,none,https://post.smzdm.com/p/arz2z2z7/,"便利店关东煮热量测评(源自14位全网作者,AI生成)",2025-06-23,,"全家关东煮按串现售、无逐品包装营养标签,来源为AI生成攻略,仅给品类级低卡公式与'丸类偏高'定性判断,无可采信的全家逐品数值→needs_estimation。",U,,全家 关东煮 热量; 全家便利店 减脂; 便利店 关东煮 低卡,选清汤底、少/不蘸酱、不喝汤; 按'1蛋白+2蔬菜+魔芋'低卡公式搭配; 避开丸滑/油炸类,oden; low_cal; menu_only,needs_estimation,2026-09-18,single_item,,汤底类型(清汤/麻辣/味噌); 蘸酱是否使用及份量; 是否喝汤; 单串实际克重; 丸滑淀粉与油脂,,
familymart-cn-zhaoshao-jipai-fantuan,全家便利店,B,照烧鸡排饭团,teriyaki chicken onigiri,饭团,"AI生成测评(庙行万渡汇/smzdm)称全家照烧鸡排饭团热量约380–390大卡/份,但该来源标注'内容由AI生成'、无包装照片/方法,数值不采信。SKU真实性与命名待官方渠道核实(官方渠道blocked)。仅记为待估。",,,,,,,,,,unknown,,,,,,,,,none,https://post.smzdm.com/p/arln4k9z/,"全家热量大测评！附减脂期低卡攻略(源自小红薯 庙行万渡汇,AI生成)",2025-01-24,,"来源为AI生成测评(smzdm标'内容由AI生成'),给出的每份大卡无包装照片/称重方法支撑,不采信为营养事实;SKU真实性/命名与2026在售状态需官方渠道核实(小程序/美团/饿了么需登录+定位,大众点评403,知乎需JS→blocked)→needs_estimation。",U,"UGC/AI测评称约380–390大卡/份(未核实,不采信为营养事实)",全家 照烧鸡排饭团 热量; 全家便利店 减脂; 全家 饭团 热量,选择明确低卡系列; 减1/3米饭与酱料,onigiri; carb; menu_only,needs_estimation,2026-09-18,single_item,,米饭实际份量; 是否含蛋黄酱/沙拉酱及酱量; 门店与批次差异,,
familymart-cn-susong-danhuangjiang-sanjiao-fantuan,全家便利店,B,酥松蛋黄酱三角饭团,creamy egg-mayo triangle onigiri,饭团,"AI生成测评称酥松蛋黄酱三角饭团约255大卡/份、金枪鱼沙拉三角饭团约513大卡/份(后者数值异常偏高,疑AI失真)。来源标'内容由AI生成',不采信为营养事实,仅记为待估。",,,,,,,,,,unknown,,,,,,,,,none,https://post.smzdm.com/p/arln4k9z/,"全家热量大测评！附减脂期低卡攻略(源自小红薯 庙行万渡汇,AI生成)",2025-01-24,,"来源为AI生成测评(smzdm标'内容由AI生成'),给出的每份大卡无包装照片/称重方法支撑,不采信为营养事实;SKU真实性/命名与2026在售状态需官方渠道核实(小程序/美团/饿了么需登录+定位,大众点评403,知乎需JS→blocked)→needs_estimation。",U,"UGC/AI测评称约255大卡/份(未核实,不采信); 同源称金枪鱼沙拉三角饭团513大卡/份(疑失真)",全家 酥松蛋黄酱三角饭团 热量; 全家便利店 减脂; 全家 饭团 热量,选择明确低卡系列; 减1/3米饭与酱料,onigiri; carb; menu_only,needs_estimation,2026-09-18,single_item,,米饭实际份量; 是否含蛋黄酱/沙拉酱及酱量; 门店与批次差异,,
foodbowl-cn-mizhi-jitui-superbowl,超级碗 FOODBOWL,A,蜜汁鸡腿超级碗,honey-glazed chicken thigh super bowl,超级碗（预设）,官网：「十年销冠，门店现烤，皮焦肉嫩。食材：鸡腿肉、烤蔬菜、番茄、玉米等。」约473克/份。,473,克/份,,,,,,,,estimated_range,500,720,,,,,,,third_party_analysis,https://www.foodaily.com/articles/36405,潮生TIDE《黄人饭打败白人饭，北京白领开始吃盖浇饭减脂了》（Foodaily转载，2024-04-25）,2024-04-25,http://www.foodbowl.cn/,"官网标称 550Kcal/份（473g），仅能量无宏量 → 按项目规则记入 merchant_claims，不填数值字段。数值字段为 component estimate：蛋白蜜汁鸡腿肉100g=200(fatsecret)/240(门店标注,潮生TIDE) + 谷物饭180g=208-335 + 烤蔬菜35-51 + 玉米粒44 + 酱料12-54，累加≈500-720。官方仅公开(或第三方仅可得)能量，蛋白/碳水/脂肪无来源，全部留空。",C,官网标注 550Kcal/份（约473克/份）; 十年销冠; 门店现烤; 菜单/媒体笼统宣称「一份约400-600大卡」——为 merchant_claim，未填入任何营养数值字段,超级碗 蜜汁鸡腿 热量; FOODBOWL 销冠; 超级碗 蜜汁鸡腿超级碗; FOODBOWL 蜜汁鸡腿超级碗 热量; 超级碗 减脂; 超级碗 点单,换酱（油醋汁/树番茄烧椒酱替招牌牛肉辣酱）; 半份饭半份沙拉叶; 加溏心蛋; 去玉米粒,power_bowl; preset_combo; chicken; hot_food; fat_loss_friendly,nutrition_missing,2026-09-18,preset_combo,base=混合谷物饭/6种谷物饭 180g（官网未明示，据品牌点单结构推定）; protein=蜜汁鸡腿肉 100g（门店现烤）; veg=烤蔬菜（混合烤蔬菜）+ 番茄; toppings=玉米粒; sauce=未公开默认款（可选招牌牛肉辣酱/番茄莎莎等）,酱料（12-138kcal跨度）; 碳水默认份量与种类（208-335kcal）; 鸡腿肉带皮与蜜汁糖量; 玉米粒/碎碎是否添加,官网 foodbowl.cn：550Kcal/份（473g） | 新浪AIGC稿转述微博用户实测：蜜汁鸡腿肉碗「约500大卡」 | 550 vs ~500 kcal，差约10% | UGC为体感/估算；或酱料与碳水默认配置不同；或不同年份配方调整 // fatsecret：蜜汁鸡腿肉 100g = 200 kcal（脂肪19.58g/蛋白15.4g） | 潮生TIDE引门店官方标注：蜜汁鸡腿肉 100g = 240 kcal | 同一100g蛋白份相差40kcal（20%） | fatsecret为第三方录入值；门店标注含蜜汁腌料与烤制用油,整碗约500-720kcal；官网标称550Kcal/份最可信（但未含宏量）。蛋白/碳水/脂肪无可靠来源。
foodbowl-cn-sanwenyu-duodanbai-reweng-shala,超级碗 FOODBOWL,A,三文鱼多蛋白热烹沙拉,salmon multi-protein warm salad,热烹沙拉,官网原文：「三文鱼配软糯七味豆腐，外加6种蔬菜+3种优质慢碳水。」6种蔬菜：西蓝花、杏鲍菇、红彩椒、黄彩椒、西葫芦、番茄；3种碳水：烤南瓜、芝士玉米、三色藜麦；3种蛋白：半颗溏心蛋、彩椒三文鱼、七味豆腐。约440克/份。,440,克/份,,,,,,,,estimated_range,434,561,,,,,,,third_party_analysis,https://guanguanida.github.io/Superbowl-Calculation/,超级碗热量记录器（第三方开源热量计算器，含全组件kcal表）,2026-09-18,http://www.foodbowl.cn/,官网标称 510Kcal/份（440g），第三方计算器给 482 kcal → 冲突，按规则官网值记入 merchant_claims。数值字段取计算器482 ±10% 并向上覆盖官网510，得 434-561。组成完全公开（6菜+3碳水+3蛋白），是本品牌组成最透明的SKU，但无酱料默认款信息。官方仅公开(或第三方仅可得)能量，蛋白/碳水/脂肪无来源，全部留空。,C,官网标注 510Kcal/份（约440克/份）; 精准控卡; 3种优质慢碳水; 菜单/媒体笼统宣称「一份约400-600大卡」——为 merchant_claim，未填入任何营养数值字段,超级碗 三文鱼 热量; FOODBOWL 热沙拉; 超级碗 三文鱼多蛋白热烹沙拉; FOODBOWL 三文鱼多蛋白热烹沙拉 热量; 超级碗 减脂; 超级碗 点单,去芝士玉米（降脂降卡）; 换低卡酱（融合油醋汁/云南树番茄烧椒酱）; 去溏心蛋,salad; preset_combo; seafood; high_protein; multi_protein; hot_food,nutrition_missing,2026-09-18,preset_combo,base=烤南瓜 + 芝士玉米 + 三色藜麦（3种慢碳水）; protein=彩椒三文鱼 + 七味豆腐 + 半颗溏心蛋（3种蛋白）; veg=西蓝花、杏鲍菇、红彩椒、黄彩椒、西葫芦、番茄（6种）; toppings=芝士玉米（含奶皮子芝士丁类）; sauce=未公开默认款,酱料（12-138kcal）; 芝士玉米中的芝士量; 三文鱼部位与油量; 溏心蛋颗数,官网 foodbowl.cn：510Kcal/份（440g） | 第三方「超级碗热量记录器」：482 kcal | 28 kcal（约5.5%） | 计算器可能未含默认酱料或芝士玉米的芝士部分；或配方/克重年度调整,434-561 kcal；官网标称510、第三方482，中值约500。宏量无来源。
foodbowl-cn-guomu-yanxun-jixiong-superbowl,超级碗 FOODBOWL,A,果木烟熏鸡胸超级碗,smoked chicken breast super bowl,超级碗（预设）,果木烟熏鸡胸肉 + 烤蔬菜 + 杂粮饭；UGC常见搭配为加蔓越莓碎碎。,1,份,,,,,,,,estimated_range,360,558,,,,,,,third_party_analysis,https://guanguanida.github.io/Superbowl-Calculation/,超级碗热量记录器（第三方开源热量计算器，含全组件kcal表）,2026-09-18,https://you.ctrip.com/food/beijing1/136334182.html,第三方计算器给「果木烟熏鸡胸」105 kcal，经与门店官方标注交叉验证（蜜汁鸡腿肉100g=240kcal vs 计算器230kcal）判定该值为【蛋白主菜槽】而非整碗。整碗区间为 component estimate：已知蛋白kcal + 假定默认【谷物饭180g(208-335) + 一份蔬菜(35-80) + 一份酱料(12-138)】累加得出；门店/小程序的实际默认配置未公开，属主要不确定来源。 官方仅公开(或第三方仅可得)能量，蛋白/碳水/脂肪无来源，全部留空。,C,菜单/媒体笼统宣称「一份约400-600大卡」——为 merchant_claim，未填入任何营养数值字段; 菜单每款配餐旁标注卡路里（门店/小程序）,超级碗 果木烟熏鸡胸 热量; FOODBOWL 烟熏鸡胸 减脂; 超级碗 果木烟熏鸡胸超级碗; FOODBOWL 果木烟熏鸡胸超级碗 热量; 超级碗 减脂; 超级碗 点单,换低卡酱（融合油醋汁14kcal/云南树番茄烧椒酱12kcal）; 半份谷物饭+半份沙拉叶（省约30-160kcal）; 去碎碎/去芝士丁; 加溏心蛋(+64),power_bowl; preset_combo; chicken; high_protein; low_fat; hot_food,nutrition_missing,2026-09-18,preset_combo,base=未公开默认款（品牌碳水槽：6种谷物饭/意式蔬菜烩饭/夏日菠菜荞麦面/双色胡萝卜焖饭/混合沙拉叶/半半）; protein=果木烟熏鸡胸; veg=未公开默认款（植物纤维槽：混合烤蔬菜/烤红黄彩椒洋葱丝/熟芝麻拌菠菜/卡真杏鲍菇/清爽西兰花/羽衣甘蓝）; toppings=未公开默认款（莎莎/碎碎槽）; sauce=未公开默认款,酱料（12-138kcal跨度）; 碳水种类与份量（14-368kcal跨度）; 碎碎/芝士丁/坚果; 蔬菜烹调油,,整碗 component estimate 360-558 kcal（含默认碳水+蔬菜+酱料假定）；蛋白槽单独约105 kcal。宏量无来源。
foodbowl-cn-fanqie-niunan-superbowl,超级碗 FOODBOWL,A,番茄牛腩超级碗,tomato braised beef brisket super bowl,超级碗（预设）,番茄炖牛腩 + 烤蔬菜 + 谷物饭；品牌中式化代表款，媒体多次点名。,1,份,,,,,,,,estimated_range,395,593,,,,,,,third_party_analysis,https://guanguanida.github.io/Superbowl-Calculation/,超级碗热量记录器（第三方开源热量计算器，含全组件kcal表）,2026-09-18,https://you.ctrip.com/food/beijing1/136334182.html,第三方计算器给「番茄牛腩」140 kcal，经与门店官方标注交叉验证（蜜汁鸡腿肉100g=240kcal vs 计算器230kcal）判定该值为【蛋白主菜槽】而非整碗。整碗区间为 component estimate：已知蛋白kcal + 假定默认【谷物饭180g(208-335) + 一份蔬菜(35-80) + 一份酱料(12-138)】累加得出；门店/小程序的实际默认配置未公开，属主要不确定来源。 官方仅公开(或第三方仅可得)能量，蛋白/碳水/脂肪无来源，全部留空。,C,菜单/媒体笼统宣称「一份约400-600大卡」——为 merchant_claim，未填入任何营养数值字段; 菜单每款配餐旁标注卡路里（门店/小程序）,超级碗 番茄牛腩 热量; FOODBOWL 牛腩碗; 超级碗 番茄牛腩超级碗; FOODBOWL 番茄牛腩超级碗 热量; 超级碗 减脂; 超级碗 点单,换低卡酱（融合油醋汁14kcal/云南树番茄烧椒酱12kcal）; 半份谷物饭+半份沙拉叶（省约30-160kcal）; 去碎碎/去芝士丁; 加溏心蛋(+64),power_bowl; preset_combo; beef; hot_food; chinese_style,nutrition_missing,2026-09-18,preset_combo,base=未公开默认款（品牌碳水槽：6种谷物饭/意式蔬菜烩饭/夏日菠菜荞麦面/双色胡萝卜焖饭/混合沙拉叶/半半）; protein=番茄牛腩; veg=未公开默认款（植物纤维槽：混合烤蔬菜/烤红黄彩椒洋葱丝/熟芝麻拌菠菜/卡真杏鲍菇/清爽西兰花/羽衣甘蓝）; toppings=未公开默认款（莎莎/碎碎槽）; sauce=未公开默认款,酱料（12-138kcal跨度）; 碳水种类与份量（14-368kcal跨度）; 碎碎/芝士丁/坚果; 蔬菜烹调油,,整碗 component estimate 395-593 kcal（含默认碳水+蔬菜+酱料假定）；蛋白槽单独约140 kcal。宏量无来源。
foodbowl-cn-yamaziyou-kaoxia-superbowl,超级碗 FOODBOWL,A,亚麻籽油烤虾超级碗,flaxseed-oil roasted shrimp super bowl,超级碗（预设）,亚麻籽油烤虾 + 烤蔬菜 + 谷物饭；UGC点单攻略中出现的低脂高蛋白款。,1,份,,,,,,,,estimated_range,299,497,,,,,,,third_party_analysis,https://guanguanida.github.io/Superbowl-Calculation/,超级碗热量记录器（第三方开源热量计算器，含全组件kcal表）,2026-09-18,https://you.ctrip.com/food/beijing1/136334182.html,第三方计算器给「亚麻籽油烤虾」54 kcal，经与门店官方标注交叉验证（蜜汁鸡腿肉100g=240kcal vs 计算器230kcal）判定该值为【蛋白主菜槽】而非整碗。整碗区间为 component estimate：已知蛋白kcal + 假定默认【谷物饭180g(208-335) + 一份蔬菜(35-80) + 一份酱料(12-138)】累加得出；门店/小程序的实际默认配置未公开，属主要不确定来源。 官方仅公开(或第三方仅可得)能量，蛋白/碳水/脂肪无来源，全部留空。,C,菜单/媒体笼统宣称「一份约400-600大卡」——为 merchant_claim，未填入任何营养数值字段; 菜单每款配餐旁标注卡路里（门店/小程序）,超级碗 烤虾 热量; FOODBOWL 亚麻籽油烤虾; 超级碗 亚麻籽油烤虾超级碗; FOODBOWL 亚麻籽油烤虾超级碗 热量; 超级碗 减脂; 超级碗 点单,换低卡酱（融合油醋汁14kcal/云南树番茄烧椒酱12kcal）; 半份谷物饭+半份沙拉叶（省约30-160kcal）; 去碎碎/去芝士丁; 加溏心蛋(+64),power_bowl; preset_combo; seafood; high_protein; low_fat; hot_food,nutrition_missing,2026-09-18,preset_combo,base=未公开默认款（品牌碳水槽：6种谷物饭/意式蔬菜烩饭/夏日菠菜荞麦面/双色胡萝卜焖饭/混合沙拉叶/半半）; protein=亚麻籽油烤虾; veg=未公开默认款（植物纤维槽：混合烤蔬菜/烤红黄彩椒洋葱丝/熟芝麻拌菠菜/卡真杏鲍菇/清爽西兰花/羽衣甘蓝）; toppings=未公开默认款（莎莎/碎碎槽）; sauce=未公开默认款,酱料（12-138kcal跨度）; 碳水种类与份量（14-368kcal跨度）; 碎碎/芝士丁/坚果; 蔬菜烹调油,,整碗 component estimate 299-497 kcal（含默认碳水+蔬菜+酱料假定）；蛋白槽单独约54 kcal。宏量无来源。
foodbowl-cn-jinqiangyu-wenquandan-superbowl,超级碗 FOODBOWL,A,金枪鱼温泉蛋超级碗,tuna onsen-egg super bowl,超级碗（预设）,金枪鱼 + 温泉蛋 + 蔬菜 + 谷物饭。携程门店特色菜单列有「金枪鱼温泉蛋超级碗」。,1,份,,,,,,,,estimated_range,377,575,,,,,,,third_party_analysis,https://guanguanida.github.io/Superbowl-Calculation/,超级碗热量记录器（第三方开源热量计算器，含全组件kcal表）,2026-09-18,https://you.ctrip.com/food/beijing1/136334182.html,第三方计算器给「金枪鱼温泉蛋」132 kcal，经与门店官方标注交叉验证（蜜汁鸡腿肉100g=240kcal vs 计算器230kcal）判定该值为【蛋白主菜槽】而非整碗。整碗区间为 component estimate：已知蛋白kcal + 假定默认【谷物饭180g(208-335) + 一份蔬菜(35-80) + 一份酱料(12-138)】累加得出；门店/小程序的实际默认配置未公开，属主要不确定来源。 官方仅公开(或第三方仅可得)能量，蛋白/碳水/脂肪无来源，全部留空。,C,菜单/媒体笼统宣称「一份约400-600大卡」——为 merchant_claim，未填入任何营养数值字段; 菜单每款配餐旁标注卡路里（门店/小程序）,超级碗 金枪鱼 热量; FOODBOWL 温泉蛋; 超级碗 金枪鱼温泉蛋超级碗; FOODBOWL 金枪鱼温泉蛋超级碗 热量; 超级碗 减脂; 超级碗 点单,换低卡酱（融合油醋汁14kcal/云南树番茄烧椒酱12kcal）; 半份谷物饭+半份沙拉叶（省约30-160kcal）; 去碎碎/去芝士丁; 加溏心蛋(+64),power_bowl; preset_combo; seafood; high_protein; hot_food,nutrition_missing,2026-09-18,preset_combo,base=未公开默认款（品牌碳水槽：6种谷物饭/意式蔬菜烩饭/夏日菠菜荞麦面/双色胡萝卜焖饭/混合沙拉叶/半半）; protein=金枪鱼温泉蛋; veg=未公开默认款（植物纤维槽：混合烤蔬菜/烤红黄彩椒洋葱丝/熟芝麻拌菠菜/卡真杏鲍菇/清爽西兰花/羽衣甘蓝）; toppings=未公开默认款（莎莎/碎碎槽）; sauce=未公开默认款,酱料（12-138kcal跨度）; 碳水种类与份量（14-368kcal跨度）; 碎碎/芝士丁/坚果; 蔬菜烹调油,,整碗 component estimate 377-575 kcal（含默认碳水+蔬菜+酱料假定）；蛋白槽单独约132 kcal。宏量无来源。
foodbowl-cn-xiangjian-sanwenyu-superbowl,超级碗 FOODBOWL,A,香煎三文鱼超级碗,pan-seared salmon super bowl,超级碗（预设）,香煎三文鱼 + 烤蔬菜 + 谷物饭。,1,份,,,,,,,,estimated_range,379,577,,,,,,,third_party_analysis,https://guanguanida.github.io/Superbowl-Calculation/,超级碗热量记录器（第三方开源热量计算器，含全组件kcal表）,2026-09-18,https://you.ctrip.com/food/beijing1/136334182.html,第三方计算器给「香煎三文鱼」134 kcal，经与门店官方标注交叉验证（蜜汁鸡腿肉100g=240kcal vs 计算器230kcal）判定该值为【蛋白主菜槽】而非整碗。整碗区间为 component estimate：已知蛋白kcal + 假定默认【谷物饭180g(208-335) + 一份蔬菜(35-80) + 一份酱料(12-138)】累加得出；门店/小程序的实际默认配置未公开，属主要不确定来源。 官方仅公开(或第三方仅可得)能量，蛋白/碳水/脂肪无来源，全部留空。,C,菜单/媒体笼统宣称「一份约400-600大卡」——为 merchant_claim，未填入任何营养数值字段; 菜单每款配餐旁标注卡路里（门店/小程序）,超级碗 香煎三文鱼 热量; FOODBOWL 三文鱼碗; 超级碗 香煎三文鱼超级碗; FOODBOWL 香煎三文鱼超级碗 热量; 超级碗 减脂; 超级碗 点单,换低卡酱（融合油醋汁14kcal/云南树番茄烧椒酱12kcal）; 半份谷物饭+半份沙拉叶（省约30-160kcal）; 去碎碎/去芝士丁; 加溏心蛋(+64),power_bowl; preset_combo; seafood; omega3; hot_food,nutrition_missing,2026-09-18,preset_combo,base=未公开默认款（品牌碳水槽：6种谷物饭/意式蔬菜烩饭/夏日菠菜荞麦面/双色胡萝卜焖饭/混合沙拉叶/半半）; protein=香煎三文鱼; veg=未公开默认款（植物纤维槽：混合烤蔬菜/烤红黄彩椒洋葱丝/熟芝麻拌菠菜/卡真杏鲍菇/清爽西兰花/羽衣甘蓝）; toppings=未公开默认款（莎莎/碎碎槽）; sauce=未公开默认款,酱料（12-138kcal跨度）; 碳水种类与份量（14-368kcal跨度）; 碎碎/芝士丁/坚果; 蔬菜烹调油,,整碗 component estimate 379-577 kcal（含默认碳水+蔬菜+酱料假定）；蛋白槽单独约134 kcal。宏量无来源。
foodbowl-cn-riben-qiwei-doufu-superbowl,超级碗 FOODBOWL,A,日式七味豆腐超级碗,japanese shichimi tofu super bowl,超级碗（预设）,日式七味豆腐（鸡蛋豆腐先煎、裹粉、挂汁、慢炖）+ 蔬菜 + 谷物饭；品牌经典款，曾因换豆腐致销售额下滑近20%。,1,份,,,,,,,,estimated_range,432,630,,,,,,,third_party_analysis,https://guanguanida.github.io/Superbowl-Calculation/,超级碗热量记录器（第三方开源热量计算器，含全组件kcal表）,2026-09-18,https://you.ctrip.com/food/beijing1/136334182.html,第三方计算器给「日式七味豆腐」187 kcal，经与门店官方标注交叉验证（蜜汁鸡腿肉100g=240kcal vs 计算器230kcal）判定该值为【蛋白主菜槽】而非整碗。整碗区间为 component estimate：已知蛋白kcal + 假定默认【谷物饭180g(208-335) + 一份蔬菜(35-80) + 一份酱料(12-138)】累加得出；门店/小程序的实际默认配置未公开，属主要不确定来源。 官方仅公开(或第三方仅可得)能量，蛋白/碳水/脂肪无来源，全部留空。,C,菜单/媒体笼统宣称「一份约400-600大卡」——为 merchant_claim，未填入任何营养数值字段; 菜单每款配餐旁标注卡路里（门店/小程序）,超级碗 七味豆腐 热量; FOODBOWL 日式豆腐 素食; 超级碗 日式七味豆腐超级碗; FOODBOWL 日式七味豆腐超级碗 热量; 超级碗 减脂; 超级碗 点单,换低卡酱（融合油醋汁14kcal/云南树番茄烧椒酱12kcal）; 半份谷物饭+半份沙拉叶（省约30-160kcal）; 去碎碎/去芝士丁; 加溏心蛋(+64),power_bowl; preset_combo; vegetarian; plant_protein; soy; hot_food,nutrition_missing,2026-09-18,preset_combo,base=未公开默认款（品牌碳水槽：6种谷物饭/意式蔬菜烩饭/夏日菠菜荞麦面/双色胡萝卜焖饭/混合沙拉叶/半半）; protein=日式七味豆腐; veg=未公开默认款（植物纤维槽：混合烤蔬菜/烤红黄彩椒洋葱丝/熟芝麻拌菠菜/卡真杏鲍菇/清爽西兰花/羽衣甘蓝）; toppings=未公开默认款（莎莎/碎碎槽）; sauce=未公开默认款,酱料（12-138kcal跨度）; 碳水种类与份量（14-368kcal跨度）; 碎碎/芝士丁/坚果; 蔬菜烹调油,fatsecret：日式七味豆腐 100g = 142 kcal（蛋白17.82g/碳水11.77g/脂肪3.96g） | 第三方计算器：日本七味豆腐超级碗 = 187 kcal | 45 kcal（约32%） | 计算器值可能含挂汁/裹粉用油或份量>100g；fatsecret为第三方录入,整碗 component estimate 432-630 kcal（含默认碳水+蔬菜+酱料假定）；蛋白槽单独约187 kcal。宏量无来源。
foodbowl-cn-taile-xiaren-superbowl,超级碗 FOODBOWL,A,泰辣虾仁超级碗,thai-spicy shrimp super bowl,超级碗（预设）,泰式辣味虾仁碗；携程悠唐店/金地中心店「本店特色美食」列表在售。,1,份,,,,,,,,unknown,,,,,,,,,official_menu,https://you.ctrip.com/food/beijing1/136334182.html,携程美食·超级碗FOODBOWL(悠唐店) 本店特色美食列表,2026-09-18,,仅取得菜单存在性，无任何能量/宏量来源（官网未列该项，fatsecret与第三方计算器均无）。不做估算以避免编造。官方仅公开(或第三方仅可得)能量，蛋白/碳水/脂肪无来源，全部留空。,U,菜单/媒体笼统宣称「一份约400-600大卡」——为 merchant_claim，未填入任何营养数值字段,超级碗 泰辣虾仁超级碗; FOODBOWL 泰辣虾仁超级碗 热量; 超级碗 减脂; 超级碗 点单,换低卡酱; 半份饭半份沙拉叶,power_bowl; preset_combo; menu_only; needs_data,needs_estimation,2026-09-18,preset_combo,base=未公开; protein=泰辣虾仁; veg=未公开; sauce=未公开,全组成未公开; 酱料; 碳水份量,,无。需门店/小程序实拍或UGC称重后估算。
foodbowl-cn-taishi-baixia-superbowl,超级碗 FOODBOWL,A,泰式白虾超级碗,thai-style white shrimp super bowl,超级碗（预设）,泰式白虾碗；携程金地中心店/盈科中心店列表在售。,1,份,,,,,,,,unknown,,,,,,,,,official_menu,https://you.ctrip.com/food/beijing1/131559214.html,携程美食·超级碗FOODBOWL(金地中心店) 本店特色美食列表,2026-09-18,,仅取得菜单存在性，无任何能量/宏量来源（官网未列该项，fatsecret与第三方计算器均无）。不做估算以避免编造。官方仅公开(或第三方仅可得)能量，蛋白/碳水/脂肪无来源，全部留空。,U,菜单/媒体笼统宣称「一份约400-600大卡」——为 merchant_claim，未填入任何营养数值字段,超级碗 泰式白虾超级碗; FOODBOWL 泰式白虾超级碗 热量; 超级碗 减脂; 超级碗 点单,换低卡酱; 半份饭半份沙拉叶,power_bowl; preset_combo; menu_only; needs_data,needs_estimation,2026-09-18,preset_combo,base=未公开; protein=泰式白虾; veg=未公开; sauce=未公开,全组成未公开; 酱料; 碳水份量,,无。需门店/小程序实拍或UGC称重后估算。
foodbowl-cn-ningmeng-jixiongrou-superbowl,超级碗 FOODBOWL,A,柠檬鸡胸肉超级碗,lemon chicken breast super bowl,超级碗（预设）,柠檬风味鸡胸碗；携程金地中心店「本店特色美食」列表在售。,1,份,,,,,,,,unknown,,,,,,,,,official_menu,https://you.ctrip.com/food/beijing1/131559214.html,携程美食·超级碗FOODBOWL(金地中心店) 本店特色美食列表,2026-09-18,,仅取得菜单存在性，无任何能量/宏量来源（官网未列该项，fatsecret与第三方计算器均无）。不做估算以避免编造。官方仅公开(或第三方仅可得)能量，蛋白/碳水/脂肪无来源，全部留空。,U,菜单/媒体笼统宣称「一份约400-600大卡」——为 merchant_claim，未填入任何营养数值字段,超级碗 柠檬鸡胸肉超级碗; FOODBOWL 柠檬鸡胸肉超级碗 热量; 超级碗 减脂; 超级碗 点单,换低卡酱; 半份饭半份沙拉叶,power_bowl; preset_combo; menu_only; needs_data,needs_estimation,2026-09-18,preset_combo,base=未公开; protein=柠檬鸡胸肉; veg=未公开; sauce=未公开,全组成未公开; 酱料; 碳水份量,,无。需门店/小程序实拍或UGC称重后估算。
foodbowl-cn-hanshi-paocai-jixiongrou-superbowl,超级碗 FOODBOWL,A,韩式泡菜鸡胸肉超级碗,kimchi chicken breast super bowl,超级碗（预设）,2022年明亮公司探店时列出的6款预设碗之一（蜜汁鸡腿/韩式泡菜鸡胸肉/番茄牛腩等，35-57元）。当前是否在售未确认。,1,份,,,,,,,,unknown,,,,,,,,,official_menu,https://3g.163.com/news/article/H3PMRPAV0552956F.html,明亮公司《探访轻食餐厅Foodbowl超级碗：烹饪过的热沙拉，可视化的健康数据》（2022-03-31，网易转载）,2026-09-18,,仅取得菜单存在性，无任何能量/宏量来源（官网未列该项，fatsecret与第三方计算器均无）。不做估算以避免编造。官方仅公开(或第三方仅可得)能量，蛋白/碳水/脂肪无来源，全部留空。,U,菜单/媒体笼统宣称「一份约400-600大卡」——为 merchant_claim，未填入任何营养数值字段,超级碗 韩式泡菜鸡胸肉超级碗; FOODBOWL 韩式泡菜鸡胸肉超级碗 热量; 超级碗 减脂; 超级碗 点单,换低卡酱; 半份饭半份沙拉叶,power_bowl; preset_combo; menu_only; needs_data,needs_estimation,2026-09-18,preset_combo,base=未公开; protein=韩式泡菜鸡胸肉; veg=未公开; sauce=未公开,全组成未公开; 酱料; 碳水份量,,无。需门店/小程序实拍或UGC称重后估算。
foodbowl-cn-chaoji-doufu-wan,超级碗 FOODBOWL,A,超级豆腐碗,super tofu bowl,超级碗（预设）,盈科中心店列表旧命名（超级鸡胸肉碗/超级鸡腿肉碗/超级豆腐碗/超级三文鱼碗/超级牛肉碗/超级鲷鱼碗/超级沙拉碗）。疑为早期菜单命名，现多已改名为「XX超级碗」。,1,份,,,,,,,,unknown,,,,,,,,,official_menu,https://you.ctrip.com/food/beijing1/18537479-dianping157493027.html,携程美食·超级碗FOODBOWL(盈科中心店) 本店特色美食列表,2026-09-18,,仅取得菜单存在性，无任何能量/宏量来源（官网未列该项，fatsecret与第三方计算器均无）。不做估算以避免编造。官方仅公开(或第三方仅可得)能量，蛋白/碳水/脂肪无来源，全部留空。,U,菜单/媒体笼统宣称「一份约400-600大卡」——为 merchant_claim，未填入任何营养数值字段,超级碗 超级豆腐碗; FOODBOWL 超级豆腐碗 热量; 超级碗 减脂; 超级碗 点单,换低卡酱; 半份饭半份沙拉叶,power_bowl; preset_combo; menu_only; needs_data,needs_estimation,2026-09-18,preset_combo,base=未公开; protein=超级豆腐; veg=未公开; sauce=未公开,全组成未公开; 酱料; 碳水份量,,无。需门店/小程序实拍或UGC称重后估算。
foodbowl-cn-chaoji-niurou-wan,超级碗 FOODBOWL,A,超级牛肉碗,super beef bowl,超级碗（预设）,盈科中心店列表旧命名，疑为早期菜单；与现「番茄牛腩超级碗」关系未确认。,1,份,,,,,,,,unknown,,,,,,,,,official_menu,https://you.ctrip.com/food/beijing1/18537479-dianping157493027.html,携程美食·超级碗FOODBOWL(盈科中心店) 本店特色美食列表,2026-09-18,,仅取得菜单存在性，无任何能量/宏量来源（官网未列该项，fatsecret与第三方计算器均无）。不做估算以避免编造。官方仅公开(或第三方仅可得)能量，蛋白/碳水/脂肪无来源，全部留空。,U,菜单/媒体笼统宣称「一份约400-600大卡」——为 merchant_claim，未填入任何营养数值字段,超级碗 超级牛肉碗; FOODBOWL 超级牛肉碗 热量; 超级碗 减脂; 超级碗 点单,换低卡酱; 半份饭半份沙拉叶,power_bowl; preset_combo; menu_only; needs_data,needs_estimation,2026-09-18,preset_combo,base=未公开; protein=超级牛肉; veg=未公开; sauce=未公开,全组成未公开; 酱料; 碳水份量,,无。需门店/小程序实拍或UGC称重后估算。
foodbowl-cn-chaoji-diaoyu-wan,超级碗 FOODBOWL,A,超级鲷鱼碗,super sea bream bowl,超级碗（预设）,盈科中心店列表旧命名，疑为早期菜单；当前在售状态未确认。,1,份,,,,,,,,unknown,,,,,,,,,official_menu,https://you.ctrip.com/food/beijing1/18537479-dianping157493027.html,携程美食·超级碗FOODBOWL(盈科中心店) 本店特色美食列表,2026-09-18,,仅取得菜单存在性，无任何能量/宏量来源（官网未列该项，fatsecret与第三方计算器均无）。不做估算以避免编造。官方仅公开(或第三方仅可得)能量，蛋白/碳水/脂肪无来源，全部留空。,U,菜单/媒体笼统宣称「一份约400-600大卡」——为 merchant_claim，未填入任何营养数值字段,超级碗 超级鲷鱼碗; FOODBOWL 超级鲷鱼碗 热量; 超级碗 减脂; 超级碗 点单,换低卡酱; 半份饭半份沙拉叶,power_bowl; preset_combo; menu_only; needs_data,needs_estimation,2026-09-18,preset_combo,base=未公开; protein=超级鲷鱼; veg=未公开; sauce=未公开,全组成未公开; 酱料; 碳水份量,,无。需门店/小程序实拍或UGC称重后估算。
foodbowl-cn-diy-basic-bowl,超级碗 FOODBOWL,A,基础碗（自选搭配 DIY）,build-your-own basic bowl,超级碗（自选）,品牌核心点单模型。潮生TIDE：「点餐包括六个部分…依次选择碳水或沙拉、辅助碳水、植物纤维、莎莎、碎碎和酱料，每个种类都可以任意搭配，详情页还标注了具体的重量和卡路里。」明亮公司(2022)：自选由碳水化合物+蛋白质+植物纤维+配料+饮料五部分组成。第三方计算器另含小食与饮料槽，共8个分类。,1,份,,,,,,,,estimated_range,121,992,,,,,,,official_menu,https://www.foodaily.com/articles/36405,潮生TIDE《黄人饭打败白人饭，北京白领开始吃盖浇饭减脂了》（Foodaily转载，2024-04-25）,2024-04-25,https://guanguanida.github.io/Superbowl-Calculation/,自选碗热量 = 各槽位所选组件之和，本文件 §4 components 已逐项建模。理论区间：最低（混合沙拉叶14 + 蛋白54 + 蔬菜35 + 莎莎6 + 无碎碎 + 树番茄烧椒酱12）≈121 kcal；最高（菠菜荞麦面368 + 黑豆酱56 + 鹰嘴豆66 + 熟芝麻拌菠菜80 + 奶皮子芝士丁44 + 主厨凯撒酱138 + 蜜汁鸡腿肉240）≈992 kcal。第三方计算器「基础碗」记为0 kcal，即所有槽位默认「无」。无宏量来源。,C,菜单每项配餐旁标注重量与卡路里（热量可视化）; 中国风味 热烹轻食; 菜单/媒体笼统宣称「一份约400-600大卡」——为 merchant_claim，未填入任何营养数值字段,超级碗 自选 攻略; FOODBOWL 点单顺序; 超级碗 隐藏菜单 半半; 超级碗 减脂 搭配,一半饭一半沙拉（隐藏菜单）; 酱料分装/换油醋汁; 加双份蛋白; 去碎碎; 日式豆腐+川味辣椒粉（UGC热门）; 番茄烩饭+番茄莎莎（UGC热门）,custom_combo; build_your_own; component_model; hot_food,nutrition_missing,2026-09-18,custom_combo,base=碳水槽：6种谷物饭 / 意式蔬菜烩饭 / 夏日菠菜荞麦面 / 双色胡萝卜焖饭 / 混合沙拉叶 / 半份谷物饭+半份沙拉叶; protein=蛋白槽：蜜汁鸡腿肉 / 果木烟熏鸡胸 / 柠檬鸡胸肉 / 番茄牛腩 / 亚麻籽油烤虾 / 泰辣虾仁 / 金枪鱼 / 香煎三文鱼 / 日式七味豆腐 / 溏心蛋 / 温泉蛋; veg=植物纤维槽：混合烤蔬菜 / 烤红黄彩椒洋葱丝 / 熟芝麻拌菠菜 / 卡真杏鲍菇 / 清爽西兰花 / 羽衣甘蓝 / 四好时蔬; toppings=辅助碳水槽：黑豆酱 / 玉米粒 / 迷迭香烤土豆 / 鹰嘴豆；莎莎槽：番茄莎莎 / 苹果莎莎 / 辣白菜莎莎；碎碎槽：海苔碎 / 三色藜麦碎碎 / 奶皮子芝士丁 / 蔓越莓干 / 黄金椰米碎碎 / 花生碎 / 玉米片碎; sauce=酱料槽：博洛尼亚牛肉酱 / 招牌牛肉辣酱 / 川味辣椒粉 / 焙煎芝麻酱 / 牛油果酱 / 融合油醋汁 / 坚果彩椒酱 / 云南树番茄烧椒酱 / 凤梨欧芹辣青酱 / 青瓜莳萝酸奶酱 / 橄榄油黑醋汁 / 主厨凯撒酱 / 番茄辣酱 / 牛油女神酱; snack=小食槽：美玉子溏心蛋 / 美玉子温泉蛋 / 玉米杯 / 鸡肉时蔬饼 / 厚蛋烧 / 缤纷时蔬脆皮肠 / 低卡糯香烤南瓜; drink=饮料槽：零糖低卡冻柠茶 / 蜂蜜红枣茶 / 暖香南瓜汤 / 天然粉鲜椰水 / 美式咖啡 / 豆浆,酱料（12-138kcal，最大单一变量）; 碳水种类与份量（14-368kcal）; 辅助碳水（黑豆酱/鹰嘴豆/烤土豆 44-66kcal）; 碎碎中的芝士丁与坚果（奶皮子芝士丁44、花生碎未知）; 蔬菜烹调油（熟芝麻拌菠菜80 vs 清爽西兰花39）,,理论区间约120-990 kcal；UGC与媒体反复引用的「常规一碗」为400-600 kcal（merchant_claim）。请按 §4 components 逐项相加。
foodbowl-cn-hailu-duodanbai-reweng-shala,超级碗 FOODBOWL,A,海陆多蛋白热烹沙拉,surf-and-turf multi-protein warm salad,热烹沙拉,虾/海鲜 + 肉类多蛋白组合的热烹沙拉。 第三方计算器收录为完整成品（含蔬菜与碳水，不含另行选择的酱料）。,1,份,,,,,,,,estimated_range,440,538,,,,,,,third_party_analysis,https://guanguanida.github.io/Superbowl-Calculation/,超级碗热量记录器（第三方开源热量计算器，含全组件kcal表）,2026-09-18,http://www.foodbowl.cn/,第三方计算器给 489 kcal（能量only，无公开方法学、无宏量）。同类官网在售款「三文鱼多蛋白热烹沙拉」官网标称510Kcal/440g、计算器482 → 计算器与官网相差约5%，故此处取计算器值 ±10% 作为区间。若门店默认加酱（12-138kcal），实际整份可上探至 489-676 kcal。官方仅公开(或第三方仅可得)能量，蛋白/碳水/脂肪无来源，全部留空。,C,菜单标注卡路里; 精准控卡; 菜单/媒体笼统宣称「一份约400-600大卡」——为 merchant_claim，未填入任何营养数值字段,超级碗 热烹沙拉 热量; 超级碗 海陆多蛋白热烹沙拉; FOODBOWL 海陆多蛋白热烹沙拉 热量; 超级碗 减脂; 超级碗 点单,酱料分装/换融合油醋汁; 去芝士丁; 加溏心蛋; 半份碳水,salad; preset_combo; hot_food; high_protein,nutrition_missing,2026-09-18,preset_combo,base=含慢碳水（烤南瓜/芝士玉米/三色藜麦类，具体配比未公开）; protein=多蛋白组合（具体未公开）; veg=热烹混合蔬菜（具体未公开）; sauce=未公开默认款,酱料（12-138kcal）; 芝士玉米/奶皮子芝士丁; 蛋白种类与份量未公开; 烹调油,,440-538 kcal（不含另选酱料）；加酱后可达 676 kcal。宏量无来源。
foodbowl-cn-caijiao-jixiong-shuangdanbai-reweng-shala,超级碗 FOODBOWL,A,彩椒鸡胸双蛋白热烹沙拉,bell-pepper chicken dual-protein warm salad,热烹沙拉,彩椒鸡胸 + 第二种蛋白（多为溏心蛋/豆腐）的热烹沙拉。 第三方计算器收录为完整成品（含蔬菜与碳水，不含另行选择的酱料）。,1,份,,,,,,,,estimated_range,351,429,,,,,,,third_party_analysis,https://guanguanida.github.io/Superbowl-Calculation/,超级碗热量记录器（第三方开源热量计算器，含全组件kcal表）,2026-09-18,http://www.foodbowl.cn/,第三方计算器给 390 kcal（能量only，无公开方法学、无宏量）。同类官网在售款「三文鱼多蛋白热烹沙拉」官网标称510Kcal/440g、计算器482 → 计算器与官网相差约5%，故此处取计算器值 ±10% 作为区间。若门店默认加酱（12-138kcal），实际整份可上探至 390-567 kcal。官方仅公开(或第三方仅可得)能量，蛋白/碳水/脂肪无来源，全部留空。,C,菜单标注卡路里; 精准控卡; 菜单/媒体笼统宣称「一份约400-600大卡」——为 merchant_claim，未填入任何营养数值字段,超级碗 热烹沙拉 热量; 超级碗 彩椒鸡胸双蛋白热烹沙拉; FOODBOWL 彩椒鸡胸双蛋白热烹沙拉 热量; 超级碗 减脂; 超级碗 点单,酱料分装/换融合油醋汁; 去芝士丁; 加溏心蛋; 半份碳水,salad; preset_combo; hot_food; high_protein,nutrition_missing,2026-09-18,preset_combo,base=含慢碳水（烤南瓜/芝士玉米/三色藜麦类，具体配比未公开）; protein=多蛋白组合（具体未公开）; veg=热烹混合蔬菜（具体未公开）; sauce=未公开默认款,酱料（12-138kcal）; 芝士玉米/奶皮子芝士丁; 蛋白种类与份量未公开; 烹调油,,351-429 kcal（不含另选酱料）；加酱后可达 567 kcal。宏量无来源。
foodbowl-cn-dizhonghai-xiari-shala,超级碗 FOODBOWL,A,地中海夏日沙拉,mediterranean summer salad,热烹沙拉,地中海风味夏季限定沙拉。 第三方计算器收录为完整成品（含蔬菜与碳水，不含另行选择的酱料）。,1,份,,,,,,,,estimated_range,303,371,,,,,,,third_party_analysis,https://guanguanida.github.io/Superbowl-Calculation/,超级碗热量记录器（第三方开源热量计算器，含全组件kcal表）,2026-09-18,http://www.foodbowl.cn/,第三方计算器给 337 kcal（能量only，无公开方法学、无宏量）。同类官网在售款「三文鱼多蛋白热烹沙拉」官网标称510Kcal/440g、计算器482 → 计算器与官网相差约5%，故此处取计算器值 ±10% 作为区间。若门店默认加酱（12-138kcal），实际整份可上探至 337-509 kcal。官方仅公开(或第三方仅可得)能量，蛋白/碳水/脂肪无来源，全部留空。,C,菜单标注卡路里; 精准控卡; 菜单/媒体笼统宣称「一份约400-600大卡」——为 merchant_claim，未填入任何营养数值字段,超级碗 热烹沙拉 热量; 超级碗 地中海夏日沙拉; FOODBOWL 地中海夏日沙拉 热量; 超级碗 减脂; 超级碗 点单,酱料分装/换融合油醋汁; 去芝士丁; 加溏心蛋; 半份碳水,salad; preset_combo; hot_food; high_protein,nutrition_missing,2026-09-18,preset_combo,base=含慢碳水（烤南瓜/芝士玉米/三色藜麦类，具体配比未公开）; protein=多蛋白组合（具体未公开）; veg=热烹混合蔬菜（具体未公开）; sauce=未公开默认款,酱料（12-138kcal）; 芝士玉米/奶皮子芝士丁; 蛋白种类与份量未公开; 烹调油,,303-371 kcal（不含另选酱料）；加酱后可达 509 kcal。宏量无来源。
foodbowl-cn-hailu-shuangdanbai-dizhonghai-shala,超级碗 FOODBOWL,A,海陆双蛋白地中海夏日沙拉,surf-and-turf dual-protein mediterranean salad,热烹沙拉,地中海夏日沙拉的海陆双蛋白版本。 第三方计算器收录为完整成品（含蔬菜与碳水，不含另行选择的酱料）。,1,份,,,,,,,,estimated_range,313,383,,,,,,,third_party_analysis,https://guanguanida.github.io/Superbowl-Calculation/,超级碗热量记录器（第三方开源热量计算器，含全组件kcal表）,2026-09-18,http://www.foodbowl.cn/,第三方计算器给 348 kcal（能量only，无公开方法学、无宏量）。同类官网在售款「三文鱼多蛋白热烹沙拉」官网标称510Kcal/440g、计算器482 → 计算器与官网相差约5%，故此处取计算器值 ±10% 作为区间。若门店默认加酱（12-138kcal），实际整份可上探至 348-521 kcal。官方仅公开(或第三方仅可得)能量，蛋白/碳水/脂肪无来源，全部留空。,C,菜单标注卡路里; 精准控卡; 菜单/媒体笼统宣称「一份约400-600大卡」——为 merchant_claim，未填入任何营养数值字段,超级碗 热烹沙拉 热量; 超级碗 海陆双蛋白地中海夏日沙拉; FOODBOWL 海陆双蛋白地中海夏日沙拉 热量; 超级碗 减脂; 超级碗 点单,酱料分装/换融合油醋汁; 去芝士丁; 加溏心蛋; 半份碳水,salad; preset_combo; hot_food; high_protein,nutrition_missing,2026-09-18,preset_combo,base=含慢碳水（烤南瓜/芝士玉米/三色藜麦类，具体配比未公开）; protein=多蛋白组合（具体未公开）; veg=热烹混合蔬菜（具体未公开）; sauce=未公开默认款,酱料（12-138kcal）; 芝士玉米/奶皮子芝士丁; 蛋白种类与份量未公开; 烹调油,,313-383 kcal（不含另选酱料）；加酱后可达 521 kcal。宏量无来源。
foodbowl-cn-yanxun-jixiong-dizhonghai-shala,超级碗 FOODBOWL,A,果木烟熏鸡胸地中海沙拉,smoked chicken breast mediterranean salad,热烹沙拉,地中海夏日沙拉 + 果木烟熏鸡胸。 第三方计算器收录为完整成品（含蔬菜与碳水，不含另行选择的酱料）。,1,份,,,,,,,,estimated_range,303,371,,,,,,,third_party_analysis,https://guanguanida.github.io/Superbowl-Calculation/,超级碗热量记录器（第三方开源热量计算器，含全组件kcal表）,2026-09-18,http://www.foodbowl.cn/,第三方计算器给 337 kcal（能量only，无公开方法学、无宏量）。同类官网在售款「三文鱼多蛋白热烹沙拉」官网标称510Kcal/440g、计算器482 → 计算器与官网相差约5%，故此处取计算器值 ±10% 作为区间。若门店默认加酱（12-138kcal），实际整份可上探至 337-509 kcal。官方仅公开(或第三方仅可得)能量，蛋白/碳水/脂肪无来源，全部留空。,C,菜单标注卡路里; 精准控卡; 菜单/媒体笼统宣称「一份约400-600大卡」——为 merchant_claim，未填入任何营养数值字段,超级碗 热烹沙拉 热量; 超级碗 果木烟熏鸡胸地中海沙拉; FOODBOWL 果木烟熏鸡胸地中海沙拉 热量; 超级碗 减脂; 超级碗 点单,酱料分装/换融合油醋汁; 去芝士丁; 加溏心蛋; 半份碳水,salad; preset_combo; hot_food; high_protein,nutrition_missing,2026-09-18,preset_combo,base=含慢碳水（烤南瓜/芝士玉米/三色藜麦类，具体配比未公开）; protein=多蛋白组合（具体未公开）; veg=热烹混合蔬菜（具体未公开）; sauce=未公开默认款,酱料（12-138kcal）; 芝士玉米/奶皮子芝士丁; 蛋白种类与份量未公开; 烹调油,,303-371 kcal（不含另选酱料）；加酱后可达 509 kcal。宏量无来源。
foodbowl-cn-sanwenyu-shuangdanbai-dizhonghai-shala,超级碗 FOODBOWL,A,三文鱼双蛋白地中海夏日沙拉,salmon dual-protein mediterranean salad,热烹沙拉,地中海夏日沙拉 + 三文鱼与第二种蛋白。 第三方计算器收录为完整成品（含蔬菜与碳水，不含另行选择的酱料）。,1,份,,,,,,,,estimated_range,389,475,,,,,,,third_party_analysis,https://guanguanida.github.io/Superbowl-Calculation/,超级碗热量记录器（第三方开源热量计算器，含全组件kcal表）,2026-09-18,http://www.foodbowl.cn/,第三方计算器给 432 kcal（能量only，无公开方法学、无宏量）。同类官网在售款「三文鱼多蛋白热烹沙拉」官网标称510Kcal/440g、计算器482 → 计算器与官网相差约5%，故此处取计算器值 ±10% 作为区间。若门店默认加酱（12-138kcal），实际整份可上探至 432-613 kcal。官方仅公开(或第三方仅可得)能量，蛋白/碳水/脂肪无来源，全部留空。,C,菜单标注卡路里; 精准控卡; 菜单/媒体笼统宣称「一份约400-600大卡」——为 merchant_claim，未填入任何营养数值字段,超级碗 热烹沙拉 热量; 超级碗 三文鱼双蛋白地中海夏日沙拉; FOODBOWL 三文鱼双蛋白地中海夏日沙拉 热量; 超级碗 减脂; 超级碗 点单,酱料分装/换融合油醋汁; 去芝士丁; 加溏心蛋; 半份碳水,salad; preset_combo; hot_food; high_protein,nutrition_missing,2026-09-18,preset_combo,base=含慢碳水（烤南瓜/芝士玉米/三色藜麦类，具体配比未公开）; protein=多蛋白组合（具体未公开）; veg=热烹混合蔬菜（具体未公开）; sauce=未公开默认款,酱料（12-138kcal）; 芝士玉米/奶皮子芝士丁; 蛋白种类与份量未公开; 烹调油,,389-475 kcal（不含另选酱料）；加酱后可达 613 kcal。宏量无来源。
foodbowl-cn-huangshizi-niurou-xianshuguo,超级碗 FOODBOWL,A,黄柿子牛肉鲜蔬锅,yellow-tomato beef vegetable pot,鲜蔬锅,官方产品文案（经安心加盟网转载）：「五原黄柿子，天然食材成汤，厚实的牛胸肉片搭配6种新鲜蔬菜：西兰花、娃娃菜、小番茄、白玉菇、甜玉米、冬瓜，两大块北豆腐，两个蛋饺和半颗温泉蛋。含汤约800g/份。」2024年「溯源计划」用内蒙古五原黄柿子；2025年该锅位由「新疆番茄鲜蔬锅」接替。,800,克/份（含汤）,,,,,,,,estimated_range,405,677,,,,,,,third_party_analysis,https://guanguanida.github.io/Superbowl-Calculation/,超级碗热量记录器（第三方开源热量计算器，含全组件kcal表）,2026-09-18,https://m.anxjm.com/busInfo/392622.html,官方文案给出全宏量：620卡 / 蛋白28g / 脂肪42g / 碳水29g（含汤800g）——按项目规则「菜单标称值只进 merchant_claims」，未填入数值字段；完整 provenance 见 sources[] 的 values_reported。数值字段取第三方计算器的同类牛肉鲜蔬锅值：不含汤405、含汤677 → 区间405-677（覆盖官方620）。注意官方宏量内部不自洽（28×4+42×9+29×4=610kcal，与620接近但脂肪42g对含汤锅偏高），存疑。,C,官方标注：含汤约800g/份，620卡，蛋白28g，脂肪42g，碳水29g; 天然食材成汤; 减油减盐，汤也放心喝; 6小时鲜采直送，锁住89%营养元素; 菜单/媒体笼统宣称「一份约400-600大卡」——为 merchant_claim，未填入任何营养数值字段,超级碗 鲜蔬锅 热量; FOODBOWL 番茄锅 减脂; 超级碗 黄柿子牛肉鲜蔬锅; FOODBOWL 黄柿子牛肉鲜蔬锅 热量; 超级碗 减脂; 超级碗 点单,不喝汤（省约170-270kcal）; 去蛋饺; 去温泉蛋; 加豆腐,soup_pot; preset_combo; beef; hot_food; chinese_style; high_sodium_risk,nutrition_missing,2026-09-18,preset_combo,base=无独立主食槽（锅内含甜玉米、冬瓜等）; protein=牛胸肉片 + 两大块北豆腐 + 两个蛋饺 + 半颗温泉蛋; veg=西兰花、娃娃菜、小番茄、白玉菇、甜玉米、冬瓜（6种）; sauce=五原黄柿子天然果汁汤底（非工业汤底）,是否喝汤（不含汤405 vs 含汤677，差272kcal）; 汤底油脂; 蛋饺皮与馅的油量; 牛肉片肥瘦,官方产品文案（安心加盟网转载）：含汤800g，620 kcal，P28/F42/C29 | 第三方计算器：冬阴功/新疆番茄牛肉鲜蔬锅 不含汤405、含汤677 kcal | 620 vs 405(不含汤)/677(含汤)；且官方宏量折算≈610kcal | 官方值可能为含汤但按标准份量；计算器区分含汤/不含汤；不同季度配方（黄柿子 vs 新疆番茄）与肉量差异,含汤整份约620 kcal（官方标称）；第三方区间405(不喝汤)-677(喝汤)。蛋白约28g（官方标称，未填入字段）。
foodbowl-cn-huangshizi-jirou-xianshuguo,超级碗 FOODBOWL,A,黄柿子鸡肉鲜蔬锅,yellow-tomato chicken vegetable pot,鲜蔬锅,官方产品文案：「五原黄柿子，天然食材成汤，鲜嫩的鸡肉片搭配6种新鲜蔬菜：西兰花、娃娃菜、小番茄、白玉菇、甜玉米、冬瓜，两大块北豆腐，两个蛋饺和半颗温泉蛋。含汤约780g/份。」,780,克/份（含汤）,,,,,,,,estimated_range,310,440,,,,,,,third_party_analysis,https://guanguanida.github.io/Superbowl-Calculation/,超级碗热量记录器（第三方开源热量计算器，含全组件kcal表）,2026-09-18,https://m.anxjm.com/busInfo/392622.html,官方文案给全宏量：435卡 / 蛋白35g / 脂肪19g / 碳水33g（含汤780g）→ 按规则记入 merchant_claims。宏量自洽性检查：35×4+19×9+33×4=443kcal，与435基本一致，可信度高于牛肉款。数值字段取第三方计算器同类鸡肉鲜蔬锅「不含汤317」至官方435的包络区间 310-440。,C,官方标注：含汤约780g/份，435卡，蛋白35g，脂肪19g，碳水33g; 低脂高蛋白; 减油减盐; 菜单/媒体笼统宣称「一份约400-600大卡」——为 merchant_claim，未填入任何营养数值字段,超级碗 鸡肉鲜蔬锅 热量; FOODBOWL 高蛋白 减脂; 超级碗 黄柿子鸡肉鲜蔬锅; FOODBOWL 黄柿子鸡肉鲜蔬锅 热量; 超级碗 减脂; 超级碗 点单,不喝汤; 去蛋饺; 加蛋白,soup_pot; preset_combo; chicken; high_protein; hot_food; fat_loss_friendly,nutrition_missing,2026-09-18,preset_combo,base=无独立主食槽; protein=鸡肉片 + 北豆腐2块 + 蛋饺2个 + 半颗温泉蛋; veg=西兰花、娃娃菜、小番茄、白玉菇、甜玉米、冬瓜; sauce=五原黄柿子天然果汁汤底,是否喝汤; 蛋饺油量; 汤底油脂,官方产品文案：含汤780g，435 kcal，P35/F19/C33 | 第三方计算器：鸡肉鲜蔬锅 不含汤317 kcal（含汤款未单列鸡肉版） | 435 vs 317（差118 kcal） | 含汤/不含汤口径不同；参照牛肉款含汤-不含汤差约272kcal,含汤约435 kcal（官方标称，宏量自洽性良好）；不喝汤约317 kcal。蛋白约35g。
foodbowl-cn-xinjiang-fanqie-jirou-xianshuguo,超级碗 FOODBOWL,A,新疆番茄鸡肉鲜蔬锅,xinjiang-tomato chicken vegetable pot,鲜蔬锅,2025年上新（溯源计划·新疆日光番茄，日照>3000小时、180天生长期、6小时内完成加工锁鲜）。搭配低脂高蛋白鸡胸、8种新鲜食材，可加美玉子溏心蛋。,1,份,,,,,,,,estimated_range,285,428,,,,,,,third_party_analysis,https://guanguanida.github.io/Superbowl-Calculation/,超级碗热量记录器（第三方开源热量计算器，含全组件kcal表）,2026-09-18,https://www.biwuke.com/211/zixuninfo/6.html,第三方计算器给「不含汤」317 kcal；含汤版未单列，按同品牌牛肉/鸡肉锅「含汤-不含汤」差值（118-272 kcal）推定上限约428 kcal。能量only、无公开方法学、无宏量。官方仅公开(或第三方仅可得)能量，蛋白/碳水/脂肪无来源，全部留空。,C,菜单标注卡路里; 减油减盐，汤也放心喝; 门店每日新鲜现做; 菜单/媒体笼统宣称「一份约400-600大卡」——为 merchant_claim，未填入任何营养数值字段,超级碗 鲜蔬锅 热量; 超级碗 新疆番茄鸡肉鲜蔬锅; FOODBOWL 新疆番茄鸡肉鲜蔬锅 热量; 超级碗 减脂; 超级碗 点单,不喝汤; 去蛋饺; 加美玉子溏心蛋(+64); 加豆腐,soup_pot; preset_combo; hot_food; chinese_style,nutrition_missing,2026-09-18,preset_combo,base=无独立主食槽; protein=鸡胸/鸡肉片 + 北豆腐 + 蛋饺 + 温泉蛋（组成参照黄柿子鲜蔬锅官方文案，未逐项确认）; veg=8种新鲜食材（西兰花、娃娃菜、小番茄、白玉菇、甜玉米、冬瓜等，参照官方文案）; sauce=新疆日光番茄天然果汁汤底,是否喝汤（最大变量）; 汤底油脂（冬阴功含椰浆）; 蛋饺油量; 蛋白份量,,不喝汤约317 kcal；喝汤约428 kcal。宏量无来源。
foodbowl-cn-xinjiang-fanqie-niurou-xianshuguo,超级碗 FOODBOWL,A,新疆番茄牛肉鲜蔬锅,xinjiang-tomato beef vegetable pot,鲜蔬锅,2025年上新。搭配牛肉片、8种新鲜食材，可加美玉子溏心蛋。,1,份,,,,,,,,estimated_range,364,547,,,,,,,third_party_analysis,https://guanguanida.github.io/Superbowl-Calculation/,超级碗热量记录器（第三方开源热量计算器，含全组件kcal表）,2026-09-18,https://www.biwuke.com/211/zixuninfo/6.html,第三方计算器给「不含汤」405 kcal；含汤版未单列，按同品牌牛肉/鸡肉锅「含汤-不含汤」差值（118-272 kcal）推定上限约547 kcal。能量only、无公开方法学、无宏量。官方仅公开(或第三方仅可得)能量，蛋白/碳水/脂肪无来源，全部留空。,C,菜单标注卡路里; 减油减盐，汤也放心喝; 门店每日新鲜现做; 菜单/媒体笼统宣称「一份约400-600大卡」——为 merchant_claim，未填入任何营养数值字段,超级碗 鲜蔬锅 热量; 超级碗 新疆番茄牛肉鲜蔬锅; FOODBOWL 新疆番茄牛肉鲜蔬锅 热量; 超级碗 减脂; 超级碗 点单,不喝汤; 去蛋饺; 加美玉子溏心蛋(+64); 加豆腐,soup_pot; preset_combo; hot_food; chinese_style,nutrition_missing,2026-09-18,preset_combo,base=无独立主食槽; protein=牛肉片 + 北豆腐 + 蛋饺 + 温泉蛋（组成参照黄柿子鲜蔬锅官方文案，未逐项确认）; veg=8种新鲜食材（西兰花、娃娃菜、小番茄、白玉菇、甜玉米、冬瓜等，参照官方文案）; sauce=新疆日光番茄天然果汁汤底,是否喝汤（最大变量）; 汤底油脂（冬阴功含椰浆）; 蛋饺油量; 蛋白份量,,不喝汤约405 kcal；喝汤约547 kcal。宏量无来源。
foodbowl-cn-dongyingong-jirou-xianshuguo,超级碗 FOODBOWL,A,冬阴功鸡肉鲜蔬锅,tom-yum chicken vegetable pot,鲜蔬锅,泰式冬阴功汤底鲜蔬锅；携程悠唐店点评多次提及。,1,份,,,,,,,,estimated_range,285,493,,,,,,,third_party_analysis,https://guanguanida.github.io/Superbowl-Calculation/,超级碗热量记录器（第三方开源热量计算器，含全组件kcal表）,2026-09-18,https://www.biwuke.com/211/zixuninfo/6.html,第三方计算器给「不含汤」317 kcal、「含汤」493 kcal（差 176 kcal，是否喝汤为最大变量）。能量only、无公开方法学、无宏量。官方仅公开(或第三方仅可得)能量，蛋白/碳水/脂肪无来源，全部留空。,C,菜单标注卡路里; 减油减盐，汤也放心喝; 门店每日新鲜现做; 菜单/媒体笼统宣称「一份约400-600大卡」——为 merchant_claim，未填入任何营养数值字段,超级碗 鲜蔬锅 热量; 超级碗 冬阴功鸡肉鲜蔬锅; FOODBOWL 冬阴功鸡肉鲜蔬锅 热量; 超级碗 减脂; 超级碗 点单,不喝汤; 去蛋饺; 加美玉子溏心蛋(+64); 加豆腐,soup_pot; preset_combo; hot_food; chinese_style,nutrition_missing,2026-09-18,preset_combo,base=无独立主食槽; protein=鸡胸/鸡肉片 + 北豆腐 + 蛋饺 + 温泉蛋（组成参照黄柿子鲜蔬锅官方文案，未逐项确认）; veg=8种新鲜食材（西兰花、娃娃菜、小番茄、白玉菇、甜玉米、冬瓜等，参照官方文案）; sauce=冬阴功汤底（含椰浆，脂肪偏高）,是否喝汤（最大变量）; 汤底油脂（冬阴功含椰浆）; 蛋饺油量; 蛋白份量,,不喝汤约317 kcal；喝汤约493 kcal。宏量无来源。
foodbowl-cn-dongyingong-niurou-xianshuguo,超级碗 FOODBOWL,A,冬阴功牛肉鲜蔬锅,tom-yum beef vegetable pot,鲜蔬锅,泰式冬阴功汤底 + 牛肉；携程悠唐店点评「冬阴功牛肉锅味道浓郁丰富」。,1,份,,,,,,,,estimated_range,364,677,,,,,,,third_party_analysis,https://guanguanida.github.io/Superbowl-Calculation/,超级碗热量记录器（第三方开源热量计算器，含全组件kcal表）,2026-09-18,https://www.biwuke.com/211/zixuninfo/6.html,第三方计算器给「不含汤」405 kcal、「含汤」677 kcal（差 272 kcal，是否喝汤为最大变量）。能量only、无公开方法学、无宏量。官方仅公开(或第三方仅可得)能量，蛋白/碳水/脂肪无来源，全部留空。,C,菜单标注卡路里; 减油减盐，汤也放心喝; 门店每日新鲜现做; 菜单/媒体笼统宣称「一份约400-600大卡」——为 merchant_claim，未填入任何营养数值字段,超级碗 鲜蔬锅 热量; 超级碗 冬阴功牛肉鲜蔬锅; FOODBOWL 冬阴功牛肉鲜蔬锅 热量; 超级碗 减脂; 超级碗 点单,不喝汤; 去蛋饺; 加美玉子溏心蛋(+64); 加豆腐,soup_pot; preset_combo; hot_food; chinese_style,nutrition_missing,2026-09-18,preset_combo,base=无独立主食槽; protein=牛肉片 + 北豆腐 + 蛋饺 + 温泉蛋（组成参照黄柿子鲜蔬锅官方文案，未逐项确认）; veg=8种新鲜食材（西兰花、娃娃菜、小番茄、白玉菇、甜玉米、冬瓜等，参照官方文案）; sauce=冬阴功汤底（含椰浆，脂肪偏高）,是否喝汤（最大变量）; 汤底油脂（冬阴功含椰浆）; 蛋饺油量; 蛋白份量,,不喝汤约405 kcal；喝汤约677 kcal。宏量无来源。
foodbowl-cn-rekao-tianjiao-jitui-juan,超级碗 FOODBOWL,A,热烤甜椒鸡腿卷,roasted bell-pepper chicken thigh wrap,卷类,热烤甜椒 + 鸡腿肉的卷类；品牌在碗类之外扩展的标准化品类（GOOODS：「研发了汤饭、菜饭、卷类等产品」）。,130,克/份,291,17.1,26.1,13.9,,,,estimated_point,262,320,15.4,18.8,23.5,28.7,12.5,15.3,third_party_analysis,https://www.fatsecret.cn/%E7%83%AD%E9%87%8F%E8%90%A5%E5%85%BB/%E8%B6%85%E7%BA%A7%E7%A2%97,fatsecret.cn 超级碗 品牌页（第三方聚合，源: fatsecret Platform API，非官方） · 热烤甜椒鸡腿卷,2026-09-18,https://guanguanida.github.io/Superbowl-Calculation/,fatsecret：1份(130g) = 292 kcal，脂肪13.9g / 碳水26.1g / 蛋白17.1g；第三方计算器独立给 289 kcal（差1%）→ 双源收敛，取 estimated_point 291 ±10%。fatsecret 标注「源: fatsecret Platform API」，非品牌官方发布，故 grade C 而非 A。纤维/钠/糖无来源。,C,菜单标注卡路里,超级碗 卷 热量; FOODBOWL 鸡腿卷; 超级碗 热烤甜椒鸡腿卷; FOODBOWL 热烤甜椒鸡腿卷 热量; 超级碗 减脂; 超级碗 点单,不加酱/少酱; 搭配混合沙拉叶,wrap; single_item; chicken; high_protein; hot_food,complete,2026-09-18,single_item,,卷饼皮厚度与油量; 内部酱料; 鸡腿肉是否带皮,fatsecret：292 kcal / P17.1 / C26.1 / F13.9（130g） | 第三方计算器：289 kcal | 3 kcal（1%），基本一致 | 同一官方标注的两个转录来源,291 kcal（区间262-320）；蛋白17.1g / 碳水26.1g / 脂肪13.9g（fatsecret，C级）。
foodbowl-cn-naixiang-bocai-sanwenyu-juan,超级碗 FOODBOWL,A,奶香菠菜三文鱼卷,creamy spinach salmon wrap,卷类,奶香菠菜 + 三文鱼卷；携程悠唐店列表作「三文鱼菠菜卷」。脂肪供能比高达53%，为本品牌已知最高脂的正餐单品之一（保留高热量项）。,130,克/份,332,16.3,22.2,19.5,,,,estimated_point,299,365,14.7,17.9,20.0,24.4,17.6,21.5,third_party_analysis,https://www.fatsecret.cn/%E7%83%AD%E9%87%8F%E8%90%A5%E5%85%BB/%E8%B6%85%E7%BA%A7%E7%A2%97,fatsecret.cn 超级碗 品牌页（第三方聚合，源: fatsecret Platform API，非官方） · 奶香菠菜三文鱼卷,2026-09-18,https://guanguanida.github.io/Superbowl-Calculation/,fatsecret：1份(130g) = 330 kcal，脂肪19.5g / 碳水22.2g / 蛋白16.3g（热量分解 53%脂肪 / 27%碳水 / 20%蛋白）；第三方计算器独立给 335 kcal（差1.5%）→ 双源收敛，取 estimated_point 332 ±10%。非官方发布，grade C。纤维/钠/糖无来源。,C,菜单标注卡路里,超级碗 三文鱼卷 热量; FOODBOWL 卷 减脂; 超级碗 奶香菠菜三文鱼卷; FOODBOWL 奶香菠菜三文鱼卷 热量; 超级碗 减脂; 超级碗 点单,不加额外酱; 与低卡碗替换而非叠加,wrap; single_item; seafood; high_fat; omega3; hot_food,complete,2026-09-18,single_item,,奶香酱/奶油用量（脂肪供能53%）; 三文鱼部位; 卷饼皮油量,fatsecret：330 kcal / P16.3 / C22.2 / F19.5（130g） | 第三方计算器：335 kcal | 5 kcal（1.5%），基本一致 | 同一官方标注的两个转录来源,332 kcal（区间299-365）；蛋白16.3g / 碳水22.2g / 脂肪19.5g（fatsecret，C级）。脂肪偏高，减脂期不建议与主食碗同餐。
foodbowl-cn-yaochun-xiansun-jirou-caifan,超级碗 FOODBOWL,A,咬春鲜笋鸡肉菜饭,spring-bamboo-shoot chicken savory rice,菜饭/拌面,春日限定菜饭（「咬春」）；潮生TIDE提及品牌有「春日菜饭」并有消费者关注其「非清真」标注（疑含猪油），属额外热量与成分不确定源。,1,份,,,,,,,,estimated_range,495,605,,,,,,,third_party_analysis,https://guanguanida.github.io/Superbowl-Calculation/,超级碗热量记录器（第三方开源热量计算器，含全组件kcal表）,2026-09-18,https://www.foodaily.com/articles/36405,第三方计算器给 550 kcal（能量only、无公开方法学、无宏量），取 ±10% 作为区间。菜饭/拌面为品牌「汤饭、菜饭、卷类」本土化扩展线（GOOODS 2025-06）。 消费者反映「春日菜饭」标注非清真，猜测使用猪油 → 脂肪与能量不确定度上调。官方仅公开(或第三方仅可得)能量，蛋白/碳水/脂肪无来源，全部留空。,C,菜单标注卡路里; 中国风味 热烹轻食; 菜单/媒体笼统宣称「一份约400-600大卡」——为 merchant_claim，未填入任何营养数值字段,超级碗 菜饭 热量; FOODBOWL 拌面; 超级碗 咬春鲜笋鸡肉菜饭; FOODBOWL 咬春鲜笋鸡肉菜饭 热量; 超级碗 减脂; 超级碗 点单,少酱/换低卡酱; 加蔬菜; 备注少油,rice_dish; single_item; chicken; hot_food; chinese_style,nutrition_missing,2026-09-18,single_item,,烹调油/猪油（菜饭）; 拌面酱料; 面/饭实际份量; 鸡肉份量,,495-605 kcal。宏量无来源。
foodbowl-cn-banban-jirou-shishu-banmian,超级碗 FOODBOWL,A,半半鸡肉时蔬拌面,half-half chicken vegetable tossed noodle,菜饭/拌面,半份面 + 半份时蔬的拌面，碳水减半设计。,1,份,,,,,,,,estimated_range,325,397,,,,,,,third_party_analysis,https://guanguanida.github.io/Superbowl-Calculation/,超级碗热量记录器（第三方开源热量计算器，含全组件kcal表）,2026-09-18,https://www.foodaily.com/articles/36405,第三方计算器给 361 kcal（能量only、无公开方法学、无宏量），取 ±10% 作为区间。菜饭/拌面为品牌「汤饭、菜饭、卷类」本土化扩展线（GOOODS 2025-06）。官方仅公开(或第三方仅可得)能量，蛋白/碳水/脂肪无来源，全部留空。,C,菜单标注卡路里; 中国风味 热烹轻食; 菜单/媒体笼统宣称「一份约400-600大卡」——为 merchant_claim，未填入任何营养数值字段,超级碗 菜饭 热量; FOODBOWL 拌面; 超级碗 半半鸡肉时蔬拌面; FOODBOWL 半半鸡肉时蔬拌面 热量; 超级碗 减脂; 超级碗 点单,少酱/换低卡酱; 加蔬菜; 备注少油,noodle; single_item; chicken; hot_food; chinese_style,nutrition_missing,2026-09-18,single_item,,烹调油/猪油（菜饭）; 拌面酱料; 面/饭实际份量; 鸡肉份量,,325-397 kcal。宏量无来源。
foodbowl-cn-banban-jisi-shishu-banmian,超级碗 FOODBOWL,A,半半鸡丝时蔬拌面,half-half shredded-chicken vegetable tossed noodle,菜饭/拌面,半份面 + 半份时蔬 + 鸡丝；比鸡肉版高71 kcal，差异来源（鸡丝份量/酱料）未公开。,1,份,,,,,,,,estimated_range,389,475,,,,,,,third_party_analysis,https://guanguanida.github.io/Superbowl-Calculation/,超级碗热量记录器（第三方开源热量计算器，含全组件kcal表）,2026-09-18,https://www.foodaily.com/articles/36405,第三方计算器给 432 kcal（能量only、无公开方法学、无宏量），取 ±10% 作为区间。菜饭/拌面为品牌「汤饭、菜饭、卷类」本土化扩展线（GOOODS 2025-06）。官方仅公开(或第三方仅可得)能量，蛋白/碳水/脂肪无来源，全部留空。,C,菜单标注卡路里; 中国风味 热烹轻食; 菜单/媒体笼统宣称「一份约400-600大卡」——为 merchant_claim，未填入任何营养数值字段,超级碗 菜饭 热量; FOODBOWL 拌面; 超级碗 半半鸡丝时蔬拌面; FOODBOWL 半半鸡丝时蔬拌面 热量; 超级碗 减脂; 超级碗 点单,少酱/换低卡酱; 加蔬菜; 备注少油,noodle; single_item; chicken; hot_food; chinese_style,nutrition_missing,2026-09-18,single_item,,烹调油/猪油（菜饭）; 拌面酱料; 面/饭实际份量; 鸡肉份量,,389-475 kcal。宏量无来源。
foodbowl-cn-jirou-shishubing,超级碗 FOODBOWL,A,鸡肉时蔬饼,chicken vegetable patty,小食,小份鸡肉时蔬饼，20g/份，蛋白供能比42%，属高蛋白低卡加餐。,20,克/份,24,2.6,0.4,1.4,,,,estimated_point,22,26,2.3,2.9,0.4,0.4,1.3,1.5,third_party_analysis,https://www.fatsecret.cn/%E7%83%AD%E9%87%8F%E8%90%A5%E5%85%BB/%E8%B6%85%E7%BA%A7%E7%A2%97,fatsecret.cn 超级碗 品牌页（第三方聚合，源: fatsecret Platform API，非官方） · 鸡肉时蔬饼,2026-09-18,https://guanguanida.github.io/Superbowl-Calculation/,fatsecret：1份(20g) = 24 kcal，脂肪1.4g / 碳水0.4g / 蛋白2.6g；第三方计算器独立给 24 kcal → 完全一致，取 estimated_point 24 ±10%。非官方，grade C。,C,菜单标注卡路里,超级碗 小食 热量; 超级碗 鸡肉时蔬饼; FOODBOWL 鸡肉时蔬饼 热量; 超级碗 减脂; 超级碗 点单,加1-2块作为蛋白补充,snack; single_item; chicken; high_protein; low_calorie,complete,2026-09-18,single_item,,煎制用油量; 实际块数,,24 kcal/份(20g)；蛋白2.6g / 碳水0.4g / 脂肪1.4g（fatsecret+计算器双源一致，C级）。
foodbowl-cn-meiyuzi-tangxindan,超级碗 FOODBOWL,A,美玉子溏心蛋,soft-boiled marinated egg,小食,品牌指定蛋品「美玉子」溏心蛋；新疆番茄鲜蔬锅文案点名其为锅物加料项。,1,份,,,,,,,,estimated_range,58,70,,,,,,,third_party_analysis,https://guanguanida.github.io/Superbowl-Calculation/,超级碗热量记录器（第三方开源热量计算器，含全组件kcal表）,2026-09-18,https://you.ctrip.com/food/beijing1/136334182.html,第三方计算器给 64 kcal（能量only、无公开方法学、无宏量），取 ±10%。官方仅公开(或第三方仅可得)能量，蛋白/碳水/脂肪无来源，全部留空。,C,菜单标注卡路里,超级碗 小食 热量; 超级碗 美玉子溏心蛋; FOODBOWL 美玉子溏心蛋 热量; 超级碗 减脂; 超级碗 点单,作为蛋白/碳水加料并入主碗,snack; single_item; egg; hot_food,nutrition_missing,2026-09-18,single_item,,实际颗数/克重未公开; 烹调油,,58-70 kcal。宏量无来源。
foodbowl-cn-meiyuzi-wenquandan,超级碗 FOODBOWL,A,美玉子温泉蛋,onsen egg,小食,温泉蛋；鲜蔬锅官方文案中为「半颗温泉蛋」。携程悠唐店列表另作「正大溏心蛋」（供应商命名差异）。,1,份,,,,,,,,estimated_range,59,73,,,,,,,third_party_analysis,https://guanguanida.github.io/Superbowl-Calculation/,超级碗热量记录器（第三方开源热量计算器，含全组件kcal表）,2026-09-18,https://you.ctrip.com/food/beijing1/136334182.html,第三方计算器给 66 kcal（能量only、无公开方法学、无宏量），取 ±10%。官方仅公开(或第三方仅可得)能量，蛋白/碳水/脂肪无来源，全部留空。,C,菜单标注卡路里,超级碗 小食 热量; 超级碗 美玉子温泉蛋; FOODBOWL 美玉子温泉蛋 热量; 超级碗 减脂; 超级碗 点单,作为蛋白/碳水加料并入主碗,snack; single_item; egg; hot_food,nutrition_missing,2026-09-18,single_item,,实际颗数/克重未公开; 烹调油,,59-73 kcal。宏量无来源。
foodbowl-cn-yumibei,超级碗 FOODBOWL,A,玉米杯,corn cup,小食,甜玉米杯，属辅助碳水型小食，热量高于同品牌多数蔬菜组件。,1,份,,,,,,,,estimated_range,98,120,,,,,,,third_party_analysis,https://guanguanida.github.io/Superbowl-Calculation/,超级碗热量记录器（第三方开源热量计算器，含全组件kcal表）,2026-09-18,https://you.ctrip.com/food/beijing1/136334182.html,第三方计算器给 109 kcal（能量only、无公开方法学、无宏量），取 ±10%。官方仅公开(或第三方仅可得)能量，蛋白/碳水/脂肪无来源，全部留空。,C,菜单标注卡路里,超级碗 小食 热量; 超级碗 玉米杯; FOODBOWL 玉米杯 热量; 超级碗 减脂; 超级碗 点单,作为蛋白/碳水加料并入主碗,snack; single_item; vegetable; hot_food,nutrition_missing,2026-09-18,single_item,,实际颗数/克重未公开; 烹调油,,98-120 kcal。宏量无来源。
foodbowl-cn-houdanshao,超级碗 FOODBOWL,A,厚蛋烧,tamagoyaki (thick omelette),小食,日式厚蛋烧；含糖与煎制用油，携程悠唐店「本店特色美食」在售。,1,份,,,,,,,,estimated_range,74,90,,,,,,,third_party_analysis,https://guanguanida.github.io/Superbowl-Calculation/,超级碗热量记录器（第三方开源热量计算器，含全组件kcal表）,2026-09-18,https://you.ctrip.com/food/beijing1/136334182.html,第三方计算器给 82 kcal（能量only、无公开方法学、无宏量），取 ±10%。官方仅公开(或第三方仅可得)能量，蛋白/碳水/脂肪无来源，全部留空。,C,菜单标注卡路里,超级碗 小食 热量; 超级碗 厚蛋烧; FOODBOWL 厚蛋烧 热量; 超级碗 减脂; 超级碗 点单,作为蛋白/碳水加料并入主碗,snack; single_item; egg; hot_food,nutrition_missing,2026-09-18,single_item,,实际颗数/克重未公开; 烹调油,,74-90 kcal。宏量无来源。
foodbowl-cn-binfen-shishu-cuipichang,超级碗 FOODBOWL,A,缤纷时蔬脆皮肠,vegetable crispy sausage,小食,脆皮肠类加工肉制品，钠与脂肪不确定度高（保留高热量项，非减脂优选）。,1,份,,,,,,,,estimated_range,66,80,,,,,,,third_party_analysis,https://guanguanida.github.io/Superbowl-Calculation/,超级碗热量记录器（第三方开源热量计算器，含全组件kcal表）,2026-09-18,https://you.ctrip.com/food/beijing1/136334182.html,第三方计算器给 73 kcal（能量only、无公开方法学、无宏量），取 ±10%。官方仅公开(或第三方仅可得)能量，蛋白/碳水/脂肪无来源，全部留空。,C,菜单标注卡路里,超级碗 小食 热量; 超级碗 缤纷时蔬脆皮肠; FOODBOWL 缤纷时蔬脆皮肠 热量; 超级碗 减脂; 超级碗 点单,作为蛋白/碳水加料并入主碗,snack; single_item; processed_meat; hot_food,nutrition_missing,2026-09-18,single_item,,实际颗数/克重未公开; 烹调油; 加工肉钠与脂肪,,66-80 kcal。宏量无来源。
foodbowl-cn-dika-nuoxiang-kaonangua,超级碗 FOODBOWL,A,低卡糯香烤南瓜,low-cal roasted pumpkin,小食,「低卡」为商家命名用词（merchant_claim），第三方计算器实测值为89 kcal，高于同品牌多数蔬菜组件。,1,份,,,,,,,,estimated_range,80,98,,,,,,,third_party_analysis,https://guanguanida.github.io/Superbowl-Calculation/,超级碗热量记录器（第三方开源热量计算器，含全组件kcal表）,2026-09-18,https://you.ctrip.com/food/beijing1/136334182.html,第三方计算器给 89 kcal（能量only、无公开方法学、无宏量），取 ±10%。官方仅公开(或第三方仅可得)能量，蛋白/碳水/脂肪无来源，全部留空。,C,商品名含「低卡」——命名营销语，非营养事实; 菜单标注卡路里,超级碗 小食 热量; 超级碗 低卡糯香烤南瓜; FOODBOWL 低卡糯香烤南瓜 热量; 超级碗 减脂; 超级碗 点单,作为蛋白/碳水加料并入主碗,snack; single_item; vegetable; hot_food,nutrition_missing,2026-09-18,single_item,,实际颗数/克重未公开; 烹调油,,80-98 kcal。宏量无来源。
foodbowl-cn-lingtang-dika-dongningcha,超级碗 FOODBOWL,A,零糖低卡冻柠茶,sugar-free low-cal lemon iced tea,饮品,自营无糖冻柠茶；门店只卖无糖饮料（明亮公司2022）。部分渠道随碗附赠。,1,份,,,,,,,,estimated_range,1,2,,,,,,,third_party_analysis,https://guanguanida.github.io/Superbowl-Calculation/,超级碗热量记录器（第三方开源热量计算器，含全组件kcal表）,2026-09-18,https://you.ctrip.com/food/beijing1/136334182.html,第三方计算器给 1 kcal（能量only）。官方仅公开(或第三方仅可得)能量，蛋白/碳水/脂肪无来源，全部留空。,C,商品名含「零糖低卡」——命名营销语；第三方计算器给1 kcal，与之相符,超级碗 零糖低卡冻柠茶; FOODBOWL 零糖低卡冻柠茶 热量; 超级碗 减脂; 超级碗 点单,去冰; 换无糖,beverage; single_item; sugar_free,nutrition_missing,2026-09-18,single_item,,含糖量; 容量未公开,,≈1 kcal。宏量无来源。
foodbowl-cn-fengmi-hongzaocha,超级碗 FOODBOWL,A,蜂蜜红枣茶,honey jujube tea,饮品,热饮，含蜂蜜与红枣，糖分来自天然原料但仍有游离糖。,1,份,,,,,,,,estimated_range,28,34,,,,,,,third_party_analysis,https://guanguanida.github.io/Superbowl-Calculation/,超级碗热量记录器（第三方开源热量计算器，含全组件kcal表）,2026-09-18,https://you.ctrip.com/food/beijing1/136334182.html,第三方计算器给 31 kcal（能量only）。官方仅公开(或第三方仅可得)能量，蛋白/碳水/脂肪无来源，全部留空。,C,菜单标注卡路里,超级碗 蜂蜜红枣茶; FOODBOWL 蜂蜜红枣茶 热量; 超级碗 减脂; 超级碗 点单,去冰; 换无糖,beverage; single_item,nutrition_missing,2026-09-18,single_item,,含糖量; 容量未公开,,28-34 kcal。宏量无来源。
foodbowl-cn-nuanxiang-nanguatang,超级碗 FOODBOWL,A,暖香南瓜汤,warm pumpkin soup,饮品,南瓜汤/粥；携程各店列表作「暖香南瓜粥」「暖暖的南瓜汤」「暖暖南瓜汤」，命名随季节变动。,1,份,,,,,,,,estimated_range,85,103,,,,,,,third_party_analysis,https://guanguanida.github.io/Superbowl-Calculation/,超级碗热量记录器（第三方开源热量计算器，含全组件kcal表）,2026-09-18,https://you.ctrip.com/food/beijing1/136334182.html,第三方计算器给 94 kcal（能量only）。官方仅公开(或第三方仅可得)能量，蛋白/碳水/脂肪无来源，全部留空。,C,菜单标注卡路里,超级碗 暖香南瓜汤; FOODBOWL 暖香南瓜汤 热量; 超级碗 减脂; 超级碗 点单,去冰; 换无糖,beverage; single_item,nutrition_missing,2026-09-18,single_item,,含糖量; 容量未公开,,85-103 kcal。宏量无来源。
foodbowl-cn-tianran-fenxian-yeshui,超级碗 FOODBOWL,A,天然粉鲜椰水,natural coconut water,饮品,自营椰水饮品。,1,份,,,,,,,,estimated_range,58,70,,,,,,,third_party_analysis,https://guanguanida.github.io/Superbowl-Calculation/,超级碗热量记录器（第三方开源热量计算器，含全组件kcal表）,2026-09-18,https://you.ctrip.com/food/beijing1/136334182.html,第三方计算器给 64 kcal（能量only）。官方仅公开(或第三方仅可得)能量，蛋白/碳水/脂肪无来源，全部留空。,C,商品名含「天然」——命名营销语,超级碗 天然粉鲜椰水; FOODBOWL 天然粉鲜椰水 热量; 超级碗 减脂; 超级碗 点单,去冰; 换无糖,beverage; single_item,nutrition_missing,2026-09-18,single_item,,含糖量; 容量未公开,,58-70 kcal。宏量无来源。
foodbowl-cn-miwu-zishu-yanmainai,超级碗 FOODBOWL,A,迷雾紫薯燕麦奶,purple-sweet-potato oat milk,饮品,携程盈科中心店「本店特色美食」在售；植物奶类，含燕麦与紫薯，碳水不确定度高。,1,份,,,,,,,,unknown,,,,,,,,,official_menu,https://you.ctrip.com/food/beijing1/18537479-dianping157493027.html,携程美食·超级碗FOODBOWL(盈科中心店) 本店特色美食列表,2026-09-18,,仅取得菜单存在性，无能量/宏量来源。含糖量与容量未公开，不做估算。,U,菜单标注卡路里,超级碗 迷雾紫薯燕麦奶; FOODBOWL 迷雾紫薯燕麦奶 热量; 超级碗 减脂; 超级碗 点单,去糖/少糖; 换无糖茶,beverage; single_item; needs_data,needs_estimation,2026-09-18,single_item,,含糖量; 容量; 是否含奶/燕麦,,无。需门店菜单实拍。
foodbowl-cn-meishi-kafei,超级碗 FOODBOWL,A,美式咖啡,americano,饮品,2021年11月随早餐线上新（明亮公司）。无品牌专属数据，取黑咖啡通用值。,1,份,,,,,,,,estimated_range,5,15,,,,,,,semantic_estimate,https://3g.163.com/news/article/H3PMRPAV0552956F.html,明亮公司《探访轻食餐厅Foodbowl超级碗：烹饪过的热沙拉，可视化的健康数据》（2022-03-31，网易转载）,2026-09-18,https://you.ctrip.com/food/beijing1/136334182.html,无品牌专属数据；取无糖黑咖啡通用值 5-15 kcal（semantic estimate，D级）。加奶/加糖会显著改变。。官方仅公开(或第三方仅可得)能量，蛋白/碳水/脂肪无来源，全部留空。,D,菜单标注卡路里,超级碗 美式咖啡; FOODBOWL 美式咖啡 热量; 超级碗 减脂; 超级碗 点单,去冰; 换无糖,beverage; single_item,nutrition_missing,2026-09-18,single_item,,含糖量; 容量未公开,,9-11 kcal。宏量无来源。
foodbowl-cn-doujiang,超级碗 FOODBOWL,A,豆浆,soy milk,饮品,2021年11月随早餐线上新（明亮公司）；未确认有糖/无糖，热量差异极大。,1,份,,,,,,,,unknown,,,,,,,,,official_menu,https://you.ctrip.com/food/beijing1/18537479-dianping157493027.html,携程美食·超级碗FOODBOWL(盈科中心店) 本店特色美食列表,2026-09-18,,仅取得菜单存在性，无能量/宏量来源。含糖量与容量未公开，不做估算。,U,菜单标注卡路里,超级碗 豆浆; FOODBOWL 豆浆 热量; 超级碗 减脂; 超级碗 点单,去糖/少糖; 换无糖茶,beverage; single_item; needs_data,needs_estimation,2026-09-18,single_item,,含糖量; 容量; 是否含奶/燕麦,,无。需门店菜单实拍。
foodbowl-cn-baixiangguo-shui,超级碗 FOODBOWL,A,百香果水,passion-fruit water,饮品,自营饮品，2022年明亮公司探店记录（DIY碗搭配项，整单47元）。当前在售状态未确认。,1,份,,,,,,,,unknown,,,,,,,,,official_menu,https://you.ctrip.com/food/beijing1/18537479-dianping157493027.html,携程美食·超级碗FOODBOWL(盈科中心店) 本店特色美食列表,2026-09-18,,仅取得菜单存在性，无能量/宏量来源。含糖量与容量未公开，不做估算。,U,自营饮品,超级碗 百香果水; FOODBOWL 百香果水 热量; 超级碗 减脂; 超级碗 点单,去糖/少糖; 换无糖茶,beverage; single_item; needs_data,needs_estimation,2026-09-18,single_item,,含糖量; 容量; 是否含奶/燕麦,,无。需门店菜单实拍。
kfc-cn-xiang-la-ji-tui-bao,肯德基,B,香辣鸡腿堡,spicy fried chicken thigh burger,汉堡,肯德基中国长期在售的油炸香辣鸡腿堡，品牌核心 SKU。,1,个,513.0,23.9,44.4,26.3,,,,estimated_point,451.4,574.6,21.0,26.8,39.1,49.7,23.1,29.5,third_party_analysis,https://www.fatsecret.cn/热量营养/肯德基/香辣鸡腿堡/1个,香辣鸡腿堡 - 肯德基 热量与营养 | fatsecret.cn,2026-09-18,,来源为 fatsecret.cn 众包平台（页面标注『源: fatsecret Platform API』），非肯德基官方，未披露测定或计算方法，因此不满足 B 级『明确方法』要求，定为 C 级。 原值为众包 point 值；按 SCHEMA §2 保留为 estimated_point 并附 ±12% min/max 区间，避免假精确。fatsecret 无钠/膳食纤维/糖字段，均留空。 注意：fatsecret『肯德基』桶混入港台条目（卡啦脆雞、原味蛋塔、紅藜燕麥嫩雞粥、義式香草紙包雞、薯條 等），本记录 香辣鸡腿堡 已按简中品名判定为大陆条目。,C,,肯德基 减脂; 肯德基 香辣鸡腿堡 热量; 香辣鸡腿堡 蛋白质,去酱; 不加沙拉酱; 配无糖饮料; 薯条换香甜玉米杯,burger; fried_chicken; spicy; core_sku,complete,2026-09-18,single_item,,沙拉酱份量; 面包与裹粉批次差异,,
kfc-cn-jin-cui-ji-tui-bao,肯德基,B,劲脆鸡腿堡,crispy fried chicken thigh burger,汉堡,油炸脆皮鸡腿堡，与香辣鸡腿堡同为长期核心款。,1,个,533.0,24.9,43.8,28.3,,,,estimated_point,469.0,597.0,21.9,27.9,38.5,49.1,24.9,31.7,third_party_analysis,https://www.fatsecret.cn/热量营养/肯德基/劲脆鸡腿堡/1个,劲脆鸡腿堡 - 肯德基 热量与营养 | fatsecret.cn,2026-09-18,,来源为 fatsecret.cn 众包平台（页面标注『源: fatsecret Platform API』），非肯德基官方，未披露测定或计算方法，因此不满足 B 级『明确方法』要求，定为 C 级。 原值为众包 point 值；按 SCHEMA §2 保留为 estimated_point 并附 ±12% min/max 区间，避免假精确。fatsecret 无钠/膳食纤维/糖字段，均留空。 注意：fatsecret『肯德基』桶混入港台条目（卡啦脆雞、原味蛋塔、紅藜燕麥嫩雞粥、義式香草紙包雞、薯條 等），本记录 劲脆鸡腿堡 已按简中品名判定为大陆条目。,C,,肯德基 减脂; 肯德基 劲脆鸡腿堡 热量; 劲脆鸡腿堡 蛋白质,去酱; 配无糖饮料,burger; fried_chicken; core_sku,complete,2026-09-18,single_item,,沙拉酱份量,,
kfc-cn-xin-orlean-kao-ji-tui-bao,肯德基,B,新奥尔良烤鸡腿堡,New Orleans grilled chicken thigh burger,汉堡,烤制（非油炸）新奥尔良风味鸡腿堡，减脂语境下的常点款。,1,个,405.0,25.6,37.8,16.3,,,,estimated_point,356.4,453.6,22.5,28.7,33.3,42.3,14.3,18.3,third_party_analysis,https://www.fatsecret.cn/热量营养/肯德基/新奥尔良烤鸡腿堡/1个,新奥尔良烤鸡腿堡 - 肯德基 热量与营养 | fatsecret.cn,2026-09-18,https://post.smzdm.com/p/a3rq7k6r/,来源为 fatsecret.cn 众包平台（页面标注『源: fatsecret Platform API』），非肯德基官方，未披露测定或计算方法，因此不满足 B 级『明确方法』要求，定为 C 级。 原值为众包 point 值；按 SCHEMA §2 保留为 estimated_point 并附 ±12% min/max 区间，避免假精确。fatsecret 无钠/膳食纤维/糖字段，均留空。 注意：fatsecret『肯德基』桶混入港台条目（卡啦脆雞、原味蛋塔、紅藜燕麥嫩雞粥、義式香草紙包雞、薯條 等），本记录 新奥尔良烤鸡腿堡 已按简中品名判定为大陆条目。,C,,肯德基 减脂; 肯德基 新奥尔良烤鸡腿堡 热量; 新奥尔良烤鸡腿堡 蛋白质; 肯德基 减脂点单; 肯德基 低卡,不加酱料; 配无糖饮料; 薯条换玉米杯,burger; grilled_chicken; high_protein; diet_friendly_candidate,complete,2026-09-18,single_item,,酱料是否添加（第三方称去酱约省 40kcal / 3g 脂肪）,fatsecret.cn 众包数据库（1个）405 kcal | 小红书转载（小桃气🍑 2026-02-11，经 smzdm 转载，页面标注『内容由AI生成』）称『不加酱约400大卡』 | 约 5 kcal，基本一致 | 两值均指向同一去酱基准；差异在四舍五入内,约 400–405 kcal/个（含酱）；去酱约 360–405 kcal。两源一致度高，但均非官方，故按 estimated_point ±12% 记录。
kfc-cn-orlean-jin-cui-kao-ji-tui-bao,肯德基,B,奥尔良劲脆烤鸡腿堡,New Orleans crispy grilled chicken thigh burger (2026 upgrade),汉堡,2026 年新奥尔良烤鸡腿堡的升级款，来源显示为独立 SKU。,1,份,,,,,,,,unknown,,,,,,,,,official_menu,https://bk.taobao.com/k/xishikuaican_10241/,西式快餐百科索引（逐字引用肯德基 App『套餐类型』字段）+ 5iKFC 2026-09 券档 + 成都本地宝疯四页,2026-09-17,,仅有菜单事实（存在性/分类/组成），无任何营养数据。官方营养渠道被登录墙+签名反爬阻断，见品牌级 blocked_sources。,U,,肯德基 减脂; 肯德基 奥尔良劲脆烤鸡腿堡 热量; 奥尔良劲脆烤鸡腿堡 蛋白质,,burger; grilled_chicken; new_2026; uncertain_current,menu_only,2026-09-18,single_item,,与旧款新奥尔良烤鸡腿堡是否为同一配方未确认,,
kfc-cn-zizi-yes-kao-ji-tui-bao,肯德基,B,滋滋YES烤鸡腿堡,zizi YES grilled chicken thigh burger,汉堡,烤制鸡腿堡，第三方称脂肪较油炸款低约 30%。,1,份(162克),377.0,21.0,29.0,20.0,,,,estimated_point,331.8,422.2,18.5,23.5,25.5,32.5,17.6,22.4,third_party_analysis,https://www.fatsecret.cn/热量营养/肯德基/滋滋YES烤鸡腿堡/1份,滋滋YES烤鸡腿堡 - 肯德基 热量与营养 | fatsecret.cn,2026-09-18,https://post.smzdm.com/p/a3rq7k6r/,来源为 fatsecret.cn 众包平台（页面标注『源: fatsecret Platform API』），非肯德基官方，未披露测定或计算方法，因此不满足 B 级『明确方法』要求，定为 C 级。 原值为众包 point 值；按 SCHEMA §2 保留为 estimated_point 并附 ±12% min/max 区间，避免假精确。fatsecret 无钠/膳食纤维/糖字段，均留空。 注意：fatsecret『肯德基』桶混入港台条目（卡啦脆雞、原味蛋塔、紅藜燕麥嫩雞粥、義式香草紙包雞、薯條 等），本记录 滋滋YES烤鸡腿堡 已按简中品名判定为大陆条目。 MERCHANT_CLAIM 处理：『脂肪低30%（vs 油炸，第三方/营销口径）』仅为商家营销标签，已记入 merchant_claims 字段，未用于推导、调整或验证任何营养数值（schema 核心原则2）。,C,脂肪低30%（vs 油炸，第三方/营销口径）,肯德基 减脂; 肯德基 滋滋YES烤鸡腿堡 热量; 滋滋YES烤鸡腿堡 蛋白质; 肯德基 减脂点单; 肯德基 低卡,不加酱料,burger; grilled_chicken; high_protein; diet_friendly_candidate,complete,2026-09-18,single_item,,酱料份量；『低30%脂肪』为营销口径未经官方营养表证实,,
kfc-cn-jin-cui-chao-ba-bao,肯德基,B,劲脆超霸堡,crispy super-size burger,汉堡,大份量油炸鸡堡。仅有 kcal 级第三方/AI 生成数据，无宏量。,1,份,,,,,,,,estimated_range,382,518,,,,,,,semantic_estimate,https://post.smzdm.com/p/a5r5008x/,肯德基减脂点单/搭配整理（smzdm 转载小红书）,2026-09-18,,仅有能量，无宏量 → protein/carbs/fat 全部留空（schema §2：一条 SKU 只用一个 nutrition_value_type，只有能量时宏量留空并在此说明）。 来源页面明确标注『内容由AI生成』，原作者为小红书博主，无称重/拆解方法描述 → D 级 semantic estimate，已按 ±15% 展开为 range。禁止用于精确计算。,D,,肯德基 减脂; 肯德基 劲脆超霸堡 热量; 劲脆超霸堡 蛋白质; 肯德基 高热量; 肯德基 避雷,,burger; fried_chicken; high_calorie; large_portion,nutrition_missing,2026-09-18,single_item,,无宏量数据；『超霸』份量未在官方公开克重,,
kfc-cn-zhi-zhi-hou-zuo-shuang-ceng-he-niu-bao,肯德基,B,汁汁厚作双层和牛堡,double wagyu beef burger (thick patty),汉堡,双层和牛肉饼厚作汉堡，本菜单中热量最高项之一（保留高热量项）。,1,份,884.0,43.2,51.2,56.5,,,,estimated_point,777.9,990.1,38.0,48.4,45.1,57.3,49.7,63.3,third_party_analysis,https://www.fatsecret.cn/热量营养/肯德基/汁汁厚作双层和牛堡/1份,汁汁厚作双层和牛堡 - 肯德基 热量与营养 | fatsecret.cn,2026-09-18,,来源为 fatsecret.cn 众包平台（页面标注『源: fatsecret Platform API』），非肯德基官方，未披露测定或计算方法，因此不满足 B 级『明确方法』要求，定为 C 级。 原值为众包 point 值；按 SCHEMA §2 保留为 estimated_point 并附 ±12% min/max 区间，避免假精确。fatsecret 无钠/膳食纤维/糖字段，均留空。 注意：fatsecret『肯德基』桶混入港台条目（卡啦脆雞、原味蛋塔、紅藜燕麥嫩雞粥、義式香草紙包雞、薯條 等），本记录 汁汁厚作双层和牛堡 已按简中品名判定为大陆条目。,C,,肯德基 减脂; 肯德基 汁汁厚作双层和牛堡 热量; 汁汁厚作双层和牛堡 蛋白质; 肯德基 高热量; 肯德基 避雷,,burger; beef; high_calorie; high_fat,complete,2026-09-18,single_item,,肉饼克重与酱料；『和牛』为品名用语，非营养事实,,
kfc-cn-zhi-zhi-shuang-ceng-nen-niu-bao,肯德基,B,汁汁双层嫩牛堡,double tender beef burger,汉堡,双层嫩牛肉饼汉堡。,1,份(176.8克),476.0,19.8,39.1,26.8,,,,estimated_point,418.9,533.1,17.4,22.2,34.4,43.8,23.6,30.0,third_party_analysis,https://www.fatsecret.cn/热量营养/肯德基/汁汁双层嫩牛堡/1份,汁汁双层嫩牛堡 - 肯德基 热量与营养 | fatsecret.cn,2026-09-18,,来源为 fatsecret.cn 众包平台（页面标注『源: fatsecret Platform API』），非肯德基官方，未披露测定或计算方法，因此不满足 B 级『明确方法』要求，定为 C 级。 原值为众包 point 值；按 SCHEMA §2 保留为 estimated_point 并附 ±12% min/max 区间，避免假精确。fatsecret 无钠/膳食纤维/糖字段，均留空。 注意：fatsecret『肯德基』桶混入港台条目（卡啦脆雞、原味蛋塔、紅藜燕麥嫩雞粥、義式香草紙包雞、薯條 等），本记录 汁汁双层嫩牛堡 已按简中品名判定为大陆条目。,C,,肯德基 减脂; 肯德基 汁汁双层嫩牛堡 热量; 汁汁双层嫩牛堡 蛋白质,,burger; beef,complete,2026-09-18,single_item,,酱料份量,,
kfc-cn-zhi-zhi-he-niu-bao-zhi-shi-yan-xun,肯德基,B,汁汁和牛堡（芝士烟熏）,wagyu burger (cheese & smoked),汉堡,单层和牛堡，芝士烟熏风味。,1,份,,,,,,,,unknown,,,,,,,,,official_menu,https://bk.taobao.com/k/xishikuaican_10241/,西式快餐百科索引（逐字引用肯德基 App『套餐类型』字段）+ 5iKFC 2026-09 券档 + 成都本地宝疯四页,2026-09-17,,仅有菜单事实（存在性/分类/组成），无任何营养数据。官方营养渠道被登录墙+签名反爬阻断，见品牌级 blocked_sources。,U,,肯德基 减脂; 肯德基 汁汁和牛堡（芝士烟熏） 热量; 汁汁和牛堡（芝士烟熏） 蛋白质; 肯德基 高热量; 肯德基 避雷,,burger; beef; high_calorie,menu_only,2026-09-18,single_item,,,,
kfc-cn-zhi-shi-zhi-zhi-nen-niu-bao,肯德基,B,芝士汁汁嫩牛堡,cheese tender beef burger,汉堡,芝士嫩牛堡。,1,份,,,,,,,,unknown,,,,,,,,,official_menu,https://bk.taobao.com/k/xishikuaican_10241/,西式快餐百科索引（逐字引用肯德基 App『套餐类型』字段）+ 5iKFC 2026-09 券档 + 成都本地宝疯四页,2026-09-17,,仅有菜单事实（存在性/分类/组成），无任何营养数据。官方营养渠道被登录墙+签名反爬阻断，见品牌级 blocked_sources。,U,,肯德基 减脂; 肯德基 芝士汁汁嫩牛堡 热量; 芝士汁汁嫩牛堡 蛋白质,,burger; beef,menu_only,2026-09-18,single_item,,,,
kfc-cn-yi-shi-rou-jiang-zhi-zhi-nen-niu-bao,肯德基,B,意式肉酱汁汁嫩牛堡,Italian bolognese tender beef burger,汉堡,意式肉酱风味嫩牛堡。,1,份,,,,,,,,unknown,,,,,,,,,official_menu,https://bk.taobao.com/k/xishikuaican_10241/,西式快餐百科索引（逐字引用肯德基 App『套餐类型』字段）+ 5iKFC 2026-09 券档 + 成都本地宝疯四页,2026-09-17,,仅有菜单事实（存在性/分类/组成），无任何营养数据。官方营养渠道被登录墙+签名反爬阻断，见品牌级 blocked_sources。,U,,肯德基 减脂; 肯德基 意式肉酱汁汁嫩牛堡 热量; 意式肉酱汁汁嫩牛堡 蛋白质,,burger; beef,menu_only,2026-09-18,single_item,,,,
kfc-cn-ji-tui-rou-ba-bao,肯德基,B,鸡腿肉霸堡,chicken thigh mega burger,汉堡,大份量鸡腿肉堡。,1,份,,,,,,,,unknown,,,,,,,,,official_menu,https://bk.taobao.com/k/xishikuaican_10241/,西式快餐百科索引（逐字引用肯德基 App『套餐类型』字段）+ 5iKFC 2026-09 券档 + 成都本地宝疯四页,2026-09-17,,仅有菜单事实（存在性/分类/组成），无任何营养数据。官方营养渠道被登录墙+签名反爬阻断，见品牌级 blocked_sources。,U,,肯德基 减脂; 肯德基 鸡腿肉霸堡 热量; 鸡腿肉霸堡 蛋白质; 肯德基 高热量; 肯德基 避雷,,burger; fried_chicken; large_portion; high_calorie,menu_only,2026-09-18,single_item,,,,
kfc-cn-wo-ai-yuan-wei-ji-rou-ba-bao,肯德基,B,我爱原味鸡肉霸堡,original recipe chicken mega burger,汉堡,吮指原味鸡风味大份量鸡肉堡。,1,份,,,,,,,,unknown,,,,,,,,,official_menu,https://bk.taobao.com/k/xishikuaican_10241/,西式快餐百科索引（逐字引用肯德基 App『套餐类型』字段）+ 5iKFC 2026-09 券档 + 成都本地宝疯四页,2026-09-17,,仅有菜单事实（存在性/分类/组成），无任何营养数据。官方营养渠道被登录墙+签名反爬阻断，见品牌级 blocked_sources。,U,,肯德基 减脂; 肯德基 我爱原味鸡肉霸堡 热量; 我爱原味鸡肉霸堡 蛋白质,,burger; fried_chicken; large_portion,menu_only,2026-09-18,single_item,,,,
kfc-cn-pei-gen-ji-tui-rou-ba-bao,肯德基,B,培根鸡腿肉霸堡,bacon chicken thigh mega burger,汉堡,培根+鸡腿肉大份量堡。,1,份,,,,,,,,unknown,,,,,,,,,official_menu,https://bk.taobao.com/k/xishikuaican_10241/,西式快餐百科索引（逐字引用肯德基 App『套餐类型』字段）+ 5iKFC 2026-09 券档 + 成都本地宝疯四页,2026-09-17,,仅有菜单事实（存在性/分类/组成），无任何营养数据。官方营养渠道被登录墙+签名反爬阻断，见品牌级 blocked_sources。,U,,肯德基 减脂; 肯德基 培根鸡腿肉霸堡 热量; 培根鸡腿肉霸堡 蛋白质; 肯德基 高热量; 肯德基 避雷,,burger; fried_chicken; large_portion; high_calorie,menu_only,2026-09-18,single_item,,,,
kfc-cn-zhi-zhen-qi-xia-bao,肯德基,B,至珍七虾堡,seven-shrimp premium burger,汉堡,含七只虾的虾堡。,1,份(194克),494.0,21.6,48.5,24.1,,,,estimated_point,434.7,553.3,19.0,24.2,42.7,54.3,21.2,27.0,third_party_analysis,https://www.fatsecret.cn/热量营养/肯德基/至珍七虾堡/1份,至珍七虾堡 - 肯德基 热量与营养 | fatsecret.cn,2026-09-18,,来源为 fatsecret.cn 众包平台（页面标注『源: fatsecret Platform API』），非肯德基官方，未披露测定或计算方法，因此不满足 B 级『明确方法』要求，定为 C 级。 原值为众包 point 值；按 SCHEMA §2 保留为 estimated_point 并附 ±12% min/max 区间，避免假精确。fatsecret 无钠/膳食纤维/糖字段，均留空。 注意：fatsecret『肯德基』桶混入港台条目（卡啦脆雞、原味蛋塔、紅藜燕麥嫩雞粥、義式香草紙包雞、薯條 等），本记录 至珍七虾堡 已按简中品名判定为大陆条目。,C,,肯德基 减脂; 肯德基 至珍七虾堡 热量; 至珍七虾堡 蛋白质,,burger; seafood,complete,2026-09-18,single_item,,虾只数固定但酱料可变,,
kfc-cn-huang-jin-spa-ji-pai-bao,肯德基,B,黄金SPA鸡排堡（藤椒风味）,golden SPA chicken fillet burger (green pepper),汉堡,藤椒风味鸡排堡。来源中亦写作『黄金SAP』，品名拼写在不同来源间不稳定。,1,份,,,,,,,,unknown,,,,,,,,,official_menu,https://bk.taobao.com/k/xishikuaican_10241/,西式快餐百科索引（逐字引用肯德基 App『套餐类型』字段）+ 5iKFC 2026-09 券档 + 成都本地宝疯四页,2026-09-17,,仅有菜单事实（存在性/分类/组成），无任何营养数据。官方营养渠道被登录墙+签名反爬阻断，见品牌级 blocked_sources。,U,,肯德基 减脂; 肯德基 黄金SPA鸡排堡（藤椒风味） 热量; 黄金SPA鸡排堡（藤椒风味） 蛋白质,,burger; fried_chicken; spicy; name_unstable,menu_only,2026-09-18,single_item,,品名拼写不一致（黄金SPA / 黄金SAP），需官方确认,,
kfc-cn-tian-yuan-cui-ji-bao,肯德基,B,田园脆鸡堡,garden crispy chicken burger,汉堡,含蔬菜的脆鸡堡。当前在售状态未在 2026 来源中确认。,1,个,350.0,10.0,38.8,16.9,,,,estimated_point,308.0,392.0,8.8,11.2,34.1,43.5,14.9,18.9,third_party_analysis,https://www.fatsecret.cn/热量营养/肯德基/田园脆鸡堡/1个,田园脆鸡堡 - 肯德基 热量与营养 | fatsecret.cn,2026-09-18,,来源为 fatsecret.cn 众包平台（页面标注『源: fatsecret Platform API』），非肯德基官方，未披露测定或计算方法，因此不满足 B 级『明确方法』要求，定为 C 级。 原值为众包 point 值；按 SCHEMA §2 保留为 estimated_point 并附 ±12% min/max 区间，避免假精确。fatsecret 无钠/膳食纤维/糖字段，均留空。 注意：fatsecret『肯德基』桶混入港台条目（卡啦脆雞、原味蛋塔、紅藜燕麥嫩雞粥、義式香草紙包雞、薯條 等），本记录 田园脆鸡堡 已按简中品名判定为大陆条目。,C,,肯德基 减脂; 肯德基 田园脆鸡堡 热量; 田园脆鸡堡 蛋白质,,burger; fried_chicken; uncertain_current,complete,2026-09-18,single_item,,,,
kfc-cn-yuan-wei-ji-han-bao,肯德基,B,原味鸡汉堡,original recipe chicken burger,汉堡,原味鸡风味汉堡；fatsecret 有完整宏量，但 2026 菜单枚举中未直接出现同名 SKU（现为『我爱原味鸡肉霸堡』『奥利奥原味鸡汉堡』）。,1,份(211克),538.0,27.0,51.0,25.0,,,,estimated_point,473.4,602.6,23.8,30.2,44.9,57.1,22.0,28.0,third_party_analysis,https://www.fatsecret.cn/热量营养/肯德基/原味鸡汉堡/1份,原味鸡汉堡 - 肯德基 热量与营养 | fatsecret.cn,2026-09-18,,来源为 fatsecret.cn 众包平台（页面标注『源: fatsecret Platform API』），非肯德基官方，未披露测定或计算方法，因此不满足 B 级『明确方法』要求，定为 C 级。 原值为众包 point 值；按 SCHEMA §2 保留为 estimated_point 并附 ±12% min/max 区间，避免假精确。fatsecret 无钠/膳食纤维/糖字段，均留空。 注意：fatsecret『肯德基』桶混入港台条目（卡啦脆雞、原味蛋塔、紅藜燕麥嫩雞粥、義式香草紙包雞、薯條 等），本记录 原味鸡汉堡 已按简中品名判定为大陆条目。,C,,肯德基 减脂; 肯德基 原味鸡汉堡 热量; 原味鸡汉堡 蛋白质,,burger; fried_chicken; uncertain_current,complete,2026-09-18,single_item,,,,
kfc-cn-san-chong-xiang-la-ji-tui-bao,肯德基,B,三重香辣鸡腿堡,triple spicy chicken thigh burger,汉堡,LTO：肯德基×仙逆动画联名，2026-09-14 起售。,1,份,,,,,,,,unknown,,,,,,,,,official_menu,https://bk.taobao.com/k/xishikuaican_10241/,西式快餐百科索引（逐字引用肯德基 App『套餐类型』字段）+ 5iKFC 2026-09 券档 + 成都本地宝疯四页,2026-09-17,,仅有菜单事实（存在性/分类/组成），无任何营养数据。官方营养渠道被登录墙+签名反爬阻断，见品牌级 blocked_sources。 MERCHANT_CLAIM 处理：『仙逆动画联名』仅为商家营销标签，已记入 merchant_claims 字段，未用于推导、调整或验证任何营养数值（schema 核心原则2）。,U,仙逆动画联名,肯德基 减脂; 肯德基 三重香辣鸡腿堡 热量; 三重香辣鸡腿堡 蛋白质,,burger; fried_chicken; spicy; lto,menu_only,2026-09-18,single_item,,,,
kfc-cn-ao-li-ao-yuan-wei-ji-han-bao,肯德基,B,奥利奥原味鸡汉堡,Oreo original recipe chicken burger,汉堡,LTO：奥利奥联名，2026-08-28 起全国约 1 万店。,1,份,,,,,,,,unknown,,,,,,,,,official_menu,https://bk.taobao.com/k/xishikuaican_10241/,西式快餐百科索引（逐字引用肯德基 App『套餐类型』字段）+ 5iKFC 2026-09 券档 + 成都本地宝疯四页,2026-09-17,,仅有菜单事实（存在性/分类/组成），无任何营养数据。官方营养渠道被登录墙+签名反爬阻断，见品牌级 blocked_sources。 MERCHANT_CLAIM 处理：『奥利奥联名』仅为商家营销标签，已记入 merchant_claims 字段，未用于推导、调整或验证任何营养数值（schema 核心原则2）。,U,奥利奥联名,肯德基 减脂; 肯德基 奥利奥原味鸡汉堡 热量; 奥利奥原味鸡汉堡 蛋白质; 肯德基 高热量; 肯德基 避雷,,burger; fried_chicken; lto; high_calorie,menu_only,2026-09-18,single_item,,,,
kfc-cn-shou-bo-xiang-la-xiao-long-xia-kao-ji-tui-bao,肯德基,B,手剥香辣小龙虾烤鸡腿堡,hand-peeled spicy crayfish grilled chicken burger,汉堡,季节限定小龙虾烤鸡腿堡，出现在 3+3 套餐必选主食中。,1,份,,,,,,,,unknown,,,,,,,,,official_menu,https://bk.taobao.com/k/xishikuaican_10241/,西式快餐百科索引（逐字引用肯德基 App『套餐类型』字段）+ 5iKFC 2026-09 券档 + 成都本地宝疯四页,2026-09-17,,仅有菜单事实（存在性/分类/组成），无任何营养数据。官方营养渠道被登录墙+签名反爬阻断，见品牌级 blocked_sources。,U,,肯德基 减脂; 肯德基 手剥香辣小龙虾烤鸡腿堡 热量; 手剥香辣小龙虾烤鸡腿堡 蛋白质,,burger; grilled_chicken; seafood; lto; seasonal,menu_only,2026-09-18,single_item,,,,
kfc-cn-lao-bei-jing-ji-rou-juan,肯德基,B,老北京鸡肉卷,old Beijing chicken wrap,轻松卷类,肯德基中国最长寿的卷类 SKU，2026 年所有来源均在列。CDC 有『鸡肉卷(肯德基)』per-100g 官方分析值。,100,克,256,10.1,25.2,13.1,,816.1,,exact,,,,,,,,,third_party_analysis,https://nlc.chinanutri.cn/fq/foodinfo/1252.html,鸡肉卷(肯德基) - 食物营养成分查询平台,2026-09-18,https://www.fatsecret.cn/热量营养/肯德基/老北京鸡肉卷/1份,数值基准 = per 100g 可食部（CDC 官方实验室分析）。中国食物成分表官方数据库（中国营养学会+中国CDC营养与健康所），实验室分析值，per 100g。平台明示：未经允许任何单位和个人不得用于商业目的 —— 商用前须取得授权。 CDC 样本为历史 SKU『鸡肉卷』，与当前菜单同名/对应 SKU 的配方可能存在代际差异；fiber 未检测（—），sugar 无该字段，故均留空。,A,,肯德基 减脂; 肯德基 老北京鸡肉卷 热量; 老北京鸡肉卷 蛋白质,去酱; 不加甜面酱; 配无糖饮料,wrap; fried_chicken; core_sku; high_sodium,complete,2026-09-18,single_item,,甜面酱/沙拉酱份量; CDC 样本为历史配方，与当前配方可能有差异; 实际单只克重未官方公开,CDC 中国食物成分表『鸡肉卷(肯德基)』per100g：256 kcal / P10.1 / F13.1 / C25.2 / Na816.1 | fatsecret.cn『老北京鸡肉卷』per100g：257 kcal / P11.8 / F13.7 / C23.7 | kcal 差 0.4%，蛋白差 17%，脂肪差 4.6%，碳水差 6% | 两者高度接近，fatsecret 该条很可能同源引自中国食物成分表；蛋白/碳水的小幅差异属数据库录入或修约差异,以 CDC 官方分析值为准（per 100g：256 kcal / P10.1 / F13.1 / C25.2 / Na816.1mg）。两源一致，冲突不构成实质分歧。单只克重未官方公开，份级数值需按实际称重换算。
kfc-cn-nen-niu-wu-fang,肯德基,B,嫩牛五方,tender beef five-square wrap,轻松卷类,五角形嫩牛肉卷。,1,份,,,,,,,,unknown,,,,,,,,,official_menu,https://bk.taobao.com/k/xishikuaican_10241/,西式快餐百科索引（逐字引用肯德基 App『套餐类型』字段）+ 5iKFC 2026-09 券档 + 成都本地宝疯四页,2026-09-17,,仅有菜单事实（存在性/分类/组成），无任何营养数据。官方营养渠道被登录墙+签名反爬阻断，见品牌级 blocked_sources。,U,,肯德基 减脂; 肯德基 嫩牛五方 热量; 嫩牛五方 蛋白质,,wrap; beef,menu_only,2026-09-18,single_item,,,,
kfc-cn-gong-cai-nen-niu-wu-fang,肯德基,B,贡菜嫩牛五方,gongcai tender beef five-square wrap,轻松卷类,加入贡菜的嫩牛五方变体。,1,份,,,,,,,,unknown,,,,,,,,,official_menu,https://bk.taobao.com/k/xishikuaican_10241/,西式快餐百科索引（逐字引用肯德基 App『套餐类型』字段）+ 5iKFC 2026-09 券档 + 成都本地宝疯四页,2026-09-17,,仅有菜单事实（存在性/分类/组成），无任何营养数据。官方营养渠道被登录墙+签名反爬阻断，见品牌级 blocked_sources。,U,,肯德基 减脂; 肯德基 贡菜嫩牛五方 热量; 贡菜嫩牛五方 蛋白质,,wrap; beef; vegetable,menu_only,2026-09-18,single_item,,,,
kfc-cn-hong-yun-nen-niu-wu-fang,肯德基,B,红运嫩牛五方,hongyun tender beef five-square wrap,轻松卷类,节庆限定款嫩牛五方。,1,份,,,,,,,,unknown,,,,,,,,,official_menu,https://bk.taobao.com/k/xishikuaican_10241/,西式快餐百科索引（逐字引用肯德基 App『套餐类型』字段）+ 5iKFC 2026-09 券档 + 成都本地宝疯四页,2026-09-17,,仅有菜单事实（存在性/分类/组成），无任何营养数据。官方营养渠道被登录墙+签名反爬阻断，见品牌级 blocked_sources。,U,,肯德基 减脂; 肯德基 红运嫩牛五方 热量; 红运嫩牛五方 蛋白质,,wrap; beef; lto,menu_only,2026-09-18,single_item,,,,
kfc-cn-chuan-la-nen-niu-bu-fang,肯德基,B,川辣嫩牛不方(K萨),Sichuan spicy tender beef wrap (K-sa),轻松卷类,川辣嫩牛卷，K萨系列。fatsecret 仅有『川辣嫩牛五方』per-100g 数据。,100,克,251.0,9.6,27.2,11.0,,,,estimated_point,220.9,281.1,8.45,10.75,23.9,30.5,9.7,12.3,third_party_analysis,https://www.fatsecret.cn/热量营养/肯德基/川辣嫩牛五方/100克,川辣嫩牛五方 - 肯德基 热量与营养 | fatsecret.cn,2026-09-18,,来源为 fatsecret.cn 众包平台（页面标注『源: fatsecret Platform API』），非肯德基官方，未披露测定或计算方法，因此不满足 B 级『明确方法』要求，定为 C 级。 原值为众包 point 值；按 SCHEMA §2 保留为 estimated_point 并附 ±12% min/max 区间，避免假精确。fatsecret 无钠/膳食纤维/糖字段，均留空。 注意：fatsecret『肯德基』桶混入港台条目（卡啦脆雞、原味蛋塔、紅藜燕麥嫩雞粥、義式香草紙包雞、薯條 等），本记录 川辣嫩牛五方 已按简中品名判定为大陆条目。,C,,肯德基 减脂; 肯德基 川辣嫩牛不方(K萨) 热量; 川辣嫩牛不方(K萨) 蛋白质,,wrap; beef; spicy,complete,2026-09-18,single_item,,『不方』与『五方』是否为同一 SKU 未确认，暂用五方数据但标为不确定,,
kfc-cn-chuan-xiang-bo-bo-ji-da-xia-ta-ke,肯德基,B,川香钵钵鸡风味大虾塔可,Sichuan bobo-chicken flavoured shrimp taco,轻松卷类,大虾塔可，2026-07 券档出现。,1,份,,,,,,,,unknown,,,,,,,,,official_menu,https://bk.taobao.com/k/xishikuaican_10241/,西式快餐百科索引（逐字引用肯德基 App『套餐类型』字段）+ 5iKFC 2026-09 券档 + 成都本地宝疯四页,2026-09-17,,仅有菜单事实（存在性/分类/组成），无任何营养数据。官方营养渠道被登录墙+签名反爬阻断，见品牌级 blocked_sources。,U,,肯德基 减脂; 肯德基 川香钵钵鸡风味大虾塔可 热量; 川香钵钵鸡风味大虾塔可 蛋白质,,wrap; seafood; spicy; lto,menu_only,2026-09-18,single_item,,,,
kfc-cn-shun-zhi-yuan-wei-ji,肯德基,B,吮指原味鸡,finger-lickin' original recipe chicken,炸鸡,肯德基品牌基石产品，带骨原味炸鸡。,1,块(87克，带骨),,,,,,,,estimated_range,161,242,13.0,20.8,4.0,6.3,9.0,14.9,third_party_analysis,https://www.fatsecret.cn/热量营养/肯德基/吮指原味鸡/1块,吮指原味鸡 - 肯德基 热量与营养 | fatsecret.cn,2026-09-18,,来源为 fatsecret.cn 众包平台（页面标注『源: fatsecret Platform API』），非肯德基官方，未披露测定或计算方法，因此不满足 B 级『明确方法』要求，定为 C 级。 原值为众包 point 值；按 SCHEMA §2 保留为 estimated_point 并附 ±12% min/max 区间，避免假精确。fatsecret 无钠/膳食纤维/糖字段，均留空。 注意：fatsecret『肯德基』桶混入港台条目（卡啦脆雞、原味蛋塔、紅藜燕麥嫩雞粥、義式香草紙包雞、薯條 等），本记录 吮指原味鸡 已按简中品名判定为大陆条目。,C,,肯德基 减脂; 肯德基 吮指原味鸡 热量; 吮指原味鸡 蛋白质,去皮（可显著降低脂肪）; 配无糖饮料,fried_chicken; core_sku; high_protein; bone_in,needs_estimation,2026-09-18,single_item,,带骨重量导致可食部不确定; fatsecret 同一站点两条录入互相矛盾（见 conflicting_sources）; 块型（鸡腿/鸡胸/鸡翅）脂肪差异大,fatsecret.cn『吮指原味鸡 1块(87克)』242 kcal / F14.9 / C6.3 / P20.8（折算 278 kcal/100g） | fatsecret.cn『吮指原味鸡 100克』161 kcal / F9.0 / C4.0 / P13.0 | 同一站点同一产品，能量相差 73%，蛋白相差 60% | 两条为独立众包提交；其一可能按带骨全重、另一按可食部计（CDC 同类带骨炸鸡可食部约 67–70%），也可能其一录入错误,取 1块(87g)=242 kcal 的记录基准（份级、贴近实际食用单位），但标注区间 161–278 kcal/100g 的分歧未解决；建议以官方小程序数据或实物称重裁定。已按 estimated_range 记录而非 point，避免假精确。
kfc-cn-huang-jin-cui-pi-ji,肯德基,B,黄金脆皮鸡,golden crispy fried chicken,炸鸡,脆皮炸鸡块。,1,份,,,,,,,,unknown,,,,,,,,,official_menu,https://bk.taobao.com/k/xishikuaican_10241/,西式快餐百科索引（逐字引用肯德基 App『套餐类型』字段）+ 5iKFC 2026-09 券档 + 成都本地宝疯四页,2026-09-17,,仅有菜单事实（存在性/分类/组成），无任何营养数据。官方营养渠道被登录墙+签名反爬阻断，见品牌级 blocked_sources。,U,,肯德基 减脂; 肯德基 黄金脆皮鸡 热量; 黄金脆皮鸡 蛋白质,,fried_chicken,menu_only,2026-09-18,single_item,,,,
kfc-cn-re-la-xiang-gu-ji,肯德基,B,热辣香骨鸡,hot & spicy bone-in chicken,炸鸡,带骨香辣炸鸡，2026-09 疯狂星期四 15块 19.9元 在售，并有配套三件套。,1,份(87克),226.0,16.4,8.5,14.0,,,,estimated_point,198.9,253.1,14.4,18.4,7.48,9.52,12.3,15.7,third_party_analysis,https://www.fatsecret.cn/热量营养/肯德基/热辣香骨鸡/1份,热辣香骨鸡 - 肯德基 热量与营养 | fatsecret.cn,2026-09-18,,来源为 fatsecret.cn 众包平台（页面标注『源: fatsecret Platform API』），非肯德基官方，未披露测定或计算方法，因此不满足 B 级『明确方法』要求，定为 C 级。 原值为众包 point 值；按 SCHEMA §2 保留为 estimated_point 并附 ±12% min/max 区间，避免假精确。fatsecret 无钠/膳食纤维/糖字段，均留空。 注意：fatsecret『肯德基』桶混入港台条目（卡啦脆雞、原味蛋塔、紅藜燕麥嫩雞粥、義式香草紙包雞、薯條 等），本记录 热辣香骨鸡 已按简中品名判定为大陆条目。,C,,肯德基 减脂; 肯德基 热辣香骨鸡 热量; 热辣香骨鸡 蛋白质,配无糖饮料,fried_chicken; spicy; bone_in; core_sku,complete,2026-09-18,single_item,,按块售卖，块数决定总量；带骨可食部不确定,,
kfc-cn-xiang-ju-zhi-bao-ji,肯德基,B,香焗纸包鸡,baked paper-wrapped chicken,炸鸡,纸包焗鸡，2025-11 至 2026-07 券档反复出现，属长期在售。,1,份,,,,,,,,unknown,,,,,,,,,official_menu,https://bk.taobao.com/k/xishikuaican_10241/,西式快餐百科索引（逐字引用肯德基 App『套餐类型』字段）+ 5iKFC 2026-09 券档 + 成都本地宝疯四页,2026-09-17,,仅有菜单事实（存在性/分类/组成），无任何营养数据。官方营养渠道被登录墙+签名反爬阻断，见品牌级 blocked_sources。,U,,肯德基 减脂; 肯德基 香焗纸包鸡 热量; 香焗纸包鸡 蛋白质,,chicken; baked; lower_fat_candidate,menu_only,2026-09-18,single_item,,『纸包焗』工艺暗示脂肪低于油炸，但无任何营养数据；不得据此填数值,,
kfc-cn-mi-zhi-quan-ji,肯德基,B,秘汁全鸡,secret-sauce whole chicken,炸鸡,整鸡产品，有秘汁/薄脆炸/川香盐帮秘汁三种风味，2026-09 疯四 29.9元。,1,份,,,,,,,,unknown,,,,,,,,,official_menu,https://bk.taobao.com/k/xishikuaican_10241/,西式快餐百科索引（逐字引用肯德基 App『套餐类型』字段）+ 5iKFC 2026-09 券档 + 成都本地宝疯四页,2026-09-17,,仅有菜单事实（存在性/分类/组成），无任何营养数据。官方营养渠道被登录墙+签名反爬阻断，见品牌级 blocked_sources。,U,,肯德基 减脂; 肯德基 秘汁全鸡 热量; 秘汁全鸡 蛋白质; 肯德基 高热量; 肯德基 避雷,,fried_chicken; whole_chicken; share_size; high_calorie,menu_only,2026-09-18,single_item,,三种风味为不同配方；整鸡份量与可食部比例未官方公开,,
kfc-cn-guo-mu-yan-xun-shao-kao-zheng-ji-jia,肯德基,B,果木烟熏烧烤整鸡架,fruitwood smoked BBQ whole chicken frame,炸鸡,烧烤整鸡架，夜宵/分享向。,1,份,,,,,,,,unknown,,,,,,,,,official_menu,https://bk.taobao.com/k/xishikuaican_10241/,西式快餐百科索引（逐字引用肯德基 App『套餐类型』字段）+ 5iKFC 2026-09 券档 + 成都本地宝疯四页,2026-09-17,,仅有菜单事实（存在性/分类/组成），无任何营养数据。官方营养渠道被登录墙+签名反爬阻断，见品牌级 blocked_sources。,U,,肯德基 减脂; 肯德基 果木烟熏烧烤整鸡架 热量; 果木烟熏烧烤整鸡架 蛋白质,,chicken; bbq; bone_in; share_size,menu_only,2026-09-18,single_item,,,,
kfc-cn-ma-la-da-ji-jia,肯德基,B,麻辣大鸡架,mala large chicken frame,炸鸡,麻辣风味鸡架。,1,份,,,,,,,,unknown,,,,,,,,,official_menu,https://bk.taobao.com/k/xishikuaican_10241/,西式快餐百科索引（逐字引用肯德基 App『套餐类型』字段）+ 5iKFC 2026-09 券档 + 成都本地宝疯四页,2026-09-17,,仅有菜单事实（存在性/分类/组成），无任何营养数据。官方营养渠道被登录墙+签名反爬阻断，见品牌级 blocked_sources。,U,,肯德基 减脂; 肯德基 麻辣大鸡架 热量; 麻辣大鸡架 蛋白质,,chicken; spicy; bone_in; share_size,menu_only,2026-09-18,single_item,,,,
kfc-cn-tang-ka-li-yuan-wei-ji,肯德基,B,汤咖喱原味鸡（含土豆泥）,soup-curry original recipe chicken (with mash),炸鸡,原味鸡配汤咖喱与土豆泥的复合款。,1,份,,,,,,,,unknown,,,,,,,,,official_menu,https://bk.taobao.com/k/xishikuaican_10241/,西式快餐百科索引（逐字引用肯德基 App『套餐类型』字段）+ 5iKFC 2026-09 券档 + 成都本地宝疯四页,2026-09-17,,仅有菜单事实（存在性/分类/组成），无任何营养数据。官方营养渠道被登录墙+签名反爬阻断，见品牌级 blocked_sources。,U,,肯德基 减脂; 肯德基 汤咖喱原味鸡（含土豆泥） 热量; 汤咖喱原味鸡（含土豆泥） 蛋白质; 肯德基 高热量; 肯德基 避雷,,fried_chicken; curry; composite; high_calorie,menu_only,2026-09-18,single_item,,含土豆泥与咖喱汁，属复合品，热量高度依赖酱汁份量,,
kfc-cn-jie-me-duo-hai-tai-re-la-cui-pi-ji,肯德基,B,芥么多海苔热辣脆皮鸡,wasabi-nori hot spicy crispy chicken,炸鸡,LTO：2026-08-03 上市，限量 600 万块。,1,份,,,,,,,,unknown,,,,,,,,,official_menu,https://bk.taobao.com/k/xishikuaican_10241/,西式快餐百科索引（逐字引用肯德基 App『套餐类型』字段）+ 5iKFC 2026-09 券档 + 成都本地宝疯四页,2026-09-17,,仅有菜单事实（存在性/分类/组成），无任何营养数据。官方营养渠道被登录墙+签名反爬阻断，见品牌级 blocked_sources。 MERCHANT_CLAIM 处理：『炸鸡节第二波新品』仅为商家营销标签，已记入 merchant_claims 字段，未用于推导、调整或验证任何营养数值（schema 核心原则2）。,U,炸鸡节第二波新品,肯德基 减脂; 肯德基 芥么多海苔热辣脆皮鸡 热量; 芥么多海苔热辣脆皮鸡 蛋白质,,fried_chicken; spicy; lto,menu_only,2026-09-18,single_item,,,,
kfc-cn-bao-cui-ma-su-su-xiang-gu-ji,肯德基,B,薄脆麻酥酥香骨鸡,thin-crispy numbing bone-in chicken,炸鸡,LTO：2026-08-03 上市，限量 1600 万块。,1,份,,,,,,,,unknown,,,,,,,,,official_menu,https://bk.taobao.com/k/xishikuaican_10241/,西式快餐百科索引（逐字引用肯德基 App『套餐类型』字段）+ 5iKFC 2026-09 券档 + 成都本地宝疯四页,2026-09-17,,仅有菜单事实（存在性/分类/组成），无任何营养数据。官方营养渠道被登录墙+签名反爬阻断，见品牌级 blocked_sources。,U,,肯德基 减脂; 肯德基 薄脆麻酥酥香骨鸡 热量; 薄脆麻酥酥香骨鸡 蛋白质,,fried_chicken; spicy; bone_in; lto,menu_only,2026-09-18,single_item,,,,
kfc-cn-mi-zhi-xian-xiang-ji-pai,肯德基,B,秘制鲜香鸡排,secret-recipe chicken steak,炸鸡,鸡排。fatsecret 数据蛋白极高、能量极低，当前在售状态未确认。,100,克,93.0,17.1,1.9,1.8,,,,estimated_point,81.8,104.2,15.0,19.2,1.67,2.13,1.58,2.02,third_party_analysis,https://www.fatsecret.cn/热量营养/肯德基/秘制鲜香鸡排/100克,秘制鲜香鸡排 - 肯德基 热量与营养 | fatsecret.cn,2026-09-18,,来源为 fatsecret.cn 众包平台（页面标注『源: fatsecret Platform API』），非肯德基官方，未披露测定或计算方法，因此不满足 B 级『明确方法』要求，定为 C 级。 原值为众包 point 值；按 SCHEMA §2 保留为 estimated_point 并附 ±12% min/max 区间，避免假精确。fatsecret 无钠/膳食纤维/糖字段，均留空。 注意：fatsecret『肯德基』桶混入港台条目（卡啦脆雞、原味蛋塔、紅藜燕麥嫩雞粥、義式香草紙包雞、薯條 等），本记录 秘制鲜香鸡排 已按简中品名判定为大陆条目。,C,,肯德基 减脂; 肯德基 秘制鲜香鸡排 热量; 秘制鲜香鸡排 蛋白质,,chicken; high_protein; uncertain_current,complete,2026-09-18,single_item,,fatsecret 报 93 kcal/100g 但蛋白 17.1g/100g，能量与蛋白比例异常，疑为录入问题；当前是否在售未确认,,
kfc-cn-zheng-qie-xi-leng-niu-pai,肯德基,B,整切西冷牛排,whole-cut sirloin steak,炸鸡,整切西冷牛排（KFC 中国曾推出的非鸡类主食）。当前在售状态未确认。,100,克,122.0,15.5,1.2,6.1,,,,estimated_point,107.4,136.6,13.6,17.4,1.06,1.34,5.37,6.83,third_party_analysis,https://www.fatsecret.cn/热量营养/肯德基/整切西冷牛排/100克,整切西冷牛排 - 肯德基 热量与营养 | fatsecret.cn,2026-09-18,,来源为 fatsecret.cn 众包平台（页面标注『源: fatsecret Platform API』），非肯德基官方，未披露测定或计算方法，因此不满足 B 级『明确方法』要求，定为 C 级。 原值为众包 point 值；按 SCHEMA §2 保留为 estimated_point 并附 ±12% min/max 区间，避免假精确。fatsecret 无钠/膳食纤维/糖字段，均留空。 注意：fatsecret『肯德基』桶混入港台条目（卡啦脆雞、原味蛋塔、紅藜燕麥嫩雞粥、義式香草紙包雞、薯條 等），本记录 整切西冷牛排 已按简中品名判定为大陆条目。,C,,肯德基 减脂; 肯德基 整切西冷牛排 热量; 整切西冷牛排 蛋白质,,beef; high_protein; uncertain_current,complete,2026-09-18,single_item,,,,
kfc-cn-xiang-la-ji-chi,肯德基,B,香辣鸡翅,spicy chicken wings,翅类,长期核心小食，按对/桶售卖。CDC 有『辣鸡翅(肯德基)』per-100g 官方分析值（可食部 67%）。,1,个(约25克，基准未确认),,,,,,499.3,,estimated_range,84,106,4.8,6.0,3.2,4.0,5.9,7.5,third_party_analysis,https://nlc.chinanutri.cn/fq/foodinfo/1254.html,辣鸡翅(肯德基) - 食物营养成分查询平台,2026-09-18,https://www.fatsecret.cn/热量营养/肯德基/香辣鸡翅/1个,数值基准 = per 100g 可食部（CDC 官方实验室分析）。中国食物成分表官方数据库（中国营养学会+中国CDC营养与健康所），实验室分析值，per 100g。平台明示：未经允许任何单位和个人不得用于商业目的 —— 商用前须取得授权。 CDC 标注可食部 67%（带骨），即 100g 带骨产品约含 67% 可食肉，份级换算必须扣骨重。 CDC 样本为历史 SKU『辣鸡翅』，与当前菜单同名/对应 SKU 的配方可能存在代际差异；fiber 未检测（—），sugar 无该字段，故均留空。 per-份 区间由两源在 1个≈25g 假设下的分歧区间构成；25g 是带骨全重还是可食部重量未确认，故此区间仅表示分歧幅度。,A,,肯德基 减脂; 肯德基 香辣鸡翅 热量; 香辣鸡翅 蛋白质,,fried_chicken; spicy; bone_in; core_sku,needs_estimation,2026-09-18,single_item,,CDC 可食部仅 67%（带骨），fatsecret 按 1个=25g 计，两者基准不一致导致 per-100g 折算冲突; 按对/按桶售卖，份数决定总量,CDC『辣鸡翅(肯德基)』per100g（可食部67%）：337 kcal / P19.4 / F23.6 / C12.8 / Na499.3 | fatsecret.cn『香辣鸡翅 1个(25克)』：106 kcal / F7.5 / C4.0 / P6.0（若25g为全重则折算 424 kcal/100g） | per-100g 能量相差约 26%；根本分歧在于 25g 是带骨全重还是可食部重量 | CDC 明确标注可食部 67%，fatsecret 未标注基准；众包数据常混淆带骨/去骨重量,保留 CDC 官方 per-100g 值作为分析基准（A 级溯源），但因可食部基准与 fatsecret 无法调和，份级数值一律按 estimated_range 给出（1个约 79–126 kcal），不做点估计。需实物称重裁定。
kfc-cn-xin-orlean-kao-chi,肯德基,B,新奥尔良烤翅,New Orleans grilled wings,翅类,烤制新奥尔良风味鸡翅。CDC『新奥尔良鸡翅(肯德基)』per-100g 官方值与 fatsecret 数据完全一致。,100,克,239,22.1,6.8,13.8,,1263.3,,exact,,,,,,,,,third_party_analysis,https://nlc.chinanutri.cn/fq/foodinfo/1255.html,新奥尔良鸡翅(肯德基) - 食物营养成分查询平台,2026-09-18,https://www.fatsecret.cn/热量营养/肯德基/新奥尔良烤翅/1份,数值基准 = per 100g 可食部（CDC 官方实验室分析）。中国食物成分表官方数据库（中国营养学会+中国CDC营养与健康所），实验室分析值，per 100g。平台明示：未经允许任何单位和个人不得用于商业目的 —— 商用前须取得授权。 CDC 标注可食部 70%（带骨），即 100g 带骨产品约含 70% 可食肉，份级换算必须扣骨重。 CDC 样本为历史 SKU『新奥尔良鸡翅』，与当前菜单同名/对应 SKU 的配方可能存在代际差异；fiber 未检测（—），sugar 无该字段，故均留空。,A,,肯德基 减脂; 肯德基 新奥尔良烤翅 热量; 新奥尔良烤翅 蛋白质; 肯德基 减脂点单; 肯德基 低卡,配无糖饮料; 与香辣鸡翅相比为烤制、非油炸,chicken; grilled; high_protein; core_sku; high_sodium; diet_friendly_candidate,complete,2026-09-18,single_item,,CDC 可食部 70%（带骨）; 钠极高（1263mg/100g），减脂/控压语境需注意; 按对/按桶售卖,CDC『新奥尔良鸡翅(肯德基)』per100g：239 kcal / P22.1 / F13.8 / C6.8 / Na1263.3 | fatsecret.cn『新奥尔良烤翅』per100g：240 kcal / F13.8 / C6.8 / P22.1 | 能量差 0.4%，蛋白/脂肪/碳水三项数值完全相同 | fatsecret 该条几乎确定同源引自中国食物成分表；这构成本品牌最强的一次跨源交叉验证,两源一致，采用 CDC 官方分析值 per-100g（239 kcal / P22.1 / F13.8 / C6.8 / Na1263.3mg）。注意可食部 70%，即 100g 带骨翅约含 70g 可食肉。
kfc-cn-bao-cui-jin-sha-ji-chi,肯德基,B,薄脆金沙鸡翅,thin-crispy salted-egg-yolk wings,翅类,咸蛋黄风味薄脆鸡翅，2025 秋上市后转长期在售。,1,份,,,,,,,,unknown,,,,,,,,,official_menu,https://bk.taobao.com/k/xishikuaican_10241/,西式快餐百科索引（逐字引用肯德基 App『套餐类型』字段）+ 5iKFC 2026-09 券档 + 成都本地宝疯四页,2026-09-17,,仅有菜单事实（存在性/分类/组成），无任何营养数据。官方营养渠道被登录墙+签名反爬阻断，见品牌级 blocked_sources。,U,,肯德基 减脂; 肯德基 薄脆金沙鸡翅 热量; 薄脆金沙鸡翅 蛋白质,,fried_chicken; bone_in; salted_egg_yolk,menu_only,2026-09-18,single_item,,,,
kfc-cn-bao-cui-chi,肯德基,B,薄脆翅,thin-crispy wings,翅类,薄脆工艺鸡翅。,1,份,,,,,,,,unknown,,,,,,,,,official_menu,https://bk.taobao.com/k/xishikuaican_10241/,西式快餐百科索引（逐字引用肯德基 App『套餐类型』字段）+ 5iKFC 2026-09 券档 + 成都本地宝疯四页,2026-09-17,,仅有菜单事实（存在性/分类/组成），无任何营养数据。官方营养渠道被登录墙+签名反爬阻断，见品牌级 blocked_sources。,U,,肯德基 减脂; 肯德基 薄脆翅 热量; 薄脆翅 蛋白质,,fried_chicken; bone_in,menu_only,2026-09-18,single_item,,,,
kfc-cn-te-da-hao-re-la-chi-gen,肯德基,B,特大号热辣翅根,extra-large hot spicy wingettes,翅类,特大号翅根。,1,份,,,,,,,,unknown,,,,,,,,,official_menu,https://bk.taobao.com/k/xishikuaican_10241/,西式快餐百科索引（逐字引用肯德基 App『套餐类型』字段）+ 5iKFC 2026-09 券档 + 成都本地宝疯四页,2026-09-17,,仅有菜单事实（存在性/分类/组成），无任何营养数据。官方营养渠道被登录墙+签名反爬阻断，见品牌级 blocked_sources。,U,,肯德基 减脂; 肯德基 特大号热辣翅根 热量; 特大号热辣翅根 蛋白质,,fried_chicken; spicy; bone_in,menu_only,2026-09-18,single_item,,,,
kfc-cn-xin-orlean-kao-chi-gen-tong,肯德基,B,新奥尔良烤翅根桶（十根）,New Orleans grilled wingette bucket (10 pcs),翅类,十根烤翅根桶装，2026-09 疯四 29.9元。,1,份,,,,,,,,unknown,,,,,,,,,official_menu,https://bk.taobao.com/k/xishikuaican_10241/,西式快餐百科索引（逐字引用肯德基 App『套餐类型』字段）+ 5iKFC 2026-09 券档 + 成都本地宝疯四页,2026-09-17,,仅有菜单事实（存在性/分类/组成），无任何营养数据。官方营养渠道被登录墙+签名反爬阻断，见品牌级 blocked_sources。,U,,肯德基 减脂; 肯德基 新奥尔良烤翅根桶（十根） 热量; 新奥尔良烤翅根桶（十根） 蛋白质,,chicken; grilled; bucket; share_size,menu_only,2026-09-18,single_item,,10根装，单根克重未官方公开,,
kfc-cn-shu-tiao,肯德基,B,薯条,french fries,缤纷小食,炸薯条，分小/中/大三种规格（本记录按 per-100g 官方分析值，不重复规格）。CDC 与 fatsecret 数据一致。,100,克,308,4.3,40.5,15.5,,58.2,,exact,,,,,,,,,third_party_analysis,https://nlc.chinanutri.cn/fq/foodinfo/1258.html,薯条(肯德基) - 食物营养成分查询平台,2026-09-18,https://www.fatsecret.cn/热量营养/肯德基/薯条/100克,数值基准 = per 100g 可食部（CDC 官方实验室分析）。中国食物成分表官方数据库（中国营养学会+中国CDC营养与健康所），实验室分析值，per 100g。平台明示：未经允许任何单位和个人不得用于商业目的 —— 商用前须取得授权。 CDC 样本为历史 SKU『薯条』，与当前菜单同名/对应 SKU 的配方可能存在代际差异；fiber 未检测（—），sugar 无该字段，故均留空。,A,,肯德基 减脂; 肯德基 薯条 热量; 薯条 蛋白质; 肯德基 高热量; 肯德基 避雷,换成香甜玉米杯; 点小份; 套餐内替换,side; fried; carb; core_sku; high_calorie,complete,2026-09-18,single_item,,小/中/大实际克重未官方公开，份级能量随规格线性变化; 油炸用油批次与沥油程度,CDC『薯条(肯德基)』per100g：308 kcal(1289kJ) / P4.3 / F15.5 / C40.5 / Na58.2 | fatsecret.cn『薯条』per100g：298 kcal / F15.5 / C40.5 / P4.3 | 蛋白/脂肪/碳水三项完全相同，能量差 3.4%（kJ→kcal 换算与修约所致） | 同源引用中国食物成分表；能量差异纯属 1289kJ 换算修约,采用 CDC 官方值 per-100g（1289kJ=308 kcal / P4.3 / F15.5 / C40.5 / Na58.2mg）。两源实质一致。份级值需按官方规格克重换算，本轮未取得官方克重故记 per-100g。
kfc-cn-jin-bao-ji-mi-hua,肯德基,B,劲爆鸡米花,popcorn chicken,缤纷小食,小块炸鸡米花，分小/大。CDC 官方值与 fatsecret 众包值存在实质冲突（约 27%）。,100,克,,,,,,895.3,,estimated_range,239,304,13.5,18.4,16.2,16.5,13.3,18.9,third_party_analysis,https://nlc.chinanutri.cn/fq/foodinfo/1256.html,劲爆鸡米花(肯德基) - 食物营养成分查询平台,2026-09-18,https://www.fatsecret.cn/热量营养/肯德基/劲爆鸡米花/100克,数值基准 = per 100g 可食部（CDC 官方实验室分析）。中国食物成分表官方数据库（中国营养学会+中国CDC营养与健康所），实验室分析值，per 100g。平台明示：未经允许任何单位和个人不得用于商业目的 —— 商用前须取得授权。 CDC 样本为历史 SKU『劲爆鸡米花』，与当前菜单同名/对应 SKU 的配方可能存在代际差异；fiber 未检测（—），sugar 无该字段，故均留空。,C,,肯德基 减脂; 肯德基 劲爆鸡米花 热量; 劲爆鸡米花 蛋白质; 肯德基 高热量; 肯德基 避雷,,side; fried_chicken; high_calorie; core_sku,needs_estimation,2026-09-18,single_item,,两源能量差 27%，未解决; 小/大规格克重未官方公开; 裹粉比例批次差异,CDC 中国食物成分表『劲爆鸡米花(肯德基)』per100g：1272kJ=304 kcal / P18.4 / F18.9 / C16.2 / Na895.3 / 胆固醇68mg | fatsecret.cn『劲爆鸡米花』per100g：239 kcal / F13.3 / C16.5 / P13.5 | 能量差 27%（304 vs 239 kcal），蛋白差 36%（18.4 vs 13.5），脂肪差 42%（18.9 vs 13.3） | CDC 为实验室分析的历史配方样本；fatsecret 为众包提交且未披露方法。二者可能对应不同年代配方（裹粉/含肉比例变化），或众包值按较大份量摊薄。无法判定孰对孰错,不擅自取舍。按冲突处理：能量区间 239–304 kcal/100g，蛋白 13.5–18.4g，脂肪 13.3–18.9g，碳水 16.2–16.5g。因存在实质冲突，confidence 由 A 降为 C，nutrition_value_type=estimated_range。钠仅有 CDC 单源（895.3mg/100g）。建议实物称重+拆解裁定。
kfc-cn-huang-jin-ji-kuai,肯德基,B,黄金鸡块（5块）,golden chicken nuggets (5 pcs),缤纷小食,鸡块，另有 9块/10块 规格（本记录只取 5块，不重复规格）。CDC 有『上校鸡块(肯德基)』per-100g 官方值。,5,块(单块克重未官方确认),,,,,,370.6,,estimated_range,225,263.0,12.0,16.9,12.0,21.1,12.5,14.5,third_party_analysis,https://nlc.chinanutri.cn/fq/foodinfo/1253.html,上校鸡块(肯德基) - 食物营养成分查询平台,2026-09-18,https://www.fatsecret.cn/热量营养/肯德基/上校鸡块/1块,数值基准 = per 100g 可食部（CDC 官方实验室分析）。中国食物成分表官方数据库（中国营养学会+中国CDC营养与健康所），实验室分析值，per 100g。平台明示：未经允许任何单位和个人不得用于商业目的 —— 商用前须取得授权。 CDC 样本为历史 SKU『上校鸡块』，与当前菜单同名/对应 SKU 的配方可能存在代际差异；fiber 未检测（—），sugar 无该字段，故均留空。 5块份级区间由 fatsecret(45 kcal/20g块) 与 CDC(263 kcal/100g→52.6 kcal/20g块) 的分歧构成。,A,,肯德基 减脂; 肯德基 黄金鸡块（5块） 热量; 黄金鸡块（5块） 蛋白质,,side; fried_chicken; core_sku,needs_estimation,2026-09-18,single_item,,上校鸡块与黄金鸡块是否为同一配方未确认（CDC 样本年代较早）; 单块克重未官方公开，fatsecret 按 20g/块,CDC『上校鸡块(肯德基)』per100g：263 kcal / P16.9 / F12.5 / C21.1 / Na370.6 → 按20g/块折算 53 kcal / P3.4 / F2.5 / C4.2 | fatsecret.cn『上校鸡块 1块(20克)』：45 kcal / P2.4 / F2.9 / C2.4 | 能量差 18%，蛋白差 42%，碳水差 75% | 单块克重假设（20g）未官方证实；CDC 样本为历史『上校鸡块』配方，当前『黄金鸡块』裹粉与肉比例可能不同,不采用点估计。per-100g 以 CDC 官方值为准（263 kcal / P16.9 / F12.5 / C21.1 / Na370.6mg）；份级（5块）按 estimated_range 给出，因单块克重与配方代际均未确认。
kfc-cn-li-li-zi-ran-ji-kuai,肯德基,B,粒粒孜然鸡块,cumin chicken nuggets,缤纷小食,孜然风味鸡块。,1,份,,,,,,,,unknown,,,,,,,,,official_menu,https://bk.taobao.com/k/xishikuaican_10241/,西式快餐百科索引（逐字引用肯德基 App『套餐类型』字段）+ 5iKFC 2026-09 券档 + 成都本地宝疯四页,2026-09-17,,仅有菜单事实（存在性/分类/组成），无任何营养数据。官方营养渠道被登录墙+签名反爬阻断，见品牌级 blocked_sources。,U,,肯德基 减脂; 肯德基 粒粒孜然鸡块 热量; 粒粒孜然鸡块 蛋白质,,side; fried_chicken; spicy,menu_only,2026-09-18,single_item,,,,
kfc-cn-xiang-cui-bei-bei-ji-kuai,肯德基,B,香脆贝贝鸡块,crispy baby chicken nuggets,缤纷小食,小份香脆鸡块。,1,份,,,,,,,,unknown,,,,,,,,,official_menu,https://bk.taobao.com/k/xishikuaican_10241/,西式快餐百科索引（逐字引用肯德基 App『套餐类型』字段）+ 5iKFC 2026-09 券档 + 成都本地宝疯四页,2026-09-17,,仅有菜单事实（存在性/分类/组成），无任何营养数据。官方营养渠道被登录墙+签名反爬阻断，见品牌级 blocked_sources。,U,,肯德基 减脂; 肯德基 香脆贝贝鸡块 热量; 香脆贝贝鸡块 蛋白质,,side; fried_chicken,menu_only,2026-09-18,single_item,,,,
kfc-cn-chun-xiang-tu-dou-ni,肯德基,B,醇香土豆泥,mashed potato,缤纷小食,土豆泥配汁，长期在售配餐。,1,份,65.0,1.4,12.8,0.6,,,,estimated_point,57.2,72.8,1.23,1.57,11.3,14.3,0.53,0.67,third_party_analysis,https://www.fatsecret.cn/热量营养/肯德基/土豆泥/1份,土豆泥 - 肯德基 热量与营养 | fatsecret.cn,2026-09-18,,来源为 fatsecret.cn 众包平台（页面标注『源: fatsecret Platform API』），非肯德基官方，未披露测定或计算方法，因此不满足 B 级『明确方法』要求，定为 C 级。 原值为众包 point 值；按 SCHEMA §2 保留为 estimated_point 并附 ±12% min/max 区间，避免假精确。fatsecret 无钠/膳食纤维/糖字段，均留空。 注意：fatsecret『肯德基』桶混入港台条目（卡啦脆雞、原味蛋塔、紅藜燕麥嫩雞粥、義式香草紙包雞、薯條 等），本记录 土豆泥 已按简中品名判定为大陆条目。,C,,肯德基 减脂; 肯德基 醇香土豆泥 热量; 醇香土豆泥 蛋白质; 肯德基 减脂点单; 肯德基 低卡,不要酱汁（酱汁为脂肪主要来源）,side; carb; diet_friendly_candidate,complete,2026-09-18,single_item,,黑椒/鸡汁酱是否计入 fatsecret 的 65 kcal 未说明,,
kfc-cn-yuan-wei-ji-ban-tu-dou-ni,肯德基,B,原味鸡拌土豆泥,original recipe chicken mixed mash,缤纷小食,原味鸡与土豆泥拌合的复合配餐。,1,份,,,,,,,,unknown,,,,,,,,,official_menu,https://bk.taobao.com/k/xishikuaican_10241/,西式快餐百科索引（逐字引用肯德基 App『套餐类型』字段）+ 5iKFC 2026-09 券档 + 成都本地宝疯四页,2026-09-17,,仅有菜单事实（存在性/分类/组成），无任何营养数据。官方营养渠道被登录墙+签名反爬阻断，见品牌级 blocked_sources。,U,,肯德基 减脂; 肯德基 原味鸡拌土豆泥 热量; 原味鸡拌土豆泥 蛋白质; 肯德基 高热量; 肯德基 避雷,,side; fried_chicken; composite; high_calorie,menu_only,2026-09-18,single_item,,鸡肉块数与拌酱份量决定总量,,
kfc-cn-xiang-tian-yu-mi-bei,肯德基,B,香甜玉米杯,sweet corn cup,缤纷小食,蒸甜玉米粒杯，减脂语境下最常被推荐的『薯条替换项』。CDC 有『甜玉米籽粒(肯德基)』per-100g 官方值。,1,杯(克重未官方公开),,,,,,11.5,,estimated_range,70,125,2.0,3.2,16.0,28.6,0.2,0.5,third_party_analysis,https://nlc.chinanutri.cn/fq/foodinfo/1257.html,甜玉米籽粒(肯德基) - 食物营养成分查询平台,2026-09-18,https://post.smzdm.com/p/a3rq7k6r/,数值基准 = per 100g 可食部（CDC 官方实验室分析）。中国食物成分表官方数据库（中国营养学会+中国CDC营养与健康所），实验室分析值，per 100g。平台明示：未经允许任何单位和个人不得用于商业目的 —— 商用前须取得授权。 CDC 样本为历史 SKU『甜玉米籽粒』，与当前菜单同名/对应 SKU 的配方可能存在代际差异；fiber 未检测（—），sugar 无该字段，故均留空。 区间下限来自第三方『一杯约70大卡/F0.5/P2/C16』（反推杯重约56g），上限为 CDC per-100g（即杯重100g假设）。,A,,肯德基 减脂; 肯德基 香甜玉米杯 热量; 香甜玉米杯 蛋白质; 肯德基 减脂点单; 肯德基 低卡,作为薯条的低卡替换,side; vegetable; low_calorie; diet_friendly; whole_grain,needs_estimation,2026-09-18,single_item,,杯装实际克重未官方公开，导致三源无法在同一基准对齐; 是否加糖/黄油未说明,CDC『甜玉米籽粒(肯德基)』per100g：125 kcal / P3.2 / F0.2 / C28.6 / Na11.5 | 小红书转载（小桃气🍑，经 smzdm，页面标注『内容由AI生成』）称一杯『约70大卡 / F0.5 / P2 / C16』 | 若杯为 100g 则相差 79%；若按 70 kcal 反推则杯重约 56g | 分歧本质是份量而非配方：CDC 为 per-100g，第三方为 per-杯但未标克重。约 56–60g 的杯重可使两源调和,保留 CDC per-100g 官方值（125 kcal / P3.2 / F0.2 / C28.6 / Na11.5mg）作为密度基准；份级按杯重 56–100g 给 estimated_range（约 70–125 kcal），不做点估计。杯重需实测确认。
kfc-cn-xiang-tian-su-mi-bang,肯德基,B,香甜粟米棒,sweet corn stick,缤纷小食,粟米棒，经典全家桶固定组成之一。,1,份,,,,,,,,unknown,,,,,,,,,official_menu,https://bk.taobao.com/k/xishikuaican_10241/,西式快餐百科索引（逐字引用肯德基 App『套餐类型』字段）+ 5iKFC 2026-09 券档 + 成都本地宝疯四页,2026-09-17,,仅有菜单事实（存在性/分类/组成），无任何营养数据。官方营养渠道被登录墙+签名反爬阻断，见品牌级 blocked_sources。,U,,肯德基 减脂; 肯德基 香甜粟米棒 热量; 香甜粟米棒 蛋白质,,side; vegetable; carb,menu_only,2026-09-18,single_item,,,,
kfc-cn-si-wei-xiao-shi-pin-pan,肯德基,B,四味小食拼盘,four-flavour snack platter,缤纷小食,四种小食组合拼盘。,1,份,,,,,,,,unknown,,,,,,,,,official_menu,https://bk.taobao.com/k/xishikuaican_10241/,西式快餐百科索引（逐字引用肯德基 App『套餐类型』字段）+ 5iKFC 2026-09 券档 + 成都本地宝疯四页,2026-09-17,,仅有菜单事实（存在性/分类/组成），无任何营养数据。官方营养渠道被登录墙+签名反爬阻断，见品牌级 blocked_sources。,U,,肯德基 减脂; 肯德基 四味小食拼盘 热量; 四味小食拼盘 蛋白质,,side; combo_platter; share_size,menu_only,2026-09-18,single_item,,四种小食的具体组成随档期变化,,
kfc-cn-wu-ke-dan-sha-la-cui-cui-chang-k-sa,肯德基,B,五颗蛋沙拉脆脆肠K萨,five-egg salad crispy sausage K-sa,缤纷小食,K萨系列蛋沙拉脆肠产品。,1,份,,,,,,,,unknown,,,,,,,,,official_menu,https://bk.taobao.com/k/xishikuaican_10241/,西式快餐百科索引（逐字引用肯德基 App『套餐类型』字段）+ 5iKFC 2026-09 券档 + 成都本地宝疯四页,2026-09-17,,仅有菜单事实（存在性/分类/组成），无任何营养数据。官方营养渠道被登录墙+签名反爬阻断，见品牌级 blocked_sources。,U,,肯德基 减脂; 肯德基 五颗蛋沙拉脆脆肠K萨 热量; 五颗蛋沙拉脆脆肠K萨 蛋白质; 肯德基 高热量; 肯德基 避雷,,side; egg; sausage; high_calorie,menu_only,2026-09-18,single_item,,,,
kfc-cn-pu-shi-dan-ta,肯德基,B,葡式蛋挞,Portuguese egg tart,甜品,肯德基中国标志性甜品，2026-09 疯四 8只 29.9元。fatsecret 同时存在 per-个 与 per-100g 两条不一致录入。,1,只(克重未官方确认),,,,,,,,estimated_range,196,255,2.5,3.3,14.5,18.9,14.3,18.6,third_party_analysis,https://www.fatsecret.cn/热量营养/肯德基/蛋挞/1个,蛋挞 - 肯德基 热量与营养 | fatsecret.cn,2026-09-18,https://www.fatsecret.cn/热量营养/肯德基/葡式蛋挞/100克,来源为 fatsecret.cn 众包平台（页面标注『源: fatsecret Platform API』），非肯德基官方，未披露测定或计算方法，因此不满足 B 级『明确方法』要求，定为 C 级。 原值为众包 point 值；按 SCHEMA §2 保留为 estimated_point 并附 ±12% min/max 区间，避免假精确。fatsecret 无钠/膳食纤维/糖字段，均留空。 注意：fatsecret『肯德基』桶混入港台条目（卡啦脆雞、原味蛋塔、紅藜燕麥嫩雞粥、義式香草紙包雞、薯條 等），本记录 蛋挞 已按简中品名判定为大陆条目。,C,,肯德基 减脂; 肯德基 葡式蛋挞 热量; 葡式蛋挞 蛋白质; 肯德基 高热量; 肯德基 避雷,,dessert; egg_tart; high_calorie; core_sku,needs_estimation,2026-09-18,single_item,,单只克重未官方公开（fatsecret per-个=196 kcal，per-100g=393 kcal，若按标准 65g/只 则为 255 kcal，三者互不一致）,fatsecret.cn『蛋挞 1个』：196 kcal / F14.3 / C14.5 / P2.5 | fatsecret.cn『葡式蛋挞 100克』：393 kcal / F28.6 / C29.0 / P5.0 | 按 100g 值折算，196 kcal 对应约 50g/只；肯德基葡式蛋挞常见规格约 60–65g/只（对应 236–255 kcal） | 众包条目的单只克重假设不同；也可能其一为迷你蛋挞,按 estimated_range 记录：单只约 196–255 kcal（对应 50–65g/只），脂肪 14.3–18.6g。不采用点估计。需实测单只克重裁定。
kfc-cn-hong-dou-pai,肯德基,B,红豆派,red bean pie,甜品,炸制红豆馅派，肯德基中国长期甜品（注：香芋派/菠萝派为麦当劳产品，非肯德基）。fatsecret 仅有 kcal，宏量字段在页面上全为 0（无效）。,1,份,,,,,,,,estimated_range,238,322,,,,,,,semantic_estimate,https://www.fatsecret.cn/热量营养/肯德基/红豆派/1份,肯德基减脂点单/搭配整理（smzdm 转载小红书）,2026-09-18,,仅有能量，无宏量 → protein/carbs/fat 全部留空（schema §2：一条 SKU 只用一个 nutrition_value_type，只有能量时宏量留空并在此说明）。 来源页面明确标注『内容由AI生成』，原作者为小红书博主，无称重/拆解方法描述 → D 级 semantic estimate，已按 ±15% 展开为 range。禁止用于精确计算。 fatsecret 该条宏量在页面上为 0克（无效），因此本 SKU 实质上为 kcal-only。,D,,肯德基 减脂; 肯德基 红豆派 热量; 红豆派 蛋白质; 肯德基 高热量; 肯德基 避雷,,dessert; fried; high_calorie,nutrition_missing,2026-09-18,single_item,,宏量数据缺失，仅有能量; 炸制用油吸收量不确定,,
kfc-cn-hong-dou-nai-huang-dan-ta,肯德基,B,红豆奶皇蛋挞,red bean custard egg tart,甜品,LTO：2026-09-08 中秋档期。,1,份,,,,,,,,unknown,,,,,,,,,official_menu,https://bk.taobao.com/k/xishikuaican_10241/,西式快餐百科索引（逐字引用肯德基 App『套餐类型』字段）+ 5iKFC 2026-09 券档 + 成都本地宝疯四页,2026-09-17,,仅有菜单事实（存在性/分类/组成），无任何营养数据。官方营养渠道被登录墙+签名反爬阻断，见品牌级 blocked_sources。,U,,肯德基 减脂; 肯德基 红豆奶皇蛋挞 热量; 红豆奶皇蛋挞 蛋白质,,dessert; egg_tart; lto; seasonal,menu_only,2026-09-18,single_item,,,,
kfc-cn-yuan-wei-bing-qi-lin-hua-tong,肯德基,B,原味冰淇淋花筒,vanilla soft-serve cone,甜品,原味软冰淇淋花筒。,1,个,150.0,4.5,27.0,4.5,,,,estimated_point,132.0,168.0,3.96,5.04,23.8,30.2,3.96,5.04,third_party_analysis,https://www.fatsecret.cn/热量营养/肯德基/甜筒/1个,甜筒 - 肯德基 热量与营养 | fatsecret.cn,2026-09-18,https://www.fatsecret.cn/热量营养/肯德基/脆皮甜筒/100克,来源为 fatsecret.cn 众包平台（页面标注『源: fatsecret Platform API』），非肯德基官方，未披露测定或计算方法，因此不满足 B 级『明确方法』要求，定为 C 级。 原值为众包 point 值；按 SCHEMA §2 保留为 estimated_point 并附 ±12% min/max 区间，避免假精确。fatsecret 无钠/膳食纤维/糖字段，均留空。 注意：fatsecret『肯德基』桶混入港台条目（卡啦脆雞、原味蛋塔、紅藜燕麥嫩雞粥、義式香草紙包雞、薯條 等），本记录 甜筒 已按简中品名判定为大陆条目。,C,,肯德基 减脂; 肯德基 原味冰淇淋花筒 热量; 原味冰淇淋花筒 蛋白质,,dessert; ice_cream,complete,2026-09-18,single_item,,花筒实际克重未官方公开,,
kfc-cn-qian-mu-mo-cha-hua-tong,肯德基,B,千目抹茶花筒,matcha soft-serve cone,甜品,千目抹茶风味软冰淇淋花筒，另有双旋版本。,1,份,,,,,,,,unknown,,,,,,,,,official_menu,https://bk.taobao.com/k/xishikuaican_10241/,西式快餐百科索引（逐字引用肯德基 App『套餐类型』字段）+ 5iKFC 2026-09 券档 + 成都本地宝疯四页,2026-09-17,,仅有菜单事实（存在性/分类/组成），无任何营养数据。官方营养渠道被登录墙+签名反爬阻断，见品牌级 blocked_sources。,U,,肯德基 减脂; 肯德基 千目抹茶花筒 热量; 千目抹茶花筒 蛋白质,,dessert; ice_cream; matcha,menu_only,2026-09-18,single_item,,,,
kfc-cn-yuan-wei-sheng-dai,肯德基,B,原味圣代,vanilla sundae,甜品,原味圣代。,1,份,,,,,,,,unknown,,,,,,,,,official_menu,https://bk.taobao.com/k/xishikuaican_10241/,西式快餐百科索引（逐字引用肯德基 App『套餐类型』字段）+ 5iKFC 2026-09 券档 + 成都本地宝疯四页,2026-09-17,,仅有菜单事实（存在性/分类/组成），无任何营养数据。官方营养渠道被登录墙+签名反爬阻断，见品牌级 blocked_sources。,U,,肯德基 减脂; 肯德基 原味圣代 热量; 原味圣代 蛋白质,,dessert; ice_cream,menu_only,2026-09-18,single_item,,,,
kfc-cn-jing-dian-cao-mei-sheng-dai,肯德基,B,经典草莓圣代,classic strawberry sundae,甜品,草莓酱圣代。,100,克,189.0,5.86,30.9,4.36,,,,estimated_point,166.3,211.7,5.16,6.56,27.2,34.6,3.84,4.88,third_party_analysis,https://www.fatsecret.cn/热量营养/肯德基/草莓圣代/100克,草莓圣代 - 肯德基 热量与营养 | fatsecret.cn,2026-09-18,,来源为 fatsecret.cn 众包平台（页面标注『源: fatsecret Platform API』），非肯德基官方，未披露测定或计算方法，因此不满足 B 级『明确方法』要求，定为 C 级。 原值为众包 point 值；按 SCHEMA §2 保留为 estimated_point 并附 ±12% min/max 区间，避免假精确。fatsecret 无钠/膳食纤维/糖字段，均留空。 注意：fatsecret『肯德基』桶混入港台条目（卡啦脆雞、原味蛋塔、紅藜燕麥嫩雞粥、義式香草紙包雞、薯條 等），本记录 草莓圣代 已按简中品名判定为大陆条目。,C,,肯德基 减脂; 肯德基 经典草莓圣代 热量; 经典草莓圣代 蛋白质,,dessert; ice_cream,complete,2026-09-18,single_item,,草莓酱份量,,
kfc-cn-qiao-ke-li-sheng-dai,肯德基,B,巧克力圣代,chocolate sundae,甜品,巧克力酱圣代；当前在售状态未在 2026 来源中直接确认。,100,克,222.0,6.43,33.8,6.43,,,,estimated_point,195.4,248.6,5.66,7.2,29.7,37.8,5.66,7.2,third_party_analysis,https://www.fatsecret.cn/热量营养/肯德基/巧克力圣代/100克,巧克力圣代 - 肯德基 热量与营养 | fatsecret.cn,2026-09-18,,来源为 fatsecret.cn 众包平台（页面标注『源: fatsecret Platform API』），非肯德基官方，未披露测定或计算方法，因此不满足 B 级『明确方法』要求，定为 C 级。 原值为众包 point 值；按 SCHEMA §2 保留为 estimated_point 并附 ±12% min/max 区间，避免假精确。fatsecret 无钠/膳食纤维/糖字段，均留空。 注意：fatsecret『肯德基』桶混入港台条目（卡啦脆雞、原味蛋塔、紅藜燕麥嫩雞粥、義式香草紙包雞、薯條 等），本记录 巧克力圣代 已按简中品名判定为大陆条目。,C,,肯德基 减脂; 肯德基 巧克力圣代 热量; 巧克力圣代 蛋白质,,dessert; ice_cream; uncertain_current,complete,2026-09-18,single_item,,,,
kfc-cn-hei-tang-zhen-zhu-sheng-dai,肯德基,B,黑糖珍珠圣代,brown sugar boba sundae,甜品,黑糖珍珠圣代，另有草莓黑糖珍珠版本。,1,份,,,,,,,,unknown,,,,,,,,,official_menu,https://bk.taobao.com/k/xishikuaican_10241/,西式快餐百科索引（逐字引用肯德基 App『套餐类型』字段）+ 5iKFC 2026-09 券档 + 成都本地宝疯四页,2026-09-17,,仅有菜单事实（存在性/分类/组成），无任何营养数据。官方营养渠道被登录墙+签名反爬阻断，见品牌级 blocked_sources。,U,,肯德基 减脂; 肯德基 黑糖珍珠圣代 热量; 黑糖珍珠圣代 蛋白质,,dessert; ice_cream; boba; high_sugar,menu_only,2026-09-18,single_item,,珍珠份量,,
kfc-cn-chao-nuo-nuo-ma-shu-sheng-dai,肯德基,B,超糯糯麻薯圣代,mochi sundae,甜品,麻薯圣代。,1,份,,,,,,,,unknown,,,,,,,,,official_menu,https://bk.taobao.com/k/xishikuaican_10241/,西式快餐百科索引（逐字引用肯德基 App『套餐类型』字段）+ 5iKFC 2026-09 券档 + 成都本地宝疯四页,2026-09-17,,仅有菜单事实（存在性/分类/组成），无任何营养数据。官方营养渠道被登录墙+签名反爬阻断，见品牌级 blocked_sources。,U,,肯德基 减脂; 肯德基 超糯糯麻薯圣代 热量; 超糯糯麻薯圣代 蛋白质,,dessert; ice_cream; mochi,menu_only,2026-09-18,single_item,,,,
kfc-cn-nong-nong-mo-cha-sheng-dai,肯德基,B,浓浓抹茶圣代,rich matcha sundae,甜品,抹茶圣代，另有千目抹茶/双旋版本。,1,份,,,,,,,,unknown,,,,,,,,,official_menu,https://bk.taobao.com/k/xishikuaican_10241/,西式快餐百科索引（逐字引用肯德基 App『套餐类型』字段）+ 5iKFC 2026-09 券档 + 成都本地宝疯四页,2026-09-17,,仅有菜单事实（存在性/分类/组成），无任何营养数据。官方营养渠道被登录墙+签名反爬阻断，见品牌级 blocked_sources。,U,,肯德基 减脂; 肯德基 浓浓抹茶圣代 热量; 浓浓抹茶圣代 蛋白质,,dessert; ice_cream; matcha,menu_only,2026-09-18,single_item,,,,
kfc-cn-xue-ding-ka-fei,肯德基,B,雪顶咖啡,coffee float with soft serve,甜品,冰咖啡上加软冰淇淋，兼具甜品与咖啡属性，长期在售。,100,毫升,97.0,3.9,11.5,3.73,,,,estimated_point,85.4,108.6,3.43,4.37,10.1,12.9,3.28,4.18,third_party_analysis,https://www.fatsecret.cn/热量营养/肯德基/雪顶咖啡/100毫升,雪顶咖啡 - 肯德基 热量与营养 | fatsecret.cn,2026-09-18,,来源为 fatsecret.cn 众包平台（页面标注『源: fatsecret Platform API』），非肯德基官方，未披露测定或计算方法，因此不满足 B 级『明确方法』要求，定为 C 级。 原值为众包 point 值；按 SCHEMA §2 保留为 estimated_point 并附 ±12% min/max 区间，避免假精确。fatsecret 无钠/膳食纤维/糖字段，均留空。 注意：fatsecret『肯德基』桶混入港台条目（卡啦脆雞、原味蛋塔、紅藜燕麥嫩雞粥、義式香草紙包雞、薯條 等），本记录 雪顶咖啡 已按简中品名判定为大陆条目。,C,,肯德基 减脂; 肯德基 雪顶咖啡 热量; 雪顶咖啡 蛋白质,,dessert; coffee; ice_cream; drink,complete,2026-09-18,single_item,,冰淇淋顶份量,,
kfc-cn-pi-dan-shou-rou-zhou,肯德基,B,皮蛋瘦肉粥,century egg & pork congee,早餐,早餐粥品，长期在售；减脂语境下常被作为低能量主食选项。,100,克,41.0,1.5,7.33,0.53,,,,estimated_point,36.1,45.9,1.32,1.68,6.45,8.21,0.47,0.59,third_party_analysis,https://www.fatsecret.cn/热量营养/肯德基/皮蛋瘦肉粥/100克,皮蛋瘦肉粥 - 肯德基 热量与营养 | fatsecret.cn,2026-09-18,,来源为 fatsecret.cn 众包平台（页面标注『源: fatsecret Platform API』），非肯德基官方，未披露测定或计算方法，因此不满足 B 级『明确方法』要求，定为 C 级。 原值为众包 point 值；按 SCHEMA §2 保留为 estimated_point 并附 ±12% min/max 区间，避免假精确。fatsecret 无钠/膳食纤维/糖字段，均留空。 注意：fatsecret『肯德基』桶混入港台条目（卡啦脆雞、原味蛋塔、紅藜燕麥嫩雞粥、義式香草紙包雞、薯條 等），本记录 皮蛋瘦肉粥 已按简中品名判定为大陆条目。,C,,肯德基 减脂; 肯德基 皮蛋瘦肉粥 热量; 皮蛋瘦肉粥 蛋白质; 肯德基 减脂点单; 肯德基 低卡; 肯德基 早餐 热量,,breakfast; congee; low_calorie; diet_friendly,complete,2026-09-18,single_item,,粥杯实际克重未官方公开，fatsecret 为 per-100g,,
kfc-cn-xiang-gu-ji-rou-zhou,肯德基,B,香菇鸡肉粥,mushroom chicken congee,早餐,早餐粥品。,100,克,38.0,1.3,6.7,0.7,,,,estimated_point,33.4,42.6,1.14,1.46,5.9,7.5,0.62,0.78,third_party_analysis,https://www.fatsecret.cn/热量营养/肯德基/香菇鸡肉粥/100克,香菇鸡肉粥 - 肯德基 热量与营养 | fatsecret.cn,2026-09-18,,来源为 fatsecret.cn 众包平台（页面标注『源: fatsecret Platform API』），非肯德基官方，未披露测定或计算方法，因此不满足 B 级『明确方法』要求，定为 C 级。 原值为众包 point 值；按 SCHEMA §2 保留为 estimated_point 并附 ±12% min/max 区间，避免假精确。fatsecret 无钠/膳食纤维/糖字段，均留空。 注意：fatsecret『肯德基』桶混入港台条目（卡啦脆雞、原味蛋塔、紅藜燕麥嫩雞粥、義式香草紙包雞、薯條 等），本记录 香菇鸡肉粥 已按简中品名判定为大陆条目。,C,,肯德基 减脂; 肯德基 香菇鸡肉粥 热量; 香菇鸡肉粥 蛋白质; 肯德基 早餐 热量,,breakfast; congee; low_calorie,complete,2026-09-18,single_item,,per-100g 基准，杯重未官方公开,,
kfc-cn-niu-rou-dan-hua-zhou,肯德基,B,牛肉蛋花粥,beef & egg-drop congee,早餐,早餐粥品。,100,克,46.0,2.4,7.1,0.8,,,,estimated_point,40.5,51.5,2.11,2.69,6.25,7.95,0.7,0.9,third_party_analysis,https://www.fatsecret.cn/热量营养/肯德基/牛肉蛋花粥/100克,牛肉蛋花粥 - 肯德基 热量与营养 | fatsecret.cn,2026-09-18,,来源为 fatsecret.cn 众包平台（页面标注『源: fatsecret Platform API』），非肯德基官方，未披露测定或计算方法，因此不满足 B 级『明确方法』要求，定为 C 级。 原值为众包 point 值；按 SCHEMA §2 保留为 estimated_point 并附 ±12% min/max 区间，避免假精确。fatsecret 无钠/膳食纤维/糖字段，均留空。 注意：fatsecret『肯德基』桶混入港台条目（卡啦脆雞、原味蛋塔、紅藜燕麥嫩雞粥、義式香草紙包雞、薯條 等），本记录 牛肉蛋花粥 已按简中品名判定为大陆条目。,C,,肯德基 减脂; 肯德基 牛肉蛋花粥 热量; 牛肉蛋花粥 蛋白质; 肯德基 早餐 热量,,breakfast; congee; low_calorie,complete,2026-09-18,single_item,,per-100g 基准，杯重未官方公开,,
kfc-cn-xue-cai-sun-ding-ji-rou-zhou,肯德基,B,雪菜笋丁鸡肉粥,pickled greens & bamboo chicken congee,早餐,2026 新推早餐粥。,1,份,,,,,,,,unknown,,,,,,,,,official_menu,https://bk.taobao.com/k/xishikuaican_10241/,西式快餐百科索引（逐字引用肯德基 App『套餐类型』字段）+ 5iKFC 2026-09 券档 + 成都本地宝疯四页,2026-09-17,,仅有菜单事实（存在性/分类/组成），无任何营养数据。官方营养渠道被登录墙+签名反爬阻断，见品牌级 blocked_sources。 MERCHANT_CLAIM 处理：『轻负担（营销口径）』仅为商家营销标签，已记入 merchant_claims 字段，未用于推导、调整或验证任何营养数值（schema 核心原则2）。,U,轻负担（营销口径）,肯德基 减脂; 肯德基 雪菜笋丁鸡肉粥 热量; 雪菜笋丁鸡肉粥 蛋白质; 肯德基 早餐 热量,,breakfast; congee; new_2026,menu_only,2026-09-18,single_item,,『轻负担』为营销标签，无官方营养数据支撑，禁止据此填数值,,
kfc-cn-jin-tang-chong-cao-hua-ji-huang-zhou,肯德基,B,金汤虫草花鸡煌粥,golden broth cordyceps-flower chicken congee,早餐,早餐粥品。,1,份,,,,,,,,unknown,,,,,,,,,official_menu,https://bk.taobao.com/k/xishikuaican_10241/,西式快餐百科索引（逐字引用肯德基 App『套餐类型』字段）+ 5iKFC 2026-09 券档 + 成都本地宝疯四页,2026-09-17,,仅有菜单事实（存在性/分类/组成），无任何营养数据。官方营养渠道被登录墙+签名反爬阻断，见品牌级 blocked_sources。,U,,肯德基 减脂; 肯德基 金汤虫草花鸡煌粥 热量; 金汤虫草花鸡煌粥 蛋白质; 肯德基 早餐 热量,,breakfast; congee,menu_only,2026-09-18,single_item,,,,
kfc-cn-sheng-gun-niu-rou-zhou,肯德基,B,生滚牛肉粥,freshly-cooked beef congee,早餐,早餐粥品。,1,份,,,,,,,,unknown,,,,,,,,,official_menu,https://bk.taobao.com/k/xishikuaican_10241/,西式快餐百科索引（逐字引用肯德基 App『套餐类型』字段）+ 5iKFC 2026-09 券档 + 成都本地宝疯四页,2026-09-17,,仅有菜单事实（存在性/分类/组成），无任何营养数据。官方营养渠道被登录墙+签名反爬阻断，见品牌级 blocked_sources。,U,,肯德基 减脂; 肯德基 生滚牛肉粥 热量; 生滚牛肉粥 蛋白质; 肯德基 早餐 热量,,breakfast; congee; beef,menu_only,2026-09-18,single_item,,,,
kfc-cn-zhi-shi-ji-rou-pa-ni-ni,肯德基,B,芝士鸡肉帕尼尼,cheese chicken panini,早餐,早餐帕尼尼，另有独立 SKU『帕尼尼轻盈版』。,100,克,193.0,11.1,26.6,4.5,,,,estimated_point,169.8,216.2,9.8,12.4,23.4,29.8,3.96,5.04,third_party_analysis,https://www.fatsecret.cn/热量营养/肯德基/芝士鸡肉帕尼尼/100克,芝士鸡肉帕尼尼 - 肯德基 热量与营养 | fatsecret.cn,2026-09-18,,来源为 fatsecret.cn 众包平台（页面标注『源: fatsecret Platform API』），非肯德基官方，未披露测定或计算方法，因此不满足 B 级『明确方法』要求，定为 C 级。 原值为众包 point 值；按 SCHEMA §2 保留为 estimated_point 并附 ±12% min/max 区间，避免假精确。fatsecret 无钠/膳食纤维/糖字段，均留空。 注意：fatsecret『肯德基』桶混入港台条目（卡啦脆雞、原味蛋塔、紅藜燕麥嫩雞粥、義式香草紙包雞、薯條 等），本记录 芝士鸡肉帕尼尼 已按简中品名判定为大陆条目。,C,,肯德基 减脂; 肯德基 芝士鸡肉帕尼尼 热量; 芝士鸡肉帕尼尼 蛋白质; 肯德基 早餐 热量,,breakfast; panini; high_protein,complete,2026-09-18,single_item,,per-100g 基准，单份克重未官方公开,,
kfc-cn-pa-ni-ni-qing-ying-ban,肯德基,B,帕尼尼轻盈版,panini light version,早餐,帕尼尼轻盈版（fatsecret 报 1份120g = 293 kcal）。『轻盈』属商家营销标签，不得当作营养事实。,1,份(120克),293.0,15.7,26.8,13.1,,,,estimated_point,257.8,328.2,13.8,17.6,23.6,30.0,11.5,14.7,third_party_analysis,https://www.fatsecret.cn/热量营养/肯德基/帕尼尼轻盈版/1份,帕尼尼轻盈版 - 肯德基 热量与营养 | fatsecret.cn,2026-09-18,,来源为 fatsecret.cn 众包平台（页面标注『源: fatsecret Platform API』），非肯德基官方，未披露测定或计算方法，因此不满足 B 级『明确方法』要求，定为 C 级。 原值为众包 point 值；按 SCHEMA §2 保留为 estimated_point 并附 ±12% min/max 区间，避免假精确。fatsecret 无钠/膳食纤维/糖字段，均留空。 注意：fatsecret『肯德基』桶混入港台条目（卡啦脆雞、原味蛋塔、紅藜燕麥嫩雞粥、義式香草紙包雞、薯條 等），本记录 帕尼尼轻盈版 已按简中品名判定为大陆条目。 MERCHANT_CLAIM 处理：『轻盈、低负担』仅为商家营销标签，已记入 merchant_claims 字段，未用于推导、调整或验证任何营养数值（schema 核心原则2）。,C,轻盈; 低负担,肯德基 减脂; 肯德基 帕尼尼轻盈版 热量; 帕尼尼轻盈版 蛋白质; 肯德基 早餐 热量,选轻盈版替代标准帕尼尼,breakfast; panini; high_protein,complete,2026-09-18,single_item,,『轻盈版』与标准版的配方差异未经官方营养表公开，二者不可互相推算,,
kfc-cn-zhi-shi-zhu-liu-dan-pa-ni-ni,肯德基,B,芝士猪柳蛋帕尼尼,cheese pork & egg panini,早餐,早餐帕尼尼，猪肉饼+蛋+芝士，能量密度较高。,1,份(158克),443.0,18.0,23.0,31.0,,,,estimated_point,389.8,496.2,15.8,20.2,20.2,25.8,27.3,34.7,third_party_analysis,https://www.fatsecret.cn/热量营养/肯德基/芝士猪柳蛋帕尼尼/1份,芝士猪柳蛋帕尼尼 - 肯德基 热量与营养 | fatsecret.cn,2026-09-18,,来源为 fatsecret.cn 众包平台（页面标注『源: fatsecret Platform API』），非肯德基官方，未披露测定或计算方法，因此不满足 B 级『明确方法』要求，定为 C 级。 原值为众包 point 值；按 SCHEMA §2 保留为 estimated_point 并附 ±12% min/max 区间，避免假精确。fatsecret 无钠/膳食纤维/糖字段，均留空。 注意：fatsecret『肯德基』桶混入港台条目（卡啦脆雞、原味蛋塔、紅藜燕麥嫩雞粥、義式香草紙包雞、薯條 等），本记录 芝士猪柳蛋帕尼尼 已按简中品名判定为大陆条目。,C,,肯德基 减脂; 肯德基 芝士猪柳蛋帕尼尼 热量; 芝士猪柳蛋帕尼尼 蛋白质; 肯德基 高热量; 肯德基 避雷; 肯德基 早餐 热量,,breakfast; panini; pork; high_calorie,complete,2026-09-18,single_item,,,,
kfc-cn-zhi-shi-hou-dan-shao-pa-ni-ni,肯德基,B,芝士厚蛋烧帕尼尼,cheese thick-omelette panini,早餐,早餐帕尼尼。,1,份,,,,,,,,unknown,,,,,,,,,official_menu,https://bk.taobao.com/k/xishikuaican_10241/,西式快餐百科索引（逐字引用肯德基 App『套餐类型』字段）+ 5iKFC 2026-09 券档 + 成都本地宝疯四页,2026-09-17,,仅有菜单事实（存在性/分类/组成），无任何营养数据。官方营养渠道被登录墙+签名反爬阻断，见品牌级 blocked_sources。,U,,肯德基 减脂; 肯德基 芝士厚蛋烧帕尼尼 热量; 芝士厚蛋烧帕尼尼 蛋白质; 肯德基 早餐 热量,,breakfast; panini; egg,menu_only,2026-09-18,single_item,,,,
kfc-cn-zhi-shi-niu-rou-dan-pa-ni-ni,肯德基,B,芝士牛肉蛋帕尼尼,cheese beef & egg panini,早餐,早餐帕尼尼。,1,份,,,,,,,,unknown,,,,,,,,,official_menu,https://bk.taobao.com/k/xishikuaican_10241/,西式快餐百科索引（逐字引用肯德基 App『套餐类型』字段）+ 5iKFC 2026-09 券档 + 成都本地宝疯四页,2026-09-17,,仅有菜单事实（存在性/分类/组成），无任何营养数据。官方营养渠道被登录墙+签名反爬阻断，见品牌级 blocked_sources。,U,,肯德基 减脂; 肯德基 芝士牛肉蛋帕尼尼 热量; 芝士牛肉蛋帕尼尼 蛋白质; 肯德基 早餐 热量,,breakfast; panini; beef,menu_only,2026-09-18,single_item,,,,
kfc-cn-luo-le-qing-jiang-nen-ji-pa-ni-ni,肯德基,B,罗勒青酱嫩鸡帕尼尼,basil pesto chicken panini,早餐,2026 新品早餐帕尼尼。,1,份,,,,,,,,unknown,,,,,,,,,official_menu,https://bk.taobao.com/k/xishikuaican_10241/,西式快餐百科索引（逐字引用肯德基 App『套餐类型』字段）+ 5iKFC 2026-09 券档 + 成都本地宝疯四页,2026-09-17,,仅有菜单事实（存在性/分类/组成），无任何营养数据。官方营养渠道被登录墙+签名反爬阻断，见品牌级 blocked_sources。,U,,肯德基 减脂; 肯德基 罗勒青酱嫩鸡帕尼尼 热量; 罗勒青酱嫩鸡帕尼尼 蛋白质; 肯德基 早餐 热量,,breakfast; panini; new_2026,menu_only,2026-09-18,single_item,,,,
kfc-cn-huo-tui-dan-bao,肯德基,B,火腿蛋堡,ham & egg burger,早餐,早餐汉堡。,1,份,257.0,13.7,27.0,10.1,,,,estimated_point,226.2,287.8,12.1,15.3,23.8,30.2,8.9,11.3,third_party_analysis,https://www.fatsecret.cn/热量营养/肯德基/火腿蛋堡/1份,火腿蛋堡 - 肯德基 热量与营养 | fatsecret.cn,2026-09-18,,来源为 fatsecret.cn 众包平台（页面标注『源: fatsecret Platform API』），非肯德基官方，未披露测定或计算方法，因此不满足 B 级『明确方法』要求，定为 C 级。 原值为众包 point 值；按 SCHEMA §2 保留为 estimated_point 并附 ±12% min/max 区间，避免假精确。fatsecret 无钠/膳食纤维/糖字段，均留空。 注意：fatsecret『肯德基』桶混入港台条目（卡啦脆雞、原味蛋塔、紅藜燕麥嫩雞粥、義式香草紙包雞、薯條 等），本记录 火腿蛋堡 已按简中品名判定为大陆条目。,C,,肯德基 减脂; 肯德基 火腿蛋堡 热量; 火腿蛋堡 蛋白质; 肯德基 早餐 热量,,breakfast; burger; egg,complete,2026-09-18,single_item,,,,
kfc-cn-zhi-shi-zhu-liu-dan-bao,肯德基,B,芝士猪柳蛋堡,cheese pork & egg burger,早餐,早餐堡，fatsecret 报 1个(300克) = 414 kcal，属大份量早餐项。,1,个(300克),414.0,19.3,24.1,26.4,,,,estimated_point,364.3,463.7,17.0,21.6,21.2,27.0,23.2,29.6,third_party_analysis,https://www.fatsecret.cn/热量营养/肯德基/芝士猪柳蛋堡/1个,芝士猪柳蛋堡 - 肯德基 热量与营养 | fatsecret.cn,2026-09-18,,来源为 fatsecret.cn 众包平台（页面标注『源: fatsecret Platform API』），非肯德基官方，未披露测定或计算方法，因此不满足 B 级『明确方法』要求，定为 C 级。 原值为众包 point 值；按 SCHEMA §2 保留为 estimated_point 并附 ±12% min/max 区间，避免假精确。fatsecret 无钠/膳食纤维/糖字段，均留空。 注意：fatsecret『肯德基』桶混入港台条目（卡啦脆雞、原味蛋塔、紅藜燕麥嫩雞粥、義式香草紙包雞、薯條 等），本记录 芝士猪柳蛋堡 已按简中品名判定为大陆条目。,C,,肯德基 减脂; 肯德基 芝士猪柳蛋堡 热量; 芝士猪柳蛋堡 蛋白质; 肯德基 早餐 热量,,breakfast; burger; pork; large_portion,complete,2026-09-18,single_item,,300g 的份量为众包标注，未经官方确认,,
kfc-cn-rou-su-you-tiao-fan-tuan,肯德基,B,肉酥油条饭团,pork floss & youtiao rice ball,早餐,早餐饭团，另有培根蛋/金沙咸蛋黄/酱拌金枪鱼等变体。,1,份,,,,,,,,unknown,,,,,,,,,official_menu,https://bk.taobao.com/k/xishikuaican_10241/,西式快餐百科索引（逐字引用肯德基 App『套餐类型』字段）+ 5iKFC 2026-09 券档 + 成都本地宝疯四页,2026-09-17,,仅有菜单事实（存在性/分类/组成），无任何营养数据。官方营养渠道被登录墙+签名反爬阻断，见品牌级 blocked_sources。,U,,肯德基 减脂; 肯德基 肉酥油条饭团 热量; 肉酥油条饭团 蛋白质; 肯德基 早餐 热量,,breakfast; rice_ball; carb,menu_only,2026-09-18,single_item,,,,
kfc-cn-da-bing-juan-xiang-kao-ji-pa-dan,肯德基,B,大饼卷香烤鸡扒蛋,flatbread wrap with grilled chicken & egg,早餐,早餐大饼卷系列。,1,份,,,,,,,,unknown,,,,,,,,,official_menu,https://bk.taobao.com/k/xishikuaican_10241/,西式快餐百科索引（逐字引用肯德基 App『套餐类型』字段）+ 5iKFC 2026-09 券档 + 成都本地宝疯四页,2026-09-17,,仅有菜单事实（存在性/分类/组成），无任何营养数据。官方营养渠道被登录墙+签名反爬阻断，见品牌级 blocked_sources。,U,,肯德基 减脂; 肯德基 大饼卷香烤鸡扒蛋 热量; 大饼卷香烤鸡扒蛋 蛋白质; 肯德基 早餐 热量,,breakfast; wrap; chicken; egg,menu_only,2026-09-18,single_item,,,,
kfc-cn-hei-jiao-niu-rou-dan-da-bing-juan,肯德基,B,黑椒牛肉蛋大饼卷,black pepper beef & egg flatbread wrap,早餐,早餐大饼卷系列。,1,份,,,,,,,,unknown,,,,,,,,,official_menu,https://bk.taobao.com/k/xishikuaican_10241/,西式快餐百科索引（逐字引用肯德基 App『套餐类型』字段）+ 5iKFC 2026-09 券档 + 成都本地宝疯四页,2026-09-17,,仅有菜单事实（存在性/分类/组成），无任何营养数据。官方营养渠道被登录墙+签名反爬阻断，见品牌级 blocked_sources。,U,,肯德基 减脂; 肯德基 黑椒牛肉蛋大饼卷 热量; 黑椒牛肉蛋大饼卷 蛋白质; 肯德基 早餐 热量,,breakfast; wrap; beef; egg,menu_only,2026-09-18,single_item,,,,
kfc-cn-k-ji-fa-mian-xiao-long-bao,肯德基,B,K记发面小笼包（5只）,KFC steamed buns (5 pcs),早餐,发面小笼包，虾肉/猪肉两种口味。曾被 smzdm(2025-06) 称下架，但 2026-06 官方券『K记小笼包8折』证明其重新在售。,1,份,,,,,,,,unknown,,,,,,,,,official_menu,https://bk.taobao.com/k/xishikuaican_10241/,西式快餐百科索引（逐字引用肯德基 App『套餐类型』字段）+ 5iKFC 2026-09 券档 + 成都本地宝疯四页,2026-09-17,,仅有菜单事实（存在性/分类/组成），无任何营养数据。官方营养渠道被登录墙+签名反爬阻断，见品牌级 blocked_sources。,U,,肯德基 减脂; 肯德基 K记发面小笼包（5只） 热量; K记发面小笼包（5只） 蛋白质; 肯德基 早餐 热量,,breakfast; steamed_bun; dim_sum; conflicting_availability,menu_only,2026-09-18,single_item,,,smzdm 早餐价目表（2025-06）称小笼包下架、由金汤虫草花鸡煌粥替代 | 5iKFC 2026-06 官方券『K记小笼包8折』 | 下架 vs 在售 | 区域性/临时性缺货，或 2026 年重新上架；smzdm 的观察不具全国代表性,判定为当前在售（以较新的 2026-06 官方券为准），但保留冲突记录。
kfc-cn-an-xin-da-you-tiao,肯德基,B,安心大油条,large youtiao (fried dough stick),早餐,早餐大油条，油炸面食，能量密度高。fatsecret 为 per-100g。,100,克,386.0,6.9,51.0,17.6,,,,estimated_point,339.7,432.3,6.07,7.73,44.9,57.1,15.5,19.7,third_party_analysis,https://www.fatsecret.cn/热量营养/肯德基/油条/100克,油条 - 肯德基 热量与营养 | fatsecret.cn,2026-09-18,,来源为 fatsecret.cn 众包平台（页面标注『源: fatsecret Platform API』），非肯德基官方，未披露测定或计算方法，因此不满足 B 级『明确方法』要求，定为 C 级。 原值为众包 point 值；按 SCHEMA §2 保留为 estimated_point 并附 ±12% min/max 区间，避免假精确。fatsecret 无钠/膳食纤维/糖字段，均留空。 注意：fatsecret『肯德基』桶混入港台条目（卡啦脆雞、原味蛋塔、紅藜燕麥嫩雞粥、義式香草紙包雞、薯條 等），本记录 油条 已按简中品名判定为大陆条目。,C,,肯德基 减脂; 肯德基 安心大油条 热量; 安心大油条 蛋白质; 肯德基 高热量; 肯德基 避雷; 肯德基 早餐 热量,,breakfast; fried; carb; high_calorie,complete,2026-09-18,single_item,,单根克重未官方公开,,
kfc-cn-xiang-cui-shu-bing,肯德基,B,香脆薯饼,crispy hash brown,早餐,早餐薯饼。,1,份,,,,,,,,unknown,,,,,,,,,official_menu,https://bk.taobao.com/k/xishikuaican_10241/,西式快餐百科索引（逐字引用肯德基 App『套餐类型』字段）+ 5iKFC 2026-09 券档 + 成都本地宝疯四页,2026-09-17,,仅有菜单事实（存在性/分类/组成），无任何营养数据。官方营养渠道被登录墙+签名反爬阻断，见品牌级 blocked_sources。,U,,肯德基 减脂; 肯德基 香脆薯饼 热量; 香脆薯饼 蛋白质; 肯德基 早餐 热量,,breakfast; fried; carb,needs_estimation,2026-09-18,single_item,,单块克重未官方公开；可参照薯条 CDC 密度做 component estimate,,
kfc-cn-cha-ye-dan,肯德基,B,茶叶蛋,tea egg,早餐,卤茶叶蛋，高蛋白低能量早餐选项。,1,份,,,,,,,,unknown,,,,,,,,,official_menu,https://bk.taobao.com/k/xishikuaican_10241/,西式快餐百科索引（逐字引用肯德基 App『套餐类型』字段）+ 5iKFC 2026-09 券档 + 成都本地宝疯四页,2026-09-17,,仅有菜单事实（存在性/分类/组成），无任何营养数据。官方营养渠道被登录墙+签名反爬阻断，见品牌级 blocked_sources。,U,,肯德基 减脂; 肯德基 茶叶蛋 热量; 茶叶蛋 蛋白质; 肯德基 减脂点单; 肯德基 低卡; 肯德基 早餐 热量,,breakfast; egg; high_protein; low_calorie; diet_friendly,needs_estimation,2026-09-18,single_item,,单只克重（通常约 50g）未官方确认,,
kfc-cn-tai-yang-dan,肯德基,B,太阳蛋,sunny-side-up egg,早餐,早餐煎蛋。,1,份,,,,,,,,unknown,,,,,,,,,official_menu,https://bk.taobao.com/k/xishikuaican_10241/,西式快餐百科索引（逐字引用肯德基 App『套餐类型』字段）+ 5iKFC 2026-09 券档 + 成都本地宝疯四页,2026-09-17,,仅有菜单事实（存在性/分类/组成），无任何营养数据。官方营养渠道被登录墙+签名反爬阻断，见品牌级 blocked_sources。,U,,肯德基 减脂; 肯德基 太阳蛋 热量; 太阳蛋 蛋白质; 肯德基 早餐 热量,,breakfast; egg; high_protein,needs_estimation,2026-09-18,single_item,,煎制用油量,,
kfc-cn-hou-dan-shao,肯德基,B,厚蛋烧,thick omelette (tamagoyaki),早餐,日式厚蛋烧。,1,份,,,,,,,,unknown,,,,,,,,,official_menu,https://bk.taobao.com/k/xishikuaican_10241/,西式快餐百科索引（逐字引用肯德基 App『套餐类型』字段）+ 5iKFC 2026-09 券档 + 成都本地宝疯四页,2026-09-17,,仅有菜单事实（存在性/分类/组成），无任何营养数据。官方营养渠道被登录墙+签名反爬阻断，见品牌级 blocked_sources。,U,,肯德基 减脂; 肯德基 厚蛋烧 热量; 厚蛋烧 蛋白质; 肯德基 早餐 热量,,breakfast; egg; high_protein,needs_estimation,2026-09-18,single_item,,是否加糖/用油,,
kfc-cn-xun-ji-fa-feng-shao-bing,肯德基,B,熏鸡法风烧饼,smoked chicken French-style biscuit,早餐,法风烧饼夹熏鸡，另有培根蛋法风烧饼。fatsecret 为 per-100g。,100,克,355.0,12.3,19.8,24.9,,,,estimated_point,312.4,397.6,10.9,13.8,17.4,22.1,21.9,27.9,third_party_analysis,https://www.fatsecret.cn/热量营养/肯德基/法风烧饼/100克,法风烧饼 - 肯德基 热量与营养 | fatsecret.cn,2026-09-18,,来源为 fatsecret.cn 众包平台（页面标注『源: fatsecret Platform API』），非肯德基官方，未披露测定或计算方法，因此不满足 B 级『明确方法』要求，定为 C 级。 原值为众包 point 值；按 SCHEMA §2 保留为 estimated_point 并附 ±12% min/max 区间，避免假精确。fatsecret 无钠/膳食纤维/糖字段，均留空。 注意：fatsecret『肯德基』桶混入港台条目（卡啦脆雞、原味蛋塔、紅藜燕麥嫩雞粥、義式香草紙包雞、薯條 等），本记录 法风烧饼 已按简中品名判定为大陆条目。,C,,肯德基 减脂; 肯德基 熏鸡法风烧饼 热量; 熏鸡法风烧饼 蛋白质; 肯德基 早餐 热量,,breakfast; biscuit; chicken; high_fat,complete,2026-09-18,single_item,,烧饼单份克重未官方公开；酥皮脂肪含量高,,
kfc-cn-hu-luo-bo-hua-sheng-yun-duo-tu-si,肯德基,B,乳酪花生云朵吐司,cheese peanut cloud toast,早餐,早餐吐司系列（另有滑蛋乳酪云朵吐司、花生云朵汤吐司）。,1,份,,,,,,,,unknown,,,,,,,,,official_menu,https://bk.taobao.com/k/xishikuaican_10241/,西式快餐百科索引（逐字引用肯德基 App『套餐类型』字段）+ 5iKFC 2026-09 券档 + 成都本地宝疯四页,2026-09-17,,仅有菜单事实（存在性/分类/组成），无任何营养数据。官方营养渠道被登录墙+签名反爬阻断，见品牌级 blocked_sources。,U,,肯德基 减脂; 肯德基 乳酪花生云朵吐司 热量; 乳酪花生云朵吐司 蛋白质; 肯德基 早餐 热量,,breakfast; toast; carb,menu_only,2026-09-18,single_item,,,,
kfc-cn-xiang-kao-su-pi-niu-rou-xian-bing,肯德基,B,香烤酥皮牛肉馅饼,baked flaky beef pie,早餐,2026 新品早餐馅饼。,1,份,,,,,,,,unknown,,,,,,,,,official_menu,https://bk.taobao.com/k/xishikuaican_10241/,西式快餐百科索引（逐字引用肯德基 App『套餐类型』字段）+ 5iKFC 2026-09 券档 + 成都本地宝疯四页,2026-09-17,,仅有菜单事实（存在性/分类/组成），无任何营养数据。官方营养渠道被登录墙+签名反爬阻断，见品牌级 blocked_sources。,U,,肯德基 减脂; 肯德基 香烤酥皮牛肉馅饼 热量; 香烤酥皮牛肉馅饼 蛋白质; 肯德基 早餐 热量,,breakfast; pie; beef; new_2026,menu_only,2026-09-18,single_item,,,,
kfc-cn-re-dou-jiang,肯德基,B,热豆浆,hot soy milk,早餐,热豆浆（可换冰）。fatsecret 为 per-100ml，杯量未官方公开。,100,毫升,49.0,2.16,7.44,1.2,,,,estimated_point,43.1,54.9,1.9,2.42,6.55,8.33,1.06,1.34,third_party_analysis,https://www.fatsecret.cn/热量营养/肯德基/豆浆/100毫升,豆浆 - 肯德基 热量与营养 | fatsecret.cn,2026-09-18,,来源为 fatsecret.cn 众包平台（页面标注『源: fatsecret Platform API』），非肯德基官方，未披露测定或计算方法，因此不满足 B 级『明确方法』要求，定为 C 级。 原值为众包 point 值；按 SCHEMA §2 保留为 estimated_point 并附 ±12% min/max 区间，避免假精确。fatsecret 无钠/膳食纤维/糖字段，均留空。 注意：fatsecret『肯德基』桶混入港台条目（卡啦脆雞、原味蛋塔、紅藜燕麥嫩雞粥、義式香草紙包雞、薯條 等），本记录 豆浆 已按简中品名判定为大陆条目。,C,,肯德基 减脂; 肯德基 热豆浆 热量; 热豆浆 蛋白质; 肯德基 早餐 热量,,breakfast; drink; soy; low_calorie,complete,2026-09-18,single_item,,是否加糖未标注；杯量（常见 300–350ml）未官方公开,,
kfc-cn-re-niu-nai,肯德基,B,热牛奶,hot milk,早餐,早餐热牛奶。,1,份,,,,,,,,unknown,,,,,,,,,official_menu,https://bk.taobao.com/k/xishikuaican_10241/,西式快餐百科索引（逐字引用肯德基 App『套餐类型』字段）+ 5iKFC 2026-09 券档 + 成都本地宝疯四页,2026-09-17,,仅有菜单事实（存在性/分类/组成），无任何营养数据。官方营养渠道被登录墙+签名反爬阻断，见品牌级 blocked_sources。,U,,肯德基 减脂; 肯德基 热牛奶 热量; 热牛奶 蛋白质; 肯德基 早餐 热量,,breakfast; drink; dairy,needs_estimation,2026-09-18,single_item,,杯量未官方公开,,
kfc-cn-shun-zhi-yuan-wei-ji-men-ban-fan,肯德基,B,吮指原味鸡焖拌饭,original recipe chicken braised rice,K记饭桶,K记饭桶系列，原味鸡+焖拌饭，另有泡菜版。,1,份,,,,,,,,unknown,,,,,,,,,official_menu,https://bk.taobao.com/k/xishikuaican_10241/,西式快餐百科索引（逐字引用肯德基 App『套餐类型』字段）+ 5iKFC 2026-09 券档 + 成都本地宝疯四页,2026-09-17,,仅有菜单事实（存在性/分类/组成），无任何营养数据。官方营养渠道被登录墙+签名反爬阻断，见品牌级 blocked_sources。,U,,肯德基 减脂; 肯德基 吮指原味鸡焖拌饭 热量; 吮指原味鸡焖拌饭 蛋白质; 肯德基 高热量; 肯德基 避雷,,rice; fried_chicken; high_calorie,menu_only,2026-09-18,single_item,,米饭实际份量; 拌酱份量; 原味鸡块数,,
kfc-cn-zha-ji-men-ban-fan,肯德基,B,炸鸡焖拌饭,fried chicken braised rice,K记饭桶,K记饭桶系列。,1,份,,,,,,,,unknown,,,,,,,,,official_menu,https://bk.taobao.com/k/xishikuaican_10241/,西式快餐百科索引（逐字引用肯德基 App『套餐类型』字段）+ 5iKFC 2026-09 券档 + 成都本地宝疯四页,2026-09-17,,仅有菜单事实（存在性/分类/组成），无任何营养数据。官方营养渠道被登录墙+签名反爬阻断，见品牌级 blocked_sources。,U,,肯德基 减脂; 肯德基 炸鸡焖拌饭 热量; 炸鸡焖拌饭 蛋白质; 肯德基 高热量; 肯德基 避雷,,rice; fried_chicken; high_calorie,menu_only,2026-09-18,single_item,,米饭份量; 拌酱份量,,
kfc-cn-gang-shi-shao-wei-cui-pi-da-ji-tui-fan,肯德基,B,港式烧味脆皮大鸡腿饭,HK-style roast crispy chicken thigh rice,K记饭桶,脆皮大鸡腿配饭。,1,份,,,,,,,,unknown,,,,,,,,,official_menu,https://bk.taobao.com/k/xishikuaican_10241/,西式快餐百科索引（逐字引用肯德基 App『套餐类型』字段）+ 5iKFC 2026-09 券档 + 成都本地宝疯四页,2026-09-17,,仅有菜单事实（存在性/分类/组成），无任何营养数据。官方营养渠道被登录墙+签名反爬阻断，见品牌级 blocked_sources。,U,,肯德基 减脂; 肯德基 港式烧味脆皮大鸡腿饭 热量; 港式烧味脆皮大鸡腿饭 蛋白质; 肯德基 高热量; 肯德基 避雷,,rice; chicken; high_calorie,menu_only,2026-09-18,single_item,,米饭份量; 烧味酱汁,,
kfc-cn-lv-dou-yi-ren-qing-yang-zhou,肯德基,B,绿豆薏仁轻养粥（常温版）,mung bean & job's tears congee,K记饭桶,2026 年在售的常温轻养粥（2026-07 券 + 2026-09-11 报道）。,1,份,,,,,,,,unknown,,,,,,,,,official_menu,https://bk.taobao.com/k/xishikuaican_10241/,西式快餐百科索引（逐字引用肯德基 App『套餐类型』字段）+ 5iKFC 2026-09 券档 + 成都本地宝疯四页,2026-09-17,,仅有菜单事实（存在性/分类/组成），无任何营养数据。官方营养渠道被登录墙+签名反爬阻断，见品牌级 blocked_sources。 MERCHANT_CLAIM 处理：『轻养（营销标签）』仅为商家营销标签，已记入 merchant_claims 字段，未用于推导、调整或验证任何营养数值（schema 核心原则2）。,U,轻养（营销标签）,肯德基 减脂; 肯德基 绿豆薏仁轻养粥（常温版） 热量; 绿豆薏仁轻养粥（常温版） 蛋白质,,congee; vegetarian; low_calorie,menu_only,2026-09-18,single_item,,『轻养』为营销标签，无官方营养数据；杯重未公开,,
kfc-cn-hai-tai-yan-shao-da-ji-tui-fan,肯德基,B,海苔岩烧大鸡腿饭,nori-seared chicken thigh rice,K记饭桶,鸡腿饭系列。,1,份,,,,,,,,unknown,,,,,,,,,official_menu,https://bk.taobao.com/k/xishikuaican_10241/,西式快餐百科索引（逐字引用肯德基 App『套餐类型』字段）+ 5iKFC 2026-09 券档 + 成都本地宝疯四页,2026-09-17,,仅有菜单事实（存在性/分类/组成），无任何营养数据。官方营养渠道被登录墙+签名反爬阻断，见品牌级 blocked_sources。,U,,肯德基 减脂; 肯德基 海苔岩烧大鸡腿饭 热量; 海苔岩烧大鸡腿饭 蛋白质,,rice; chicken,menu_only,2026-09-18,single_item,,米饭份量; 酱汁,,
kfc-cn-xin-orlean-kao-ji-tui-fan,肯德基,B,新奥尔良烤鸡腿饭,New Orleans grilled chicken thigh rice,K记饭桶,烤鸡腿+饭，非油炸，减脂语境相对友好。,1,份,,,,,,,,unknown,,,,,,,,,official_menu,https://bk.taobao.com/k/xishikuaican_10241/,西式快餐百科索引（逐字引用肯德基 App『套餐类型』字段）+ 5iKFC 2026-09 券档 + 成都本地宝疯四页,2026-09-17,,仅有菜单事实（存在性/分类/组成），无任何营养数据。官方营养渠道被登录墙+签名反爬阻断，见品牌级 blocked_sources。,U,,肯德基 减脂; 肯德基 新奥尔良烤鸡腿饭 热量; 新奥尔良烤鸡腿饭 蛋白质; 肯德基 减脂点单; 肯德基 低卡,不加酱; 配无糖饮料,rice; grilled_chicken; high_protein; diet_friendly_candidate,menu_only,2026-09-18,single_item,,米饭实际份量; 酱汁份量,,
kfc-cn-xiang-la-ji-liu-fan,肯德基,B,香辣鸡柳饭,spicy chicken strips rice,K记饭桶,香辣鸡柳配饭。,1,份,,,,,,,,unknown,,,,,,,,,official_menu,https://bk.taobao.com/k/xishikuaican_10241/,西式快餐百科索引（逐字引用肯德基 App『套餐类型』字段）+ 5iKFC 2026-09 券档 + 成都本地宝疯四页,2026-09-17,,仅有菜单事实（存在性/分类/组成），无任何营养数据。官方营养渠道被登录墙+签名反爬阻断，见品牌级 blocked_sources。,U,,肯德基 减脂; 肯德基 香辣鸡柳饭 热量; 香辣鸡柳饭 蛋白质,,rice; fried_chicken; spicy,menu_only,2026-09-18,single_item,,鸡柳根数; 米饭份量,,
kfc-cn-ri-shi-ka-li-ji-rou-fan,肯德基,B,日式咖喱鸡饭,Japanese curry chicken rice,K记饭桶,咖喱鸡饭。,1,份,,,,,,,,unknown,,,,,,,,,official_menu,https://bk.taobao.com/k/xishikuaican_10241/,西式快餐百科索引（逐字引用肯德基 App『套餐类型』字段）+ 5iKFC 2026-09 券档 + 成都本地宝疯四页,2026-09-17,,仅有菜单事实（存在性/分类/组成），无任何营养数据。官方营养渠道被登录墙+签名反爬阻断，见品牌级 blocked_sources。,U,,肯德基 减脂; 肯德基 日式咖喱鸡饭 热量; 日式咖喱鸡饭 蛋白质,,rice; curry,menu_only,2026-09-18,single_item,,咖喱酱份量; 米饭份量,,
kfc-cn-tai-shi-lu-rou-fan,肯德基,B,台式卤肉饭,Taiwanese braised pork rice,K记饭桶,卤肉饭，另有伴蛋版本。,1,份,,,,,,,,unknown,,,,,,,,,official_menu,https://bk.taobao.com/k/xishikuaican_10241/,西式快餐百科索引（逐字引用肯德基 App『套餐类型』字段）+ 5iKFC 2026-09 券档 + 成都本地宝疯四页,2026-09-17,,仅有菜单事实（存在性/分类/组成），无任何营养数据。官方营养渠道被登录墙+签名反爬阻断，见品牌级 blocked_sources。,U,,肯德基 减脂; 肯德基 台式卤肉饭 热量; 台式卤肉饭 蛋白质; 肯德基 高热量; 肯德基 避雷,,rice; pork; high_calorie,menu_only,2026-09-18,single_item,,卤汁脂肪含量; 米饭份量,,
kfc-cn-tian-fu-jiao-ma-xiang-la-fen,肯德基,B,天府椒麻香辣粉,Sichuan pepper spicy rice noodles,K记饭桶,椒麻香辣米粉。fatsecret 为 per-100g。,100,克,409.0,19.1,56.0,11.8,,,,estimated_point,359.9,458.1,16.8,21.4,49.3,62.7,10.4,13.2,third_party_analysis,https://www.fatsecret.cn/热量营养/肯德基/天府椒麻香辣粉/100克,天府椒麻香辣粉 - 肯德基 热量与营养 | fatsecret.cn,2026-09-18,,来源为 fatsecret.cn 众包平台（页面标注『源: fatsecret Platform API』），非肯德基官方，未披露测定或计算方法，因此不满足 B 级『明确方法』要求，定为 C 级。 原值为众包 point 值；按 SCHEMA §2 保留为 estimated_point 并附 ±12% min/max 区间，避免假精确。fatsecret 无钠/膳食纤维/糖字段，均留空。 注意：fatsecret『肯德基』桶混入港台条目（卡啦脆雞、原味蛋塔、紅藜燕麥嫩雞粥、義式香草紙包雞、薯條 等），本记录 天府椒麻香辣粉 已按简中品名判定为大陆条目。,C,,肯德基 减脂; 肯德基 天府椒麻香辣粉 热量; 天府椒麻香辣粉 蛋白质,,noodle; spicy; carb,complete,2026-09-18,single_item,,粉与汤的实际份量未官方公开; 是否喝汤影响钠与油摄入,,
kfc-cn-sheng-zha-da-ji-tui-chuan,肯德基,B,生炸大鸡腿串,deep-fried chicken thigh skewer,夜宵撸串,夜宵撸串系列大鸡腿串。,1,份,,,,,,,,unknown,,,,,,,,,official_menu,https://bk.taobao.com/k/xishikuaican_10241/,西式快餐百科索引（逐字引用肯德基 App『套餐类型』字段）+ 5iKFC 2026-09 券档 + 成都本地宝疯四页,2026-09-17,,仅有菜单事实（存在性/分类/组成），无任何营养数据。官方营养渠道被登录墙+签名反爬阻断，见品牌级 blocked_sources。,U,,肯德基 减脂; 肯德基 生炸大鸡腿串 热量; 生炸大鸡腿串 蛋白质; 肯德基 高热量; 肯德基 避雷,,skewer; fried_chicken; late_night; high_calorie,menu_only,2026-09-18,single_item,,单串克重未官方公开,,
kfc-cn-zha-ji-jia-he,肯德基,B,炸鸡架盒（川香麻辣/秘制飘香）,fried chicken frame box,夜宵撸串,夜宵炸鸡架盒，两种风味。,1,份,,,,,,,,unknown,,,,,,,,,official_menu,https://bk.taobao.com/k/xishikuaican_10241/,西式快餐百科索引（逐字引用肯德基 App『套餐类型』字段）+ 5iKFC 2026-09 券档 + 成都本地宝疯四页,2026-09-17,,仅有菜单事实（存在性/分类/组成），无任何营养数据。官方营养渠道被登录墙+签名反爬阻断，见品牌级 blocked_sources。,U,,肯德基 减脂; 肯德基 炸鸡架盒（川香麻辣/秘制飘香） 热量; 炸鸡架盒（川香麻辣/秘制飘香） 蛋白质,,skewer; fried_chicken; bone_in; late_night; share_size,menu_only,2026-09-18,single_item,,,,
kfc-cn-ji-rou-duo-duo-shou-ba-chuan,肯德基,B,鸡肉多多手把串（20串）,chicken hand skewers (20 pcs),夜宵撸串,20 串装夜宵分享品。,1,份,,,,,,,,unknown,,,,,,,,,official_menu,https://bk.taobao.com/k/xishikuaican_10241/,西式快餐百科索引（逐字引用肯德基 App『套餐类型』字段）+ 5iKFC 2026-09 券档 + 成都本地宝疯四页,2026-09-17,,仅有菜单事实（存在性/分类/组成），无任何营养数据。官方营养渠道被登录墙+签名反爬阻断，见品牌级 blocked_sources。,U,,肯德基 减脂; 肯德基 鸡肉多多手把串（20串） 热量; 鸡肉多多手把串（20串） 蛋白质; 肯德基 高热量; 肯德基 避雷,,skewer; chicken; late_night; share_size; high_calorie,menu_only,2026-09-18,single_item,,20串总重与单串克重未官方公开,,
kfc-cn-chao-su-da-you-yu-chuan,肯德基,B,超酥大鱿鱼串,crispy squid skewer,夜宵撸串,夜宵鱿鱼串。,1,份,,,,,,,,unknown,,,,,,,,,official_menu,https://bk.taobao.com/k/xishikuaican_10241/,西式快餐百科索引（逐字引用肯德基 App『套餐类型』字段）+ 5iKFC 2026-09 券档 + 成都本地宝疯四页,2026-09-17,,仅有菜单事实（存在性/分类/组成），无任何营养数据。官方营养渠道被登录墙+签名反爬阻断，见品牌级 blocked_sources。,U,,肯德基 减脂; 肯德基 超酥大鱿鱼串 热量; 超酥大鱿鱼串 蛋白质,,skewer; seafood; fried; late_night,menu_only,2026-09-18,single_item,,,,
kfc-cn-xiang-you-honey-tea,肯德基,B,香柚蜂蜜茶,pomelo honey tea,缤纷饮料,柚子蜂蜜茶饮，低能量饮品选项。,1,杯(300毫升),25.0,0.03,5.6,0.13,,,,estimated_point,22.0,28.0,0.026,0.034,4.93,6.27,0.11,0.15,third_party_analysis,https://www.fatsecret.cn/热量营养/肯德基/香柚蜂蜜茶/1杯,香柚蜂蜜茶 - 肯德基 热量与营养 | fatsecret.cn,2026-09-18,,来源为 fatsecret.cn 众包平台（页面标注『源: fatsecret Platform API』），非肯德基官方，未披露测定或计算方法，因此不满足 B 级『明确方法』要求，定为 C 级。 原值为众包 point 值；按 SCHEMA §2 保留为 estimated_point 并附 ±12% min/max 区间，避免假精确。fatsecret 无钠/膳食纤维/糖字段，均留空。 注意：fatsecret『肯德基』桶混入港台条目（卡啦脆雞、原味蛋塔、紅藜燕麥嫩雞粥、義式香草紙包雞、薯條 等），本记录 香柚蜂蜜茶 已按简中品名判定为大陆条目。,C,,肯德基 减脂; 肯德基 香柚蜂蜜茶 热量; 香柚蜂蜜茶 蛋白质; 肯德基 减脂点单; 肯德基 低卡,,drink; tea; low_calorie; diet_friendly,complete,2026-09-18,single_item,,蜂蜜/糖浆份量；是否可要求少糖未确认,,
kfc-cn-jiu-zhen-guo-zhi,肯德基,B,九珍果汁饮料,nine-fruit juice drink,缤纷饮料,九珍果汁饮料，经典全家桶与套餐常见饮品选项。,1,杯(500毫升),156.0,0.3,34.6,1.5,,,,estimated_point,137.3,174.7,0.26,0.34,30.4,38.8,1.32,1.68,third_party_analysis,https://www.fatsecret.cn/热量营养/肯德基/九珍果汁/1杯,九珍果汁 - 肯德基 热量与营养 | fatsecret.cn,2026-09-18,,来源为 fatsecret.cn 众包平台（页面标注『源: fatsecret Platform API』），非肯德基官方，未披露测定或计算方法，因此不满足 B 级『明确方法』要求，定为 C 级。 原值为众包 point 值；按 SCHEMA §2 保留为 estimated_point 并附 ±12% min/max 区间，避免假精确。fatsecret 无钠/膳食纤维/糖字段，均留空。 注意：fatsecret『肯德基』桶混入港台条目（卡啦脆雞、原味蛋塔、紅藜燕麥嫩雞粥、義式香草紙包雞、薯條 等），本记录 九珍果汁 已按简中品名判定为大陆条目。,C,,肯德基 减脂; 肯德基 九珍果汁饮料 热量; 九珍果汁饮料 蛋白质,,drink; juice; high_sugar,complete,2026-09-18,single_item,,500ml 为众包标注杯量；fatsecret 该条区域归属存疑（简中品名但可能非大陆专供）,,
kfc-cn-bao-zhi-san-ning-cha,肯德基,B,爆汁三柠茶,triple-lemon tea,缤纷饮料,三柠茶饮，2026 年多档套餐的饮品选项之一，另有气泡饮版本。,1,份,,,,,,,,unknown,,,,,,,,,official_menu,https://bk.taobao.com/k/xishikuaican_10241/,西式快餐百科索引（逐字引用肯德基 App『套餐类型』字段）+ 5iKFC 2026-09 券档 + 成都本地宝疯四页,2026-09-17,,仅有菜单事实（存在性/分类/组成），无任何营养数据。官方营养渠道被登录墙+签名反爬阻断，见品牌级 blocked_sources。,U,,肯德基 减脂; 肯德基 爆汁三柠茶 热量; 爆汁三柠茶 蛋白质,,drink; tea,menu_only,2026-09-18,single_item,,含糖量未知；是否提供无糖/少糖选项未确认,,
kfc-cn-gui-hua-suan-mei-tang,肯德基,B,桂花酸梅汤,osmanthus sour plum drink,缤纷饮料,酸梅汤，2026-09 疯四『香骨鸡桂花酸梅汤餐』组成饮品。,1,份,,,,,,,,unknown,,,,,,,,,official_menu,https://bk.taobao.com/k/xishikuaican_10241/,西式快餐百科索引（逐字引用肯德基 App『套餐类型』字段）+ 5iKFC 2026-09 券档 + 成都本地宝疯四页,2026-09-17,,仅有菜单事实（存在性/分类/组成），无任何营养数据。官方营养渠道被登录墙+签名反爬阻断，见品牌级 blocked_sources。,U,,肯德基 减脂; 肯德基 桂花酸梅汤 热量; 桂花酸梅汤 蛋白质,,drink; high_sugar,menu_only,2026-09-18,single_item,,含糖量未知,,
kfc-cn-qing-liang-lv-dou-yin,肯德基,B,清凉绿豆饮,chilled mung bean drink,缤纷饮料,夏季绿豆饮品。,1,份,,,,,,,,unknown,,,,,,,,,official_menu,https://bk.taobao.com/k/xishikuaican_10241/,西式快餐百科索引（逐字引用肯德基 App『套餐类型』字段）+ 5iKFC 2026-09 券档 + 成都本地宝疯四页,2026-09-17,,仅有菜单事实（存在性/分类/组成），无任何营养数据。官方营养渠道被登录墙+签名反爬阻断，见品牌级 blocked_sources。,U,,肯德基 减脂; 肯德基 清凉绿豆饮 热量; 清凉绿豆饮 蛋白质,,drink; seasonal,menu_only,2026-09-18,single_item,,含糖量未知,,
kfc-cn-jiu-long-jin-yu-qing-ru-cha,肯德基,B,九龙金玉轻乳茶,milk tea (light milk),缤纷饮料,轻乳茶系列，另有黑糖珍珠轻乳茶。,1,份,,,,,,,,unknown,,,,,,,,,official_menu,https://bk.taobao.com/k/xishikuaican_10241/,西式快餐百科索引（逐字引用肯德基 App『套餐类型』字段）+ 5iKFC 2026-09 券档 + 成都本地宝疯四页,2026-09-17,,仅有菜单事实（存在性/分类/组成），无任何营养数据。官方营养渠道被登录墙+签名反爬阻断，见品牌级 blocked_sources。 MERCHANT_CLAIM 处理：『轻乳（营销标签）』仅为商家营销标签，已记入 merchant_claims 字段，未用于推导、调整或验证任何营养数值（schema 核心原则2）。,U,轻乳（营销标签）,肯德基 减脂; 肯德基 九龙金玉轻乳茶 热量; 九龙金玉轻乳茶 蛋白质,,drink; milk_tea,menu_only,2026-09-18,single_item,,『轻乳』为营销标签；含糖与奶量未知,,
kfc-cn-yang-zhi-gan-lu,肯德基,B,杨枝甘露,mango pomelo sago,缤纷饮料,杨枝甘露饮品。,1,份,,,,,,,,unknown,,,,,,,,,official_menu,https://bk.taobao.com/k/xishikuaican_10241/,西式快餐百科索引（逐字引用肯德基 App『套餐类型』字段）+ 5iKFC 2026-09 券档 + 成都本地宝疯四页,2026-09-17,,仅有菜单事实（存在性/分类/组成），无任何营养数据。官方营养渠道被登录墙+签名反爬阻断，见品牌级 blocked_sources。,U,,肯德基 减脂; 肯德基 杨枝甘露 热量; 杨枝甘露 蛋白质,,drink; dessert_drink; high_sugar,menu_only,2026-09-18,single_item,,,,
kfc-cn-nong-cui-mei-shi,肯德基,B,浓萃美式,concentrated cold-brew americano,肯悦咖啡,肯悦咖啡浓萃美式，另有全冰/超大杯规格。,1,份,,,,,,,,unknown,,,,,,,,,official_menu,https://bk.taobao.com/k/xishikuaican_10241/,西式快餐百科索引（逐字引用肯德基 App『套餐类型』字段）+ 5iKFC 2026-09 券档 + 成都本地宝疯四页,2026-09-17,,仅有菜单事实（存在性/分类/组成），无任何营养数据。官方营养渠道被登录墙+签名反爬阻断，见品牌级 blocked_sources。,U,,肯德基 减脂; 肯德基 浓萃美式 热量; 浓萃美式 蛋白质; 肯德基 减脂点单; 肯德基 低卡; 肯悦咖啡 热量; 肯德基 咖啡 无糖,,coffee; black_coffee; zero_calorie_candidate; diet_friendly,needs_estimation,2026-09-18,single_item,,杯型（中/大/超大）与冰量; 奶量与糖浆泵数; 未官方公开配方,,
kfc-cn-nong-cui-na-tie,肯德基,B,浓萃拿铁,concentrated cold-brew latte,肯悦咖啡,肯悦咖啡浓萃拿铁。,1,份,,,,,,,,unknown,,,,,,,,,official_menu,https://bk.taobao.com/k/xishikuaican_10241/,西式快餐百科索引（逐字引用肯德基 App『套餐类型』字段）+ 5iKFC 2026-09 券档 + 成都本地宝疯四页,2026-09-17,,仅有菜单事实（存在性/分类/组成），无任何营养数据。官方营养渠道被登录墙+签名反爬阻断，见品牌级 blocked_sources。,U,,肯德基 减脂; 肯德基 浓萃拿铁 热量; 浓萃拿铁 蛋白质; 肯悦咖啡 热量; 肯德基 咖啡 无糖,,coffee; latte; dairy,needs_estimation,2026-09-18,single_item,,杯型（中/大/超大）与冰量; 奶量与糖浆泵数; 未官方公开配方,,
kfc-cn-gui-xia-mei-shi,肯德基,B,瑰夏美式,geisha americano,肯悦咖啡,瑰夏豆美式。,1,份,,,,,,,,unknown,,,,,,,,,official_menu,https://bk.taobao.com/k/xishikuaican_10241/,西式快餐百科索引（逐字引用肯德基 App『套餐类型』字段）+ 5iKFC 2026-09 券档 + 成都本地宝疯四页,2026-09-17,,仅有菜单事实（存在性/分类/组成），无任何营养数据。官方营养渠道被登录墙+签名反爬阻断，见品牌级 blocked_sources。,U,,肯德基 减脂; 肯德基 瑰夏美式 热量; 瑰夏美式 蛋白质; 肯德基 减脂点单; 肯德基 低卡; 肯悦咖啡 热量; 肯德基 咖啡 无糖,,coffee; black_coffee; diet_friendly,needs_estimation,2026-09-18,single_item,,杯型（中/大/超大）与冰量; 奶量与糖浆泵数; 未官方公开配方,,
kfc-cn-gui-xia-na-tie,肯德基,B,瑰夏拿铁,geisha latte,肯悦咖啡,瑰夏豆拿铁。,1,份,,,,,,,,unknown,,,,,,,,,official_menu,https://bk.taobao.com/k/xishikuaican_10241/,西式快餐百科索引（逐字引用肯德基 App『套餐类型』字段）+ 5iKFC 2026-09 券档 + 成都本地宝疯四页,2026-09-17,,仅有菜单事实（存在性/分类/组成），无任何营养数据。官方营养渠道被登录墙+签名反爬阻断，见品牌级 blocked_sources。,U,,肯德基 减脂; 肯德基 瑰夏拿铁 热量; 瑰夏拿铁 蛋白质; 肯悦咖啡 热量; 肯德基 咖啡 无糖,,coffee; latte; dairy,needs_estimation,2026-09-18,single_item,,杯型（中/大/超大）与冰量; 奶量与糖浆泵数; 未官方公开配方,,
kfc-cn-man-bei-sheng-ye-na-tie,肯德基,B,满杯生椰拿铁,coconut latte,肯悦咖啡,生椰拿铁，另有蜜桃/手摇/抹茶生椰版本。,1,份,,,,,,,,unknown,,,,,,,,,official_menu,https://bk.taobao.com/k/xishikuaican_10241/,西式快餐百科索引（逐字引用肯德基 App『套餐类型』字段）+ 5iKFC 2026-09 券档 + 成都本地宝疯四页,2026-09-17,,仅有菜单事实（存在性/分类/组成），无任何营养数据。官方营养渠道被登录墙+签名反爬阻断，见品牌级 blocked_sources。,U,,肯德基 减脂; 肯德基 满杯生椰拿铁 热量; 满杯生椰拿铁 蛋白质; 肯悦咖啡 热量; 肯德基 咖啡 无糖,,coffee; latte; coconut,needs_estimation,2026-09-18,single_item,,杯型（中/大/超大）与冰量; 奶量与糖浆泵数; 未官方公开配方,,
kfc-cn-qi-pao-mei-shi,肯德基,B,气泡美式,sparkling americano,肯悦咖啡,气泡美式系列（苹果/李桃/红颜草莓/血橙西柚/青苹果/百香菠菠芒/桃云驾雾/红苹果等风味）。,1,份,,,,,,,,unknown,,,,,,,,,official_menu,https://bk.taobao.com/k/xishikuaican_10241/,西式快餐百科索引（逐字引用肯德基 App『套餐类型』字段）+ 5iKFC 2026-09 券档 + 成都本地宝疯四页,2026-09-17,,仅有菜单事实（存在性/分类/组成），无任何营养数据。官方营养渠道被登录墙+签名反爬阻断，见品牌级 blocked_sources。,U,,肯德基 减脂; 肯德基 气泡美式 热量; 气泡美式 蛋白质; 肯悦咖啡 热量; 肯德基 咖啡 无糖,,coffee; sparkling; flavoured,needs_estimation,2026-09-18,single_item,,杯型（中/大/超大）与冰量; 奶量与糖浆泵数; 未官方公开配方,,
kfc-cn-mei-shi,肯德基,B,美式,americano,肯悦咖啡,堂食经典咖啡线美式。,1,份,,,,,,,,unknown,,,,,,,,,official_menu,https://bk.taobao.com/k/xishikuaican_10241/,西式快餐百科索引（逐字引用肯德基 App『套餐类型』字段）+ 5iKFC 2026-09 券档 + 成都本地宝疯四页,2026-09-17,,仅有菜单事实（存在性/分类/组成），无任何营养数据。官方营养渠道被登录墙+签名反爬阻断，见品牌级 blocked_sources。,U,,肯德基 减脂; 肯德基 美式 热量; 美式 蛋白质; 肯德基 减脂点单; 肯德基 低卡; 肯悦咖啡 热量; 肯德基 咖啡 无糖,,coffee; black_coffee; diet_friendly,needs_estimation,2026-09-18,single_item,,杯型（中/大/超大）与冰量; 奶量与糖浆泵数; 未官方公开配方,,
kfc-cn-na-tie,肯德基,B,拿铁,latte,肯悦咖啡,堂食经典咖啡线拿铁。,1,份,,,,,,,,unknown,,,,,,,,,official_menu,https://bk.taobao.com/k/xishikuaican_10241/,西式快餐百科索引（逐字引用肯德基 App『套餐类型』字段）+ 5iKFC 2026-09 券档 + 成都本地宝疯四页,2026-09-17,,仅有菜单事实（存在性/分类/组成），无任何营养数据。官方营养渠道被登录墙+签名反爬阻断，见品牌级 blocked_sources。,U,,肯德基 减脂; 肯德基 拿铁 热量; 拿铁 蛋白质; 肯悦咖啡 热量; 肯德基 咖啡 无糖,,coffee; latte; dairy,needs_estimation,2026-09-18,single_item,,杯型（中/大/超大）与冰量; 奶量与糖浆泵数; 未官方公开配方,,
kfc-cn-mo-ka,肯德基,B,摩卡,mocha,肯悦咖啡,堂食经典咖啡线摩卡。,1,份,,,,,,,,unknown,,,,,,,,,official_menu,https://bk.taobao.com/k/xishikuaican_10241/,西式快餐百科索引（逐字引用肯德基 App『套餐类型』字段）+ 5iKFC 2026-09 券档 + 成都本地宝疯四页,2026-09-17,,仅有菜单事实（存在性/分类/组成），无任何营养数据。官方营养渠道被登录墙+签名反爬阻断，见品牌级 blocked_sources。,U,,肯德基 减脂; 肯德基 摩卡 热量; 摩卡 蛋白质; 肯悦咖啡 热量; 肯德基 咖啡 无糖,,coffee; chocolate; high_sugar,needs_estimation,2026-09-18,single_item,,杯型（中/大/超大）与冰量; 奶量与糖浆泵数; 未官方公开配方,,
kfc-cn-ka-bu-qi-nuo,肯德基,B,卡布奇诺,cappuccino,肯悦咖啡,堂食经典咖啡线卡布奇诺。,1,份,,,,,,,,unknown,,,,,,,,,official_menu,https://bk.taobao.com/k/xishikuaican_10241/,西式快餐百科索引（逐字引用肯德基 App『套餐类型』字段）+ 5iKFC 2026-09 券档 + 成都本地宝疯四页,2026-09-17,,仅有菜单事实（存在性/分类/组成），无任何营养数据。官方营养渠道被登录墙+签名反爬阻断，见品牌级 blocked_sources。,U,,肯德基 减脂; 肯德基 卡布奇诺 热量; 卡布奇诺 蛋白质; 肯悦咖啡 热量; 肯德基 咖啡 无糖,,coffee; dairy,needs_estimation,2026-09-18,single_item,,杯型（中/大/超大）与冰量; 奶量与糖浆泵数; 未官方公开配方,,
kfc-cn-jiao-tang-ma-qi-duo,肯德基,B,焦糖玛奇朵,caramel macchiato,肯悦咖啡,堂食经典咖啡线焦糖玛奇朵。,1,份,,,,,,,,unknown,,,,,,,,,official_menu,https://bk.taobao.com/k/xishikuaican_10241/,西式快餐百科索引（逐字引用肯德基 App『套餐类型』字段）+ 5iKFC 2026-09 券档 + 成都本地宝疯四页,2026-09-17,,仅有菜单事实（存在性/分类/组成），无任何营养数据。官方营养渠道被登录墙+签名反爬阻断，见品牌级 blocked_sources。,U,,肯德基 减脂; 肯德基 焦糖玛奇朵 热量; 焦糖玛奇朵 蛋白质; 肯悦咖啡 热量; 肯德基 咖啡 无糖,,coffee; high_sugar,needs_estimation,2026-09-18,single_item,,杯型（中/大/超大）与冰量; 奶量与糖浆泵数; 未官方公开配方,,
kfc-cn-kpro-kao-ji-tui-rou-gu-wu-neng-liang-wan,肯德基,B,烤鸡腿肉烤蔬谷物能量碗（黑椒香草）,grilled chicken & vegetable grain power bowl,肯律轻食(KPRO),KPRO/肯律轻食业态的能量碗，29.9元套餐=1主食+1饮品。百胜中国自述 KPRO 曾『在产品菜单中试行卡路里信息标注』，但该标注未见公开 web 版本。,1,份,,,,,,,,unknown,,,,,,,,,official_menu,https://bk.taobao.com/k/xishikuaican_10241/,西式快餐百科索引（逐字引用肯德基 App『套餐类型』字段）+ 5iKFC 2026-09 券档 + 成都本地宝疯四页,2026-09-17,,仅有菜单事实（存在性/分类/组成），无任何营养数据。官方营养渠道被登录墙+签名反爬阻断，见品牌级 blocked_sources。 MERCHANT_CLAIM 处理：『轻食、能量碗、KPRO 试行卡路里标注（官方口径，未见公开数据）』仅为商家营销标签，已记入 merchant_claims 字段，未用于推导、调整或验证任何营养数值（schema 核心原则2）。,U,轻食; 能量碗; KPRO 试行卡路里标注（官方口径，未见公开数据）,肯德基 减脂; 肯德基 烤鸡腿肉烤蔬谷物能量碗（黑椒香草） 热量; 烤鸡腿肉烤蔬谷物能量碗（黑椒香草） 蛋白质,换无糖饮料; 酱汁另放,power_bowl; grilled_chicken; whole_grain; healthy_positioning; separate_format,menu_only,2026-09-18,single_item,,谷物与烤蔬实际克重; 酱汁份量; 仅 KPRO 门店供应，非普通肯德基门店,,
kfc-cn-kpro-hei-jiao-niu-rou-neng-liang-wan,肯德基,B,黑椒牛肉能量碗,black pepper beef power bowl,肯律轻食(KPRO),KPRO 能量碗。,1,份,,,,,,,,unknown,,,,,,,,,official_menu,https://bk.taobao.com/k/xishikuaican_10241/,西式快餐百科索引（逐字引用肯德基 App『套餐类型』字段）+ 5iKFC 2026-09 券档 + 成都本地宝疯四页,2026-09-17,,仅有菜单事实（存在性/分类/组成），无任何营养数据。官方营养渠道被登录墙+签名反爬阻断，见品牌级 blocked_sources。 MERCHANT_CLAIM 处理：『轻食、能量碗』仅为商家营销标签，已记入 merchant_claims 字段，未用于推导、调整或验证任何营养数值（schema 核心原则2）。,U,轻食; 能量碗,肯德基 减脂; 肯德基 黑椒牛肉能量碗 热量; 黑椒牛肉能量碗 蛋白质,,power_bowl; beef; healthy_positioning,menu_only,2026-09-18,single_item,,,,
kfc-cn-kpro-xiang-kao-san-wen-yu-neng-liang-wan,肯德基,B,香烤三文鱼能量碗,grilled salmon power bowl,肯律轻食(KPRO),KPRO 能量碗。,1,份,,,,,,,,unknown,,,,,,,,,official_menu,https://bk.taobao.com/k/xishikuaican_10241/,西式快餐百科索引（逐字引用肯德基 App『套餐类型』字段）+ 5iKFC 2026-09 券档 + 成都本地宝疯四页,2026-09-17,,仅有菜单事实（存在性/分类/组成），无任何营养数据。官方营养渠道被登录墙+签名反爬阻断，见品牌级 blocked_sources。 MERCHANT_CLAIM 处理：『轻食、能量碗』仅为商家营销标签，已记入 merchant_claims 字段，未用于推导、调整或验证任何营养数值（schema 核心原则2）。,U,轻食; 能量碗,肯德基 减脂; 肯德基 香烤三文鱼能量碗 热量; 香烤三文鱼能量碗 蛋白质,,power_bowl; seafood; omega3; healthy_positioning,menu_only,2026-09-18,single_item,,,,
kfc-cn-kpro-niu-you-guo-sha-la,肯德基,B,牛油果沙拉,avocado salad,肯律轻食(KPRO),KPRO 沙拉。,1,份,,,,,,,,unknown,,,,,,,,,official_menu,https://bk.taobao.com/k/xishikuaican_10241/,西式快餐百科索引（逐字引用肯德基 App『套餐类型』字段）+ 5iKFC 2026-09 券档 + 成都本地宝疯四页,2026-09-17,,仅有菜单事实（存在性/分类/组成），无任何营养数据。官方营养渠道被登录墙+签名反爬阻断，见品牌级 blocked_sources。 MERCHANT_CLAIM 处理：『轻食』仅为商家营销标签，已记入 merchant_claims 字段，未用于推导、调整或验证任何营养数值（schema 核心原则2）。,U,轻食,肯德基 减脂; 肯德基 牛油果沙拉 热量; 牛油果沙拉 蛋白质,,salad; vegetable; healthy_positioning,menu_only,2026-09-18,single_item,,沙拉酱份量是主要不确定源,,
kfc-cn-jing-dian-quan-jia-tong,肯德基,B,经典全家桶,classic family bucket,套餐/桶餐,肯德基中国标志性桶餐，2026-09 促销 59.9元。组成随档期微调。,1,份,,,,,,,,unknown,,,,,,,,,official_menu,https://bk.taobao.com/k/xishikuaican_10241/,西式快餐百科索引（逐字引用肯德基 App『套餐类型』字段）+ 5iKFC 2026-09 券档 + 成都本地宝疯四页,2026-09-17,,仅有菜单事实（存在性/分类/组成），无任何营养数据。官方营养渠道被登录墙+签名反爬阻断，见品牌级 blocked_sources。,U,,肯德基 减脂; 肯德基 经典全家桶 热量; 经典全家桶 蛋白质; 肯德基 高热量; 肯德基 避雷; 肯德基 套餐 怎么点; 肯德基 疯狂星期四,可乐换无糖; 减少炸鸡块数; 土豆泥去酱,combo; bucket; share_size; high_calorie,menu_only,2026-09-18,preset_combo,炸鸡=吮指原味鸡 5块; 翅类=香辣鸡翅 6块（翅中）; side=土豆泥 1份 + 香甜粟米棒 1份; drink=中杯百事可乐 3杯（可乐可免费换七喜/美年达）,套餐为多组件组合，总能量等于组件之和; 组件可自选，实际组合差异大; 饮品是否选无糖影响显著,,
kfc-cn-dan-ren-si-jian-tao,肯德基,B,单人四件套,single-person 4-piece set,套餐/桶餐,1汉堡+1小食，共 25 种组合。汉堡可选：汁汁双层嫩牛堡/汁汁和牛堡/香辣鸡腿堡/劲脆鸡腿堡/奥尔良烤鸡腿堡；小食可选：薯条(中)/吮指原味鸡/香辣鸡翅(对)/奥尔良烤翅(对)/黄金鸡块(5块)。,1,份,,,,,,,,unknown,,,,,,,,,official_menu,https://bk.taobao.com/k/xishikuaican_10241/,西式快餐百科索引（逐字引用肯德基 App『套餐类型』字段）+ 5iKFC 2026-09 券档 + 成都本地宝疯四页,2026-09-17,,仅有菜单事实（存在性/分类/组成），无任何营养数据。官方营养渠道被登录墙+签名反爬阻断，见品牌级 blocked_sources。,U,,肯德基 减脂; 肯德基 单人四件套 热量; 单人四件套 蛋白质; 肯德基 套餐 怎么点; 肯德基 疯狂星期四,选奥尔良烤鸡腿堡+奥尔良烤翅为相对低脂组合; 薯条换玉米杯,combo; single_serving,menu_only,2026-09-18,preset_combo,burger=5选1：汁汁双层嫩牛堡 / 汁汁和牛堡 / 香辣鸡腿堡 / 劲脆鸡腿堡 / 奥尔良烤鸡腿堡; side=5选1：薯条(中) / 吮指原味鸡 / 香辣鸡翅(对) / 奥尔良烤翅(对) / 黄金鸡块(5块),套餐为多组件组合，总能量等于组件之和; 组件可自选，实际组合差异大; 饮品是否选无糖影响显著,,
kfc-cn-san-jia-san-tao-can,肯德基,B,3+3套餐,3+3 set,套餐/桶餐,3主食+3小食。主食必含≥1 手剥香辣小龙虾烤鸡腿堡，另2从 新奥尔良烤鸡腿堡/香辣鸡腿堡/原味鸡/香辣鸡翅2块/小鸡米花 中选；小食从 蛋挞/土豆泥/中可/爆汁三柠茶(中)/红豆派/原味花筒 六选三。,1,份,,,,,,,,unknown,,,,,,,,,official_menu,https://bk.taobao.com/k/xishikuaican_10241/,西式快餐百科索引（逐字引用肯德基 App『套餐类型』字段）+ 5iKFC 2026-09 券档 + 成都本地宝疯四页,2026-09-17,,仅有菜单事实（存在性/分类/组成），无任何营养数据。官方营养渠道被登录墙+签名反爬阻断，见品牌级 blocked_sources。,U,,肯德基 减脂; 肯德基 3+3套餐 热量; 3+3套餐 蛋白质; 肯德基 高热量; 肯德基 避雷; 肯德基 套餐 怎么点; 肯德基 疯狂星期四,小食三选全部选土豆泥/玉米杯可显著降能; 可乐换无糖,combo; share_size; high_calorie,menu_only,2026-09-18,preset_combo,mains=3份（必含≥1 手剥香辣小龙虾烤鸡腿堡 + 2份自选）; sides=6选3：葡式蛋挞 / 土豆泥 / 中杯可乐 / 爆汁三柠茶(中) / 红豆派 / 原味花筒,套餐为多组件组合，总能量等于组件之和; 组件可自选，实际组合差异大; 饮品是否选无糖影响显著,,
kfc-cn-zhou-mo-feng-kuang-pin-3-plus-1,肯德基,B,周末疯狂拼 3+1,weekend 3+1 set,套餐/桶餐,3主食+1配餐。配餐可选：九珍果汁/中可乐/爆汁三柠茶/蛋挞/土豆泥/红豆派/酸梅汤/美式咖啡。,1,份,,,,,,,,unknown,,,,,,,,,official_menu,https://bk.taobao.com/k/xishikuaican_10241/,西式快餐百科索引（逐字引用肯德基 App『套餐类型』字段）+ 5iKFC 2026-09 券档 + 成都本地宝疯四页,2026-09-17,,仅有菜单事实（存在性/分类/组成），无任何营养数据。官方营养渠道被登录墙+签名反爬阻断，见品牌级 blocked_sources。,U,,肯德基 减脂; 肯德基 周末疯狂拼 3+1 热量; 周末疯狂拼 3+1 蛋白质; 肯德基 套餐 怎么点; 肯德基 疯狂星期四,配餐选美式咖啡（≈0 kcal）为最低能量组合,combo; share_size,menu_only,2026-09-18,preset_combo,mains=3份主食; side=8选1：九珍果汁 / 中杯可乐 / 爆汁三柠茶 / 葡式蛋挞 / 土豆泥 / 红豆派 / 桂花酸梅汤 / 美式咖啡,套餐为多组件组合，总能量等于组件之和; 组件可自选，实际组合差异大; 饮品是否选无糖影响显著,,
kfc-cn-re-la-xiang-gu-ji-san-jian-tao,肯德基,B,热辣香骨鸡三件套,hot spicy bone-in chicken 3-piece set,套餐/桶餐,热辣香骨鸡+1小食（14选）+1饮品（18选）。,1,份,,,,,,,,unknown,,,,,,,,,official_menu,https://bk.taobao.com/k/xishikuaican_10241/,西式快餐百科索引（逐字引用肯德基 App『套餐类型』字段）+ 5iKFC 2026-09 券档 + 成都本地宝疯四页,2026-09-17,,仅有菜单事实（存在性/分类/组成），无任何营养数据。官方营养渠道被登录墙+签名反爬阻断，见品牌级 blocked_sources。,U,,肯德基 减脂; 肯德基 热辣香骨鸡三件套 热量; 热辣香骨鸡三件套 蛋白质; 肯德基 套餐 怎么点; 肯德基 疯狂星期四,小食选香甜玉米杯; 饮品选无糖可乐或美式,combo; fried_chicken; spicy,menu_only,2026-09-18,preset_combo,main=热辣香骨鸡; side=14选1：蛋挞 / 红豆派 / 土豆泥 / 原味冰淇淋 / 香甜玉米杯 / 黄金鸡块 / 黑糖圣代 / 草莓圣代 / 小鸡米花 / 吮指原味鸡 / 中薯条 / 香辣鸡翅 / 黄金脆皮鸡 / 新奥尔良烤翅; drink=18选1,套餐为多组件组合，总能量等于组件之和; 组件可自选，实际组合差异大; 饮品是否选无糖影响显著,,
kfc-cn-xin-orlean-kao-chi-san-jian-tao,肯德基,B,新奥尔良烤翅三件套,New Orleans grilled wings 3-piece set,套餐/桶餐,新奥尔良烤翅+1副食（11选）+1饮品（17选）。,1,份,,,,,,,,unknown,,,,,,,,,official_menu,https://bk.taobao.com/k/xishikuaican_10241/,西式快餐百科索引（逐字引用肯德基 App『套餐类型』字段）+ 5iKFC 2026-09 券档 + 成都本地宝疯四页,2026-09-17,,仅有菜单事实（存在性/分类/组成），无任何营养数据。官方营养渠道被登录墙+签名反爬阻断，见品牌级 blocked_sources。,U,,肯德基 减脂; 肯德基 新奥尔良烤翅三件套 热量; 新奥尔良烤翅三件套 蛋白质; 肯德基 套餐 怎么点; 肯德基 疯狂星期四,本组合为肯德基套餐中蛋白/能量比相对最优的选项之一,combo; grilled; high_protein,menu_only,2026-09-18,preset_combo,main=新奥尔良烤翅; side=11选1; drink=17选1,套餐为多组件组合，总能量等于组件之和; 组件可自选，实际组合差异大; 饮品是否选无糖影响显著,,
kfc-cn-han-bao-dan-ren-can,肯德基,B,汉堡单人餐,burger single set,套餐/桶餐,主食（香辣鸡腿堡/新奥尔良鸡腿堡/老北京鸡肉卷/双层嫩牛堡）+葡式蛋挞+1小食+1饮品。,1,份,,,,,,,,unknown,,,,,,,,,official_menu,https://bk.taobao.com/k/xishikuaican_10241/,西式快餐百科索引（逐字引用肯德基 App『套餐类型』字段）+ 5iKFC 2026-09 券档 + 成都本地宝疯四页,2026-09-17,,仅有菜单事实（存在性/分类/组成），无任何营养数据。官方营养渠道被登录墙+签名反爬阻断，见品牌级 blocked_sources。,U,,肯德基 减脂; 肯德基 汉堡单人餐 热量; 汉堡单人餐 蛋白质; 肯德基 套餐 怎么点; 肯德基 疯狂星期四,主食选老北京鸡肉卷或新奥尔良烤鸡腿堡,combo; single_serving,menu_only,2026-09-18,preset_combo,burger=4选1：香辣鸡腿堡 / 新奥尔良烤鸡腿堡 / 老北京鸡肉卷 / 汁汁双层嫩牛堡; dessert=葡式蛋挞 1只; side=1份小食; drink=1杯饮品,套餐为多组件组合，总能量等于组件之和; 组件可自选，实际组合差异大; 饮品是否选无糖影响显著,,
kfc-cn-xia-wu-cha-san-jian-tao,肯德基,B,下午茶三件套,afternoon tea 3-piece set,套餐/桶餐,主食+小食+饮品，30+ 固定组合，仅 14:00–17:00 供应。,1,份,,,,,,,,unknown,,,,,,,,,official_menu,https://bk.taobao.com/k/xishikuaican_10241/,西式快餐百科索引（逐字引用肯德基 App『套餐类型』字段）+ 5iKFC 2026-09 券档 + 成都本地宝疯四页,2026-09-17,,仅有菜单事实（存在性/分类/组成），无任何营养数据。官方营养渠道被登录墙+签名反爬阻断，见品牌级 blocked_sources。,U,,肯德基 减脂; 肯德基 下午茶三件套 热量; 下午茶三件套 蛋白质; 肯德基 套餐 怎么点; 肯德基 疯狂星期四,时段限定 14:00–17:00,combo; time_limited_daypart,menu_only,2026-09-18,preset_combo,main=1份主食; side=1份小食; drink=1杯饮品,套餐为多组件组合，总能量等于组件之和; 组件可自选，实际组合差异大; 饮品是否选无糖影响显著,,
kfc-cn-zao-can-san-jian-tao,肯德基,B,早餐三件套,breakfast 3-piece set,套餐/桶餐,1主食+1粥/点+1饮品/小食，5:30–9:30 供应，13.9元起。,1,份,,,,,,,,unknown,,,,,,,,,official_menu,https://bk.taobao.com/k/xishikuaican_10241/,西式快餐百科索引（逐字引用肯德基 App『套餐类型』字段）+ 5iKFC 2026-09 券档 + 成都本地宝疯四页,2026-09-17,,仅有菜单事实（存在性/分类/组成），无任何营养数据。官方营养渠道被登录墙+签名反爬阻断，见品牌级 blocked_sources。,U,,肯德基 减脂; 肯德基 早餐三件套 热量; 早餐三件套 蛋白质; 肯德基 套餐 怎么点; 肯德基 疯狂星期四,主食选帕尼尼轻盈版; 粥选香菇鸡肉粥; 饮品选无糖豆浆,combo; breakfast; time_limited_daypart,menu_only,2026-09-18,preset_combo,main=1份早餐主食（帕尼尼/大饼卷/饭团等）; side=1份粥或点心; drink=1杯饮品或小食,套餐为多组件组合，总能量等于组件之和; 组件可自选，实际组合差异大; 饮品是否选无糖影响显著,,
kfc-cn-shi-chi-yi-tong,肯德基,B,十翅一桶,ten-wing bucket,套餐/桶餐,三种版本：全辣版 10辣翅+1中可；经典版 6辣翅+4烤翅+1中可；多烤版 2辣翅+8烤翅。,1,份,,,,,,,,unknown,,,,,,,,,official_menu,https://bk.taobao.com/k/xishikuaican_10241/,西式快餐百科索引（逐字引用肯德基 App『套餐类型』字段）+ 5iKFC 2026-09 券档 + 成都本地宝疯四页,2026-09-17,,仅有菜单事实（存在性/分类/组成），无任何营养数据。官方营养渠道被登录墙+签名反爬阻断，见品牌级 blocked_sources。,U,,肯德基 减脂; 肯德基 十翅一桶 热量; 十翅一桶 蛋白质; 肯德基 套餐 怎么点; 肯德基 疯狂星期四,选多烤版（8烤翅）脂肪低于全辣版; 可乐换无糖,combo; bucket; bone_in; share_size,menu_only,2026-09-18,preset_combo,wings=10只鸡翅（全辣版=10辣翅 / 经典版=6辣翅+4烤翅 / 多烤版=2辣翅+8烤翅）; drink=中杯可乐 1杯,套餐为多组件组合，总能量等于组件之和; 组件可自选，实际组合差异大; 饮品是否选无糖影响显著,,
kfc-cn-wang-lin-tong-kuan-tao-can,肯德基,B,王林同款套餐（仙逆联名）,Wang Lin tie-in set (Xian Ni anime),套餐/桶餐,LTO：三重香辣鸡腿堡+周边，20.5元，2026-09-14 起。,1,份,,,,,,,,unknown,,,,,,,,,official_menu,https://bk.taobao.com/k/xishikuaican_10241/,西式快餐百科索引（逐字引用肯德基 App『套餐类型』字段）+ 5iKFC 2026-09 券档 + 成都本地宝疯四页,2026-09-17,,仅有菜单事实（存在性/分类/组成），无任何营养数据。官方营养渠道被登录墙+签名反爬阻断，见品牌级 blocked_sources。,U,,肯德基 减脂; 肯德基 王林同款套餐（仙逆联名） 热量; 王林同款套餐（仙逆联名） 蛋白质; 肯德基 套餐 怎么点; 肯德基 疯狂星期四,周边不计入食物能量,combo; lto; merchandise_bundle,menu_only,2026-09-18,preset_combo,burger=三重香辣鸡腿堡; extra=仙逆动画联名周边,套餐为多组件组合，总能量等于组件之和; 组件可自选，实际组合差异大; 饮品是否选无糖影响显著,,
kfc-cn-kuang-huan-chang-xuan-tong,肯德基,B,狂欢畅选桶,free-choice bucket,套餐/桶餐,自选桶餐，2026-08 五折 59.9元；同类还有炸鸡桶（3桶69.9）、小食炸鸡桶、汉堡炸鸡桶、2桶20翅（含薄脆翅）69.9起、炸鸡三兄弟3盒69、全鸡2只随心配49.9。,1,份,,,,,,,,unknown,,,,,,,,,official_menu,https://bk.taobao.com/k/xishikuaican_10241/,西式快餐百科索引（逐字引用肯德基 App『套餐类型』字段）+ 5iKFC 2026-09 券档 + 成都本地宝疯四页,2026-09-17,,仅有菜单事实（存在性/分类/组成），无任何营养数据。官方营养渠道被登录墙+签名反爬阻断，见品牌级 blocked_sources。,U,,肯德基 减脂; 肯德基 狂欢畅选桶 热量; 狂欢畅选桶 蛋白质; 肯德基 高热量; 肯德基 避雷; 肯德基 套餐 怎么点; 肯德基 疯狂星期四,,combo; bucket; share_size; high_calorie; customizable,menu_only,2026-09-18,preset_combo,note=组合随档期变化，属可自选桶餐，具体组成未固定,套餐为多组件组合，总能量等于组件之和; 组件可自选，实际组合差异大; 饮品是否选无糖影响显著,,
laoxiangji-cn-001-boluogulaorou,老乡鸡,B,菠萝咕咾肉,boluogulaorou,正餐菜品,老乡鸡在售菜品（官方溯源报告2.0分类：正餐菜品）。序号1/191。,100,g,228,7.2,22.8,12.0,,319,,exact,,,,,,,,,official_label,https://lxjchina.com.cn/upload/2026-05/177828991193340300.pdf,《老乡鸡菜品溯源报告2.0》菜品营养成分信息（每100g）,2026-04-30,https://lxjchina.com.cn/info.php?class_id=102106,官方《菜品溯源报告2.0》第三方检测4+1(热量/蛋白质/脂肪/碳水/钠)，基准为每100g；报告未逐项给出每份克重，故per-份数值需门店实际份量，未臆造。,A,,老乡鸡 菠萝咕咾肉 热量; 老乡鸡 菠萝咕咾肉 减脂; 老乡鸡 营养 热量表; 老乡鸡 减脂 怎么点,去皮; 只吃瘦肉部分,main_dish,complete,2026-09-18,single_item,,门店实际每份克重(官方公示为每100g基准),,官方检测每100g：228kcal/蛋白7.2g/脂肪12.0g/碳水22.8g/钠319mg 为记录基准值(A级exact)。
laoxiangji-cn-002-gongbaojiding,老乡鸡,B,宫保鸡丁,gongbaojiding,正餐菜品,老乡鸡在售菜品（官方溯源报告2.0分类：正餐菜品）。序号2/191。,100,g,244,13.8,8.7,17.2,,657,,exact,,,,,,,,,official_label,https://lxjchina.com.cn/upload/2026-05/177828991193340300.pdf,《老乡鸡菜品溯源报告2.0》菜品营养成分信息（每100g）,2026-04-30,https://lxjchina.com.cn/info.php?class_id=102106,官方《菜品溯源报告2.0》第三方检测4+1(热量/蛋白质/脂肪/碳水/钠)，基准为每100g；报告未逐项给出每份克重，故per-份数值需门店实际份量，未臆造。,A,,老乡鸡 宫保鸡丁 热量; 老乡鸡 宫保鸡丁 减脂; 老乡鸡 营养 热量表; 老乡鸡 减脂 怎么点,去皮; 只吃瘦肉部分,main_dish; moderate_protein,complete,2026-09-18,single_item,,门店实际每份克重(官方公示为每100g基准),,官方检测每100g：244kcal/蛋白13.8g/脂肪17.2g/碳水8.7g/钠657mg 为记录基准值(A级exact)。
laoxiangji-cn-003-hetangxiaochao,老乡鸡,B,荷塘小炒,hetangxiaochao,正餐菜品,老乡鸡在售菜品（官方溯源报告2.0分类：正餐菜品）。序号3/191。,100,g,71,1.4,8.1,3.7,,420,,exact,,,,,,,,,official_label,https://lxjchina.com.cn/upload/2026-05/177828991193340300.pdf,《老乡鸡菜品溯源报告2.0》菜品营养成分信息（每100g）,2026-04-30,https://lxjchina.com.cn/info.php?class_id=102106,官方《菜品溯源报告2.0》第三方检测4+1(热量/蛋白质/脂肪/碳水/钠)，基准为每100g；报告未逐项给出每份克重，故per-份数值需门店实际份量，未臆造。,A,,老乡鸡 荷塘小炒 热量; 老乡鸡 荷塘小炒 减脂; 老乡鸡 营养 热量表; 老乡鸡 减脂 怎么点,少油; 少盐,main_dish; fat_loss_friendly; stir_fry,complete,2026-09-18,single_item,,门店实际每份克重(官方公示为每100g基准); 炒菜烹调油用量,,官方检测每100g：71kcal/蛋白1.4g/脂肪3.7g/碳水8.1g/钠420mg 为记录基准值(A级exact)。
laoxiangji-cn-004-jiachangchaodonggua,老乡鸡,B,家常炒冬瓜,jiachangchaodonggua,正餐菜品,老乡鸡在售菜品（官方溯源报告2.0分类：正餐菜品）。序号4/191。,100,g,48,0.9,3.2,3.6,,435,,exact,,,,,,,,,official_label,https://lxjchina.com.cn/upload/2026-05/177828991193340300.pdf,《老乡鸡菜品溯源报告2.0》菜品营养成分信息（每100g）,2026-04-30,https://lxjchina.com.cn/info.php?class_id=102106,官方《菜品溯源报告2.0》第三方检测4+1(热量/蛋白质/脂肪/碳水/钠)，基准为每100g；报告未逐项给出每份克重，故per-份数值需门店实际份量，未臆造。,A,,老乡鸡 家常炒冬瓜 热量; 老乡鸡 家常炒冬瓜 减脂; 老乡鸡 营养 热量表; 老乡鸡 减脂 怎么点,少油; 少盐,main_dish; fat_loss_friendly; stir_fry,complete,2026-09-18,single_item,,门店实际每份克重(官方公示为每100g基准); 炒菜烹调油用量,,官方检测每100g：48kcal/蛋白0.9g/脂肪3.6g/碳水3.2g/钠435mg 为记录基准值(A级exact)。
laoxiangji-cn-005-jiachangtudoupian,老乡鸡,B,家常土豆片,jiachangtudoupian,正餐菜品,老乡鸡在售菜品（官方溯源报告2.0分类：正餐菜品）。序号5/191。,100,g,80,1.6,11.0,3.3,,517,,exact,,,,,,,,,official_label,https://lxjchina.com.cn/upload/2026-05/177828991193340300.pdf,《老乡鸡菜品溯源报告2.0》菜品营养成分信息（每100g）,2026-04-30,https://lxjchina.com.cn/info.php?class_id=102106,官方《菜品溯源报告2.0》第三方检测4+1(热量/蛋白质/脂肪/碳水/钠)，基准为每100g；报告未逐项给出每份克重，故per-份数值需门店实际份量，未臆造。,A,,老乡鸡 家常土豆片 热量; 老乡鸡 家常土豆片 减脂; 老乡鸡 营养 热量表; 老乡鸡 减脂 怎么点,按需搭配蔬菜/减少主食,main_dish; fat_loss_friendly,complete,2026-09-18,single_item,,门店实际每份克重(官方公示为每100g基准),,官方检测每100g：80kcal/蛋白1.6g/脂肪3.3g/碳水11.0g/钠517mg 为记录基准值(A级exact)。
laoxiangji-cn-006-nongjiaxiaochaorou-jidangan,老乡鸡,B,农家小炒肉（鸡蛋干版）,nongjiaxiaochaorou,正餐菜品,老乡鸡在售菜品（官方溯源报告2.0分类：正餐菜品）。序号6/191。,100,g,191,11.5,4.0,14.5,,754,,exact,,,,,,,,,official_label,https://lxjchina.com.cn/upload/2026-05/177828991193340300.pdf,《老乡鸡菜品溯源报告2.0》菜品营养成分信息（每100g）,2026-04-30,https://lxjchina.com.cn/info.php?class_id=102106,官方《菜品溯源报告2.0》第三方检测4+1(热量/蛋白质/脂肪/碳水/钠)，基准为每100g；报告未逐项给出每份克重，故per-份数值需门店实际份量，未臆造。,A,,老乡鸡 农家小炒肉（鸡蛋干版） 热量; 老乡鸡 农家小炒肉（鸡蛋干版） 减脂; 老乡鸡 营养 热量表; 老乡鸡 减脂 怎么点,少油; 少盐; 去皮; 只吃瘦肉部分,main_dish; moderate_protein; stir_fry,complete,2026-09-18,single_item,,门店实际每份克重(官方公示为每100g基准); 炒菜烹调油用量,,官方检测每100g：191kcal/蛋白11.5g/脂肪14.5g/碳水4.0g/钠754mg 为记录基准值(A级exact)。
laoxiangji-cn-007-qincaichaoxianggan,老乡鸡,B,芹菜炒香干,qincaichaoxianggan,正餐菜品,老乡鸡在售菜品（官方溯源报告2.0分类：正餐菜品）。序号7/191。,100,g,140,9.5,4.8,9.3,,850,,exact,,,,,,,,,official_label,https://lxjchina.com.cn/upload/2026-05/177828991193340300.pdf,《老乡鸡菜品溯源报告2.0》菜品营养成分信息（每100g）,2026-04-30,https://lxjchina.com.cn/info.php?class_id=102106,官方《菜品溯源报告2.0》第三方检测4+1(热量/蛋白质/脂肪/碳水/钠)，基准为每100g；报告未逐项给出每份克重，故per-份数值需门店实际份量，未臆造。,A,,老乡鸡 芹菜炒香干 热量; 老乡鸡 芹菜炒香干 减脂; 老乡鸡 营养 热量表; 老乡鸡 减脂 怎么点,少油; 少盐,main_dish; stir_fry,complete,2026-09-18,single_item,,门店实际每份克重(官方公示为每100g基准); 炒菜烹调油用量,,官方检测每100g：140kcal/蛋白9.5g/脂肪9.3g/碳水4.8g/钠850mg 为记录基准值(A级exact)。
laoxiangji-cn-008-qingcaijiaochaodouya,老乡鸡,B,青菜椒炒豆芽,qingcaijiaochaodouya,正餐菜品,老乡鸡在售菜品（官方溯源报告2.0分类：正餐菜品）。序号8/191。,100,g,123,1.6,4.3,11.2,,768,,exact,,,,,,,,,official_label,https://lxjchina.com.cn/upload/2026-05/177828991193340300.pdf,《老乡鸡菜品溯源报告2.0》菜品营养成分信息（每100g）,2026-04-30,https://lxjchina.com.cn/info.php?class_id=102106,官方《菜品溯源报告2.0》第三方检测4+1(热量/蛋白质/脂肪/碳水/钠)，基准为每100g；报告未逐项给出每份克重，故per-份数值需门店实际份量，未臆造。,A,,老乡鸡 青菜椒炒豆芽 热量; 老乡鸡 青菜椒炒豆芽 减脂; 老乡鸡 营养 热量表; 老乡鸡 减脂 怎么点,少油; 少盐,main_dish; stir_fry,complete,2026-09-18,single_item,,门店实际每份克重(官方公示为每100g基准); 炒菜烹调油用量,,官方检测每100g：123kcal/蛋白1.6g/脂肪11.2g/碳水4.3g/钠768mg 为记录基准值(A级exact)。
laoxiangji-cn-009-qingjiaochaojidan,老乡鸡,B,青椒炒鸡蛋,qingjiaochaojidan,正餐菜品,老乡鸡在售菜品（官方溯源报告2.0分类：正餐菜品）。序号9/191。,100,g,165,4.6,3.9,14.7,,525,,exact,,,,,,,,,official_label,https://lxjchina.com.cn/upload/2026-05/177828991193340300.pdf,《老乡鸡菜品溯源报告2.0》菜品营养成分信息（每100g）,2026-04-30,https://lxjchina.com.cn/info.php?class_id=102106,官方《菜品溯源报告2.0》第三方检测4+1(热量/蛋白质/脂肪/碳水/钠)，基准为每100g；报告未逐项给出每份克重，故per-份数值需门店实际份量，未臆造。,A,,老乡鸡 青椒炒鸡蛋 热量; 老乡鸡 青椒炒鸡蛋 减脂; 老乡鸡 营养 热量表; 老乡鸡 减脂 怎么点,少油; 少盐; 去皮; 只吃瘦肉部分,main_dish; stir_fry,complete,2026-09-18,single_item,,门店实际每份克重(官方公示为每100g基准); 炒菜烹调油用量,,官方检测每100g：165kcal/蛋白4.6g/脂肪14.7g/碳水3.9g/钠525mg 为记录基准值(A级exact)。
laoxiangji-cn-010-qingjiaochaoqianzhang,老乡鸡,B,青椒炒千张,qingjiaochaoqianzhang,正餐菜品,老乡鸡在售菜品（官方溯源报告2.0分类：正餐菜品）。序号10/191。,100,g,177,12.4,3.6,12.7,,457,,exact,,,,,,,,,official_label,https://lxjchina.com.cn/upload/2026-05/177828991193340300.pdf,《老乡鸡菜品溯源报告2.0》菜品营养成分信息（每100g）,2026-04-30,https://lxjchina.com.cn/info.php?class_id=102106,官方《菜品溯源报告2.0》第三方检测4+1(热量/蛋白质/脂肪/碳水/钠)，基准为每100g；报告未逐项给出每份克重，故per-份数值需门店实际份量，未臆造。,A,,老乡鸡 青椒炒千张 热量; 老乡鸡 青椒炒千张 减脂; 老乡鸡 营养 热量表; 老乡鸡 减脂 怎么点,少油; 少盐,main_dish; moderate_protein; stir_fry,complete,2026-09-18,single_item,,门店实际每份克重(官方公示为每100g基准); 炒菜烹调油用量,,官方检测每100g：177kcal/蛋白12.4g/脂肪12.7g/碳水3.6g/钠457mg 为记录基准值(A级exact)。
laoxiangji-cn-011-suanlabaocai,老乡鸡,B,酸辣包菜,suanlabaocai,正餐菜品,老乡鸡在售菜品（官方溯源报告2.0分类：正餐菜品）。序号11/191。,100,g,95,1.5,4.5,8.0,,491,,exact,,,,,,,,,official_label,https://lxjchina.com.cn/upload/2026-05/177828991193340300.pdf,《老乡鸡菜品溯源报告2.0》菜品营养成分信息（每100g）,2026-04-30,https://lxjchina.com.cn/info.php?class_id=102106,官方《菜品溯源报告2.0》第三方检测4+1(热量/蛋白质/脂肪/碳水/钠)，基准为每100g；报告未逐项给出每份克重，故per-份数值需门店实际份量，未臆造。,A,,老乡鸡 酸辣包菜 热量; 老乡鸡 酸辣包菜 减脂; 老乡鸡 营养 热量表; 老乡鸡 减脂 怎么点,按需搭配蔬菜/减少主食,main_dish; carb_heavy,complete,2026-09-18,single_item,,门店实际每份克重(官方公示为每100g基准),,官方检测每100g：95kcal/蛋白1.5g/脂肪8.0g/碳水4.5g/钠491mg 为记录基准值(A级exact)。
laoxiangji-cn-012-suanlatudousi,老乡鸡,B,酸辣土豆丝,suanlatudousi,正餐菜品,老乡鸡在售菜品（官方溯源报告2.0分类：正餐菜品）。序号12/191。,100,g,103,1.6,12.2,5.3,,550,,exact,,,,,,,,,official_label,https://lxjchina.com.cn/upload/2026-05/177828991193340300.pdf,《老乡鸡菜品溯源报告2.0》菜品营养成分信息（每100g）,2026-04-30,https://lxjchina.com.cn/info.php?class_id=102106,官方《菜品溯源报告2.0》第三方检测4+1(热量/蛋白质/脂肪/碳水/钠)，基准为每100g；报告未逐项给出每份克重，故per-份数值需门店实际份量，未臆造。,A,,老乡鸡 酸辣土豆丝 热量; 老乡鸡 酸辣土豆丝 减脂; 老乡鸡 营养 热量表; 老乡鸡 减脂 怎么点,按需搭配蔬菜/减少主食,main_dish,complete,2026-09-18,single_item,,门店实际每份克重(官方公示为每100g基准),,官方检测每100g：103kcal/蛋白1.6g/脂肪5.3g/碳水12.2g/钠550mg 为记录基准值(A级exact)。
laoxiangji-cn-013-suantaichaomuer,老乡鸡,B,蒜苔炒木耳,suantaichaomuer,正餐菜品,老乡鸡在售菜品（官方溯源报告2.0分类：正餐菜品）。序号13/191。,100,g,129,2.1,10.5,8.8,,1120,,exact,,,,,,,,,official_label,https://lxjchina.com.cn/upload/2026-05/177828991193340300.pdf,《老乡鸡菜品溯源报告2.0》菜品营养成分信息（每100g）,2026-04-30,https://lxjchina.com.cn/info.php?class_id=102106,官方《菜品溯源报告2.0》第三方检测4+1(热量/蛋白质/脂肪/碳水/钠)，基准为每100g；报告未逐项给出每份克重，故per-份数值需门店实际份量，未臆造。,A,,老乡鸡 蒜苔炒木耳 热量; 老乡鸡 蒜苔炒木耳 减脂; 老乡鸡 营养 热量表; 老乡鸡 减脂 怎么点,少油; 少盐,main_dish; high_sodium; stir_fry,complete,2026-09-18,single_item,,门店实际每份克重(官方公示为每100g基准); 炒菜烹调油用量,,官方检测每100g：129kcal/蛋白2.1g/脂肪8.8g/碳水10.5g/钠1120mg 为记录基准值(A级exact)。
laoxiangji-cn-014-waipocaichaojidan,老乡鸡,B,外婆菜炒鸡蛋,waipocaichaojidan,正餐菜品,老乡鸡在售菜品（官方溯源报告2.0分类：正餐菜品）。序号14/191。,100,g,202,6.4,9.3,15.6,,876,,exact,,,,,,,,,official_label,https://lxjchina.com.cn/upload/2026-05/177828991193340300.pdf,《老乡鸡菜品溯源报告2.0》菜品营养成分信息（每100g）,2026-04-30,https://lxjchina.com.cn/info.php?class_id=102106,官方《菜品溯源报告2.0》第三方检测4+1(热量/蛋白质/脂肪/碳水/钠)，基准为每100g；报告未逐项给出每份克重，故per-份数值需门店实际份量，未臆造。,A,,老乡鸡 外婆菜炒鸡蛋 热量; 老乡鸡 外婆菜炒鸡蛋 减脂; 老乡鸡 营养 热量表; 老乡鸡 减脂 怎么点,少油; 少盐; 去皮; 只吃瘦肉部分,main_dish; stir_fry,complete,2026-09-18,single_item,,门店实际每份克重(官方公示为每100g基准); 炒菜烹调油用量,,官方检测每100g：202kcal/蛋白6.4g/脂肪15.6g/碳水9.3g/钠876mg 为记录基准值(A级exact)。
laoxiangji-cn-015-xihongshichaojidan,老乡鸡,B,西红柿炒鸡蛋,xihongshichaojidan,正餐菜品,老乡鸡在售菜品（官方溯源报告2.0分类：正餐菜品）。序号15/191。,100,g,139,4.2,4.4,11.8,,361,,exact,,,,,,,,,official_label,https://lxjchina.com.cn/upload/2026-05/177828991193340300.pdf,《老乡鸡菜品溯源报告2.0》菜品营养成分信息（每100g）,2026-04-30,https://m.trfsz.com/newsview1316060.html,"官方《菜品溯源报告2.0》第三方检测4+1(热量/蛋白质/脂肪/碳水/钠)，基准为每100g；报告未逐项给出每份克重，故per-份数值需门店实际份量，未臆造。 第三方per-份参考(非官方,无方法披露,C级)：泰然健康网(第三方,无称重方法)per-份≈163kcal；小红书'云朵裹着软晚风'(第三方,无方法)per-份≈163kcal。",A,,老乡鸡 西红柿炒鸡蛋 热量; 老乡鸡 西红柿炒鸡蛋 减脂; 老乡鸡 营养 热量表; 老乡鸡 减脂 怎么点,少油; 少盐; 去皮; 只吃瘦肉部分,main_dish; stir_fry,complete,2026-09-18,single_item,,门店实际每份克重(官方公示为每100g基准); 炒菜烹调油用量,,官方检测每100g：139kcal/蛋白4.2g/脂肪11.8g/碳水4.4g/钠361mg 为记录基准值(A级exact)。 第三方per-份估计：163/163kcal(区间见conflicting_sources)。
laoxiangji-cn-016-xiaochaobaocai,老乡鸡,B,小炒包菜,xiaochaobaocai,正餐菜品,老乡鸡在售菜品（官方溯源报告2.0分类：正餐菜品）。序号16/191。,100,g,97,5.3,2.0,7.6,,952,,exact,,,,,,,,,official_label,https://lxjchina.com.cn/upload/2026-05/177828991193340300.pdf,《老乡鸡菜品溯源报告2.0》菜品营养成分信息（每100g）,2026-04-30,https://lxjchina.com.cn/info.php?class_id=102106,官方《菜品溯源报告2.0》第三方检测4+1(热量/蛋白质/脂肪/碳水/钠)，基准为每100g；报告未逐项给出每份克重，故per-份数值需门店实际份量，未臆造。,A,,老乡鸡 小炒包菜 热量; 老乡鸡 小炒包菜 减脂; 老乡鸡 营养 热量表; 老乡鸡 减脂 怎么点,少油; 少盐,main_dish; stir_fry; carb_heavy,complete,2026-09-18,single_item,,门店实际每份克重(官方公示为每100g基准); 炒菜烹调油用量,,官方检测每100g：97kcal/蛋白5.3g/脂肪7.6g/碳水2.0g/钠952mg 为记录基准值(A级exact)。
laoxiangji-cn-017-xiaochaojiding,老乡鸡,B,小炒鸡丁,xiaochaojiding,正餐菜品,老乡鸡在售菜品（官方溯源报告2.0分类：正餐菜品）。序号17/191。,100,g,159,10.8,5.1,10.7,,763,,exact,,,,,,,,,official_label,https://lxjchina.com.cn/upload/2026-05/177828991193340300.pdf,《老乡鸡菜品溯源报告2.0》菜品营养成分信息（每100g）,2026-04-30,https://lxjchina.com.cn/info.php?class_id=102106,官方《菜品溯源报告2.0》第三方检测4+1(热量/蛋白质/脂肪/碳水/钠)，基准为每100g；报告未逐项给出每份克重，故per-份数值需门店实际份量，未臆造。,A,,老乡鸡 小炒鸡丁 热量; 老乡鸡 小炒鸡丁 减脂; 老乡鸡 营养 热量表; 老乡鸡 减脂 怎么点,少油; 少盐; 去皮; 只吃瘦肉部分,main_dish; moderate_protein; stir_fry,complete,2026-09-18,single_item,,门店实际每份克重(官方公示为每100g基准); 炒菜烹调油用量,,官方检测每100g：159kcal/蛋白10.8g/脂肪10.7g/碳水5.1g/钠763mg 为记录基准值(A级exact)。
laoxiangji-cn-018-xiaochaoxianggan,老乡鸡,B,小炒香干,xiaochaoxianggan,正餐菜品,老乡鸡在售菜品（官方溯源报告2.0分类：正餐菜品）。序号18/191。,100,g,164,15.4,5.5,8.9,,688,,exact,,,,,,,,,official_label,https://lxjchina.com.cn/upload/2026-05/177828991193340300.pdf,《老乡鸡菜品溯源报告2.0》菜品营养成分信息（每100g）,2026-04-30,https://lxjchina.com.cn/info.php?class_id=102106,官方《菜品溯源报告2.0》第三方检测4+1(热量/蛋白质/脂肪/碳水/钠)，基准为每100g；报告未逐项给出每份克重，故per-份数值需门店实际份量，未臆造。,A,,老乡鸡 小炒香干 热量; 老乡鸡 小炒香干 减脂; 老乡鸡 营养 热量表; 老乡鸡 减脂 怎么点,少油; 少盐,main_dish; high_protein; stir_fry,complete,2026-09-18,single_item,,门店实际每份克重(官方公示为每100g基准); 炒菜烹调油用量,,官方检测每100g：164kcal/蛋白15.4g/脂肪8.9g/碳水5.5g/钠688mg 为记录基准值(A级exact)。
laoxiangji-cn-019-yuxiangrousi,老乡鸡,B,鱼香肉丝,yuxiangrousi,正餐菜品,老乡鸡在售菜品（官方溯源报告2.0分类：正餐菜品）。序号19/191。,100,g,162,3.9,7.4,13.1,,1040,,exact,,,,,,,,,official_label,https://lxjchina.com.cn/upload/2026-05/177828991193340300.pdf,《老乡鸡菜品溯源报告2.0》菜品营养成分信息（每100g）,2026-04-30,https://lxjchina.com.cn/info.php?class_id=102106,官方《菜品溯源报告2.0》第三方检测4+1(热量/蛋白质/脂肪/碳水/钠)，基准为每100g；报告未逐项给出每份克重，故per-份数值需门店实际份量，未臆造。,A,,老乡鸡 鱼香肉丝 热量; 老乡鸡 鱼香肉丝 减脂; 老乡鸡 营养 热量表; 老乡鸡 减脂 怎么点,去皮; 只吃瘦肉部分,main_dish; high_sodium,complete,2026-09-18,single_item,,门店实际每份克重(官方公示为每100g基准),,官方检测每100g：162kcal/蛋白3.9g/脂肪13.1g/碳水7.4g/钠1040mg 为记录基准值(A级exact)。
laoxiangji-cn-020-xilanhuachaojixiongrou,老乡鸡,B,西兰花炒鸡胸肉,xilanhuachaojixiongrou,正餐菜品,老乡鸡在售菜品（官方溯源报告2.0分类：正餐菜品）。序号20/191。,100,g,94,8.3,3.5,5.2,,261,,exact,,,,,,,,,official_label,https://lxjchina.com.cn/upload/2026-05/177828991193340300.pdf,《老乡鸡菜品溯源报告2.0》菜品营养成分信息（每100g）,2026-04-30,https://lxjchina.com.cn/info.php?class_id=102106,官方《菜品溯源报告2.0》第三方检测4+1(热量/蛋白质/脂肪/碳水/钠)，基准为每100g；报告未逐项给出每份克重，故per-份数值需门店实际份量，未臆造。,A,,老乡鸡 西兰花炒鸡胸肉 热量; 老乡鸡 西兰花炒鸡胸肉 减脂; 老乡鸡 营养 热量表; 老乡鸡 减脂 怎么点,少油; 少盐; 去皮; 只吃瘦肉部分,main_dish; fat_loss_friendly; stir_fry,complete,2026-09-18,single_item,,门店实际每份克重(官方公示为每100g基准); 炒菜烹调油用量,,官方检测每100g：94kcal/蛋白8.3g/脂肪5.2g/碳水3.5g/钠261mg 为记录基准值(A级exact)。
laoxiangji-cn-021-sanbeiji,老乡鸡,B,三杯鸡,sanbeiji,正餐菜品,老乡鸡在售菜品（官方溯源报告2.0分类：正餐菜品）。序号21/191。,100,g,249,14.5,10.5,16.7,,589,,exact,,,,,,,,,official_label,https://lxjchina.com.cn/upload/2026-05/177828991193340300.pdf,《老乡鸡菜品溯源报告2.0》菜品营养成分信息（每100g）,2026-04-30,https://lxjchina.com.cn/info.php?class_id=102106,官方《菜品溯源报告2.0》第三方检测4+1(热量/蛋白质/脂肪/碳水/钠)，基准为每100g；报告未逐项给出每份克重，故per-份数值需门店实际份量，未臆造。,A,,老乡鸡 三杯鸡 热量; 老乡鸡 三杯鸡 减脂; 老乡鸡 营养 热量表; 老乡鸡 减脂 怎么点,去皮; 只吃瘦肉部分,main_dish; moderate_protein,complete,2026-09-18,single_item,,门店实际每份克重(官方公示为每100g基准),,官方检测每100g：249kcal/蛋白14.5g/脂肪16.7g/碳水10.5g/钠589mg 为记录基准值(A级exact)。
laoxiangji-cn-022-suantaichaojizhen,老乡鸡,B,蒜苔炒鸡胗,suantaichaojizhen,正餐菜品,老乡鸡在售菜品（官方溯源报告2.0分类：正餐菜品）。序号22/191。,100,g,150,9.7,7.8,8.9,,733,,exact,,,,,,,,,official_label,https://lxjchina.com.cn/upload/2026-05/177828991193340300.pdf,《老乡鸡菜品溯源报告2.0》菜品营养成分信息（每100g）,2026-04-30,https://lxjchina.com.cn/info.php?class_id=102106,官方《菜品溯源报告2.0》第三方检测4+1(热量/蛋白质/脂肪/碳水/钠)，基准为每100g；报告未逐项给出每份克重，故per-份数值需门店实际份量，未臆造。,A,,老乡鸡 蒜苔炒鸡胗 热量; 老乡鸡 蒜苔炒鸡胗 减脂; 老乡鸡 营养 热量表; 老乡鸡 减脂 怎么点,少油; 少盐; 去皮; 只吃瘦肉部分,main_dish; stir_fry,complete,2026-09-18,single_item,,门店实际每份克重(官方公示为每100g基准); 炒菜烹调油用量,,官方检测每100g：150kcal/蛋白9.7g/脂肪8.9g/碳水7.8g/钠733mg 为记录基准值(A级exact)。
laoxiangji-cn-023-baochaoniurou,老乡鸡,B,爆炒牛肉,baochaoniurou,正餐菜品,老乡鸡在售菜品（官方溯源报告2.0分类：正餐菜品）。序号23/191。,100,g,126,6.8,6.5,8.1,,844,,exact,,,,,,,,,official_label,https://lxjchina.com.cn/upload/2026-05/177828991193340300.pdf,《老乡鸡菜品溯源报告2.0》菜品营养成分信息（每100g）,2026-04-30,https://lxjchina.com.cn/info.php?class_id=102106,官方《菜品溯源报告2.0》第三方检测4+1(热量/蛋白质/脂肪/碳水/钠)，基准为每100g；报告未逐项给出每份克重，故per-份数值需门店实际份量，未臆造。,A,,老乡鸡 爆炒牛肉 热量; 老乡鸡 爆炒牛肉 减脂; 老乡鸡 营养 热量表; 老乡鸡 减脂 怎么点,少油; 少盐; 去皮; 只吃瘦肉部分,main_dish; stir_fry,complete,2026-09-18,single_item,,门店实际每份克重(官方公示为每100g基准); 炒菜烹调油用量,,官方检测每100g：126kcal/蛋白6.8g/脂肪8.1g/碳水6.5g/钠844mg 为记录基准值(A级exact)。
laoxiangji-cn-024-qingchaoxilanhua,老乡鸡,B,清炒西兰花,qingchaoxilanhua,正餐菜品,老乡鸡在售菜品（官方溯源报告2.0分类：正餐菜品）。序号24/191。,100,g,82,3.1,4.9,5.6,,346,,exact,,,,,,,,,official_label,https://lxjchina.com.cn/upload/2026-05/177828991193340300.pdf,《老乡鸡菜品溯源报告2.0》菜品营养成分信息（每100g）,2026-04-30,https://lxjchina.com.cn/info.php?class_id=102106,官方《菜品溯源报告2.0》第三方检测4+1(热量/蛋白质/脂肪/碳水/钠)，基准为每100g；报告未逐项给出每份克重，故per-份数值需门店实际份量，未臆造。,A,,老乡鸡 清炒西兰花 热量; 老乡鸡 清炒西兰花 减脂; 老乡鸡 营养 热量表; 老乡鸡 减脂 怎么点,少油; 少盐,main_dish; fat_loss_friendly; stir_fry,complete,2026-09-18,single_item,,门店实际每份克重(官方公示为每100g基准); 炒菜烹调油用量,,官方检测每100g：82kcal/蛋白3.1g/脂肪5.6g/碳水4.9g/钠346mg 为记录基准值(A级exact)。
laoxiangji-cn-025-qingchaomaobaicai,老乡鸡,B,清炒毛白菜,qingchaomaobaicai,正餐菜品,老乡鸡在售菜品（官方溯源报告2.0分类：正餐菜品）。序号25/191。,100,g,89,1.7,1.0,8.8,,398,,exact,,,,,,,,,official_label,https://lxjchina.com.cn/upload/2026-05/177828991193340300.pdf,《老乡鸡菜品溯源报告2.0》菜品营养成分信息（每100g）,2026-04-30,https://lxjchina.com.cn/info.php?class_id=102106,官方《菜品溯源报告2.0》第三方检测4+1(热量/蛋白质/脂肪/碳水/钠)，基准为每100g；报告未逐项给出每份克重，故per-份数值需门店实际份量，未臆造。,A,,老乡鸡 清炒毛白菜 热量; 老乡鸡 清炒毛白菜 减脂; 老乡鸡 营养 热量表; 老乡鸡 减脂 怎么点,少油; 少盐,main_dish; stir_fry,complete,2026-09-18,single_item,,门店实际每份克重(官方公示为每100g基准); 炒菜烹调油用量,,官方检测每100g：89kcal/蛋白1.7g/脂肪8.8g/碳水1.0g/钠398mg 为记录基准值(A级exact)。
laoxiangji-cn-026-suanlahaidaisi,老乡鸡,B,酸辣海带丝,suanlahaidaisi,正餐菜品,老乡鸡在售菜品（官方溯源报告2.0分类：正餐菜品）。序号26/191。,100,g,92,1.7,5.8,7.0,,851,,exact,,,,,,,,,official_label,https://lxjchina.com.cn/upload/2026-05/177828991193340300.pdf,《老乡鸡菜品溯源报告2.0》菜品营养成分信息（每100g）,2026-04-30,https://lxjchina.com.cn/info.php?class_id=102106,官方《菜品溯源报告2.0》第三方检测4+1(热量/蛋白质/脂肪/碳水/钠)，基准为每100g；报告未逐项给出每份克重，故per-份数值需门店实际份量，未臆造。,A,,老乡鸡 酸辣海带丝 热量; 老乡鸡 酸辣海带丝 减脂; 老乡鸡 营养 热量表; 老乡鸡 减脂 怎么点,按需搭配蔬菜/减少主食,main_dish,complete,2026-09-18,single_item,,门店实际每份克重(官方公示为每100g基准),,官方检测每100g：92kcal/蛋白1.7g/脂肪7.0g/碳水5.8g/钠851mg 为记录基准值(A级exact)。
laoxiangji-cn-027-qingchaooupian,老乡鸡,B,清炒藕片,qingchaooupian,正餐菜品,老乡鸡在售菜品（官方溯源报告2.0分类：正餐菜品）。序号27/191。,100,g,101,1.3,14.0,4.4,,382,,exact,,,,,,,,,official_label,https://lxjchina.com.cn/upload/2026-05/177828991193340300.pdf,《老乡鸡菜品溯源报告2.0》菜品营养成分信息（每100g）,2026-04-30,https://lxjchina.com.cn/info.php?class_id=102106,官方《菜品溯源报告2.0》第三方检测4+1(热量/蛋白质/脂肪/碳水/钠)，基准为每100g；报告未逐项给出每份克重，故per-份数值需门店实际份量，未臆造。,A,,老乡鸡 清炒藕片 热量; 老乡鸡 清炒藕片 减脂; 老乡鸡 营养 热量表; 老乡鸡 减脂 怎么点,少油; 少盐,main_dish; stir_fry,complete,2026-09-18,single_item,,门店实际每份克重(官方公示为每100g基准); 炒菜烹调油用量,,官方检测每100g：101kcal/蛋白1.3g/脂肪4.4g/碳水14.0g/钠382mg 为记录基准值(A级exact)。
laoxiangji-cn-028-qingjiaochaoqianzhang-xiaofen,老乡鸡,B,青椒炒千张（小份）,qingjiaochaoqianzhang,正餐菜品,老乡鸡在售菜品（官方溯源报告2.0分类：正餐菜品）。序号28/191。,100,g,190,13.8,2.6,13.9,,416,,exact,,,,,,,,,official_label,https://lxjchina.com.cn/upload/2026-05/177828991193340300.pdf,《老乡鸡菜品溯源报告2.0》菜品营养成分信息（每100g）,2026-04-30,https://lxjchina.com.cn/info.php?class_id=102106,官方《菜品溯源报告2.0》第三方检测4+1(热量/蛋白质/脂肪/碳水/钠)，基准为每100g；报告未逐项给出每份克重，故per-份数值需门店实际份量，未臆造。,A,,老乡鸡 青椒炒千张（小份） 热量; 老乡鸡 青椒炒千张（小份） 减脂; 老乡鸡 营养 热量表; 老乡鸡 减脂 怎么点,少油; 少盐,main_dish; moderate_protein; stir_fry,complete,2026-09-18,single_item,,门店实际每份克重(官方公示为每100g基准); 炒菜烹调油用量,,官方检测每100g：190kcal/蛋白13.8g/脂肪13.9g/碳水2.6g/钠416mg 为记录基准值(A级exact)。
laoxiangji-cn-029-qingjiaotudousi,老乡鸡,B,青椒土豆丝,qingjiaotudousi,正餐菜品,老乡鸡在售菜品（官方溯源报告2.0分类：正餐菜品）。序号29/191。,100,g,104,1.4,8.4,7.3,,4668,,exact,,,,,,,,,official_label,https://lxjchina.com.cn/upload/2026-05/177828991193340300.pdf,《老乡鸡菜品溯源报告2.0》菜品营养成分信息（每100g）,2026-04-30,https://lxjchina.com.cn/info.php?class_id=102106,官方《菜品溯源报告2.0》第三方检测4+1(热量/蛋白质/脂肪/碳水/钠)，基准为每100g；报告未逐项给出每份克重，故per-份数值需门店实际份量，未臆造。 ⚠️钠4668mg/100g 为明显异常高值(同类青椒菜约400-800mg)，疑为报告排版/录入错误(或应为466)；按官方原文照录，未擅改。,A,,老乡鸡 青椒土豆丝 热量; 老乡鸡 青椒土豆丝 减脂; 老乡鸡 营养 热量表; 老乡鸡 减脂 怎么点,按需搭配蔬菜/减少主食,main_dish; high_sodium,complete,2026-09-18,single_item,,门店实际每份克重(官方公示为每100g基准),,官方检测每100g：104kcal/蛋白1.4g/脂肪7.3g/碳水8.4g/钠4668mg 为记录基准值(A级exact)。
laoxiangji-cn-030-wosunsichaojidan,老乡鸡,B,莴笋丝炒鸡蛋,wosunsichaojidan,正餐菜品,老乡鸡在售菜品（官方溯源报告2.0分类：正餐菜品）。序号30/191。,100,g,144,4.4,1.7,13.5,,665,,exact,,,,,,,,,official_label,https://lxjchina.com.cn/upload/2026-05/177828991193340300.pdf,《老乡鸡菜品溯源报告2.0》菜品营养成分信息（每100g）,2026-04-30,https://lxjchina.com.cn/info.php?class_id=102106,官方《菜品溯源报告2.0》第三方检测4+1(热量/蛋白质/脂肪/碳水/钠)，基准为每100g；报告未逐项给出每份克重，故per-份数值需门店实际份量，未臆造。,A,,老乡鸡 莴笋丝炒鸡蛋 热量; 老乡鸡 莴笋丝炒鸡蛋 减脂; 老乡鸡 营养 热量表; 老乡鸡 减脂 怎么点,少油; 少盐; 去皮; 只吃瘦肉部分,main_dish; stir_fry,complete,2026-09-18,single_item,,门店实际每份克重(官方公示为每100g基准); 炒菜烹调油用量,,官方检测每100g：144kcal/蛋白4.4g/脂肪13.5g/碳水1.7g/钠665mg 为记录基准值(A级exact)。
laoxiangji-cn-031-xiaochaocuisun,老乡鸡,B,小炒脆笋,xiaochaocuisun,正餐菜品,老乡鸡在售菜品（官方溯源报告2.0分类：正餐菜品）。序号31/191。,100,g,144,8.2,2.5,11.4,,470,,exact,,,,,,,,,official_label,https://lxjchina.com.cn/upload/2026-05/177828991193340300.pdf,《老乡鸡菜品溯源报告2.0》菜品营养成分信息（每100g）,2026-04-30,https://lxjchina.com.cn/info.php?class_id=102106,官方《菜品溯源报告2.0》第三方检测4+1(热量/蛋白质/脂肪/碳水/钠)，基准为每100g；报告未逐项给出每份克重，故per-份数值需门店实际份量，未臆造。,A,,老乡鸡 小炒脆笋 热量; 老乡鸡 小炒脆笋 减脂; 老乡鸡 营养 热量表; 老乡鸡 减脂 怎么点,少油; 少盐,main_dish; stir_fry,complete,2026-09-18,single_item,,门店实际每份克重(官方公示为每100g基准); 炒菜烹调油用量,,官方检测每100g：144kcal/蛋白8.2g/脂肪11.4g/碳水2.5g/钠470mg 为记录基准值(A级exact)。
laoxiangji-cn-032-doupimaobaicai,老乡鸡,B,豆皮毛白菜,doupimaobaicai,正餐菜品,老乡鸡在售菜品（官方溯源报告2.0分类：正餐菜品）。序号32/191。,100,g,113,2.8,1.7,10.7,,445,,exact,,,,,,,,,official_label,https://lxjchina.com.cn/upload/2026-05/177828991193340300.pdf,《老乡鸡菜品溯源报告2.0》菜品营养成分信息（每100g）,2026-04-30,https://lxjchina.com.cn/info.php?class_id=102106,官方《菜品溯源报告2.0》第三方检测4+1(热量/蛋白质/脂肪/碳水/钠)，基准为每100g；报告未逐项给出每份克重，故per-份数值需门店实际份量，未臆造。,A,,老乡鸡 豆皮毛白菜 热量; 老乡鸡 豆皮毛白菜 减脂; 老乡鸡 营养 热量表; 老乡鸡 减脂 怎么点,按需搭配蔬菜/减少主食,main_dish,complete,2026-09-18,single_item,,门店实际每份克重(官方公示为每100g基准),,官方检测每100g：113kcal/蛋白2.8g/脂肪10.7g/碳水1.7g/钠445mg 为记录基准值(A级exact)。
laoxiangji-cn-033-duojiaomuerchaojidan,老乡鸡,B,剁椒木耳炒鸡蛋,duojiaomuerchaojidan,正餐菜品,老乡鸡在售菜品（官方溯源报告2.0分类：正餐菜品）。序号33/191。,100,g,179,6.2,4.5,15.3,,590,,exact,,,,,,,,,official_label,https://lxjchina.com.cn/upload/2026-05/177828991193340300.pdf,《老乡鸡菜品溯源报告2.0》菜品营养成分信息（每100g）,2026-04-30,https://lxjchina.com.cn/info.php?class_id=102106,官方《菜品溯源报告2.0》第三方检测4+1(热量/蛋白质/脂肪/碳水/钠)，基准为每100g；报告未逐项给出每份克重，故per-份数值需门店实际份量，未臆造。,A,,老乡鸡 剁椒木耳炒鸡蛋 热量; 老乡鸡 剁椒木耳炒鸡蛋 减脂; 老乡鸡 营养 热量表; 老乡鸡 减脂 怎么点,少油; 少盐; 去皮; 只吃瘦肉部分,main_dish; stir_fry,complete,2026-09-18,single_item,,门店实际每份克重(官方公示为每100g基准); 炒菜烹调油用量,,官方检测每100g：179kcal/蛋白6.2g/脂肪15.3g/碳水4.5g/钠590mg 为记录基准值(A级exact)。
laoxiangji-cn-034-guizhoufengweilaziji,老乡鸡,B,贵州风味辣子鸡,guizhoufengweilaziji,正餐菜品,老乡鸡在售菜品（官方溯源报告2.0分类：正餐菜品）。序号34/191。,100,g,266,16.1,4.0,20.9,,1030,,exact,,,,,,,,,official_label,https://lxjchina.com.cn/upload/2026-05/177828991193340300.pdf,《老乡鸡菜品溯源报告2.0》菜品营养成分信息（每100g）,2026-04-30,https://lxjchina.com.cn/info.php?class_id=102106,官方《菜品溯源报告2.0》第三方检测4+1(热量/蛋白质/脂肪/碳水/钠)，基准为每100g；报告未逐项给出每份克重，故per-份数值需门店实际份量，未臆造。,A,,老乡鸡 贵州风味辣子鸡 热量; 老乡鸡 贵州风味辣子鸡 减脂; 老乡鸡 营养 热量表; 老乡鸡 减脂 怎么点,去皮; 只吃瘦肉部分,main_dish; high_protein; high_fat; high_sodium,complete,2026-09-18,single_item,,门店实际每份克重(官方公示为每100g基准),,官方检测每100g：266kcal/蛋白16.1g/脂肪20.9g/碳水4.0g/钠1030mg 为记录基准值(A级exact)。
laoxiangji-cn-035-qingchaowuxincai,老乡鸡,B,清炒乌心菜,qingchaowuxincai,正餐菜品,老乡鸡在售菜品（官方溯源报告2.0分类：正餐菜品）。序号35/191。,100,g,110,1.8,2.7,10.4,,231,,exact,,,,,,,,,official_label,https://lxjchina.com.cn/upload/2026-05/177828991193340300.pdf,《老乡鸡菜品溯源报告2.0》菜品营养成分信息（每100g）,2026-04-30,https://lxjchina.com.cn/info.php?class_id=102106,官方《菜品溯源报告2.0》第三方检测4+1(热量/蛋白质/脂肪/碳水/钠)，基准为每100g；报告未逐项给出每份克重，故per-份数值需门店实际份量，未臆造。,A,,老乡鸡 清炒乌心菜 热量; 老乡鸡 清炒乌心菜 减脂; 老乡鸡 营养 热量表; 老乡鸡 减脂 怎么点,少油; 少盐,main_dish; stir_fry,complete,2026-09-18,single_item,,门店实际每份克重(官方公示为每100g基准); 炒菜烹调油用量,,官方检测每100g：110kcal/蛋白1.8g/脂肪10.4g/碳水2.7g/钠231mg 为记录基准值(A级exact)。
laoxiangji-cn-036-jiachangxiaochao,老乡鸡,B,家常小炒,jiachangxiaochao,正餐菜品,老乡鸡在售菜品（官方溯源报告2.0分类：正餐菜品）。序号36/191。,100,g,125,6.0,5.5,8.9,,503,,exact,,,,,,,,,official_label,https://lxjchina.com.cn/upload/2026-05/177828991193340300.pdf,《老乡鸡菜品溯源报告2.0》菜品营养成分信息（每100g）,2026-04-30,https://lxjchina.com.cn/info.php?class_id=102106,官方《菜品溯源报告2.0》第三方检测4+1(热量/蛋白质/脂肪/碳水/钠)，基准为每100g；报告未逐项给出每份克重，故per-份数值需门店实际份量，未臆造。,A,,老乡鸡 家常小炒 热量; 老乡鸡 家常小炒 减脂; 老乡鸡 营养 热量表; 老乡鸡 减脂 怎么点,少油; 少盐,main_dish; stir_fry,complete,2026-09-18,single_item,,门店实际每份克重(官方公示为每100g基准); 炒菜烹调油用量,,官方检测每100g：125kcal/蛋白6.0g/脂肪8.9g/碳水5.5g/钠503mg 为记录基准值(A级exact)。
laoxiangji-cn-037-suanhuangchaojidan,老乡鸡,B,蒜黄炒鸡蛋,suanhuangchaojidan,正餐菜品,老乡鸡在售菜品（官方溯源报告2.0分类：正餐菜品）。序号37/191。,100,g,114,4.2,3.3,9.4,,475,,exact,,,,,,,,,official_label,https://lxjchina.com.cn/upload/2026-05/177828991193340300.pdf,《老乡鸡菜品溯源报告2.0》菜品营养成分信息（每100g）,2026-04-30,https://lxjchina.com.cn/info.php?class_id=102106,官方《菜品溯源报告2.0》第三方检测4+1(热量/蛋白质/脂肪/碳水/钠)，基准为每100g；报告未逐项给出每份克重，故per-份数值需门店实际份量，未臆造。,A,,老乡鸡 蒜黄炒鸡蛋 热量; 老乡鸡 蒜黄炒鸡蛋 减脂; 老乡鸡 营养 热量表; 老乡鸡 减脂 怎么点,少油; 少盐; 去皮; 只吃瘦肉部分,main_dish; stir_fry,complete,2026-09-18,single_item,,门店实际每份克重(官方公示为每100g基准); 炒菜烹调油用量,,官方检测每100g：114kcal/蛋白4.2g/脂肪9.4g/碳水3.3g/钠475mg 为记录基准值(A级exact)。
laoxiangji-cn-038-qingchaochuncai,老乡鸡,B,清炒春菜,qingchaochuncai,正餐菜品,老乡鸡在售菜品（官方溯源报告2.0分类：正餐菜品）。序号38/191。,100,g,36,1.5,2.9,2.1,,337,,exact,,,,,,,,,official_label,https://lxjchina.com.cn/upload/2026-05/177828991193340300.pdf,《老乡鸡菜品溯源报告2.0》菜品营养成分信息（每100g）,2026-04-30,https://lxjchina.com.cn/info.php?class_id=102106,官方《菜品溯源报告2.0》第三方检测4+1(热量/蛋白质/脂肪/碳水/钠)，基准为每100g；报告未逐项给出每份克重，故per-份数值需门店实际份量，未臆造。,A,,老乡鸡 清炒春菜 热量; 老乡鸡 清炒春菜 减脂; 老乡鸡 营养 热量表; 老乡鸡 减脂 怎么点,少油; 少盐,main_dish; fat_loss_friendly; stir_fry,complete,2026-09-18,single_item,,门店实际每份克重(官方公示为每100g基准); 炒菜烹调油用量,,官方检测每100g：36kcal/蛋白1.5g/脂肪2.1g/碳水2.9g/钠337mg 为记录基准值(A级exact)。
laoxiangji-cn-039-qingchaocaixin,老乡鸡,B,清炒菜心,qingchaocaixin,正餐菜品,老乡鸡在售菜品（官方溯源报告2.0分类：正餐菜品）。序号39/191。,100,g,67,2.5,4.1,4.5,,861,,exact,,,,,,,,,official_label,https://lxjchina.com.cn/upload/2026-05/177828991193340300.pdf,《老乡鸡菜品溯源报告2.0》菜品营养成分信息（每100g）,2026-04-30,https://lxjchina.com.cn/info.php?class_id=102106,官方《菜品溯源报告2.0》第三方检测4+1(热量/蛋白质/脂肪/碳水/钠)，基准为每100g；报告未逐项给出每份克重，故per-份数值需门店实际份量，未臆造。,A,,老乡鸡 清炒菜心 热量; 老乡鸡 清炒菜心 减脂; 老乡鸡 营养 热量表; 老乡鸡 减脂 怎么点,少油; 少盐,main_dish; stir_fry,complete,2026-09-18,single_item,,门店实际每份克重(官方公示为每100g基准); 炒菜烹调油用量,,官方检测每100g：67kcal/蛋白2.5g/脂肪4.5g/碳水4.1g/钠861mg 为记录基准值(A级exact)。
laoxiangji-cn-040-qingchaotacai,老乡鸡,B,清炒塔菜,qingchaotacai,正餐菜品,老乡鸡在售菜品（官方溯源报告2.0分类：正餐菜品）。序号40/191。,100,g,52,2.7,2.5,3.5,,347,,exact,,,,,,,,,official_label,https://lxjchina.com.cn/upload/2026-05/177828991193340300.pdf,《老乡鸡菜品溯源报告2.0》菜品营养成分信息（每100g）,2026-04-30,https://lxjchina.com.cn/info.php?class_id=102106,官方《菜品溯源报告2.0》第三方检测4+1(热量/蛋白质/脂肪/碳水/钠)，基准为每100g；报告未逐项给出每份克重，故per-份数值需门店实际份量，未臆造。,A,,老乡鸡 清炒塔菜 热量; 老乡鸡 清炒塔菜 减脂; 老乡鸡 营养 热量表; 老乡鸡 减脂 怎么点,少油; 少盐,main_dish; fat_loss_friendly; stir_fry,complete,2026-09-18,single_item,,门店实际每份克重(官方公示为每100g基准); 炒菜烹调油用量,,官方检测每100g：52kcal/蛋白2.7g/脂肪3.5g/碳水2.5g/钠347mg 为记录基准值(A级exact)。
laoxiangji-cn-041-baicaidundoufu,老乡鸡,B,白菜炖豆腐,baicaidundoufu,正餐菜品,老乡鸡在售菜品（官方溯源报告2.0分类：正餐菜品）。序号41/191。,100,g,70,6.1,2.7,3.9,,412,,exact,,,,,,,,,official_label,https://lxjchina.com.cn/upload/2026-05/177828991193340300.pdf,《老乡鸡菜品溯源报告2.0》菜品营养成分信息（每100g）,2026-04-30,https://m.trfsz.com/newsview1316060.html,"官方《菜品溯源报告2.0》第三方检测4+1(热量/蛋白质/脂肪/碳水/钠)，基准为每100g；报告未逐项给出每份克重，故per-份数值需门店实际份量，未臆造。 第三方per-份参考(非官方,无方法披露,C级)：泰然健康网(第三方,无称重方法)per-份≈100kcal；小红书'云朵裹着软晚风'(第三方,无方法)per-份≈100kcal。",A,,老乡鸡 白菜炖豆腐 热量; 老乡鸡 白菜炖豆腐 减脂; 老乡鸡 营养 热量表; 老乡鸡 减脂 怎么点,按需搭配蔬菜/减少主食,main_dish; fat_loss_friendly; steamed_or_stewed,complete,2026-09-18,single_item,,门店实际每份克重(官方公示为每100g基准),,官方检测每100g：70kcal/蛋白6.1g/脂肪3.9g/碳水2.7g/钠412mg 为记录基准值(A级exact)。 第三方per-份估计：100/100kcal(区间见conflicting_sources)。
laoxiangji-cn-042-jinqiubanlishaoji,老乡鸡,B,金秋板栗烧鸡,jinqiubanlishaoji,正餐菜品,老乡鸡在售菜品（官方溯源报告2.0分类：正餐菜品）。序号42/191。,100,g,185,14.6,10.9,9.2,,702,,exact,,,,,,,,,official_label,https://lxjchina.com.cn/upload/2026-05/177828991193340300.pdf,《老乡鸡菜品溯源报告2.0》菜品营养成分信息（每100g）,2026-04-30,https://m.trfsz.com/newsview1316060.html,"官方《菜品溯源报告2.0》第三方检测4+1(热量/蛋白质/脂肪/碳水/钠)，基准为每100g；报告未逐项给出每份克重，故per-份数值需门店实际份量，未臆造。 第三方per-份参考(非官方,无方法披露,C级)：泰然健康网(第三方,无称重方法)per-份≈400kcal。",A,,老乡鸡 金秋板栗烧鸡 热量; 老乡鸡 金秋板栗烧鸡 减脂; 老乡鸡 营养 热量表; 老乡鸡 减脂 怎么点,少油; 少盐; 去皮; 只吃瘦肉部分,main_dish; moderate_protein,complete,2026-09-18,single_item,,门店实际每份克重(官方公示为每100g基准); 酱汁/糖油量,,官方检测每100g：185kcal/蛋白14.6g/脂肪9.2g/碳水10.9g/钠702mg 为记录基准值(A级exact)。 第三方per-份估计：400kcal(区间见conflicting_sources)。
laoxiangji-cn-043-xiaojidunmogu,老乡鸡,B,小鸡炖蘑菇,xiaojidunmogu,正餐菜品,老乡鸡在售菜品（官方溯源报告2.0分类：正餐菜品）。序号43/191。,100,g,131,13.2,3.6,7.1,,407,,exact,,,,,,,,,official_label,https://lxjchina.com.cn/upload/2026-05/177828991193340300.pdf,《老乡鸡菜品溯源报告2.0》菜品营养成分信息（每100g）,2026-04-30,https://lxjchina.com.cn/info.php?class_id=102106,官方《菜品溯源报告2.0》第三方检测4+1(热量/蛋白质/脂肪/碳水/钠)，基准为每100g；报告未逐项给出每份克重，故per-份数值需门店实际份量，未臆造。,A,,老乡鸡 小鸡炖蘑菇 热量; 老乡鸡 小鸡炖蘑菇 减脂; 老乡鸡 营养 热量表; 老乡鸡 减脂 怎么点,去皮; 只吃瘦肉部分,main_dish; moderate_protein; steamed_or_stewed,complete,2026-09-18,single_item,,门店实际每份克重(官方公示为每100g基准),,官方检测每100g：131kcal/蛋白13.2g/脂肪7.1g/碳水3.6g/钠407mg 为记录基准值(A级exact)。
laoxiangji-cn-044-jinpailaomujitang,老乡鸡,B,金牌老母鸡汤,jinpailaomujitang,正餐菜品,老乡鸡在售菜品（官方溯源报告2.0分类：正餐菜品）。序号44/191。,100,g,38,3.8,1.4,1.8,,248,,exact,,,,,,,,,official_label,https://lxjchina.com.cn/upload/2026-05/177828991193340300.pdf,《老乡鸡菜品溯源报告2.0》菜品营养成分信息（每100g）,2026-04-30,https://lxjchina.com.cn/info.php?class_id=102106,官方《菜品溯源报告2.0》第三方检测4+1(热量/蛋白质/脂肪/碳水/钠)，基准为每100g；报告未逐项给出每份克重，故per-份数值需门店实际份量，未臆造。,A,"官方宣传：热量≈38.7kcal/100g、含15种氨基酸(营销口径,不替代检测值)",老乡鸡 金牌老母鸡汤 热量; 老乡鸡 金牌老母鸡汤 减脂; 老乡鸡 营养 热量表; 老乡鸡 减脂 怎么点,去皮; 只吃瘦肉部分; 少喝汤(降钠),main_dish; fat_loss_friendly; soup,complete,2026-09-18,single_item,,门店实际每份克重(官方公示为每100g基准); 是否喝汤; 汤量,,官方检测每100g：38kcal/蛋白3.8g/脂肪1.8g/碳水1.4g/钠248mg 为记录基准值(A级exact)。
laoxiangji-cn-045-shanyaolianzijitang,老乡鸡,B,山药莲子鸡汤,shanyaolianzijitang,正餐菜品,老乡鸡在售菜品（官方溯源报告2.0分类：正餐菜品）。序号45/191。,100,g,51,4.2,4.0,2.0,,473,,exact,,,,,,,,,official_label,https://lxjchina.com.cn/upload/2026-05/177828991193340300.pdf,《老乡鸡菜品溯源报告2.0》菜品营养成分信息（每100g）,2026-04-30,https://lxjchina.com.cn/info.php?class_id=102106,官方《菜品溯源报告2.0》第三方检测4+1(热量/蛋白质/脂肪/碳水/钠)，基准为每100g；报告未逐项给出每份克重，故per-份数值需门店实际份量，未臆造。,A,,老乡鸡 山药莲子鸡汤 热量; 老乡鸡 山药莲子鸡汤 减脂; 老乡鸡 营养 热量表; 老乡鸡 减脂 怎么点,去皮; 只吃瘦肉部分; 少喝汤(降钠),main_dish; fat_loss_friendly; soup,complete,2026-09-18,single_item,,门店实际每份克重(官方公示为每100g基准); 是否喝汤; 汤量,,官方检测每100g：51kcal/蛋白4.2g/脂肪2.0g/碳水4.0g/钠473mg 为记录基准值(A级exact)。
laoxiangji-cn-046-mizhiluroufan,老乡鸡,B,秘汁卤肉饭,mizhiluroufan,正餐菜品,老乡鸡在售菜品（官方溯源报告2.0分类：正餐菜品）。序号46/191。,100,g,157,4.8,24.1,4.4,,218,,exact,,,,,,,,,official_label,https://lxjchina.com.cn/upload/2026-05/177828991193340300.pdf,《老乡鸡菜品溯源报告2.0》菜品营养成分信息（每100g）,2026-04-30,https://lxjchina.com.cn/info.php?class_id=102106,官方《菜品溯源报告2.0》第三方检测4+1(热量/蛋白质/脂肪/碳水/钠)，基准为每100g；报告未逐项给出每份克重，故per-份数值需门店实际份量，未臆造。,A,,老乡鸡 秘汁卤肉饭 热量; 老乡鸡 秘汁卤肉饭 减脂; 老乡鸡 营养 热量表; 老乡鸡 减脂 怎么点,米饭/主食减半; 少酱汁; 去皮; 只吃瘦肉部分,main_dish; carb_heavy,complete,2026-09-18,single_item,,门店实际每份克重(官方公示为每100g基准); 酱汁/糖油量,,官方检测每100g：157kcal/蛋白4.8g/脂肪4.4g/碳水24.1g/钠218mg 为记录基准值(A级exact)。
laoxiangji-cn-047-sunzijidinggaifan-caitai,老乡鸡,B,笋子鸡丁盖饭（菜苔版）,sunzijidinggaifan,正餐菜品,老乡鸡在售菜品（官方溯源报告2.0分类：正餐菜品）。序号47/191。,100,g,172,4.5,23.8,6.5,,364,,exact,,,,,,,,,official_label,https://lxjchina.com.cn/upload/2026-05/177828991193340300.pdf,《老乡鸡菜品溯源报告2.0》菜品营养成分信息（每100g）,2026-04-30,https://lxjchina.com.cn/info.php?class_id=102106,官方《菜品溯源报告2.0》第三方检测4+1(热量/蛋白质/脂肪/碳水/钠)，基准为每100g；报告未逐项给出每份克重，故per-份数值需门店实际份量，未臆造。,A,,老乡鸡 笋子鸡丁盖饭（菜苔版） 热量; 老乡鸡 笋子鸡丁盖饭（菜苔版） 减脂; 老乡鸡 营养 热量表; 老乡鸡 减脂 怎么点,米饭/主食减半; 少酱汁; 去皮; 只吃瘦肉部分,main_dish; carb_heavy,complete,2026-09-18,single_item,,门店实际每份克重(官方公示为每100g基准); 米饭实际份量; 酱汁份量,,官方检测每100g：172kcal/蛋白4.5g/脂肪6.5g/碳水23.8g/钠364mg 为记录基准值(A级exact)。
laoxiangji-cn-048-yuxiangrousigaifan-caitai,老乡鸡,B,鱼香肉丝盖饭（菜苔版）,yuxiangrousigaifan,正餐菜品,老乡鸡在售菜品（官方溯源报告2.0分类：正餐菜品）。序号48/191。,100,g,153,4.2,22.3,5.1,,256,,exact,,,,,,,,,official_label,https://lxjchina.com.cn/upload/2026-05/177828991193340300.pdf,《老乡鸡菜品溯源报告2.0》菜品营养成分信息（每100g）,2026-04-30,https://lxjchina.com.cn/info.php?class_id=102106,官方《菜品溯源报告2.0》第三方检测4+1(热量/蛋白质/脂肪/碳水/钠)，基准为每100g；报告未逐项给出每份克重，故per-份数值需门店实际份量，未臆造。,A,,老乡鸡 鱼香肉丝盖饭（菜苔版） 热量; 老乡鸡 鱼香肉丝盖饭（菜苔版） 减脂; 老乡鸡 营养 热量表; 老乡鸡 减脂 怎么点,米饭/主食减半; 少酱汁; 去皮; 只吃瘦肉部分,main_dish; carb_heavy,complete,2026-09-18,single_item,,门店实际每份克重(官方公示为每100g基准); 米饭实际份量; 酱汁份量,,官方检测每100g：153kcal/蛋白4.2g/脂肪5.1g/碳水22.3g/钠256mg 为记录基准值(A级exact)。
laoxiangji-cn-049-yuxiangrousigaifan-baocai,老乡鸡,B,鱼香肉丝盖饭（包菜版）,yuxiangrousigaifan,正餐菜品,老乡鸡在售菜品（官方溯源报告2.0分类：正餐菜品）。序号49/191。,100,g,148,4.3,23.2,4.1,,232,,exact,,,,,,,,,official_label,https://lxjchina.com.cn/upload/2026-05/177828991193340300.pdf,《老乡鸡菜品溯源报告2.0》菜品营养成分信息（每100g）,2026-04-30,https://lxjchina.com.cn/info.php?class_id=102106,官方《菜品溯源报告2.0》第三方检测4+1(热量/蛋白质/脂肪/碳水/钠)，基准为每100g；报告未逐项给出每份克重，故per-份数值需门店实际份量，未臆造。,A,,老乡鸡 鱼香肉丝盖饭（包菜版） 热量; 老乡鸡 鱼香肉丝盖饭（包菜版） 减脂; 老乡鸡 营养 热量表; 老乡鸡 减脂 怎么点,米饭/主食减半; 少酱汁; 去皮; 只吃瘦肉部分,main_dish; carb_heavy,complete,2026-09-18,single_item,,门店实际每份克重(官方公示为每100g基准); 米饭实际份量; 酱汁份量,,官方检测每100g：148kcal/蛋白4.3g/脂肪4.1g/碳水23.2g/钠232mg 为记录基准值(A级exact)。
laoxiangji-cn-050-sunzijidinggaifan-baocai,老乡鸡,B,笋子鸡丁盖饭（包菜版）,sunzijidinggaifan,正餐菜品,老乡鸡在售菜品（官方溯源报告2.0分类：正餐菜品）。序号50/191。,100,g,171,5.6,21.7,6.8,,353,,exact,,,,,,,,,official_label,https://lxjchina.com.cn/upload/2026-05/177828991193340300.pdf,《老乡鸡菜品溯源报告2.0》菜品营养成分信息（每100g）,2026-04-30,https://lxjchina.com.cn/info.php?class_id=102106,官方《菜品溯源报告2.0》第三方检测4+1(热量/蛋白质/脂肪/碳水/钠)，基准为每100g；报告未逐项给出每份克重，故per-份数值需门店实际份量，未臆造。,A,,老乡鸡 笋子鸡丁盖饭（包菜版） 热量; 老乡鸡 笋子鸡丁盖饭（包菜版） 减脂; 老乡鸡 营养 热量表; 老乡鸡 减脂 怎么点,米饭/主食减半; 少酱汁; 去皮; 只吃瘦肉部分,main_dish; carb_heavy,complete,2026-09-18,single_item,,门店实际每份克重(官方公示为每100g基准); 米饭实际份量; 酱汁份量,,官方检测每100g：171kcal/蛋白5.6g/脂肪6.8g/碳水21.7g/钠353mg 为记录基准值(A级exact)。
laoxiangji-cn-051-xihongshichaojidangaifan,老乡鸡,B,西红柿炒鸡蛋盖饭,xihongshichaojidangaifan,正餐菜品,老乡鸡在售菜品（官方溯源报告2.0分类：正餐菜品）。序号51/191。,100,g,149,5.0,21.3,4.8,,334,,exact,,,,,,,,,official_label,https://lxjchina.com.cn/upload/2026-05/177828991193340300.pdf,《老乡鸡菜品溯源报告2.0》菜品营养成分信息（每100g）,2026-04-30,https://lxjchina.com.cn/info.php?class_id=102106,官方《菜品溯源报告2.0》第三方检测4+1(热量/蛋白质/脂肪/碳水/钠)，基准为每100g；报告未逐项给出每份克重，故per-份数值需门店实际份量，未臆造。,A,,老乡鸡 西红柿炒鸡蛋盖饭 热量; 老乡鸡 西红柿炒鸡蛋盖饭 减脂; 老乡鸡 营养 热量表; 老乡鸡 减脂 怎么点,米饭/主食减半; 少酱汁; 少油; 少盐,main_dish; stir_fry; carb_heavy,complete,2026-09-18,single_item,,门店实际每份克重(官方公示为每100g基准); 炒菜烹调油用量; 米饭实际份量; 酱汁份量,,官方检测每100g：149kcal/蛋白5.0g/脂肪4.8g/碳水21.3g/钠334mg 为记录基准值(A级exact)。
laoxiangji-cn-052-baopiqingjiao,老乡鸡,B,薄皮青椒,baopiqingjiao,正餐菜品,老乡鸡在售菜品（官方溯源报告2.0分类：正餐菜品）。序号52/191。,100,g,70,1.2,3.5,5.7,,98,,exact,,,,,,,,,official_label,https://lxjchina.com.cn/upload/2026-05/177828991193340300.pdf,《老乡鸡菜品溯源报告2.0》菜品营养成分信息（每100g）,2026-04-30,https://lxjchina.com.cn/info.php?class_id=102106,官方《菜品溯源报告2.0》第三方检测4+1(热量/蛋白质/脂肪/碳水/钠)，基准为每100g；报告未逐项给出每份克重，故per-份数值需门店实际份量，未臆造。,A,,老乡鸡 薄皮青椒 热量; 老乡鸡 薄皮青椒 减脂; 老乡鸡 营养 热量表; 老乡鸡 减脂 怎么点,按需搭配蔬菜/减少主食,main_dish; fat_loss_friendly,complete,2026-09-18,single_item,,门店实际每份克重(官方公示为每100g基准),,官方检测每100g：70kcal/蛋白1.2g/脂肪5.7g/碳水3.5g/钠98mg 为记录基准值(A级exact)。
laoxiangji-cn-053-haidaijie,老乡鸡,B,海带结,haidaijie,正餐菜品,老乡鸡在售菜品（官方溯源报告2.0分类：正餐菜品）。序号53/191。,100,g,44,1.5,5.0,2.0,,677,,exact,,,,,,,,,official_label,https://lxjchina.com.cn/upload/2026-05/177828991193340300.pdf,《老乡鸡菜品溯源报告2.0》菜品营养成分信息（每100g）,2026-04-30,https://lxjchina.com.cn/info.php?class_id=102106,官方《菜品溯源报告2.0》第三方检测4+1(热量/蛋白质/脂肪/碳水/钠)，基准为每100g；报告未逐项给出每份克重，故per-份数值需门店实际份量，未臆造。,A,,老乡鸡 海带结 热量; 老乡鸡 海带结 减脂; 老乡鸡 营养 热量表; 老乡鸡 减脂 怎么点,按需搭配蔬菜/减少主食,main_dish; fat_loss_friendly,complete,2026-09-18,single_item,,门店实际每份克重(官方公示为每100g基准),,官方检测每100g：44kcal/蛋白1.5g/脂肪2.0g/碳水5.0g/钠677mg 为记录基准值(A级exact)。
laoxiangji-cn-054-luchigen,老乡鸡,B,卤翅根,luchigen,正餐菜品,老乡鸡在售菜品（官方溯源报告2.0分类：正餐菜品）。序号54/191。,100,g,187,23.0,3.1,9.1,,409,,exact,,,,,,,,,official_label,https://lxjchina.com.cn/upload/2026-05/177828991193340300.pdf,《老乡鸡菜品溯源报告2.0》菜品营养成分信息（每100g）,2026-04-30,https://m.trfsz.com/newsview1316060.html,"官方《菜品溯源报告2.0》第三方检测4+1(热量/蛋白质/脂肪/碳水/钠)，基准为每100g；报告未逐项给出每份克重，故per-份数值需门店实际份量，未臆造。 第三方per-份参考(非官方,无方法披露,C级)：泰然健康网(第三方,无称重方法)per-份≈108kcal。",A,,老乡鸡 卤翅根 热量; 老乡鸡 卤翅根 减脂; 老乡鸡 营养 热量表; 老乡鸡 减脂 怎么点,按需搭配蔬菜/减少主食,main_dish; high_protein,complete,2026-09-18,single_item,,门店实际每份克重(官方公示为每100g基准); 酱汁/糖油量,,官方检测每100g：187kcal/蛋白23.0g/脂肪9.1g/碳水3.1g/钠409mg 为记录基准值(A级exact)。 第三方per-份估计：108kcal(区间见conflicting_sources)。
laoxiangji-cn-055-ludapai,老乡鸡,B,卤大排,ludapai,正餐菜品,老乡鸡在售菜品（官方溯源报告2.0分类：正餐菜品）。序号55/191。,100,g,190,21.6,4.4,9.5,,522,,exact,,,,,,,,,official_label,https://lxjchina.com.cn/upload/2026-05/177828991193340300.pdf,《老乡鸡菜品溯源报告2.0》菜品营养成分信息（每100g）,2026-04-30,https://lxjchina.com.cn/info.php?class_id=102106,官方《菜品溯源报告2.0》第三方检测4+1(热量/蛋白质/脂肪/碳水/钠)，基准为每100g；报告未逐项给出每份克重，故per-份数值需门店实际份量，未臆造。,A,,老乡鸡 卤大排 热量; 老乡鸡 卤大排 减脂; 老乡鸡 营养 热量表; 老乡鸡 减脂 怎么点,去皮; 只吃瘦肉部分,main_dish; high_protein,complete,2026-09-18,single_item,,门店实际每份克重(官方公示为每100g基准); 酱汁/糖油量,,官方检测每100g：190kcal/蛋白21.6g/脂肪9.5g/碳水4.4g/钠522mg 为记录基准值(A级exact)。
laoxiangji-cn-056-lufanggan,老乡鸡,B,卤方干,lufanggan,正餐菜品,老乡鸡在售菜品（官方溯源报告2.0分类：正餐菜品）。序号56/191。,100,g,222,13.7,5.9,16.1,,407,,exact,,,,,,,,,official_label,https://lxjchina.com.cn/upload/2026-05/177828991193340300.pdf,《老乡鸡菜品溯源报告2.0》菜品营养成分信息（每100g）,2026-04-30,https://lxjchina.com.cn/info.php?class_id=102106,官方《菜品溯源报告2.0》第三方检测4+1(热量/蛋白质/脂肪/碳水/钠)，基准为每100g；报告未逐项给出每份克重，故per-份数值需门店实际份量，未臆造。,A,,老乡鸡 卤方干 热量; 老乡鸡 卤方干 减脂; 老乡鸡 营养 热量表; 老乡鸡 减脂 怎么点,按需搭配蔬菜/减少主食,main_dish; moderate_protein,complete,2026-09-18,single_item,,门店实际每份克重(官方公示为每100g基准); 酱汁/糖油量,,官方检测每100g：222kcal/蛋白13.7g/脂肪16.1g/碳水5.9g/钠407mg 为记录基准值(A级exact)。
laoxiangji-cn-057-lujitui,老乡鸡,B,卤鸡腿,lujitui,正餐菜品,老乡鸡在售菜品（官方溯源报告2.0分类：正餐菜品）。序号57/191。,100,g,175,24.6,1.7,7.7,,604,,exact,,,,,,,,,official_label,https://lxjchina.com.cn/upload/2026-05/177828991193340300.pdf,《老乡鸡菜品溯源报告2.0》菜品营养成分信息（每100g）,2026-04-30,https://m.trfsz.com/newsview1316060.html,"官方《菜品溯源报告2.0》第三方检测4+1(热量/蛋白质/脂肪/碳水/钠)，基准为每100g；报告未逐项给出每份克重，故per-份数值需门店实际份量，未臆造。 第三方per-份参考(非官方,无方法披露,C级)：泰然健康网(第三方,无称重方法)per-份≈129kcal；小红书'云朵裹着软晚风'(第三方,无方法)per-份≈75kcal。",A,,老乡鸡 卤鸡腿 热量; 老乡鸡 卤鸡腿 减脂; 老乡鸡 营养 热量表; 老乡鸡 减脂 怎么点,去皮; 只吃瘦肉部分,main_dish; high_protein,complete,2026-09-18,single_item,,门店实际每份克重(官方公示为每100g基准); 酱汁/糖油量,泰然健康网 per-份 129kcal | 小红书云朵 per-份 75kcal | per-份能量相差54kcal | 门店实际份量/菜品版本(如小母鸡vs鸡排腿)/是否含主食不同；均为第三方无方法估计，官方A级以每100g为准。,官方检测每100g：175kcal/蛋白24.6g/脂肪7.7g/碳水1.7g/钠604mg 为记录基准值(A级exact)。 第三方per-份估计：129/75kcal(区间见conflicting_sources)。
laoxiangji-cn-058-lurouchang,老乡鸡,B,卤肉肠,lurouchang,正餐菜品,老乡鸡在售菜品（官方溯源报告2.0分类：正餐菜品）。序号58/191。,100,g,303,11.4,11.7,23.6,,782,,exact,,,,,,,,,official_label,https://lxjchina.com.cn/upload/2026-05/177828991193340300.pdf,《老乡鸡菜品溯源报告2.0》菜品营养成分信息（每100g）,2026-04-30,https://m.baidu.com/bh/m/detail/ar_5828449468476841931,"官方《菜品溯源报告2.0》第三方检测4+1(热量/蛋白质/脂肪/碳水/钠)，基准为每100g；报告未逐项给出每份克重，故per-份数值需门店实际份量，未臆造。 第三方per-份参考(非官方,无方法披露,C级)：小红书'云朵裹着软晚风'(第三方,无方法)per-份≈173kcal。",A,,老乡鸡 卤肉肠 热量; 老乡鸡 卤肉肠 减脂; 老乡鸡 营养 热量表; 老乡鸡 减脂 怎么点,去皮; 只吃瘦肉部分,main_dish; moderate_protein; high_fat; high_calorie,complete,2026-09-18,single_item,,门店实际每份克重(官方公示为每100g基准); 酱汁/糖油量,,官方检测每100g：303kcal/蛋白11.4g/脂肪23.6g/碳水11.7g/钠782mg 为记录基准值(A级exact)。 第三方per-份估计：173kcal(区间见conflicting_sources)。
laoxiangji-cn-059-lusuji,老乡鸡,B,卤素鸡,lusuji,正餐菜品,老乡鸡在售菜品（官方溯源报告2.0分类：正餐菜品）。序号59/191。,100,g,219,20.3,6.2,12.6,,555,,exact,,,,,,,,,official_label,https://lxjchina.com.cn/upload/2026-05/177828991193340300.pdf,《老乡鸡菜品溯源报告2.0》菜品营养成分信息（每100g）,2026-04-30,https://lxjchina.com.cn/info.php?class_id=102106,官方《菜品溯源报告2.0》第三方检测4+1(热量/蛋白质/脂肪/碳水/钠)，基准为每100g；报告未逐项给出每份克重，故per-份数值需门店实际份量，未臆造。,A,,老乡鸡 卤素鸡 热量; 老乡鸡 卤素鸡 减脂; 老乡鸡 营养 热量表; 老乡鸡 减脂 怎么点,去皮; 只吃瘦肉部分,main_dish; high_protein,complete,2026-09-18,single_item,,门店实际每份克重(官方公示为每100g基准); 酱汁/糖油量,,官方检测每100g：219kcal/蛋白20.3g/脂肪12.6g/碳水6.2g/钠555mg 为记录基准值(A级exact)。
laoxiangji-cn-060-bazirou,老乡鸡,B,把子肉,bazirou,正餐菜品,老乡鸡在售菜品（官方溯源报告2.0分类：正餐菜品）。序号60/191。,100,g,529,14.7,0.0,53.1,,518,,exact,,,,,,,,,official_label,https://lxjchina.com.cn/upload/2026-05/177828991193340300.pdf,《老乡鸡菜品溯源报告2.0》菜品营养成分信息（每100g）,2026-04-30,https://lxjchina.com.cn/info.php?class_id=102106,官方《菜品溯源报告2.0》第三方检测4+1(热量/蛋白质/脂肪/碳水/钠)，基准为每100g；报告未逐项给出每份克重，故per-份数值需门店实际份量，未臆造。,A,官方主动提示：老乡鸡热量最高菜品之一，提醒减脂人群谨慎选择,老乡鸡 把子肉 热量; 老乡鸡 把子肉 减脂; 老乡鸡 营养 热量表; 老乡鸡 减脂 怎么点,去皮; 只吃瘦肉部分,main_dish; moderate_protein; high_fat; high_calorie,complete,2026-09-18,single_item,,门店实际每份克重(官方公示为每100g基准),,官方检测每100g：529kcal/蛋白14.7g/脂肪53.1g/碳水0.0g/钠518mg 为记录基准值(A级exact)。
laoxiangji-cn-061-xiandanhuangshizitou,老乡鸡,B,咸蛋黄狮子头,xiandanhuangshizitou,正餐菜品,老乡鸡在售菜品（官方溯源报告2.0分类：正餐菜品）。序号61/191。,100,g,224,11.7,2.2,18.9,,525,,exact,,,,,,,,,official_label,https://lxjchina.com.cn/upload/2026-05/177828991193340300.pdf,《老乡鸡菜品溯源报告2.0》菜品营养成分信息（每100g）,2026-04-30,http://m.bjnews.com.cn/detail/1782531912129036.html,官方汇总表该行数值留空；本条采用报告溯源卡明细经《新京报》转载的咸蛋黄狮子头(蒸制版)4+1值(224/11.7/18.9/2.2/525 每100g)。另有卤制版274/11.2/24.9/2.0/578。,A,,老乡鸡 咸蛋黄狮子头 热量; 老乡鸡 咸蛋黄狮子头 减脂; 老乡鸡 营养 热量表; 老乡鸡 减脂 怎么点,按需搭配蔬菜/减少主食,main_dish; moderate_protein,complete,2026-09-18,single_item,,门店实际每份克重(官方公示为每100g基准),,官方检测每100g：224kcal/蛋白11.7g/脂肪18.9g/碳水2.2g/钠525mg 为记录基准值(A级exact)。
laoxiangji-cn-062-shaguobazirou,老乡鸡,B,砂锅把子肉,shaguobazirou,正餐菜品,老乡鸡在售菜品（官方溯源报告2.0分类：正餐菜品）。序号62/191。,100,g,218,7.5,2.8,19.9,,432,,exact,,,,,,,,,official_label,https://lxjchina.com.cn/upload/2026-05/177828991193340300.pdf,《老乡鸡菜品溯源报告2.0》菜品营养成分信息（每100g）,2026-04-30,https://lxjchina.com.cn/info.php?class_id=102106,官方《菜品溯源报告2.0》第三方检测4+1(热量/蛋白质/脂肪/碳水/钠)，基准为每100g；报告未逐项给出每份克重，故per-份数值需门店实际份量，未臆造。,A,,老乡鸡 砂锅把子肉 热量; 老乡鸡 砂锅把子肉 减脂; 老乡鸡 营养 热量表; 老乡鸡 减脂 怎么点,去皮; 只吃瘦肉部分,main_dish,complete,2026-09-18,single_item,,门店实际每份克重(官方公示为每100g基准),,官方检测每100g：218kcal/蛋白7.5g/脂肪19.9g/碳水2.8g/钠432mg 为记录基准值(A级exact)。
laoxiangji-cn-063-shaguodouhuaji,老乡鸡,B,砂锅豆花鸡,shaguodouhuaji,正餐菜品,老乡鸡在售菜品（官方溯源报告2.0分类：正餐菜品）。序号63/191。,100,g,198,11.2,2.6,16.0,,501,,exact,,,,,,,,,official_label,https://lxjchina.com.cn/upload/2026-05/177828991193340300.pdf,《老乡鸡菜品溯源报告2.0》菜品营养成分信息（每100g）,2026-04-30,https://lxjchina.com.cn/info.php?class_id=102106,官方《菜品溯源报告2.0》第三方检测4+1(热量/蛋白质/脂肪/碳水/钠)，基准为每100g；报告未逐项给出每份克重，故per-份数值需门店实际份量，未臆造。,A,,老乡鸡 砂锅豆花鸡 热量; 老乡鸡 砂锅豆花鸡 减脂; 老乡鸡 营养 热量表; 老乡鸡 减脂 怎么点,去皮; 只吃瘦肉部分,main_dish; moderate_protein,complete,2026-09-18,single_item,,门店实际每份克重(官方公示为每100g基准),,官方检测每100g：198kcal/蛋白11.2g/脂肪16.0g/碳水2.6g/钠501mg 为记录基准值(A级exact)。
laoxiangji-cn-064-shaguorouzhisuji,老乡鸡,B,砂锅肉汁素鸡,shaguorouzhisuji,正餐菜品,老乡鸡在售菜品（官方溯源报告2.0分类：正餐菜品）。序号64/191。,100,g,157,6.9,3.1,13.2,,487,,exact,,,,,,,,,official_label,https://lxjchina.com.cn/upload/2026-05/177828991193340300.pdf,《老乡鸡菜品溯源报告2.0》菜品营养成分信息（每100g）,2026-04-30,https://lxjchina.com.cn/info.php?class_id=102106,官方《菜品溯源报告2.0》第三方检测4+1(热量/蛋白质/脂肪/碳水/钠)，基准为每100g；报告未逐项给出每份克重，故per-份数值需门店实际份量，未臆造。,A,,老乡鸡 砂锅肉汁素鸡 热量; 老乡鸡 砂锅肉汁素鸡 减脂; 老乡鸡 营养 热量表; 老乡鸡 减脂 怎么点,去皮; 只吃瘦肉部分,main_dish,complete,2026-09-18,single_item,,门店实际每份克重(官方公示为每100g基准); 酱汁/糖油量,,官方检测每100g：157kcal/蛋白6.9g/脂肪13.2g/碳水3.1g/钠487mg 为记录基准值(A级exact)。
laoxiangji-cn-065-shaguosuancaiyu,老乡鸡,B,砂锅酸菜鱼,shaguosuancaiyu,正餐菜品,老乡鸡在售菜品（官方溯源报告2.0分类：正餐菜品）。序号65/191。,100,g,72,2.7,3.8,5.1,,6164,,exact,,,,,,,,,official_label,https://lxjchina.com.cn/upload/2026-05/177828991193340300.pdf,《老乡鸡菜品溯源报告2.0》菜品营养成分信息（每100g）,2026-04-30,https://lxjchina.com.cn/info.php?class_id=102106,官方《菜品溯源报告2.0》第三方检测4+1(热量/蛋白质/脂肪/碳水/钠)，基准为每100g；报告未逐项给出每份克重，故per-份数值需门店实际份量，未臆造。 ⚠️钠6164mg/100g 明显高于同类酸菜鱼(铜锅659/老坛752/金汤1696)，疑为录入异常；按官方原文照录，未擅改。,A,,老乡鸡 砂锅酸菜鱼 热量; 老乡鸡 砂锅酸菜鱼 减脂; 老乡鸡 营养 热量表; 老乡鸡 减脂 怎么点,去皮; 只吃瘦肉部分,main_dish; high_sodium,complete,2026-09-18,single_item,,门店实际每份克重(官方公示为每100g基准),,官方检测每100g：72kcal/蛋白2.7g/脂肪5.1g/碳水3.8g/钠6164mg 为记录基准值(A级exact)。
laoxiangji-cn-066-shaguosuanrongfensixia,老乡鸡,B,砂锅蒜蓉粉丝虾,shaguosuanrongfensixia,正餐菜品,老乡鸡在售菜品（官方溯源报告2.0分类：正餐菜品）。序号66/191。,100,g,153,1.5,19.1,7.8,,599,,exact,,,,,,,,,official_label,https://lxjchina.com.cn/upload/2026-05/177828991193340300.pdf,《老乡鸡菜品溯源报告2.0》菜品营养成分信息（每100g）,2026-04-30,https://lxjchina.com.cn/info.php?class_id=102106,官方《菜品溯源报告2.0》第三方检测4+1(热量/蛋白质/脂肪/碳水/钠)，基准为每100g；报告未逐项给出每份克重，故per-份数值需门店实际份量，未臆造。,A,,老乡鸡 砂锅蒜蓉粉丝虾 热量; 老乡鸡 砂锅蒜蓉粉丝虾 减脂; 老乡鸡 营养 热量表; 老乡鸡 减脂 怎么点,米饭/主食减半; 少酱汁; 去皮; 只吃瘦肉部分,main_dish; carb_heavy,complete,2026-09-18,single_item,,门店实际每份克重(官方公示为每100g基准),,官方检测每100g：153kcal/蛋白1.5g/脂肪7.8g/碳水19.1g/钠599mg 为记录基准值(A级exact)。
laoxiangji-cn-067-shaguolaotansuancaiyu,老乡鸡,B,砂锅老坛酸菜鱼,shaguolaotansuancaiyu,正餐菜品,老乡鸡在售菜品（官方溯源报告2.0分类：正餐菜品）。序号67/191。,100,g,72,2.9,7.2,3.5,,752,,exact,,,,,,,,,official_label,https://lxjchina.com.cn/upload/2026-05/177828991193340300.pdf,《老乡鸡菜品溯源报告2.0》菜品营养成分信息（每100g）,2026-04-30,https://lxjchina.com.cn/info.php?class_id=102106,官方《菜品溯源报告2.0》第三方检测4+1(热量/蛋白质/脂肪/碳水/钠)，基准为每100g；报告未逐项给出每份克重，故per-份数值需门店实际份量，未臆造。,A,,老乡鸡 砂锅老坛酸菜鱼 热量; 老乡鸡 砂锅老坛酸菜鱼 减脂; 老乡鸡 营养 热量表; 老乡鸡 减脂 怎么点,去皮; 只吃瘦肉部分,main_dish; fat_loss_friendly,complete,2026-09-18,single_item,,门店实际每份克重(官方公示为每100g基准),,官方检测每100g：72kcal/蛋白2.9g/脂肪3.5g/碳水7.2g/钠752mg 为记录基准值(A级exact)。
laoxiangji-cn-068-hongshaoqiezi,老乡鸡,B,红烧茄子,hongshaoqiezi,正餐菜品,老乡鸡在售菜品（官方溯源报告2.0分类：正餐菜品）。序号68/191。,100,g,106,1.3,11.2,6.2,,532,,exact,,,,,,,,,official_label,https://lxjchina.com.cn/upload/2026-05/177828991193340300.pdf,《老乡鸡菜品溯源报告2.0》菜品营养成分信息（每100g）,2026-04-30,https://m.trfsz.com/newsview1316060.html,"官方《菜品溯源报告2.0》第三方检测4+1(热量/蛋白质/脂肪/碳水/钠)，基准为每100g；报告未逐项给出每份克重，故per-份数值需门店实际份量，未臆造。 第三方per-份参考(非官方,无方法披露,C级)：泰然健康网(第三方,无称重方法)per-份≈71kcal。",A,,老乡鸡 红烧茄子 热量; 老乡鸡 红烧茄子 减脂; 老乡鸡 营养 热量表; 老乡鸡 减脂 怎么点,少油; 少盐,main_dish,complete,2026-09-18,single_item,,门店实际每份克重(官方公示为每100g基准); 酱汁/糖油量,,官方检测每100g：106kcal/蛋白1.3g/脂肪6.2g/碳水11.2g/钠532mg 为记录基准值(A级exact)。 第三方per-份估计：71kcal(区间见conflicting_sources)。
laoxiangji-cn-069-suancaixuewangdoufu,老乡鸡,B,酸菜血旺豆腐,suancaixuewangdoufu,正餐菜品,老乡鸡在售菜品（官方溯源报告2.0分类：正餐菜品）。序号69/191。,100,g,72,5.4,3.2,4.1,,623,,exact,,,,,,,,,official_label,https://lxjchina.com.cn/upload/2026-05/177828991193340300.pdf,《老乡鸡菜品溯源报告2.0》菜品营养成分信息（每100g）,2026-04-30,https://lxjchina.com.cn/info.php?class_id=102106,官方《菜品溯源报告2.0》第三方检测4+1(热量/蛋白质/脂肪/碳水/钠)，基准为每100g；报告未逐项给出每份克重，故per-份数值需门店实际份量，未臆造。,A,,老乡鸡 酸菜血旺豆腐 热量; 老乡鸡 酸菜血旺豆腐 减脂; 老乡鸡 营养 热量表; 老乡鸡 减脂 怎么点,按需搭配蔬菜/减少主食,main_dish; fat_loss_friendly,complete,2026-09-18,single_item,,门店实际每份克重(官方公示为每100g基准),,官方检测每100g：72kcal/蛋白5.4g/脂肪4.1g/碳水3.2g/钠623mg 为记录基准值(A级exact)。
laoxiangji-cn-070-xianglajiza,老乡鸡,B,香辣鸡杂,xianglajiza,正餐菜品,老乡鸡在售菜品（官方溯源报告2.0分类：正餐菜品）。序号70/191。,100,g,140,15.1,4.0,7.0,,1201,,exact,,,,,,,,,official_label,https://lxjchina.com.cn/upload/2026-05/177828991193340300.pdf,《老乡鸡菜品溯源报告2.0》菜品营养成分信息（每100g）,2026-04-30,https://m.trfsz.com/newsview1316060.html,"官方《菜品溯源报告2.0》第三方检测4+1(热量/蛋白质/脂肪/碳水/钠)，基准为每100g；报告未逐项给出每份克重，故per-份数值需门店实际份量，未臆造。 第三方per-份参考(非官方,无方法披露,C级)：泰然健康网(第三方,无称重方法)per-份≈340kcal；小红书'云朵裹着软晚风'(第三方,无方法)per-份≈340kcal。",A,,老乡鸡 香辣鸡杂 热量; 老乡鸡 香辣鸡杂 减脂; 老乡鸡 营养 热量表; 老乡鸡 减脂 怎么点,去皮; 只吃瘦肉部分,main_dish; high_protein; high_sodium,complete,2026-09-18,single_item,,门店实际每份克重(官方公示为每100g基准),,官方检测每100g：140kcal/蛋白15.1g/脂肪7.0g/碳水4.0g/钠1201mg 为记录基准值(A级exact)。 第三方per-份估计：340/340kcal(区间见conflicting_sources)。
laoxiangji-cn-071-anchundanhongshaorou,老乡鸡,B,鹌鹑蛋红烧肉,anchundanhongshaorou,正餐菜品,老乡鸡在售菜品（官方溯源报告2.0分类：正餐菜品）。序号71/191。,100,g,376,17.0,6.7,31.6,,448,,exact,,,,,,,,,official_label,https://lxjchina.com.cn/upload/2026-05/177828991193340300.pdf,《老乡鸡菜品溯源报告2.0》菜品营养成分信息（每100g）,2026-04-30,https://lxjchina.com.cn/info.php?class_id=102106,官方《菜品溯源报告2.0》第三方检测4+1(热量/蛋白质/脂肪/碳水/钠)，基准为每100g；报告未逐项给出每份克重，故per-份数值需门店实际份量，未臆造。,A,官方主动提示：老乡鸡热量最高菜品之一，提醒减脂人群谨慎选择,老乡鸡 鹌鹑蛋红烧肉 热量; 老乡鸡 鹌鹑蛋红烧肉 减脂; 老乡鸡 营养 热量表; 老乡鸡 减脂 怎么点,少油; 少盐; 去皮; 只吃瘦肉部分,main_dish; high_protein; high_fat; high_calorie,complete,2026-09-18,single_item,,门店实际每份克重(官方公示为每100g基准); 酱汁/糖油量,,官方检测每100g：376kcal/蛋白17.0g/脂肪31.6g/碳水6.7g/钠448mg 为记录基准值(A级exact)。
laoxiangji-cn-072-meigancaifengzhaochi,老乡鸡,B,梅干菜凤爪翅,meigancaifengzhaochi,正餐菜品,老乡鸡在售菜品（官方溯源报告2.0分类：正餐菜品）。序号72/191。,100,g,189,15.3,2.0,13.4,,772,,exact,,,,,,,,,official_label,https://lxjchina.com.cn/upload/2026-05/177828991193340300.pdf,《老乡鸡菜品溯源报告2.0》菜品营养成分信息（每100g）,2026-04-30,https://lxjchina.com.cn/info.php?class_id=102106,官方《菜品溯源报告2.0》第三方检测4+1(热量/蛋白质/脂肪/碳水/钠)，基准为每100g；报告未逐项给出每份克重，故per-份数值需门店实际份量，未臆造。,A,,老乡鸡 梅干菜凤爪翅 热量; 老乡鸡 梅干菜凤爪翅 减脂; 老乡鸡 营养 热量表; 老乡鸡 减脂 怎么点,按需搭配蔬菜/减少主食,main_dish; high_protein,complete,2026-09-18,single_item,,门店实际每份克重(官方公示为每100g基准),,官方检测每100g：189kcal/蛋白15.3g/脂肪13.4g/碳水2.0g/钠772mg 为记录基准值(A级exact)。
laoxiangji-cn-073-tangcupaigu,老乡鸡,B,糖醋排骨,tangcupaigu,正餐菜品,老乡鸡在售菜品（官方溯源报告2.0分类：正餐菜品）。序号73/191。,100,g,266,20.5,11.1,15.5,,841,,exact,,,,,,,,,official_label,https://lxjchina.com.cn/upload/2026-05/177828991193340300.pdf,《老乡鸡菜品溯源报告2.0》菜品营养成分信息（每100g）,2026-04-30,https://lxjchina.com.cn/info.php?class_id=102106,官方《菜品溯源报告2.0》第三方检测4+1(热量/蛋白质/脂肪/碳水/钠)，基准为每100g；报告未逐项给出每份克重，故per-份数值需门店实际份量，未臆造。,A,,老乡鸡 糖醋排骨 热量; 老乡鸡 糖醋排骨 减脂; 老乡鸡 营养 热量表; 老乡鸡 减脂 怎么点,少油; 少盐; 去皮; 只吃瘦肉部分,main_dish; high_protein,complete,2026-09-18,single_item,,门店实际每份克重(官方公示为每100g基准); 酱汁/糖油量,,官方检测每100g：266kcal/蛋白20.5g/脂肪15.5g/碳水11.1g/钠841mg 为记录基准值(A级exact)。
laoxiangji-cn-074-hongshaoluobo,老乡鸡,B,红烧萝卜,hongshaoluobo,正餐菜品,老乡鸡在售菜品（官方溯源报告2.0分类：正餐菜品）。序号74/191。,100,g,23,0.9,4.8,0.0,,403,,exact,,,,,,,,,official_label,https://lxjchina.com.cn/upload/2026-05/177828991193340300.pdf,《老乡鸡菜品溯源报告2.0》菜品营养成分信息（每100g）,2026-04-30,https://lxjchina.com.cn/info.php?class_id=102106,官方《菜品溯源报告2.0》第三方检测4+1(热量/蛋白质/脂肪/碳水/钠)，基准为每100g；报告未逐项给出每份克重，故per-份数值需门店实际份量，未臆造。,A,,老乡鸡 红烧萝卜 热量; 老乡鸡 红烧萝卜 减脂; 老乡鸡 营养 热量表; 老乡鸡 减脂 怎么点,少油; 少盐,main_dish; fat_loss_friendly,complete,2026-09-18,single_item,,门店实际每份克重(官方公示为每100g基准); 酱汁/糖油量,,官方检测每100g：23kcal/蛋白0.9g/脂肪0.0g/碳水4.8g/钠403mg 为记录基准值(A级exact)。
laoxiangji-cn-075-tudouniunan,老乡鸡,B,土豆牛腩,tudouniunan,正餐菜品,老乡鸡在售菜品（官方溯源报告2.0分类：正餐菜品）。序号75/191。,100,g,110,7.3,5.2,6.7,,520,,exact,,,,,,,,,official_label,https://lxjchina.com.cn/upload/2026-05/177828991193340300.pdf,《老乡鸡菜品溯源报告2.0》菜品营养成分信息（每100g）,2026-04-30,https://lxjchina.com.cn/info.php?class_id=102106,官方《菜品溯源报告2.0》第三方检测4+1(热量/蛋白质/脂肪/碳水/钠)，基准为每100g；报告未逐项给出每份克重，故per-份数值需门店实际份量，未臆造。,A,,老乡鸡 土豆牛腩 热量; 老乡鸡 土豆牛腩 减脂; 老乡鸡 营养 热量表; 老乡鸡 减脂 怎么点,去皮; 只吃瘦肉部分,main_dish,complete,2026-09-18,single_item,,门店实际每份克重(官方公示为每100g基准),,官方检测每100g：110kcal/蛋白7.3g/脂肪6.7g/碳水5.2g/钠520mg 为记录基准值(A级exact)。
laoxiangji-cn-076-jingdianmaodoushaoji,老乡鸡,B,经典毛豆烧鸡,jingdianmaodoushaoji,正餐菜品,老乡鸡在售菜品（官方溯源报告2.0分类：正餐菜品）。序号76/191。,100,g,172,15.6,6.7,9.2,,663,,exact,,,,,,,,,official_label,https://lxjchina.com.cn/upload/2026-05/177828991193340300.pdf,《老乡鸡菜品溯源报告2.0》菜品营养成分信息（每100g）,2026-04-30,https://lxjchina.com.cn/info.php?class_id=102106,官方《菜品溯源报告2.0》第三方检测4+1(热量/蛋白质/脂肪/碳水/钠)，基准为每100g；报告未逐项给出每份克重，故per-份数值需门店实际份量，未臆造。,A,,老乡鸡 经典毛豆烧鸡 热量; 老乡鸡 经典毛豆烧鸡 减脂; 老乡鸡 营养 热量表; 老乡鸡 减脂 怎么点,少油; 少盐; 去皮; 只吃瘦肉部分,main_dish; high_protein,complete,2026-09-18,single_item,,门店实际每份克重(官方公示为每100g基准); 酱汁/糖油量,,官方检测每100g：172kcal/蛋白15.6g/脂肪9.2g/碳水6.7g/钠663mg 为记录基准值(A级exact)。
laoxiangji-cn-077-baizhuoqiukui,老乡鸡,B,白灼秋葵,baizhuoqiukui,正餐菜品,老乡鸡在售菜品（官方溯源报告2.0分类：正餐菜品）。序号77/191。,100,g,73,1.5,4.4,5.6,,319,,exact,,,,,,,,,official_label,https://lxjchina.com.cn/upload/2026-05/177828991193340300.pdf,《老乡鸡菜品溯源报告2.0》菜品营养成分信息（每100g）,2026-04-30,https://lxjchina.com.cn/info.php?class_id=102106,官方《菜品溯源报告2.0》第三方检测4+1(热量/蛋白质/脂肪/碳水/钠)，基准为每100g；报告未逐项给出每份克重，故per-份数值需门店实际份量，未臆造。,A,,老乡鸡 白灼秋葵 热量; 老乡鸡 白灼秋葵 减脂; 老乡鸡 营养 热量表; 老乡鸡 减脂 怎么点,按需搭配蔬菜/减少主食,main_dish; fat_loss_friendly; steamed_or_stewed,complete,2026-09-18,single_item,,门店实际每份克重(官方公示为每100g基准),,官方检测每100g：73kcal/蛋白1.5g/脂肪5.6g/碳水4.4g/钠319mg 为记录基准值(A级exact)。
laoxiangji-cn-078-baizhuoxia-8zhi,老乡鸡,B,白灼虾（8只）,baizhuoxia,正餐菜品,老乡鸡在售菜品（官方溯源报告2.0分类：正餐菜品）。序号78/191。,100,g,107,23.4,0.7,1.0,,444,,exact,,,,,,,,,official_label,https://lxjchina.com.cn/upload/2026-05/177828991193340300.pdf,《老乡鸡菜品溯源报告2.0》菜品营养成分信息（每100g）,2026-04-30,https://lxjchina.com.cn/info.php?class_id=102106,官方《菜品溯源报告2.0》第三方检测4+1(热量/蛋白质/脂肪/碳水/钠)，基准为每100g；报告未逐项给出每份克重，故per-份数值需门店实际份量，未臆造。,A,,老乡鸡 白灼虾（8只） 热量; 老乡鸡 白灼虾（8只） 减脂; 老乡鸡 营养 热量表; 老乡鸡 减脂 怎么点,去皮; 只吃瘦肉部分,main_dish; high_protein; steamed_or_stewed,complete,2026-09-18,single_item,,门店实际每份克重(官方公示为每100g基准),,官方检测每100g：107kcal/蛋白23.4g/脂肪1.0g/碳水0.7g/钠444mg 为记录基准值(A级exact)。
laoxiangji-cn-079-congyoucaitai,老乡鸡,B,葱油菜苔,congyoucaitai,正餐菜品,老乡鸡在售菜品（官方溯源报告2.0分类：正餐菜品）。序号79/191。,100,g,66,3.1,5.2,3.6,,481,,exact,,,,,,,,,official_label,https://lxjchina.com.cn/upload/2026-05/177828991193340300.pdf,《老乡鸡菜品溯源报告2.0》菜品营养成分信息（每100g）,2026-04-30,https://m.trfsz.com/newsview1316060.html,"官方《菜品溯源报告2.0》第三方检测4+1(热量/蛋白质/脂肪/碳水/钠)，基准为每100g；报告未逐项给出每份克重，故per-份数值需门店实际份量，未臆造。 第三方per-份参考(非官方,无方法披露,C级)：泰然健康网(第三方,无称重方法)per-份≈141kcal；小红书'云朵裹着软晚风'(第三方,无方法)per-份≈60kcal。",A,,老乡鸡 葱油菜苔 热量; 老乡鸡 葱油菜苔 减脂; 老乡鸡 营养 热量表; 老乡鸡 减脂 怎么点,按需搭配蔬菜/减少主食,main_dish; fat_loss_friendly,complete,2026-09-18,single_item,,门店实际每份克重(官方公示为每100g基准),泰然健康网 per-份 141kcal | 小红书云朵 per-份 60kcal | per-份能量相差81kcal | 门店实际份量/菜品版本(如小母鸡vs鸡排腿)/是否含主食不同；均为第三方无方法估计，官方A级以每100g为准。,官方检测每100g：66kcal/蛋白3.1g/脂肪3.6g/碳水5.2g/钠481mg 为记录基准值(A级exact)。 第三方per-份估计：141/60kcal(区间见conflicting_sources)。
laoxiangji-cn-080-tangqingcai,老乡鸡,B,烫青菜,tangqingcai,正餐菜品,老乡鸡在售菜品（官方溯源报告2.0分类：正餐菜品）。序号80/191。,100,g,41,1.3,1.5,3.4,,144,,exact,,,,,,,,,official_label,https://lxjchina.com.cn/upload/2026-05/177828991193340300.pdf,《老乡鸡菜品溯源报告2.0》菜品营养成分信息（每100g）,2026-04-30,https://lxjchina.com.cn/info.php?class_id=102106,官方《菜品溯源报告2.0》第三方检测4+1(热量/蛋白质/脂肪/碳水/钠)，基准为每100g；报告未逐项给出每份克重，故per-份数值需门店实际份量，未臆造。,A,,老乡鸡 烫青菜 热量; 老乡鸡 烫青菜 减脂; 老乡鸡 营养 热量表; 老乡鸡 减脂 怎么点,按需搭配蔬菜/减少主食,main_dish; fat_loss_friendly; steamed_or_stewed,complete,2026-09-18,single_item,,门店实际每份克重(官方公示为每100g基准),,官方检测每100g：41kcal/蛋白1.3g/脂肪3.4g/碳水1.5g/钠144mg 为记录基准值(A级exact)。
laoxiangji-cn-081-jitangwawacai,老乡鸡,B,鸡汤娃娃菜,jitangwawacai,正餐菜品,老乡鸡在售菜品（官方溯源报告2.0分类：正餐菜品）。序号81/191。,100,g,9,0.8,1.5,0.0,,290,,exact,,,,,,,,,official_label,https://lxjchina.com.cn/upload/2026-05/177828991193340300.pdf,《老乡鸡菜品溯源报告2.0》菜品营养成分信息（每100g）,2026-04-30,https://lxjchina.com.cn/info.php?class_id=102106,官方《菜品溯源报告2.0》第三方检测4+1(热量/蛋白质/脂肪/碳水/钠)，基准为每100g；报告未逐项给出每份克重，故per-份数值需门店实际份量，未臆造。,A,,老乡鸡 鸡汤娃娃菜 热量; 老乡鸡 鸡汤娃娃菜 减脂; 老乡鸡 营养 热量表; 老乡鸡 减脂 怎么点,去皮; 只吃瘦肉部分; 少喝汤(降钠),main_dish; fat_loss_friendly; soup,complete,2026-09-18,single_item,,门店实际每份克重(官方公示为每100g基准); 是否喝汤; 汤量,,官方检测每100g：9kcal/蛋白0.8g/脂肪0.0g/碳水1.5g/钠290mg 为记录基准值(A级exact)。
laoxiangji-cn-082-xiangcuimuer,老乡鸡,B,香脆木耳,xiangcuimuer,正餐菜品,老乡鸡在售菜品（官方溯源报告2.0分类：正餐菜品）。序号82/191。,100,g,51,1.4,6.8,2.0,,646,,exact,,,,,,,,,official_label,https://lxjchina.com.cn/upload/2026-05/177828991193340300.pdf,《老乡鸡菜品溯源报告2.0》菜品营养成分信息（每100g）,2026-04-30,https://m.trfsz.com/newsview1316060.html,"官方《菜品溯源报告2.0》第三方检测4+1(热量/蛋白质/脂肪/碳水/钠)，基准为每100g；报告未逐项给出每份克重，故per-份数值需门店实际份量，未臆造。 第三方per-份参考(非官方,无方法披露,C级)：泰然健康网(第三方,无称重方法)per-份≈117kcal。",A,,老乡鸡 香脆木耳 热量; 老乡鸡 香脆木耳 减脂; 老乡鸡 营养 热量表; 老乡鸡 减脂 怎么点,按需搭配蔬菜/减少主食,main_dish; fat_loss_friendly,complete,2026-09-18,single_item,,门店实际每份克重(官方公示为每100g基准),,官方检测每100g：51kcal/蛋白1.4g/脂肪2.0g/碳水6.8g/钠646mg 为记录基准值(A级exact)。 第三方per-份估计：117kcal(区间见conflicting_sources)。
laoxiangji-cn-083-tongguosuancaiyu,老乡鸡,B,铜锅酸菜鱼,tongguosuancaiyu,正餐菜品,老乡鸡在售菜品（官方溯源报告2.0分类：正餐菜品）。序号83/191。,100,g,75,2.5,4.1,5.5,,659,,exact,,,,,,,,,official_label,https://lxjchina.com.cn/upload/2026-05/177828991193340300.pdf,《老乡鸡菜品溯源报告2.0》菜品营养成分信息（每100g）,2026-04-30,https://lxjchina.com.cn/info.php?class_id=102106,官方《菜品溯源报告2.0》第三方检测4+1(热量/蛋白质/脂肪/碳水/钠)，基准为每100g；报告未逐项给出每份克重，故per-份数值需门店实际份量，未臆造。,A,,老乡鸡 铜锅酸菜鱼 热量; 老乡鸡 铜锅酸菜鱼 减脂; 老乡鸡 营养 热量表; 老乡鸡 减脂 怎么点,去皮; 只吃瘦肉部分,main_dish; fat_loss_friendly,complete,2026-09-18,single_item,,门店实际每份克重(官方公示为每100g基准),,官方检测每100g：75kcal/蛋白2.5g/脂肪5.5g/碳水4.1g/钠659mg 为记录基准值(A级exact)。
laoxiangji-cn-084-tongguojiaomaji,老乡鸡,B,铜锅椒麻鸡,tongguojiaomaji,正餐菜品,老乡鸡在售菜品（官方溯源报告2.0分类：正餐菜品）。序号84/191。,100,g,142,8.8,2.8,10.7,,481,,exact,,,,,,,,,official_label,https://lxjchina.com.cn/upload/2026-05/177828991193340300.pdf,《老乡鸡菜品溯源报告2.0》菜品营养成分信息（每100g）,2026-04-30,https://lxjchina.com.cn/info.php?class_id=102106,官方《菜品溯源报告2.0》第三方检测4+1(热量/蛋白质/脂肪/碳水/钠)，基准为每100g；报告未逐项给出每份克重，故per-份数值需门店实际份量，未臆造。,A,,老乡鸡 铜锅椒麻鸡 热量; 老乡鸡 铜锅椒麻鸡 减脂; 老乡鸡 营养 热量表; 老乡鸡 减脂 怎么点,去皮; 只吃瘦肉部分,main_dish,complete,2026-09-18,single_item,,门店实际每份克重(官方公示为每100g基准),,官方检测每100g：142kcal/蛋白8.8g/脂肪10.7g/碳水2.8g/钠481mg 为记录基准值(A级exact)。
laoxiangji-cn-085-tongguofeiniu,老乡鸡,B,铜锅肥牛,tongguofeiniu,正餐菜品,老乡鸡在售菜品（官方溯源报告2.0分类：正餐菜品）。序号85/191。,100,g,158,5.3,6.1,12.6,,658,,exact,,,,,,,,,official_label,https://lxjchina.com.cn/upload/2026-05/177828991193340300.pdf,《老乡鸡菜品溯源报告2.0》菜品营养成分信息（每100g）,2026-04-30,https://lxjchina.com.cn/info.php?class_id=102106,官方《菜品溯源报告2.0》第三方检测4+1(热量/蛋白质/脂肪/碳水/钠)，基准为每100g；报告未逐项给出每份克重，故per-份数值需门店实际份量，未臆造。,A,,老乡鸡 铜锅肥牛 热量; 老乡鸡 铜锅肥牛 减脂; 老乡鸡 营养 热量表; 老乡鸡 减脂 怎么点,按需搭配蔬菜/减少主食,main_dish,complete,2026-09-18,single_item,,门店实际每份克重(官方公示为每100g基准),,官方检测每100g：158kcal/蛋白5.3g/脂肪12.6g/碳水6.1g/钠658mg 为记录基准值(A级exact)。
laoxiangji-cn-086-tongguofanqiexiahua,老乡鸡,B,铜锅番茄虾滑,tongguofanqiexiahua,正餐菜品,老乡鸡在售菜品（官方溯源报告2.0分类：正餐菜品）。序号86/191。,100,g,39,2.6,4.5,1.2,,269,,exact,,,,,,,,,official_label,https://lxjchina.com.cn/upload/2026-05/177828991193340300.pdf,《老乡鸡菜品溯源报告2.0》菜品营养成分信息（每100g）,2026-04-30,https://lxjchina.com.cn/info.php?class_id=102106,官方《菜品溯源报告2.0》第三方检测4+1(热量/蛋白质/脂肪/碳水/钠)，基准为每100g；报告未逐项给出每份克重，故per-份数值需门店实际份量，未臆造。,A,,老乡鸡 铜锅番茄虾滑 热量; 老乡鸡 铜锅番茄虾滑 减脂; 老乡鸡 营养 热量表; 老乡鸡 减脂 怎么点,去皮; 只吃瘦肉部分,main_dish; fat_loss_friendly,complete,2026-09-18,single_item,,门店实际每份克重(官方公示为每100g基准),,官方检测每100g：39kcal/蛋白2.6g/脂肪1.2g/碳水4.5g/钠269mg 为记录基准值(A级exact)。
laoxiangji-cn-087-zhusunluronggujitang,老乡鸡,B,竹荪鹿茸菇鸡汤,zhusunluronggujitang,正餐菜品,老乡鸡在售菜品（官方溯源报告2.0分类：正餐菜品）。序号87/191。,100,g,30,1.9,0.0,2.5,,221,,exact,,,,,,,,,official_label,https://lxjchina.com.cn/upload/2026-05/177828991193340300.pdf,《老乡鸡菜品溯源报告2.0》菜品营养成分信息（每100g）,2026-04-30,https://m.trfsz.com/newsview1316060.html,"官方《菜品溯源报告2.0》第三方检测4+1(热量/蛋白质/脂肪/碳水/钠)，基准为每100g；报告未逐项给出每份克重，故per-份数值需门店实际份量，未臆造。 第三方per-份参考(非官方,无方法披露,C级)：泰然健康网(第三方,无称重方法)per-份≈134kcal。",A,,老乡鸡 竹荪鹿茸菇鸡汤 热量; 老乡鸡 竹荪鹿茸菇鸡汤 减脂; 老乡鸡 营养 热量表; 老乡鸡 减脂 怎么点,去皮; 只吃瘦肉部分; 少喝汤(降钠),main_dish; fat_loss_friendly; soup,complete,2026-09-18,single_item,,门店实际每份克重(官方公示为每100g基准); 是否喝汤; 汤量,,官方检测每100g：30kcal/蛋白1.9g/脂肪2.5g/碳水0.0g/钠221mg 为记录基准值(A级exact)。 第三方per-份估计：134kcal(区间见conflicting_sources)。
laoxiangji-cn-088-baiyebaorou,老乡鸡,B,百叶包肉,baiyebaorou,正餐菜品,老乡鸡在售菜品（官方溯源报告2.0分类：正餐菜品）。序号88/191。,100,g,189,11.1,2.2,15.3,,380,,exact,,,,,,,,,official_label,https://lxjchina.com.cn/upload/2026-05/177828991193340300.pdf,《老乡鸡菜品溯源报告2.0》菜品营养成分信息（每100g）,2026-04-30,https://lxjchina.com.cn/info.php?class_id=102106,官方《菜品溯源报告2.0》第三方检测4+1(热量/蛋白质/脂肪/碳水/钠)，基准为每100g；报告未逐项给出每份克重，故per-份数值需门店实际份量，未臆造。,A,,老乡鸡 百叶包肉 热量; 老乡鸡 百叶包肉 减脂; 老乡鸡 营养 热量表; 老乡鸡 减脂 怎么点,去皮; 只吃瘦肉部分,main_dish; moderate_protein; carb_heavy,complete,2026-09-18,single_item,,门店实际每份克重(官方公示为每100g基准),,官方检测每100g：189kcal/蛋白11.1g/脂肪15.3g/碳水2.2g/钠380mg 为记录基准值(A级exact)。
laoxiangji-cn-089-shizhiyukuai,老乡鸡,B,豉汁鱼块,shizhiyukuai,正餐菜品,老乡鸡在售菜品（官方溯源报告2.0分类：正餐菜品）。序号89/191。,100,g,121,12.7,1.2,7.3,,927,,exact,,,,,,,,,official_label,https://lxjchina.com.cn/upload/2026-05/177828991193340300.pdf,《老乡鸡菜品溯源报告2.0》菜品营养成分信息（每100g）,2026-04-30,https://lxjchina.com.cn/info.php?class_id=102106,官方《菜品溯源报告2.0》第三方检测4+1(热量/蛋白质/脂肪/碳水/钠)，基准为每100g；报告未逐项给出每份克重，故per-份数值需门店实际份量，未臆造。,A,,老乡鸡 豉汁鱼块 热量; 老乡鸡 豉汁鱼块 减脂; 老乡鸡 营养 热量表; 老乡鸡 减脂 怎么点,去皮; 只吃瘦肉部分,main_dish; moderate_protein,complete,2026-09-18,single_item,,门店实际每份克重(官方公示为每100g基准); 酱汁/糖油量,,官方检测每100g：121kcal/蛋白12.7g/脂肪7.3g/碳水1.2g/钠927mg 为记录基准值(A级exact)。
laoxiangji-cn-090-congyouji-xiaomuji,老乡鸡,B,葱油鸡（小母鸡版）,congyouji,正餐菜品,老乡鸡在售菜品（官方溯源报告2.0分类：正餐菜品）。序号90/191。,100,g,180,20.7,2.0,9.9,,1080,,exact,,,,,,,,,official_label,https://lxjchina.com.cn/upload/2026-05/177828991193340300.pdf,《老乡鸡菜品溯源报告2.0》菜品营养成分信息（每100g）,2026-04-30,https://lxjchina.com.cn/info.php?class_id=102106,官方《菜品溯源报告2.0》第三方检测4+1(热量/蛋白质/脂肪/碳水/钠)，基准为每100g；报告未逐项给出每份克重，故per-份数值需门店实际份量，未臆造。,A,,老乡鸡 葱油鸡（小母鸡版） 热量; 老乡鸡 葱油鸡（小母鸡版） 减脂; 老乡鸡 营养 热量表; 老乡鸡 减脂 怎么点,去皮; 只吃瘦肉部分,main_dish; high_protein; high_sodium,complete,2026-09-18,single_item,,门店实际每份克重(官方公示为每100g基准),,官方检测每100g：180kcal/蛋白20.7g/脂肪9.9g/碳水2.0g/钠1080mg 为记录基准值(A级exact)。
laoxiangji-cn-091-congyouji-baiqieji,老乡鸡,B,葱油鸡（白切鸡版）,congyouji,正餐菜品,老乡鸡在售菜品（官方溯源报告2.0分类：正餐菜品）。序号91/191。,100,g,183,15.0,1.1,13.3,,812,,exact,,,,,,,,,official_label,https://lxjchina.com.cn/upload/2026-05/177828991193340300.pdf,《老乡鸡菜品溯源报告2.0》菜品营养成分信息（每100g）,2026-04-30,https://lxjchina.com.cn/info.php?class_id=102106,官方《菜品溯源报告2.0》第三方检测4+1(热量/蛋白质/脂肪/碳水/钠)，基准为每100g；报告未逐项给出每份克重，故per-份数值需门店实际份量，未臆造。,A,,老乡鸡 葱油鸡（白切鸡版） 热量; 老乡鸡 葱油鸡（白切鸡版） 减脂; 老乡鸡 营养 热量表; 老乡鸡 减脂 怎么点,去皮; 只吃瘦肉部分,main_dish; high_protein,complete,2026-09-18,single_item,,门店实际每份克重(官方公示为每100g基准),,官方检测每100g：183kcal/蛋白15.0g/脂肪13.3g/碳水1.1g/钠812mg 为记录基准值(A级exact)。
laoxiangji-cn-092-fenzhengrou,老乡鸡,B,粉蒸肉,fenzhengrou,正餐菜品,老乡鸡在售菜品（官方溯源报告2.0分类：正餐菜品）。序号92/191。,100,g,193,6.6,18.3,10.4,,481,,exact,,,,,,,,,official_label,https://lxjchina.com.cn/upload/2026-05/177828991193340300.pdf,《老乡鸡菜品溯源报告2.0》菜品营养成分信息（每100g）,2026-04-30,https://lxjchina.com.cn/info.php?class_id=102106,官方《菜品溯源报告2.0》第三方检测4+1(热量/蛋白质/脂肪/碳水/钠)，基准为每100g；报告未逐项给出每份克重，故per-份数值需门店实际份量，未臆造。,A,,老乡鸡 粉蒸肉 热量; 老乡鸡 粉蒸肉 减脂; 老乡鸡 营养 热量表; 老乡鸡 减脂 怎么点,米饭/主食减半; 少酱汁; 去皮; 只吃瘦肉部分,main_dish; steamed_or_stewed; carb_heavy,complete,2026-09-18,single_item,,门店实际每份克重(官方公示为每100g基准),,官方检测每100g：193kcal/蛋白6.6g/脂肪10.4g/碳水18.3g/钠481mg 为记录基准值(A级exact)。
laoxiangji-cn-093-fengzhaozhengdoumi,老乡鸡,B,凤爪蒸豆米,fengzhaozhengdoumi,正餐菜品,老乡鸡在售菜品（官方溯源报告2.0分类：正餐菜品）。序号93/191。,100,g,130,10.9,7.9,6.1,,960,,exact,,,,,,,,,official_label,https://lxjchina.com.cn/upload/2026-05/177828991193340300.pdf,《老乡鸡菜品溯源报告2.0》菜品营养成分信息（每100g）,2026-04-30,https://m.trfsz.com/newsview1316060.html,"官方《菜品溯源报告2.0》第三方检测4+1(热量/蛋白质/脂肪/碳水/钠)，基准为每100g；报告未逐项给出每份克重，故per-份数值需门店实际份量，未臆造。 第三方per-份参考(非官方,无方法披露,C级)：泰然健康网(第三方,无称重方法)per-份≈306kcal；小红书'云朵裹着软晚风'(第三方,无方法)per-份≈306kcal。",A,,老乡鸡 凤爪蒸豆米 热量; 老乡鸡 凤爪蒸豆米 减脂; 老乡鸡 营养 热量表; 老乡鸡 减脂 怎么点,按需搭配蔬菜/减少主食,main_dish; moderate_protein; steamed_or_stewed,complete,2026-09-18,single_item,,门店实际每份克重(官方公示为每100g基准),,官方检测每100g：130kcal/蛋白10.9g/脂肪6.1g/碳水7.9g/钠960mg 为记录基准值(A级exact)。 第三方per-份估计：306/306kcal(区间见conflicting_sources)。
laoxiangji-cn-094-jizhilayu,老乡鸡,B,鸡汁辣鱼,jizhilayu,正餐菜品,老乡鸡在售菜品（官方溯源报告2.0分类：正餐菜品）。序号94/191。,100,g,129,11.8,1.6,8.5,,818,,exact,,,,,,,,,official_label,https://lxjchina.com.cn/upload/2026-05/177828991193340300.pdf,《老乡鸡菜品溯源报告2.0》菜品营养成分信息（每100g）,2026-04-30,https://m.trfsz.com/newsview1316060.html,"官方《菜品溯源报告2.0》第三方检测4+1(热量/蛋白质/脂肪/碳水/钠)，基准为每100g；报告未逐项给出每份克重，故per-份数值需门店实际份量，未臆造。 第三方per-份参考(非官方,无方法披露,C级)：泰然健康网(第三方,无称重方法)per-份≈279kcal；小红书'云朵裹着软晚风'(第三方,无方法)per-份≈279kcal。",A,,老乡鸡 鸡汁辣鱼 热量; 老乡鸡 鸡汁辣鱼 减脂; 老乡鸡 营养 热量表; 老乡鸡 减脂 怎么点,去皮; 只吃瘦肉部分,main_dish; moderate_protein,complete,2026-09-18,single_item,,门店实际每份克重(官方公示为每100g基准); 酱汁/糖油量,,官方检测每100g：129kcal/蛋白11.8g/脂肪8.5g/碳水1.6g/钠818mg 为记录基准值(A级exact)。 第三方per-份估计：279/279kcal(区间见conflicting_sources)。
laoxiangji-cn-095-jiaozhixilanhua,老乡鸡,B,浇汁西兰花,jiaozhixilanhua,正餐菜品,老乡鸡在售菜品（官方溯源报告2.0分类：正餐菜品）。序号95/191。,100,g,100,3.0,6.0,7.2,,324,,exact,,,,,,,,,official_label,https://lxjchina.com.cn/upload/2026-05/177828991193340300.pdf,《老乡鸡菜品溯源报告2.0》菜品营养成分信息（每100g）,2026-04-30,https://lxjchina.com.cn/info.php?class_id=102106,官方《菜品溯源报告2.0》第三方检测4+1(热量/蛋白质/脂肪/碳水/钠)，基准为每100g；报告未逐项给出每份克重，故per-份数值需门店实际份量，未臆造。,A,,老乡鸡 浇汁西兰花 热量; 老乡鸡 浇汁西兰花 减脂; 老乡鸡 营养 热量表; 老乡鸡 减脂 怎么点,按需搭配蔬菜/减少主食,main_dish,complete,2026-09-18,single_item,,门店实际每份克重(官方公示为每100g基准); 酱汁/糖油量,,官方检测每100g：100kcal/蛋白3.0g/脂肪7.2g/碳水6.0g/钠324mg 为记录基准值(A级exact)。
laoxiangji-cn-096-jintangsuancaiyu,老乡鸡,B,金汤酸菜鱼,jintangsuancaiyu,正餐菜品,老乡鸡在售菜品（官方溯源报告2.0分类：正餐菜品）。序号96/191。,100,g,131,7.8,3.9,9.4,,1696,,exact,,,,,,,,,official_label,https://lxjchina.com.cn/upload/2026-05/177828991193340300.pdf,《老乡鸡菜品溯源报告2.0》菜品营养成分信息（每100g）,2026-04-30,https://m.trfsz.com/newsview1316060.html,"官方《菜品溯源报告2.0》第三方检测4+1(热量/蛋白质/脂肪/碳水/钠)，基准为每100g；报告未逐项给出每份克重，故per-份数值需门店实际份量，未臆造。 第三方per-份参考(非官方,无方法披露,C级)：泰然健康网(第三方,无称重方法)per-份≈270kcal；小红书'云朵裹着软晚风'(第三方,无方法)per-份≈187kcal。",A,,老乡鸡 金汤酸菜鱼 热量; 老乡鸡 金汤酸菜鱼 减脂; 老乡鸡 营养 热量表; 老乡鸡 减脂 怎么点,去皮; 只吃瘦肉部分; 少喝汤(降钠),main_dish; high_sodium; soup,complete,2026-09-18,single_item,,门店实际每份克重(官方公示为每100g基准); 是否喝汤; 汤量,泰然健康网 per-份 270kcal | 小红书云朵 per-份 187kcal | per-份能量相差83kcal | 门店实际份量/菜品版本(如小母鸡vs鸡排腿)/是否含主食不同；均为第三方无方法估计，官方A级以每100g为准。,官方检测每100g：131kcal/蛋白7.8g/脂肪9.4g/碳水3.9g/钠1696mg 为记录基准值(A级exact)。 第三方per-份估计：270/187kcal(区间见conflicting_sources)。
laoxiangji-cn-097-lujizhao,老乡鸡,B,卤鸡爪,lujizhao,正餐菜品,老乡鸡在售菜品（官方溯源报告2.0分类：正餐菜品）。序号97/191。,100,g,114,14.4,2.4,5.2,,727,,exact,,,,,,,,,official_label,https://lxjchina.com.cn/upload/2026-05/177828991193340300.pdf,《老乡鸡菜品溯源报告2.0》菜品营养成分信息（每100g）,2026-04-30,https://lxjchina.com.cn/info.php?class_id=102106,官方《菜品溯源报告2.0》第三方检测4+1(热量/蛋白质/脂肪/碳水/钠)，基准为每100g；报告未逐项给出每份克重，故per-份数值需门店实际份量，未臆造。,A,,老乡鸡 卤鸡爪 热量; 老乡鸡 卤鸡爪 减脂; 老乡鸡 营养 热量表; 老乡鸡 减脂 怎么点,去皮; 只吃瘦肉部分,main_dish; moderate_protein,complete,2026-09-18,single_item,,门店实际每份克重(官方公示为每100g基准); 酱汁/糖油量,,官方检测每100g：114kcal/蛋白14.4g/脂肪5.2g/碳水2.4g/钠727mg 为记录基准值(A级exact)。
laoxiangji-cn-098-meicaikourou,老乡鸡,B,梅菜扣肉,meicaikourou,正餐菜品,老乡鸡在售菜品（官方溯源报告2.0分类：正餐菜品）。序号98/191。,100,g,246,8.1,5.5,21.5,,932,,exact,,,,,,,,,official_label,https://lxjchina.com.cn/upload/2026-05/177828991193340300.pdf,《老乡鸡菜品溯源报告2.0》菜品营养成分信息（每100g）,2026-04-30,https://m.trfsz.com/newsview1316060.html,"官方《菜品溯源报告2.0》第三方检测4+1(热量/蛋白质/脂肪/碳水/钠)，基准为每100g；报告未逐项给出每份克重，故per-份数值需门店实际份量，未臆造。 第三方per-份参考(非官方,无方法披露,C级)：泰然健康网(第三方,无称重方法)per-份≈772kcal；小红书'云朵裹着软晚风'(第三方,无方法)per-份≈772kcal。",A,,老乡鸡 梅菜扣肉 热量; 老乡鸡 梅菜扣肉 减脂; 老乡鸡 营养 热量表; 老乡鸡 减脂 怎么点,去皮; 只吃瘦肉部分,main_dish; high_fat,complete,2026-09-18,single_item,,门店实际每份克重(官方公示为每100g基准),,官方检测每100g：246kcal/蛋白8.1g/脂肪21.5g/碳水5.5g/钠932mg 为记录基准值(A级exact)。 第三方per-份估计：772/772kcal(区间见conflicting_sources)。
laoxiangji-cn-099-nongjiazhengdan,老乡鸡,B,农家蒸蛋,nongjiazhengdan,正餐菜品,老乡鸡在售菜品（官方溯源报告2.0分类：正餐菜品）。序号99/191。,100,g,38,3.3,0.7,2.4,,471,,exact,,,,,,,,,official_label,https://lxjchina.com.cn/upload/2026-05/177828991193340300.pdf,《老乡鸡菜品溯源报告2.0》菜品营养成分信息（每100g）,2026-04-30,https://m.baidu.com/bh/m/detail/ar_5828449468476841931,"官方《菜品溯源报告2.0》第三方检测4+1(热量/蛋白质/脂肪/碳水/钠)，基准为每100g；报告未逐项给出每份克重，故per-份数值需门店实际份量，未臆造。 第三方per-份参考(非官方,无方法披露,C级)：小红书'云朵裹着软晚风'(第三方,无方法)per-份≈192kcal。",A,,老乡鸡 农家蒸蛋 热量; 老乡鸡 农家蒸蛋 减脂; 老乡鸡 营养 热量表; 老乡鸡 减脂 怎么点,按需搭配蔬菜/减少主食,main_dish; fat_loss_friendly; steamed_or_stewed,complete,2026-09-18,single_item,,门店实际每份克重(官方公示为每100g基准),,官方检测每100g：38kcal/蛋白3.3g/脂肪2.4g/碳水0.7g/钠471mg 为记录基准值(A级exact)。 第三方per-份估计：192kcal(区间见conflicting_sources)。
laoxiangji-cn-100-roubingzhengdan-changgui,老乡鸡,B,肉饼蒸蛋（常规版）,roubingzhengdan,正餐菜品,老乡鸡在售菜品（官方溯源报告2.0分类：正餐菜品）。序号100/191。,100,g,142,10.6,0.7,10.9,,422,,exact,,,,,,,,,official_label,https://lxjchina.com.cn/upload/2026-05/177828991193340300.pdf,《老乡鸡菜品溯源报告2.0》菜品营养成分信息（每100g）,2026-04-30,https://lxjchina.com.cn/info.php?class_id=102106,官方《菜品溯源报告2.0》第三方检测4+1(热量/蛋白质/脂肪/碳水/钠)，基准为每100g；报告未逐项给出每份克重，故per-份数值需门店实际份量，未臆造。,A,,老乡鸡 肉饼蒸蛋（常规版） 热量; 老乡鸡 肉饼蒸蛋（常规版） 减脂; 老乡鸡 营养 热量表; 老乡鸡 减脂 怎么点,去皮; 只吃瘦肉部分,main_dish; moderate_protein; steamed_or_stewed; carb_heavy,complete,2026-09-18,single_item,,门店实际每份克重(官方公示为每100g基准),,官方检测每100g：142kcal/蛋白10.6g/脂肪10.9g/碳水0.7g/钠422mg 为记录基准值(A级exact)。
laoxiangji-cn-101-suanrongfensixia,老乡鸡,B,蒜蓉粉丝虾,suanrongfensixia,正餐菜品,老乡鸡在售菜品（官方溯源报告2.0分类：正餐菜品）。序号101/191。,100,g,62,5.0,8.2,0.9,,616,,exact,,,,,,,,,official_label,https://lxjchina.com.cn/upload/2026-05/177828991193340300.pdf,《老乡鸡菜品溯源报告2.0》菜品营养成分信息（每100g）,2026-04-30,https://m.trfsz.com/newsview1316060.html,"官方《菜品溯源报告2.0》第三方检测4+1(热量/蛋白质/脂肪/碳水/钠)，基准为每100g；报告未逐项给出每份克重，故per-份数值需门店实际份量，未臆造。 第三方per-份参考(非官方,无方法披露,C级)：泰然健康网(第三方,无称重方法)per-份≈213kcal。",A,,老乡鸡 蒜蓉粉丝虾 热量; 老乡鸡 蒜蓉粉丝虾 减脂; 老乡鸡 营养 热量表; 老乡鸡 减脂 怎么点,米饭/主食减半; 少酱汁; 去皮; 只吃瘦肉部分,main_dish; fat_loss_friendly; carb_heavy,complete,2026-09-18,single_item,,门店实际每份克重(官方公示为每100g基准),,官方检测每100g：62kcal/蛋白5.0g/脂肪0.9g/碳水8.2g/钠616mg 为记录基准值(A级exact)。 第三方per-份估计：213kcal(区间见conflicting_sources)。
laoxiangji-cn-102-xiangchangzhengdougan,老乡鸡,B,香肠蒸豆干,xiangchangzhengdougan,正餐菜品,老乡鸡在售菜品（官方溯源报告2.0分类：正餐菜品）。序号102/191。,100,g,220,15.3,14.2,11.3,,791,,exact,,,,,,,,,official_label,https://lxjchina.com.cn/upload/2026-05/177828991193340300.pdf,《老乡鸡菜品溯源报告2.0》菜品营养成分信息（每100g）,2026-04-30,https://lxjchina.com.cn/info.php?class_id=102106,官方《菜品溯源报告2.0》第三方检测4+1(热量/蛋白质/脂肪/碳水/钠)，基准为每100g；报告未逐项给出每份克重，故per-份数值需门店实际份量，未臆造。,A,,老乡鸡 香肠蒸豆干 热量; 老乡鸡 香肠蒸豆干 减脂; 老乡鸡 营养 热量表; 老乡鸡 减脂 怎么点,按需搭配蔬菜/减少主食,main_dish; high_protein; steamed_or_stewed,complete,2026-09-18,single_item,,门店实际每份克重(官方公示为每100g基准),,官方检测每100g：220kcal/蛋白15.3g/脂肪11.3g/碳水14.2g/钠791mg 为记录基准值(A级exact)。
laoxiangji-cn-103-zhenzhunuomirouwan,老乡鸡,B,珍珠糯米肉丸,zhenzhunuomirouwan,正餐菜品,老乡鸡在售菜品（官方溯源报告2.0分类：正餐菜品）。序号103/191。,100,g,204,9.4,14.1,12.3,,467,,exact,,,,,,,,,official_label,https://lxjchina.com.cn/upload/2026-05/177828991193340300.pdf,《老乡鸡菜品溯源报告2.0》菜品营养成分信息（每100g）,2026-04-30,https://lxjchina.com.cn/info.php?class_id=102106,官方《菜品溯源报告2.0》第三方检测4+1(热量/蛋白质/脂肪/碳水/钠)，基准为每100g；报告未逐项给出每份克重，故per-份数值需门店实际份量，未臆造。,A,,老乡鸡 珍珠糯米肉丸 热量; 老乡鸡 珍珠糯米肉丸 减脂; 老乡鸡 营养 热量表; 老乡鸡 减脂 怎么点,去皮; 只吃瘦肉部分,main_dish,complete,2026-09-18,single_item,,门店实际每份克重(官方公示为每100g基准),,官方检测每100g：204kcal/蛋白9.4g/脂肪12.3g/碳水14.1g/钠467mg 为记录基准值(A级exact)。
laoxiangji-cn-104-zhusunzhengjichi,老乡鸡,B,竹笋蒸鸡翅,zhusunzhengjichi,正餐菜品,老乡鸡在售菜品（官方溯源报告2.0分类：正餐菜品）。序号104/191。,100,g,99,6.5,4.2,6.3,,1428,,exact,,,,,,,,,official_label,https://lxjchina.com.cn/upload/2026-05/177828991193340300.pdf,《老乡鸡菜品溯源报告2.0》菜品营养成分信息（每100g）,2026-04-30,https://m.trfsz.com/newsview1316060.html,"官方《菜品溯源报告2.0》第三方检测4+1(热量/蛋白质/脂肪/碳水/钠)，基准为每100g；报告未逐项给出每份克重，故per-份数值需门店实际份量，未臆造。 第三方per-份参考(非官方,无方法披露,C级)：泰然健康网(第三方,无称重方法)per-份≈255kcal。",A,,老乡鸡 竹笋蒸鸡翅 热量; 老乡鸡 竹笋蒸鸡翅 减脂; 老乡鸡 营养 热量表; 老乡鸡 减脂 怎么点,去皮; 只吃瘦肉部分,main_dish; high_sodium; steamed_or_stewed,complete,2026-09-18,single_item,,门店实际每份克重(官方公示为每100g基准),,官方检测每100g：99kcal/蛋白6.5g/脂肪6.3g/碳水4.2g/钠1428mg 为记录基准值(A级exact)。 第三方per-份估计：255kcal(区间见conflicting_sources)。
laoxiangji-cn-105-qingjiaozhengdoumi,老乡鸡,B,青椒蒸豆米,qingjiaozhengdoumi,正餐菜品,老乡鸡在售菜品（官方溯源报告2.0分类：正餐菜品）。序号105/191。,100,g,172,9.1,9.0,11.1,,455,,exact,,,,,,,,,official_label,https://lxjchina.com.cn/upload/2026-05/177828991193340300.pdf,《老乡鸡菜品溯源报告2.0》菜品营养成分信息（每100g）,2026-04-30,https://lxjchina.com.cn/info.php?class_id=102106,官方《菜品溯源报告2.0》第三方检测4+1(热量/蛋白质/脂肪/碳水/钠)，基准为每100g；报告未逐项给出每份克重，故per-份数值需门店实际份量，未臆造。,A,,老乡鸡 青椒蒸豆米 热量; 老乡鸡 青椒蒸豆米 减脂; 老乡鸡 营养 热量表; 老乡鸡 减脂 怎么点,按需搭配蔬菜/减少主食,main_dish; steamed_or_stewed,complete,2026-09-18,single_item,,门店实际每份克重(官方公示为每100g基准),,官方检测每100g：172kcal/蛋白9.1g/脂肪11.1g/碳水9.0g/钠455mg 为记录基准值(A级exact)。
laoxiangji-cn-106-zhengnangua,老乡鸡,B,蒸南瓜,zhengnangua,正餐菜品,老乡鸡在售菜品（官方溯源报告2.0分类：正餐菜品）。序号106/191。,100,g,65,2.2,13.7,0.0,,0,,exact,,,,,,,,,official_label,https://lxjchina.com.cn/upload/2026-05/177828991193340300.pdf,《老乡鸡菜品溯源报告2.0》菜品营养成分信息（每100g）,2026-04-30,https://lxjchina.com.cn/info.php?class_id=102106,官方《菜品溯源报告2.0》第三方检测4+1(热量/蛋白质/脂肪/碳水/钠)，基准为每100g；报告未逐项给出每份克重，故per-份数值需门店实际份量，未臆造。,A,,老乡鸡 蒸南瓜 热量; 老乡鸡 蒸南瓜 减脂; 老乡鸡 营养 热量表; 老乡鸡 减脂 怎么点,按需搭配蔬菜/减少主食,main_dish; fat_loss_friendly; steamed_or_stewed,complete,2026-09-18,single_item,,门店实际每份克重(官方公示为每100g基准),,官方检测每100g：65kcal/蛋白2.2g/脂肪0.0g/碳水13.7g/钠0mg 为记录基准值(A级exact)。
laoxiangji-cn-107-zhengnendoufu,老乡鸡,B,蒸嫩豆腐,zhengnendoufu,正餐菜品,老乡鸡在售菜品（官方溯源报告2.0分类：正餐菜品）。序号107/191。,100,g,112,7.2,10.5,4.5,,529,,exact,,,,,,,,,official_label,https://lxjchina.com.cn/upload/2026-05/177828991193340300.pdf,《老乡鸡菜品溯源报告2.0》菜品营养成分信息（每100g）,2026-04-30,https://lxjchina.com.cn/info.php?class_id=102106,官方《菜品溯源报告2.0》第三方检测4+1(热量/蛋白质/脂肪/碳水/钠)，基准为每100g；报告未逐项给出每份克重，故per-份数值需门店实际份量，未臆造。,A,,老乡鸡 蒸嫩豆腐 热量; 老乡鸡 蒸嫩豆腐 减脂; 老乡鸡 营养 热量表; 老乡鸡 减脂 怎么点,按需搭配蔬菜/减少主食,main_dish; steamed_or_stewed,complete,2026-09-18,single_item,,门店实际每份克重(官方公示为每100g基准),,官方检测每100g：112kcal/蛋白7.2g/脂肪4.5g/碳水10.5g/钠529mg 为记录基准值(A级exact)。
laoxiangji-cn-108-jungujitang,老乡鸡,B,菌菇鸡汤,jungujitang,正餐菜品,老乡鸡在售菜品（官方溯源报告2.0分类：正餐菜品）。序号108/191。,100,g,20,2.4,1.0,0.7,,237,,exact,,,,,,,,,official_label,https://lxjchina.com.cn/upload/2026-05/177828991193340300.pdf,《老乡鸡菜品溯源报告2.0》菜品营养成分信息（每100g）,2026-04-30,https://lxjchina.com.cn/info.php?class_id=102106,官方《菜品溯源报告2.0》第三方检测4+1(热量/蛋白质/脂肪/碳水/钠)，基准为每100g；报告未逐项给出每份克重，故per-份数值需门店实际份量，未臆造。,A,,老乡鸡 菌菇鸡汤 热量; 老乡鸡 菌菇鸡汤 减脂; 老乡鸡 营养 热量表; 老乡鸡 减脂 怎么点,去皮; 只吃瘦肉部分; 少喝汤(降钠),main_dish; fat_loss_friendly; soup,complete,2026-09-18,single_item,,门店实际每份克重(官方公示为每100g基准); 是否喝汤; 汤量,,官方检测每100g：20kcal/蛋白2.4g/脂肪0.7g/碳水1.0g/钠237mg 为记录基准值(A级exact)。
laoxiangji-cn-109-fanqiejungurouwan,老乡鸡,B,番茄菌菇肉丸,fanqiejungurouwan,正餐菜品,老乡鸡在售菜品（官方溯源报告2.0分类：正餐菜品）。序号109/191。,100,g,71,4.1,4.9,3.9,,218,,exact,,,,,,,,,official_label,https://lxjchina.com.cn/upload/2026-05/177828991193340300.pdf,《老乡鸡菜品溯源报告2.0》菜品营养成分信息（每100g）,2026-04-30,https://lxjchina.com.cn/info.php?class_id=102106,官方《菜品溯源报告2.0》第三方检测4+1(热量/蛋白质/脂肪/碳水/钠)，基准为每100g；报告未逐项给出每份克重，故per-份数值需门店实际份量，未臆造。,A,,老乡鸡 番茄菌菇肉丸 热量; 老乡鸡 番茄菌菇肉丸 减脂; 老乡鸡 营养 热量表; 老乡鸡 减脂 怎么点,去皮; 只吃瘦肉部分,main_dish; fat_loss_friendly,complete,2026-09-18,single_item,,门店实际每份克重(官方公示为每100g基准),,官方检测每100g：71kcal/蛋白4.1g/脂肪3.9g/碳水4.9g/钠218mg 为记录基准值(A级exact)。
laoxiangji-cn-110-laweihezheng,老乡鸡,B,腊味合蒸,laweihezheng,正餐菜品,老乡鸡在售菜品（官方溯源报告2.0分类：正餐菜品）。序号110/191。,100,g,242,21.7,6.5,14.4,,1510,,exact,,,,,,,,,official_label,https://lxjchina.com.cn/upload/2026-05/177828991193340300.pdf,《老乡鸡菜品溯源报告2.0》菜品营养成分信息（每100g）,2026-04-30,https://lxjchina.com.cn/info.php?class_id=102106,官方《菜品溯源报告2.0》第三方检测4+1(热量/蛋白质/脂肪/碳水/钠)，基准为每100g；报告未逐项给出每份克重，故per-份数值需门店实际份量，未臆造。,A,,老乡鸡 腊味合蒸 热量; 老乡鸡 腊味合蒸 减脂; 老乡鸡 营养 热量表; 老乡鸡 减脂 怎么点,按需搭配蔬菜/减少主食,main_dish; high_protein; high_sodium; steamed_or_stewed,complete,2026-09-18,single_item,,门店实际每份克重(官方公示为每100g基准),,官方检测每100g：242kcal/蛋白21.7g/脂肪14.4g/碳水6.5g/钠1510mg 为记录基准值(A级exact)。
laoxiangji-cn-111-sunzijitang,老乡鸡,B,笋子鸡汤,sunzijitang,正餐菜品,老乡鸡在售菜品（官方溯源报告2.0分类：正餐菜品）。序号111/191。,100,g,14,2.2,1.2,0.0,,242,,exact,,,,,,,,,official_label,https://lxjchina.com.cn/upload/2026-05/177828991193340300.pdf,《老乡鸡菜品溯源报告2.0》菜品营养成分信息（每100g）,2026-04-30,https://lxjchina.com.cn/info.php?class_id=102106,官方《菜品溯源报告2.0》第三方检测4+1(热量/蛋白质/脂肪/碳水/钠)，基准为每100g；报告未逐项给出每份克重，故per-份数值需门店实际份量，未臆造。,A,,老乡鸡 笋子鸡汤 热量; 老乡鸡 笋子鸡汤 减脂; 老乡鸡 营养 热量表; 老乡鸡 减脂 怎么点,去皮; 只吃瘦肉部分; 少喝汤(降钠),main_dish; fat_loss_friendly; soup,complete,2026-09-18,single_item,,门店实际每份克重(官方公示为每100g基准); 是否喝汤; 汤量,,官方检测每100g：14kcal/蛋白2.2g/脂肪0.0g/碳水1.2g/钠242mg 为记录基准值(A级exact)。
laoxiangji-cn-112-sansexiaren,老乡鸡,B,三色虾仁,sansexiaren,正餐菜品,老乡鸡在售菜品（官方溯源报告2.0分类：正餐菜品）。序号112/191。,100,g,87,4.4,10.4,3.0,,422,,exact,,,,,,,,,official_label,https://lxjchina.com.cn/upload/2026-05/177828991193340300.pdf,《老乡鸡菜品溯源报告2.0》菜品营养成分信息（每100g）,2026-04-30,https://lxjchina.com.cn/info.php?class_id=102106,官方《菜品溯源报告2.0》第三方检测4+1(热量/蛋白质/脂肪/碳水/钠)，基准为每100g；报告未逐项给出每份克重，故per-份数值需门店实际份量，未臆造。,A,,老乡鸡 三色虾仁 热量; 老乡鸡 三色虾仁 减脂; 老乡鸡 营养 热量表; 老乡鸡 减脂 怎么点,去皮; 只吃瘦肉部分,main_dish; fat_loss_friendly,complete,2026-09-18,single_item,,门店实际每份克重(官方公示为每100g基准),,官方检测每100g：87kcal/蛋白4.4g/脂肪3.0g/碳水10.4g/钠422mg 为记录基准值(A级exact)。
laoxiangji-cn-113-roubingzhengdan-mati,老乡鸡,B,肉饼蒸蛋（马蹄版）,roubingzhengdan,正餐菜品,老乡鸡在售菜品（官方溯源报告2.0分类：正餐菜品）。序号113/191。,100,g,131,12.4,1.4,8.5,,485,,exact,,,,,,,,,official_label,https://lxjchina.com.cn/upload/2026-05/177828991193340300.pdf,《老乡鸡菜品溯源报告2.0》菜品营养成分信息（每100g）,2026-04-30,https://lxjchina.com.cn/info.php?class_id=102106,官方《菜品溯源报告2.0》第三方检测4+1(热量/蛋白质/脂肪/碳水/钠)，基准为每100g；报告未逐项给出每份克重，故per-份数值需门店实际份量，未臆造。,A,,老乡鸡 肉饼蒸蛋（马蹄版） 热量; 老乡鸡 肉饼蒸蛋（马蹄版） 减脂; 老乡鸡 营养 热量表; 老乡鸡 减脂 怎么点,去皮; 只吃瘦肉部分,main_dish; moderate_protein; steamed_or_stewed; carb_heavy,complete,2026-09-18,single_item,,门店实际每份克重(官方公示为每100g基准),,官方检测每100g：131kcal/蛋白12.4g/脂肪8.5g/碳水1.4g/钠485mg 为记录基准值(A级exact)。
laoxiangji-cn-114-duojiaoyutou-bailianyutou,老乡鸡,B,剁椒鱼头（白鲢鱼头版）,duojiaoyutou,正餐菜品,老乡鸡在售菜品（官方溯源报告2.0分类：正餐菜品）。序号114/191。,100,g,95,6.4,5.9,5.1,,1770,,exact,,,,,,,,,official_label,https://lxjchina.com.cn/upload/2026-05/177828991193340300.pdf,《老乡鸡菜品溯源报告2.0》菜品营养成分信息（每100g）,2026-04-30,https://lxjchina.com.cn/info.php?class_id=102106,官方《菜品溯源报告2.0》第三方检测4+1(热量/蛋白质/脂肪/碳水/钠)，基准为每100g；报告未逐项给出每份克重，故per-份数值需门店实际份量，未臆造。,A,,老乡鸡 剁椒鱼头（白鲢鱼头版） 热量; 老乡鸡 剁椒鱼头（白鲢鱼头版） 减脂; 老乡鸡 营养 热量表; 老乡鸡 减脂 怎么点,去皮; 只吃瘦肉部分,main_dish; high_sodium,complete,2026-09-18,single_item,,门店实际每份克重(官方公示为每100g基准),,官方检测每100g：95kcal/蛋白6.4g/脂肪5.1g/碳水5.9g/钠1770mg 为记录基准值(A级exact)。
laoxiangji-cn-115-duojiaoyutou-caoyutou,老乡鸡,B,剁椒鱼头（草鱼头版）,duojiaoyutou,正餐菜品,老乡鸡在售菜品（官方溯源报告2.0分类：正餐菜品）。序号115/191。,100,g,100,9.8,4.2,4.9,,1580,,exact,,,,,,,,,official_label,https://lxjchina.com.cn/upload/2026-05/177828991193340300.pdf,《老乡鸡菜品溯源报告2.0》菜品营养成分信息（每100g）,2026-04-30,https://lxjchina.com.cn/info.php?class_id=102106,官方《菜品溯源报告2.0》第三方检测4+1(热量/蛋白质/脂肪/碳水/钠)，基准为每100g；报告未逐项给出每份克重，故per-份数值需门店实际份量，未臆造。,A,,老乡鸡 剁椒鱼头（草鱼头版） 热量; 老乡鸡 剁椒鱼头（草鱼头版） 减脂; 老乡鸡 营养 热量表; 老乡鸡 减脂 怎么点,去皮; 只吃瘦肉部分,main_dish; high_sodium,complete,2026-09-18,single_item,,门店实际每份克重(官方公示为每100g基准),,官方检测每100g：100kcal/蛋白9.8g/脂肪4.9g/碳水4.2g/钠1580mg 为记录基准值(A级exact)。
laoxiangji-cn-116-huangguachaohongchang,老乡鸡,B,黄瓜炒红肠,huangguachaohongchang,正餐菜品,老乡鸡在售菜品（官方溯源报告2.0分类：正餐菜品）。序号116/191。,100,g,104,6.0,4.6,6.9,,811,,exact,,,,,,,,,official_label,https://lxjchina.com.cn/upload/2026-05/177828991193340300.pdf,《老乡鸡菜品溯源报告2.0》菜品营养成分信息（每100g）,2026-04-30,https://lxjchina.com.cn/info.php?class_id=102106,官方《菜品溯源报告2.0》第三方检测4+1(热量/蛋白质/脂肪/碳水/钠)，基准为每100g；报告未逐项给出每份克重，故per-份数值需门店实际份量，未臆造。,A,,老乡鸡 黄瓜炒红肠 热量; 老乡鸡 黄瓜炒红肠 减脂; 老乡鸡 营养 热量表; 老乡鸡 减脂 怎么点,少油; 少盐,main_dish; stir_fry,complete,2026-09-18,single_item,,门店实际每份克重(官方公示为每100g基准); 炒菜烹调油用量,,官方检测每100g：104kcal/蛋白6.0g/脂肪6.9g/碳水4.6g/钠811mg 为记录基准值(A级exact)。
laoxiangji-cn-117-shaguoxianglayouyu,老乡鸡,B,砂锅香辣鱿鱼,shaguoxianglayouyu,正餐菜品,老乡鸡在售菜品（官方溯源报告2.0分类：正餐菜品）。序号117/191。,100,g,136,8.2,11.2,6.5,,372,,exact,,,,,,,,,official_label,https://lxjchina.com.cn/upload/2026-05/177828991193340300.pdf,《老乡鸡菜品溯源报告2.0》菜品营养成分信息（每100g）,2026-04-30,https://lxjchina.com.cn/info.php?class_id=102106,官方《菜品溯源报告2.0》第三方检测4+1(热量/蛋白质/脂肪/碳水/钠)，基准为每100g；报告未逐项给出每份克重，故per-份数值需门店实际份量，未臆造。,A,,老乡鸡 砂锅香辣鱿鱼 热量; 老乡鸡 砂锅香辣鱿鱼 减脂; 老乡鸡 营养 热量表; 老乡鸡 减脂 怎么点,去皮; 只吃瘦肉部分,main_dish,complete,2026-09-18,single_item,,门店实际每份克重(官方公示为每100g基准),,官方检测每100g：136kcal/蛋白8.2g/脂肪6.5g/碳水11.2g/钠372mg 为记录基准值(A级exact)。
laoxiangji-cn-118-yinyupujidan,老乡鸡,B,银鱼浦鸡蛋,yinyupujidan,正餐菜品,老乡鸡在售菜品（官方溯源报告2.0分类：正餐菜品）。序号118/191。,100,g,80,6.9,1.7,5.1,,330,,exact,,,,,,,,,official_label,https://lxjchina.com.cn/upload/2026-05/177828991193340300.pdf,《老乡鸡菜品溯源报告2.0》菜品营养成分信息（每100g）,2026-04-30,https://lxjchina.com.cn/info.php?class_id=102106,官方《菜品溯源报告2.0》第三方检测4+1(热量/蛋白质/脂肪/碳水/钠)，基准为每100g；报告未逐项给出每份克重，故per-份数值需门店实际份量，未臆造。,A,,老乡鸡 银鱼浦鸡蛋 热量; 老乡鸡 银鱼浦鸡蛋 减脂; 老乡鸡 营养 热量表; 老乡鸡 减脂 怎么点,去皮; 只吃瘦肉部分,main_dish; fat_loss_friendly,complete,2026-09-18,single_item,,门店实际每份克重(官方公示为每100g基准),,官方检测每100g：80kcal/蛋白6.9g/脂肪5.1g/碳水1.7g/钠330mg 为记录基准值(A级exact)。
laoxiangji-cn-119-tongguoshuizhuroupian,老乡鸡,B,铜锅水煮肉片,tongguoshuizhuroupian,正餐菜品,老乡鸡在售菜品（官方溯源报告2.0分类：正餐菜品）。序号119/191。,100,g,78,5.5,5.6,3.7,,817,,exact,,,,,,,,,official_label,https://lxjchina.com.cn/upload/2026-05/177828991193340300.pdf,《老乡鸡菜品溯源报告2.0》菜品营养成分信息（每100g）,2026-04-30,https://lxjchina.com.cn/info.php?class_id=102106,官方《菜品溯源报告2.0》第三方检测4+1(热量/蛋白质/脂肪/碳水/钠)，基准为每100g；报告未逐项给出每份克重，故per-份数值需门店实际份量，未臆造。,A,,老乡鸡 铜锅水煮肉片 热量; 老乡鸡 铜锅水煮肉片 减脂; 老乡鸡 营养 热量表; 老乡鸡 减脂 怎么点,去皮; 只吃瘦肉部分,main_dish; steamed_or_stewed,complete,2026-09-18,single_item,,门店实际每份克重(官方公示为每100g基准),,官方检测每100g：78kcal/蛋白5.5g/脂肪3.7g/碳水5.6g/钠817mg 为记录基准值(A级exact)。
laoxiangji-cn-120-hongsuantangfeiniumian,老乡鸡,B,红酸汤肥牛面,hongsuantangfeiniumian,主食,老乡鸡在售菜品（官方溯源报告2.0分类：主食）。序号120/191。,100,g,94,4.1,9.6,4.3,,466,,exact,,,,,,,,,official_label,https://lxjchina.com.cn/upload/2026-05/177828991193340300.pdf,《老乡鸡菜品溯源报告2.0》菜品营养成分信息（每100g）,2026-04-30,https://lxjchina.com.cn/info.php?class_id=102106,官方《菜品溯源报告2.0》第三方检测4+1(热量/蛋白质/脂肪/碳水/钠)，基准为每100g；报告未逐项给出每份克重，故per-份数值需门店实际份量，未臆造。,A,,老乡鸡 红酸汤肥牛面 热量; 老乡鸡 红酸汤肥牛面 减脂; 老乡鸡 营养 热量表; 老乡鸡 减脂 怎么点,米饭/主食减半; 少酱汁; 少喝汤(降钠),staple; fat_loss_friendly; soup; carb_heavy,complete,2026-09-18,single_item,,门店实际每份克重(官方公示为每100g基准); 主食份量; 汤/酱是否饮尽,,官方检测每100g：94kcal/蛋白4.1g/脂肪4.3g/碳水9.6g/钠466mg 为记录基准值(A级exact)。
laoxiangji-cn-121-jizashouganmian,老乡鸡,B,鸡杂手擀面,jizashouganmian,主食,老乡鸡在售菜品（官方溯源报告2.0分类：主食）。序号121/191。,100,g,95,4.0,14.0,2.4,,418,,exact,,,,,,,,,official_label,https://lxjchina.com.cn/upload/2026-05/177828991193340300.pdf,《老乡鸡菜品溯源报告2.0》菜品营养成分信息（每100g）,2026-04-30,https://m.trfsz.com/newsview1316060.html,"官方《菜品溯源报告2.0》第三方检测4+1(热量/蛋白质/脂肪/碳水/钠)，基准为每100g；报告未逐项给出每份克重，故per-份数值需门店实际份量，未臆造。 第三方per-份参考(非官方,无方法披露,C级)：泰然健康网(第三方,无称重方法)per-份≈679kcal。",A,,老乡鸡 鸡杂手擀面 热量; 老乡鸡 鸡杂手擀面 减脂; 老乡鸡 营养 热量表; 老乡鸡 减脂 怎么点,米饭/主食减半; 少酱汁; 去皮; 只吃瘦肉部分,staple; fat_loss_friendly; carb_heavy,complete,2026-09-18,single_item,,门店实际每份克重(官方公示为每100g基准); 主食份量; 汤/酱是否饮尽,,官方检测每100g：95kcal/蛋白4.0g/脂肪2.4g/碳水14.0g/钠418mg 为记录基准值(A级exact)。 第三方per-份估计：679kcal(区间见conflicting_sources)。
laoxiangji-cn-122-jungujitangmian,老乡鸡,B,菌菇鸡汤面,jungujitangmian,主食,老乡鸡在售菜品（官方溯源报告2.0分类：主食）。序号122/191。,100,g,83,2.5,9.9,3.7,,331,,exact,,,,,,,,,official_label,https://lxjchina.com.cn/upload/2026-05/177828991193340300.pdf,《老乡鸡菜品溯源报告2.0》菜品营养成分信息（每100g）,2026-04-30,https://lxjchina.com.cn/info.php?class_id=102106,官方《菜品溯源报告2.0》第三方检测4+1(热量/蛋白质/脂肪/碳水/钠)，基准为每100g；报告未逐项给出每份克重，故per-份数值需门店实际份量，未臆造。,A,,老乡鸡 菌菇鸡汤面 热量; 老乡鸡 菌菇鸡汤面 减脂; 老乡鸡 营养 热量表; 老乡鸡 减脂 怎么点,米饭/主食减半; 少酱汁; 去皮; 只吃瘦肉部分,staple; fat_loss_friendly; soup; carb_heavy,complete,2026-09-18,single_item,,门店实际每份克重(官方公示为每100g基准); 主食份量; 汤/酱是否饮尽,,官方检测每100g：83kcal/蛋白2.5g/脂肪3.7g/碳水9.9g/钠331mg 为记录基准值(A级exact)。
laoxiangji-cn-123-laojiyangmimian,老乡鸡,B,老鸡扬米面,laojiyangmimian,主食,老乡鸡在售菜品（官方溯源报告2.0分类：主食）。序号123/191。,100,g,94,3.3,12.9,3.2,,221,,exact,,,,,,,,,official_label,https://lxjchina.com.cn/upload/2026-05/177828991193340300.pdf,《老乡鸡菜品溯源报告2.0》菜品营养成分信息（每100g）,2026-04-30,https://m.trfsz.com/newsview1316060.html,"官方《菜品溯源报告2.0》第三方检测4+1(热量/蛋白质/脂肪/碳水/钠)，基准为每100g；报告未逐项给出每份克重，故per-份数值需门店实际份量，未臆造。 第三方per-份参考(非官方,无方法披露,C级)：泰然健康网(第三方,无称重方法)per-份≈468kcal。",A,,老乡鸡 老鸡扬米面 热量; 老乡鸡 老鸡扬米面 减脂; 老乡鸡 营养 热量表; 老乡鸡 减脂 怎么点,米饭/主食减半; 少酱汁; 去皮; 只吃瘦肉部分,staple; fat_loss_friendly; carb_heavy,complete,2026-09-18,single_item,,门店实际每份克重(官方公示为每100g基准); 主食份量; 汤/酱是否饮尽,,官方检测每100g：94kcal/蛋白3.3g/脂肪3.2g/碳水12.9g/钠221mg 为记录基准值(A级exact)。 第三方per-份估计：468kcal(区间见conflicting_sources)。
laoxiangji-cn-124-laomujitangmian,老乡鸡,B,老母鸡汤面,laomujitangmian,主食,老乡鸡在售菜品（官方溯源报告2.0分类：主食）。序号124/191。,100,g,87,4.3,9.2,3.6,,310,,exact,,,,,,,,,official_label,https://lxjchina.com.cn/upload/2026-05/177828991193340300.pdf,《老乡鸡菜品溯源报告2.0》菜品营养成分信息（每100g）,2026-04-30,https://lxjchina.com.cn/info.php?class_id=102106,官方《菜品溯源报告2.0》第三方检测4+1(热量/蛋白质/脂肪/碳水/钠)，基准为每100g；报告未逐项给出每份克重，故per-份数值需门店实际份量，未臆造。,A,,老乡鸡 老母鸡汤面 热量; 老乡鸡 老母鸡汤面 减脂; 老乡鸡 营养 热量表; 老乡鸡 减脂 怎么点,米饭/主食减半; 少酱汁; 去皮; 只吃瘦肉部分,staple; fat_loss_friendly; soup; carb_heavy,complete,2026-09-18,single_item,,门店实际每份克重(官方公示为每100g基准); 主食份量; 汤/酱是否饮尽,,官方检测每100g：87kcal/蛋白4.3g/脂肪3.6g/碳水9.2g/钠310mg 为记录基准值(A级exact)。
laoxiangji-cn-125-tesereganmian,老乡鸡,B,特色热干面,tesereganmian,主食,老乡鸡在售菜品（官方溯源报告2.0分类：主食）。序号125/191。,100,g,190,5.8,26.8,6.5,,585,,exact,,,,,,,,,official_label,https://lxjchina.com.cn/upload/2026-05/177828991193340300.pdf,《老乡鸡菜品溯源报告2.0》菜品营养成分信息（每100g）,2026-04-30,https://lxjchina.com.cn/info.php?class_id=102106,官方《菜品溯源报告2.0》第三方检测4+1(热量/蛋白质/脂肪/碳水/钠)，基准为每100g；报告未逐项给出每份克重，故per-份数值需门店实际份量，未臆造。,A,,老乡鸡 特色热干面 热量; 老乡鸡 特色热干面 减脂; 老乡鸡 营养 热量表; 老乡鸡 减脂 怎么点,米饭/主食减半; 少酱汁,staple; carb_heavy,complete,2026-09-18,single_item,,门店实际每份克重(官方公示为每100g基准); 主食份量; 汤/酱是否饮尽,,官方检测每100g：190kcal/蛋白5.8g/脂肪6.5g/碳水26.8g/钠585mg 为记录基准值(A级exact)。
laoxiangji-cn-126-wucaijisibanmian,老乡鸡,B,五彩鸡丝拌面,wucaijisibanmian,主食,老乡鸡在售菜品（官方溯源报告2.0分类：主食）。序号126/191。,100,g,149,6.7,19.3,4.9,,454,,exact,,,,,,,,,official_label,https://lxjchina.com.cn/upload/2026-05/177828991193340300.pdf,《老乡鸡菜品溯源报告2.0》菜品营养成分信息（每100g）,2026-04-30,https://lxjchina.com.cn/info.php?class_id=102106,官方《菜品溯源报告2.0》第三方检测4+1(热量/蛋白质/脂肪/碳水/钠)，基准为每100g；报告未逐项给出每份克重，故per-份数值需门店实际份量，未臆造。,A,,老乡鸡 五彩鸡丝拌面 热量; 老乡鸡 五彩鸡丝拌面 减脂; 老乡鸡 营养 热量表; 老乡鸡 减脂 怎么点,米饭/主食减半; 少酱汁; 去皮; 只吃瘦肉部分,staple; carb_heavy,complete,2026-09-18,single_item,,门店实际每份克重(官方公示为每100g基准); 主食份量; 汤/酱是否饮尽,,官方检测每100g：149kcal/蛋白6.7g/脂肪4.9g/碳水19.3g/钠454mg 为记录基准值(A级exact)。
laoxiangji-cn-127-xianggujitangmian,老乡鸡,B,香菇鸡汤面,xianggujitangmian,主食,老乡鸡在售菜品（官方溯源报告2.0分类：主食）。序号127/191。,100,g,77,5.2,6.7,3.2,,248,,exact,,,,,,,,,official_label,https://lxjchina.com.cn/upload/2026-05/177828991193340300.pdf,《老乡鸡菜品溯源报告2.0》菜品营养成分信息（每100g）,2026-04-30,https://m.trfsz.com/newsview1316060.html,"官方《菜品溯源报告2.0》第三方检测4+1(热量/蛋白质/脂肪/碳水/钠)，基准为每100g；报告未逐项给出每份克重，故per-份数值需门店实际份量，未臆造。 第三方per-份参考(非官方,无方法披露,C级)：泰然健康网(第三方,无称重方法)per-份≈394kcal。",A,,老乡鸡 香菇鸡汤面 热量; 老乡鸡 香菇鸡汤面 减脂; 老乡鸡 营养 热量表; 老乡鸡 减脂 怎么点,米饭/主食减半; 少酱汁; 去皮; 只吃瘦肉部分,staple; fat_loss_friendly; soup; carb_heavy,complete,2026-09-18,single_item,,门店实际每份克重(官方公示为每100g基准); 主食份量; 汤/酱是否饮尽,,官方检测每100g：77kcal/蛋白5.2g/脂肪3.2g/碳水6.7g/钠248mg 为记录基准值(A级exact)。 第三方per-份估计：394kcal(区间见conflicting_sources)。
laoxiangji-cn-128-xianglaniunanmian,老乡鸡,B,香辣牛腩面,xianglaniunanmian,主食,老乡鸡在售菜品（官方溯源报告2.0分类：主食）。序号128/191。,100,g,171,4.8,11.7,11.7,,358,,exact,,,,,,,,,official_label,https://lxjchina.com.cn/upload/2026-05/177828991193340300.pdf,《老乡鸡菜品溯源报告2.0》菜品营养成分信息（每100g）,2026-04-30,https://lxjchina.com.cn/info.php?class_id=102106,官方《菜品溯源报告2.0》第三方检测4+1(热量/蛋白质/脂肪/碳水/钠)，基准为每100g；报告未逐项给出每份克重，故per-份数值需门店实际份量，未臆造。,A,,老乡鸡 香辣牛腩面 热量; 老乡鸡 香辣牛腩面 减脂; 老乡鸡 营养 热量表; 老乡鸡 减脂 怎么点,米饭/主食减半; 少酱汁; 去皮; 只吃瘦肉部分,staple; carb_heavy,complete,2026-09-18,single_item,,门店实际每份克重(官方公示为每100g基准); 主食份量; 汤/酱是否饮尽,,官方检测每100g：171kcal/蛋白4.8g/脂肪11.7g/碳水11.7g/钠358mg 为记录基准值(A级exact)。
laoxiangji-cn-129-xianglaniuroumian,老乡鸡,B,香辣牛肉面,xianglaniuroumian,主食,老乡鸡在售菜品（官方溯源报告2.0分类：主食）。序号129/191。,100,g,106,3.5,11.4,5.1,,341,,exact,,,,,,,,,official_label,https://lxjchina.com.cn/upload/2026-05/177828991193340300.pdf,《老乡鸡菜品溯源报告2.0》菜品营养成分信息（每100g）,2026-04-30,https://m.trfsz.com/newsview1316060.html,"官方《菜品溯源报告2.0》第三方检测4+1(热量/蛋白质/脂肪/碳水/钠)，基准为每100g；报告未逐项给出每份克重，故per-份数值需门店实际份量，未臆造。 第三方per-份参考(非官方,无方法披露,C级)：泰然健康网(第三方,无称重方法)per-份≈450kcal。",A,,老乡鸡 香辣牛肉面 热量; 老乡鸡 香辣牛肉面 减脂; 老乡鸡 营养 热量表; 老乡鸡 减脂 怎么点,米饭/主食减半; 少酱汁; 去皮; 只吃瘦肉部分,staple; carb_heavy,complete,2026-09-18,single_item,,门店实际每份克重(官方公示为每100g基准); 主食份量; 汤/酱是否饮尽,,官方检测每100g：106kcal/蛋白3.5g/脂肪5.1g/碳水11.4g/钠341mg 为记录基准值(A级exact)。 第三方per-份估计：450kcal(区间见conflicting_sources)。
laoxiangji-cn-130-yangchunmian,老乡鸡,B,阳春面,yangchunmian,主食,老乡鸡在售菜品（官方溯源报告2.0分类：主食）。序号130/191。,100,g,61,2.3,10.8,0.8,,501,,exact,,,,,,,,,official_label,https://lxjchina.com.cn/upload/2026-05/177828991193340300.pdf,《老乡鸡菜品溯源报告2.0》菜品营养成分信息（每100g）,2026-04-30,https://lxjchina.com.cn/info.php?class_id=102106,官方《菜品溯源报告2.0》第三方检测4+1(热量/蛋白质/脂肪/碳水/钠)，基准为每100g；报告未逐项给出每份克重，故per-份数值需门店实际份量，未臆造。,A,,老乡鸡 阳春面 热量; 老乡鸡 阳春面 减脂; 老乡鸡 营养 热量表; 老乡鸡 减脂 怎么点,米饭/主食减半; 少酱汁,staple; fat_loss_friendly; carb_heavy,complete,2026-09-18,single_item,,门店实际每份克重(官方公示为每100g基准); 主食份量; 汤/酱是否饮尽,,官方检测每100g：61kcal/蛋白2.3g/脂肪0.8g/碳水10.8g/钠501mg 为记录基准值(A级exact)。
laoxiangji-cn-131-suansuanlalaniuroubanmian,老乡鸡,B,酸酸辣辣牛肉拌面,suansuanlalaniuroubanmian,主食,老乡鸡在售菜品（官方溯源报告2.0分类：主食）。序号131/191。,100,g,128,5.4,18.2,3.6,,358,,exact,,,,,,,,,official_label,https://lxjchina.com.cn/upload/2026-05/177828991193340300.pdf,《老乡鸡菜品溯源报告2.0》菜品营养成分信息（每100g）,2026-04-30,https://lxjchina.com.cn/info.php?class_id=102106,官方《菜品溯源报告2.0》第三方检测4+1(热量/蛋白质/脂肪/碳水/钠)，基准为每100g；报告未逐项给出每份克重，故per-份数值需门店实际份量，未臆造。,A,,老乡鸡 酸酸辣辣牛肉拌面 热量; 老乡鸡 酸酸辣辣牛肉拌面 减脂; 老乡鸡 营养 热量表; 老乡鸡 减脂 怎么点,米饭/主食减半; 少酱汁; 去皮; 只吃瘦肉部分,staple; carb_heavy,complete,2026-09-18,single_item,,门店实际每份克重(官方公示为每100g基准); 主食份量; 汤/酱是否饮尽,,官方检测每100g：128kcal/蛋白5.4g/脂肪3.6g/碳水18.2g/钠358mg 为记录基准值(A级exact)。
laoxiangji-cn-132-jisongrongjunzijitangmian,老乡鸡,B,姬松茸菌子鸡汤面,jisongrongjunzijitangmian,主食,老乡鸡在售菜品（官方溯源报告2.0分类：主食）。序号132/191。,100,g,67,2.8,12.2,0.7,,310,,exact,,,,,,,,,official_label,https://lxjchina.com.cn/upload/2026-05/177828991193340300.pdf,《老乡鸡菜品溯源报告2.0》菜品营养成分信息（每100g）,2026-04-30,https://lxjchina.com.cn/info.php?class_id=102106,官方《菜品溯源报告2.0》第三方检测4+1(热量/蛋白质/脂肪/碳水/钠)，基准为每100g；报告未逐项给出每份克重，故per-份数值需门店实际份量，未臆造。,A,,老乡鸡 姬松茸菌子鸡汤面 热量; 老乡鸡 姬松茸菌子鸡汤面 减脂; 老乡鸡 营养 热量表; 老乡鸡 减脂 怎么点,米饭/主食减半; 少酱汁; 去皮; 只吃瘦肉部分,staple; fat_loss_friendly; soup; carb_heavy,complete,2026-09-18,single_item,,门店实际每份克重(官方公示为每100g基准); 主食份量; 汤/酱是否饮尽,,官方检测每100g：67kcal/蛋白2.8g/脂肪0.7g/碳水12.2g/钠310mg 为记录基准值(A级exact)。
laoxiangji-cn-133-fanqiexiahuamian,老乡鸡,B,番茄虾滑面,fanqiexiahuamian,主食,老乡鸡在售菜品（官方溯源报告2.0分类：主食）。序号133/191。,100,g,76,2.6,12.5,1.7,,238,,exact,,,,,,,,,official_label,https://lxjchina.com.cn/upload/2026-05/177828991193340300.pdf,《老乡鸡菜品溯源报告2.0》菜品营养成分信息（每100g）,2026-04-30,https://lxjchina.com.cn/info.php?class_id=102106,官方《菜品溯源报告2.0》第三方检测4+1(热量/蛋白质/脂肪/碳水/钠)，基准为每100g；报告未逐项给出每份克重，故per-份数值需门店实际份量，未臆造。,A,,老乡鸡 番茄虾滑面 热量; 老乡鸡 番茄虾滑面 减脂; 老乡鸡 营养 热量表; 老乡鸡 减脂 怎么点,米饭/主食减半; 少酱汁; 去皮; 只吃瘦肉部分,staple; fat_loss_friendly; carb_heavy,complete,2026-09-18,single_item,,门店实际每份克重(官方公示为每100g基准); 主食份量; 汤/酱是否饮尽,,官方检测每100g：76kcal/蛋白2.6g/脂肪1.7g/碳水12.5g/钠238mg 为记录基准值(A级exact)。
laoxiangji-cn-134-tesejitanghuntun,老乡鸡,B,特色鸡汤馄饨,tesejitanghuntun,主食,老乡鸡在售菜品（官方溯源报告2.0分类：主食）。序号134/191。,100,g,63,2.8,5.2,3.5,,368,,exact,,,,,,,,,official_label,https://lxjchina.com.cn/upload/2026-05/177828991193340300.pdf,《老乡鸡菜品溯源报告2.0》菜品营养成分信息（每100g）,2026-04-30,https://m.trfsz.com/newsview1316060.html,"官方《菜品溯源报告2.0》第三方检测4+1(热量/蛋白质/脂肪/碳水/钠)，基准为每100g；报告未逐项给出每份克重，故per-份数值需门店实际份量，未臆造。 第三方per-份参考(非官方,无方法披露,C级)：泰然健康网(第三方,无称重方法)per-份≈234kcal。",A,,老乡鸡 特色鸡汤馄饨 热量; 老乡鸡 特色鸡汤馄饨 减脂; 老乡鸡 营养 热量表; 老乡鸡 减脂 怎么点,去皮; 只吃瘦肉部分; 少喝汤(降钠),staple; fat_loss_friendly; soup; carb_heavy,complete,2026-09-18,single_item,,门店实际每份克重(官方公示为每100g基准); 主食份量; 汤/酱是否饮尽,,官方检测每100g：63kcal/蛋白2.8g/脂肪3.5g/碳水5.2g/钠368mg 为记录基准值(A级exact)。 第三方per-份估计：234kcal(区间见conflicting_sources)。
laoxiangji-cn-135-jitangchaoshou,老乡鸡,B,鸡汤抄手,jitangchaoshou,主食,老乡鸡在售菜品（官方溯源报告2.0分类：主食）。序号135/191。,100,g,88,3.2,10.2,3.8,,443,,exact,,,,,,,,,official_label,https://lxjchina.com.cn/upload/2026-05/177828991193340300.pdf,《老乡鸡菜品溯源报告2.0》菜品营养成分信息（每100g）,2026-04-30,https://lxjchina.com.cn/info.php?class_id=102106,官方《菜品溯源报告2.0》第三方检测4+1(热量/蛋白质/脂肪/碳水/钠)，基准为每100g；报告未逐项给出每份克重，故per-份数值需门店实际份量，未臆造。,A,,老乡鸡 鸡汤抄手 热量; 老乡鸡 鸡汤抄手 减脂; 老乡鸡 营养 热量表; 老乡鸡 减脂 怎么点,去皮; 只吃瘦肉部分; 少喝汤(降钠),staple; fat_loss_friendly; soup; carb_heavy,complete,2026-09-18,single_item,,门店实际每份克重(官方公示为每100g基准); 主食份量; 汤/酱是否饮尽,,官方检测每100g：88kcal/蛋白3.2g/脂肪3.8g/碳水10.2g/钠443mg 为记录基准值(A级exact)。
laoxiangji-cn-136-jisishatang,老乡鸡,B,鸡丝沙汤,jisishatang,主食,老乡鸡在售菜品（官方溯源报告2.0分类：主食）。序号136/191。,100,g,38,2.4,4.1,1.3,,362,,exact,,,,,,,,,official_label,https://lxjchina.com.cn/upload/2026-05/177828991193340300.pdf,《老乡鸡菜品溯源报告2.0》菜品营养成分信息（每100g）,2026-04-30,https://lxjchina.com.cn/info.php?class_id=102106,官方《菜品溯源报告2.0》第三方检测4+1(热量/蛋白质/脂肪/碳水/钠)，基准为每100g；报告未逐项给出每份克重，故per-份数值需门店实际份量，未臆造。,A,,老乡鸡 鸡丝沙汤 热量; 老乡鸡 鸡丝沙汤 减脂; 老乡鸡 营养 热量表; 老乡鸡 减脂 怎么点,去皮; 只吃瘦肉部分; 少喝汤(降钠),staple; fat_loss_friendly; soup,complete,2026-09-18,single_item,,门店实际每份克重(官方公示为每100g基准); 主食份量; 汤/酱是否饮尽,,官方检测每100g：38kcal/蛋白2.4g/脂肪1.3g/碳水4.1g/钠362mg 为记录基准值(A级exact)。
laoxiangji-cn-137-jitangmixian,老乡鸡,B,鸡汤米线,jitangmixian,主食,老乡鸡在售菜品（官方溯源报告2.0分类：主食）。序号137/191。,100,g,100,2.3,16.5,2.7,,263,,exact,,,,,,,,,official_label,https://lxjchina.com.cn/upload/2026-05/177828991193340300.pdf,《老乡鸡菜品溯源报告2.0》菜品营养成分信息（每100g）,2026-04-30,https://lxjchina.com.cn/info.php?class_id=102106,官方《菜品溯源报告2.0》第三方检测4+1(热量/蛋白质/脂肪/碳水/钠)，基准为每100g；报告未逐项给出每份克重，故per-份数值需门店实际份量，未臆造。,A,,老乡鸡 鸡汤米线 热量; 老乡鸡 鸡汤米线 减脂; 老乡鸡 营养 热量表; 老乡鸡 减脂 怎么点,去皮; 只吃瘦肉部分; 少喝汤(降钠),staple; fat_loss_friendly; soup,complete,2026-09-18,single_item,,门店实际每份克重(官方公示为每100g基准); 主食份量; 汤/酱是否饮尽,,官方检测每100g：100kcal/蛋白2.3g/脂肪2.7g/碳水16.5g/钠263mg 为记录基准值(A级exact)。
laoxiangji-cn-138-jitangpaofan,老乡鸡,B,鸡汤泡饭,jitangpaofan,主食,老乡鸡在售菜品（官方溯源报告2.0分类：主食）。序号138/191。,100,g,80,3.3,11.3,2.3,,507,,exact,,,,,,,,,official_label,https://lxjchina.com.cn/upload/2026-05/177828991193340300.pdf,《老乡鸡菜品溯源报告2.0》菜品营养成分信息（每100g）,2026-04-30,https://lxjchina.com.cn/info.php?class_id=102106,官方《菜品溯源报告2.0》第三方检测4+1(热量/蛋白质/脂肪/碳水/钠)，基准为每100g；报告未逐项给出每份克重，故per-份数值需门店实际份量，未臆造。,A,,老乡鸡 鸡汤泡饭 热量; 老乡鸡 鸡汤泡饭 减脂; 老乡鸡 营养 热量表; 老乡鸡 减脂 怎么点,米饭/主食减半; 少酱汁; 去皮; 只吃瘦肉部分,staple; fat_loss_friendly; soup; carb_heavy,complete,2026-09-18,single_item,,门店实际每份克重(官方公示为每100g基准); 主食份量; 汤/酱是否饮尽,,官方检测每100g：80kcal/蛋白3.3g/脂肪2.3g/碳水11.3g/钠507mg 为记录基准值(A级exact)。
laoxiangji-cn-139-culianghe,老乡鸡,B,粗粮盒,culianghe,主食,老乡鸡在售菜品（官方溯源报告2.0分类：主食）。序号139/191。,100,g,103,2.1,23.2,0.0,,33,,exact,,,,,,,,,official_label,https://lxjchina.com.cn/upload/2026-05/177828991193340300.pdf,《老乡鸡菜品溯源报告2.0》菜品营养成分信息（每100g）,2026-04-30,https://m.trfsz.com/newsview1316060.html,"官方《菜品溯源报告2.0》第三方检测4+1(热量/蛋白质/脂肪/碳水/钠)，基准为每100g；报告未逐项给出每份克重，故per-份数值需门店实际份量，未臆造。 第三方per-份参考(非官方,无方法披露,C级)：泰然健康网(第三方,无称重方法)per-份≈172kcal。",A,,老乡鸡 粗粮盒 热量; 老乡鸡 粗粮盒 减脂; 老乡鸡 营养 热量表; 老乡鸡 减脂 怎么点,按需搭配蔬菜/减少主食,staple,complete,2026-09-18,single_item,,门店实际每份克重(官方公示为每100g基准); 主食份量; 汤/酱是否饮尽,,官方检测每100g：103kcal/蛋白2.1g/脂肪0.0g/碳水23.2g/钠33mg 为记录基准值(A级exact)。 第三方per-份估计：172kcal(区间见conflicting_sources)。
laoxiangji-cn-140-hongmicaomihongshufan,老乡鸡,B,红米糙米红薯饭,hongmicaomihongshufan,主食,老乡鸡在售菜品（官方溯源报告2.0分类：主食）。序号140/191。,100,g,162,3.1,34.3,1.1,,0,,exact,,,,,,,,,official_label,https://lxjchina.com.cn/upload/2026-05/177828991193340300.pdf,《老乡鸡菜品溯源报告2.0》菜品营养成分信息（每100g）,2026-04-30,https://lxjchina.com.cn/info.php?class_id=102106,官方《菜品溯源报告2.0》第三方检测4+1(热量/蛋白质/脂肪/碳水/钠)，基准为每100g；报告未逐项给出每份克重，故per-份数值需门店实际份量，未臆造。,A,,老乡鸡 红米糙米红薯饭 热量; 老乡鸡 红米糙米红薯饭 减脂; 老乡鸡 营养 热量表; 老乡鸡 减脂 怎么点,米饭/主食减半; 少酱汁,staple; carb_heavy,complete,2026-09-18,single_item,,门店实际每份克重(官方公示为每100g基准); 主食份量; 汤/酱是否饮尽,,官方检测每100g：162kcal/蛋白3.1g/脂肪1.1g/碳水34.3g/钠0mg 为记录基准值(A级exact)。
laoxiangji-cn-141-mifan,老乡鸡,B,米饭,mifan,主食,老乡鸡在售菜品（官方溯源报告2.0分类：主食）。序号141/191。,100,g,178,3.4,38.1,1.1,,0,,exact,,,,,,,,,official_label,https://lxjchina.com.cn/upload/2026-05/177828991193340300.pdf,《老乡鸡菜品溯源报告2.0》菜品营养成分信息（每100g）,2026-04-30,https://m.trfsz.com/newsview1316060.html,"官方《菜品溯源报告2.0》第三方检测4+1(热量/蛋白质/脂肪/碳水/钠)，基准为每100g；报告未逐项给出每份克重，故per-份数值需门店实际份量，未臆造。 第三方per-份参考(非官方,无方法披露,C级)：泰然健康网(第三方,无称重方法)per-份≈464kcal；小红书'云朵裹着软晚风'(第三方,无方法)per-份≈139kcal。",A,,老乡鸡 米饭 热量; 老乡鸡 米饭 减脂; 老乡鸡 营养 热量表; 老乡鸡 减脂 怎么点,米饭/主食减半; 少酱汁,staple; carb_heavy,complete,2026-09-18,single_item,,门店实际每份克重(官方公示为每100g基准); 主食份量; 汤/酱是否饮尽,泰然健康网 per-份 464kcal | 小红书云朵 per-份 139kcal | per-份能量相差325kcal | 门店实际份量/菜品版本(如小母鸡vs鸡排腿)/是否含主食不同；均为第三方无方法估计，官方A级以每100g为准。,官方检测每100g：178kcal/蛋白3.4g/脂肪1.1g/碳水38.1g/钠0mg 为记录基准值(A级exact)。 第三方per-份估计：464/139kcal(区间见conflicting_sources)。
laoxiangji-cn-142-songgao,老乡鸡,B,松糕,songgao,主食,老乡鸡在售菜品（官方溯源报告2.0分类：主食）。序号142/191。,100,g,251,2.2,47.6,5.5,,53,,exact,,,,,,,,,official_label,https://lxjchina.com.cn/upload/2026-05/177828991193340300.pdf,《老乡鸡菜品溯源报告2.0》菜品营养成分信息（每100g）,2026-04-30,https://m.trfsz.com/newsview1316060.html,"官方《菜品溯源报告2.0》第三方检测4+1(热量/蛋白质/脂肪/碳水/钠)，基准为每100g；报告未逐项给出每份克重，故per-份数值需门店实际份量，未臆造。 第三方per-份参考(非官方,无方法披露,C级)：泰然健康网(第三方,无称重方法)per-份≈290kcal。",A,,老乡鸡 松糕 热量; 老乡鸡 松糕 减脂; 老乡鸡 营养 热量表; 老乡鸡 减脂 怎么点,按需搭配蔬菜/减少主食,staple; carb_heavy,complete,2026-09-18,single_item,,门店实际每份克重(官方公示为每100g基准); 主食份量; 汤/酱是否饮尽,,官方检测每100g：251kcal/蛋白2.2g/脂肪5.5g/碳水47.6g/钠53mg 为记录基准值(A级exact)。 第三方per-份估计：290kcal(区间见conflicting_sources)。
laoxiangji-cn-143-paojiaojizamian,老乡鸡,B,泡椒鸡杂面,paojiaojizamian,主食,老乡鸡在售菜品（官方溯源报告2.0分类：主食）。序号143/191。,100,g,121,4.5,14.5,5.0,,393,,exact,,,,,,,,,official_label,https://lxjchina.com.cn/upload/2026-05/177828991193340300.pdf,《老乡鸡菜品溯源报告2.0》菜品营养成分信息（每100g）,2026-04-30,https://lxjchina.com.cn/info.php?class_id=102106,官方《菜品溯源报告2.0》第三方检测4+1(热量/蛋白质/脂肪/碳水/钠)，基准为每100g；报告未逐项给出每份克重，故per-份数值需门店实际份量，未臆造。,A,,老乡鸡 泡椒鸡杂面 热量; 老乡鸡 泡椒鸡杂面 减脂; 老乡鸡 营养 热量表; 老乡鸡 减脂 怎么点,米饭/主食减半; 少酱汁; 去皮; 只吃瘦肉部分,staple; carb_heavy,complete,2026-09-18,single_item,,门店实际每份克重(官方公示为每100g基准); 主食份量; 汤/酱是否饮尽,,官方检测每100g：121kcal/蛋白4.5g/脂肪5.0g/碳水14.5g/钠393mg 为记录基准值(A级exact)。
laoxiangji-cn-144-zishuzaliangfan,老乡鸡,B,紫薯杂粮饭,zishuzaliangfan,主食,老乡鸡在售菜品（官方溯源报告2.0分类：主食）。序号144/191。,100,g,168,3.1,35.1,1.4,,0,,exact,,,,,,,,,official_label,https://lxjchina.com.cn/upload/2026-05/177828991193340300.pdf,《老乡鸡菜品溯源报告2.0》菜品营养成分信息（每100g）,2026-04-30,https://m.trfsz.com/newsview1316060.html,"官方《菜品溯源报告2.0》第三方检测4+1(热量/蛋白质/脂肪/碳水/钠)，基准为每100g；报告未逐项给出每份克重，故per-份数值需门店实际份量，未臆造。 第三方per-份参考(非官方,无方法披露,C级)：泰然健康网(第三方,无称重方法)per-份≈508kcal；小红书'云朵裹着软晚风'(第三方,无方法)per-份≈300kcal。",A,,老乡鸡 紫薯杂粮饭 热量; 老乡鸡 紫薯杂粮饭 减脂; 老乡鸡 营养 热量表; 老乡鸡 减脂 怎么点,米饭/主食减半; 少酱汁,staple; carb_heavy,complete,2026-09-18,single_item,,门店实际每份克重(官方公示为每100g基准); 主食份量; 汤/酱是否饮尽,泰然健康网 per-份 508kcal | 小红书云朵 per-份 300kcal | per-份能量相差208kcal | 门店实际份量/菜品版本(如小母鸡vs鸡排腿)/是否含主食不同；均为第三方无方法估计，官方A级以每100g为准。,官方检测每100g：168kcal/蛋白3.1g/脂肪1.4g/碳水35.1g/钠0mg 为记录基准值(A级exact)。 第三方per-份估计：508/300kcal(区间见conflicting_sources)。
laoxiangji-cn-145-zizhixiancai,老乡鸡,B,自制咸菜,zizhixiancai,早餐,老乡鸡在售菜品（官方溯源报告2.0分类：早餐）。序号145/191。,100,g,73,1.8,5.7,4.8,,2576,,exact,,,,,,,,,official_label,https://lxjchina.com.cn/upload/2026-05/177828991193340300.pdf,《老乡鸡菜品溯源报告2.0》菜品营养成分信息（每100g）,2026-04-30,https://lxjchina.com.cn/info.php?class_id=102106,官方《菜品溯源报告2.0》第三方检测4+1(热量/蛋白质/脂肪/碳水/钠)，基准为每100g；报告未逐项给出每份克重，故per-份数值需门店实际份量，未臆造。,A,,老乡鸡 自制咸菜 热量; 老乡鸡 自制咸菜 减脂; 老乡鸡 营养 热量表; 老乡鸡 减脂 怎么点,按需搭配蔬菜/减少主食,breakfast; high_sodium,complete,2026-09-18,single_item,,门店实际每份克重(官方公示为每100g基准); 单个克重; 是否配酱/糖,,官方检测每100g：73kcal/蛋白1.8g/脂肪4.8g/碳水5.7g/钠2576mg 为记录基准值(A级exact)。
laoxiangji-cn-146-shucaijidanjuanbing,老乡鸡,B,蔬菜鸡蛋卷饼,shucaijidanjuanbing,早餐,老乡鸡在售菜品（官方溯源报告2.0分类：早餐）。序号146/191。,100,g,213,5.5,29.1,8.2,,366,,exact,,,,,,,,,official_label,https://lxjchina.com.cn/upload/2026-05/177828991193340300.pdf,《老乡鸡菜品溯源报告2.0》菜品营养成分信息（每100g）,2026-04-30,https://lxjchina.com.cn/info.php?class_id=102106,官方《菜品溯源报告2.0》第三方检测4+1(热量/蛋白质/脂肪/碳水/钠)，基准为每100g；报告未逐项给出每份克重，故per-份数值需门店实际份量，未臆造。,A,,老乡鸡 蔬菜鸡蛋卷饼 热量; 老乡鸡 蔬菜鸡蛋卷饼 减脂; 老乡鸡 营养 热量表; 老乡鸡 减脂 怎么点,去皮; 只吃瘦肉部分,breakfast; carb_heavy,complete,2026-09-18,single_item,,门店实际每份克重(官方公示为每100g基准); 单个克重; 是否配酱/糖,,官方检测每100g：213kcal/蛋白5.5g/脂肪8.2g/碳水29.1g/钠366mg 为记录基准值(A级exact)。
laoxiangji-cn-147-xihulujidanguo-6ge,老乡鸡,B,西葫芦鸡蛋锅（6个）,xihulujidanguo,早餐,老乡鸡在售菜品（官方溯源报告2.0分类：早餐）。序号147/191。,100,g,284,8.2,25.6,16.6,,292,,exact,,,,,,,,,official_label,https://lxjchina.com.cn/upload/2026-05/177828991193340300.pdf,《老乡鸡菜品溯源报告2.0》菜品营养成分信息（每100g）,2026-04-30,https://lxjchina.com.cn/info.php?class_id=102106,官方《菜品溯源报告2.0》第三方检测4+1(热量/蛋白质/脂肪/碳水/钠)，基准为每100g；报告未逐项给出每份克重，故per-份数值需门店实际份量，未臆造。,A,,老乡鸡 西葫芦鸡蛋锅（6个） 热量; 老乡鸡 西葫芦鸡蛋锅（6个） 减脂; 老乡鸡 营养 热量表; 老乡鸡 减脂 怎么点,去皮; 只吃瘦肉部分,breakfast,complete,2026-09-18,single_item,,门店实际每份克重(官方公示为每100g基准); 单个克重; 是否配酱/糖,,官方检测每100g：284kcal/蛋白8.2g/脂肪16.6g/碳水25.6g/钠292mg 为记录基准值(A级exact)。
laoxiangji-cn-148-qincaizhurouguotie,老乡鸡,B,芹菜猪肉锅贴,qincaizhurouguotie,早餐,老乡鸡在售菜品（官方溯源报告2.0分类：早餐）。序号148/191。,100,g,255,8.4,29.2,11.6,,383,,exact,,,,,,,,,official_label,https://lxjchina.com.cn/upload/2026-05/177828991193340300.pdf,《老乡鸡菜品溯源报告2.0》菜品营养成分信息（每100g）,2026-04-30,https://lxjchina.com.cn/info.php?class_id=102106,官方《菜品溯源报告2.0》第三方检测4+1(热量/蛋白质/脂肪/碳水/钠)，基准为每100g；报告未逐项给出每份克重，故per-份数值需门店实际份量，未臆造。,A,,老乡鸡 芹菜猪肉锅贴 热量; 老乡鸡 芹菜猪肉锅贴 减脂; 老乡鸡 营养 热量表; 老乡鸡 减脂 怎么点,去皮; 只吃瘦肉部分,breakfast,complete,2026-09-18,single_item,,门店实际每份克重(官方公示为每100g基准); 单个克重; 是否配酱/糖,,官方检测每100g：255kcal/蛋白8.4g/脂肪11.6g/碳水29.2g/钠383mg 为记录基准值(A级exact)。
laoxiangji-cn-149-qdanxiahuahuntun,老乡鸡,B,Q弹虾滑馄饨,qdanxiahuahuntun,早餐,老乡鸡在售菜品（官方溯源报告2.0分类：早餐）。序号149/191。,100,g,59,3.0,5.7,2.7,,497,,exact,,,,,,,,,official_label,https://lxjchina.com.cn/upload/2026-05/177828991193340300.pdf,《老乡鸡菜品溯源报告2.0》菜品营养成分信息（每100g）,2026-04-30,https://lxjchina.com.cn/info.php?class_id=102106,官方《菜品溯源报告2.0》第三方检测4+1(热量/蛋白质/脂肪/碳水/钠)，基准为每100g；报告未逐项给出每份克重，故per-份数值需门店实际份量，未臆造。,A,,老乡鸡 Q弹虾滑馄饨 热量; 老乡鸡 Q弹虾滑馄饨 减脂; 老乡鸡 营养 热量表; 老乡鸡 减脂 怎么点,去皮; 只吃瘦肉部分,breakfast; fat_loss_friendly; carb_heavy,complete,2026-09-18,single_item,,门店实际每份克重(官方公示为每100g基准); 单个克重; 是否配酱/糖,,官方检测每100g：59kcal/蛋白3.0g/脂肪2.7g/碳水5.7g/钠497mg 为记录基准值(A级exact)。
laoxiangji-cn-150-jizhilahutang,老乡鸡,B,鸡汁辣糊汤,jizhilahutang,早餐,老乡鸡在售菜品（官方溯源报告2.0分类：早餐）。序号150/191。,100,g,54,2.7,3.8,3.2,,358,,exact,,,,,,,,,official_label,https://lxjchina.com.cn/upload/2026-05/177828991193340300.pdf,《老乡鸡菜品溯源报告2.0》菜品营养成分信息（每100g）,2026-04-30,https://lxjchina.com.cn/info.php?class_id=102106,官方《菜品溯源报告2.0》第三方检测4+1(热量/蛋白质/脂肪/碳水/钠)，基准为每100g；报告未逐项给出每份克重，故per-份数值需门店实际份量，未臆造。,A,,老乡鸡 鸡汁辣糊汤 热量; 老乡鸡 鸡汁辣糊汤 减脂; 老乡鸡 营养 热量表; 老乡鸡 减脂 怎么点,去皮; 只吃瘦肉部分; 少喝汤(降钠),breakfast; fat_loss_friendly; soup,complete,2026-09-18,single_item,,门店实际每份克重(官方公示为每100g基准); 单个克重; 是否配酱/糖,,官方检测每100g：54kcal/蛋白2.7g/脂肪3.2g/碳水3.8g/钠358mg 为记录基准值(A级exact)。
laoxiangji-cn-151-xianaodouzhou,老乡鸡,B,现熬豆粥,xianaodouzhou,早餐,老乡鸡在售菜品（官方溯源报告2.0分类：早餐）。序号151/191。,100,g,29,0.8,6.4,0.0,,0,,exact,,,,,,,,,official_label,https://lxjchina.com.cn/upload/2026-05/177828991193340300.pdf,《老乡鸡菜品溯源报告2.0》菜品营养成分信息（每100g）,2026-04-30,https://lxjchina.com.cn/info.php?class_id=102106,官方《菜品溯源报告2.0》第三方检测4+1(热量/蛋白质/脂肪/碳水/钠)，基准为每100g；报告未逐项给出每份克重，故per-份数值需门店实际份量，未臆造。,A,,老乡鸡 现熬豆粥 热量; 老乡鸡 现熬豆粥 减脂; 老乡鸡 营养 热量表; 老乡鸡 减脂 怎么点,按需搭配蔬菜/减少主食,breakfast; fat_loss_friendly; carb_heavy,complete,2026-09-18,single_item,,门店实际每份克重(官方公示为每100g基准); 单个克重; 是否配酱/糖,,官方检测每100g：29kcal/蛋白0.8g/脂肪0.0g/碳水6.4g/钠0mg 为记录基准值(A级exact)。
laoxiangji-cn-152-xiaominanguazhou,老乡鸡,B,小米南瓜粥,xiaominanguazhou,早餐,老乡鸡在售菜品（官方溯源报告2.0分类：早餐）。序号152/191。,100,g,28,0.7,6.1,0.0,,0,,exact,,,,,,,,,official_label,https://lxjchina.com.cn/upload/2026-05/177828991193340300.pdf,《老乡鸡菜品溯源报告2.0》菜品营养成分信息（每100g）,2026-04-30,https://lxjchina.com.cn/info.php?class_id=102106,官方《菜品溯源报告2.0》第三方检测4+1(热量/蛋白质/脂肪/碳水/钠)，基准为每100g；报告未逐项给出每份克重，故per-份数值需门店实际份量，未臆造。,A,,老乡鸡 小米南瓜粥 热量; 老乡鸡 小米南瓜粥 减脂; 老乡鸡 营养 热量表; 老乡鸡 减脂 怎么点,按需搭配蔬菜/减少主食,breakfast; fat_loss_friendly; carb_heavy,complete,2026-09-18,single_item,,门店实际每份克重(官方公示为每100g基准); 单个克重; 是否配酱/糖,,官方检测每100g：28kcal/蛋白0.7g/脂肪0.0g/碳水6.1g/钠0mg 为记录基准值(A级exact)。
laoxiangji-cn-153-baimizhou,老乡鸡,B,白米粥,baimizhou,早餐,老乡鸡在售菜品（官方溯源报告2.0分类：早餐）。序号153/191。,100,g,33,0.8,7.2,0.0,,0,,exact,,,,,,,,,official_label,https://lxjchina.com.cn/upload/2026-05/177828991193340300.pdf,《老乡鸡菜品溯源报告2.0》菜品营养成分信息（每100g）,2026-04-30,https://lxjchina.com.cn/info.php?class_id=102106,官方《菜品溯源报告2.0》第三方检测4+1(热量/蛋白质/脂肪/碳水/钠)，基准为每100g；报告未逐项给出每份克重，故per-份数值需门店实际份量，未臆造。,A,,老乡鸡 白米粥 热量; 老乡鸡 白米粥 减脂; 老乡鸡 营养 热量表; 老乡鸡 减脂 怎么点,按需搭配蔬菜/减少主食,breakfast; fat_loss_friendly; carb_heavy,complete,2026-09-18,single_item,,门店实际每份克重(官方公示为每100g基准); 单个克重; 是否配酱/糖,,官方检测每100g：33kcal/蛋白0.8g/脂肪0.0g/碳水7.2g/钠0mg 为记录基准值(A级exact)。
laoxiangji-cn-154-pidanshourouzhou,老乡鸡,B,皮蛋瘦肉粥,pidanshourouzhou,早餐,老乡鸡在售菜品（官方溯源报告2.0分类：早餐）。序号154/191。,100,g,49,1.4,8.8,0.8,,213,,exact,,,,,,,,,official_label,https://lxjchina.com.cn/upload/2026-05/177828991193340300.pdf,《老乡鸡菜品溯源报告2.0》菜品营养成分信息（每100g）,2026-04-30,https://lxjchina.com.cn/info.php?class_id=102106,官方《菜品溯源报告2.0》第三方检测4+1(热量/蛋白质/脂肪/碳水/钠)，基准为每100g；报告未逐项给出每份克重，故per-份数值需门店实际份量，未臆造。,A,,老乡鸡 皮蛋瘦肉粥 热量; 老乡鸡 皮蛋瘦肉粥 减脂; 老乡鸡 营养 热量表; 老乡鸡 减脂 怎么点,去皮; 只吃瘦肉部分,breakfast; fat_loss_friendly; carb_heavy,complete,2026-09-18,single_item,,门店实际每份克重(官方公示为每100g基准); 单个克重; 是否配酱/糖,,官方检测每100g：49kcal/蛋白1.4g/脂肪0.8g/碳水8.8g/钠213mg 为记录基准值(A级exact)。
laoxiangji-cn-155-jiuniangdanhuatiangeng,老乡鸡,B,酒酿蛋花甜羹,jiuniangdanhuatiangeng,早餐,老乡鸡在售菜品（官方溯源报告2.0分类：早餐）。序号155/191。,100,g,37,0.7,7.0,0.7,,8,,exact,,,,,,,,,official_label,https://lxjchina.com.cn/upload/2026-05/177828991193340300.pdf,《老乡鸡菜品溯源报告2.0》菜品营养成分信息（每100g）,2026-04-30,https://lxjchina.com.cn/info.php?class_id=102106,官方《菜品溯源报告2.0》第三方检测4+1(热量/蛋白质/脂肪/碳水/钠)，基准为每100g；报告未逐项给出每份克重，故per-份数值需门店实际份量，未臆造。,A,,老乡鸡 酒酿蛋花甜羹 热量; 老乡鸡 酒酿蛋花甜羹 减脂; 老乡鸡 营养 热量表; 老乡鸡 减脂 怎么点,按需搭配蔬菜/减少主食,breakfast; fat_loss_friendly,complete,2026-09-18,single_item,,门店实际每份克重(官方公示为每100g基准); 单个克重; 是否配酱/糖,,官方检测每100g：37kcal/蛋白0.7g/脂肪0.7g/碳水7.0g/钠8mg 为记录基准值(A级exact)。
laoxiangji-cn-156-xiaomizhou,老乡鸡,B,小米粥,xiaomizhou,早餐,老乡鸡在售菜品（官方溯源报告2.0分类：早餐）。序号156/191。,100,g,35,1.0,7.7,0.0,,0,,exact,,,,,,,,,official_label,https://lxjchina.com.cn/upload/2026-05/177828991193340300.pdf,《老乡鸡菜品溯源报告2.0》菜品营养成分信息（每100g）,2026-04-30,https://lxjchina.com.cn/info.php?class_id=102106,官方《菜品溯源报告2.0》第三方检测4+1(热量/蛋白质/脂肪/碳水/钠)，基准为每100g；报告未逐项给出每份克重，故per-份数值需门店实际份量，未臆造。,A,,老乡鸡 小米粥 热量; 老乡鸡 小米粥 减脂; 老乡鸡 营养 热量表; 老乡鸡 减脂 怎么点,按需搭配蔬菜/减少主食,breakfast; fat_loss_friendly; carb_heavy,complete,2026-09-18,single_item,,门店实际每份克重(官方公示为每100g基准); 单个克重; 是否配酱/糖,,官方检测每100g：35kcal/蛋白1.0g/脂肪0.0g/碳水7.7g/钠0mg 为记录基准值(A级exact)。
laoxiangji-cn-157-caigenxiang,老乡鸡,B,菜根香,caigenxiang,早餐,老乡鸡在售菜品（官方溯源报告2.0分类：早餐）。序号157/191。,100,g,63,1.3,4.8,4.4,,785,,exact,,,,,,,,,official_label,https://lxjchina.com.cn/upload/2026-05/177828991193340300.pdf,《老乡鸡菜品溯源报告2.0》菜品营养成分信息（每100g）,2026-04-30,https://m.trfsz.com/newsview1316060.html,"官方《菜品溯源报告2.0》第三方检测4+1(热量/蛋白质/脂肪/碳水/钠)，基准为每100g；报告未逐项给出每份克重，故per-份数值需门店实际份量，未臆造。 第三方per-份参考(非官方,无方法披露,C级)：泰然健康网(第三方,无称重方法)per-份≈50kcal。",A,,老乡鸡 菜根香 热量; 老乡鸡 菜根香 减脂; 老乡鸡 营养 热量表; 老乡鸡 减脂 怎么点,按需搭配蔬菜/减少主食,breakfast; fat_loss_friendly,complete,2026-09-18,single_item,,门店实际每份克重(官方公示为每100g基准); 单个克重; 是否配酱/糖,,官方检测每100g：63kcal/蛋白1.3g/脂肪4.4g/碳水4.8g/钠785mg 为记录基准值(A级exact)。 第三方per-份估计：50kcal(区间见conflicting_sources)。
laoxiangji-cn-158-yuanweidoujiang-xianmoben,老乡鸡,B,原味豆浆（现磨版本）,yuanweidoujiang,早餐,老乡鸡在售菜品（官方溯源报告2.0分类：早餐）。序号158/191。,100,g,14,1.1,0.9,0.7,,0,,exact,,,,,,,,,official_label,https://lxjchina.com.cn/upload/2026-05/177828991193340300.pdf,《老乡鸡菜品溯源报告2.0》菜品营养成分信息（每100g）,2026-04-30,https://lxjchina.com.cn/info.php?class_id=102106,官方《菜品溯源报告2.0》第三方检测4+1(热量/蛋白质/脂肪/碳水/钠)，基准为每100g；报告未逐项给出每份克重，故per-份数值需门店实际份量，未臆造。,A,,老乡鸡 原味豆浆（现磨版本） 热量; 老乡鸡 原味豆浆（现磨版本） 减脂; 老乡鸡 营养 热量表; 老乡鸡 减脂 怎么点,按需搭配蔬菜/减少主食,breakfast; fat_loss_friendly,complete,2026-09-18,single_item,,门店实际每份克重(官方公示为每100g基准); 单个克重; 是否配酱/糖,,官方检测每100g：14kcal/蛋白1.1g/脂肪0.7g/碳水0.9g/钠0mg 为记录基准值(A级exact)。
laoxiangji-cn-159-yuanweidoujiang-chongdiaoben,老乡鸡,B,原味豆浆（冲调版本）,yuanweidoujiang,早餐,老乡鸡在售菜品（官方溯源报告2.0分类：早餐）。序号159/191。,100,g,57,2.7,8.5,1.3,,18,,exact,,,,,,,,,official_label,https://lxjchina.com.cn/upload/2026-05/177828991193340300.pdf,《老乡鸡菜品溯源报告2.0》菜品营养成分信息（每100g）,2026-04-30,https://lxjchina.com.cn/info.php?class_id=102106,官方《菜品溯源报告2.0》第三方检测4+1(热量/蛋白质/脂肪/碳水/钠)，基准为每100g；报告未逐项给出每份克重，故per-份数值需门店实际份量，未臆造。,A,,老乡鸡 原味豆浆（冲调版本） 热量; 老乡鸡 原味豆浆（冲调版本） 减脂; 老乡鸡 营养 热量表; 老乡鸡 减脂 怎么点,按需搭配蔬菜/减少主食,breakfast; fat_loss_friendly,complete,2026-09-18,single_item,,门店实际每份克重(官方公示为每100g基准); 单个克重; 是否配酱/糖,,官方检测每100g：57kcal/蛋白2.7g/脂肪1.3g/碳水8.5g/钠18mg 为记录基准值(A级exact)。
laoxiangji-cn-160-caicigao,老乡鸡,B,菜糍糕,caicigao,早餐,老乡鸡在售菜品（官方溯源报告2.0分类：早餐）。序号160/191。,100,g,271,5.3,46.3,6.9,,391,,exact,,,,,,,,,official_label,https://lxjchina.com.cn/upload/2026-05/177828991193340300.pdf,《老乡鸡菜品溯源报告2.0》菜品营养成分信息（每100g）,2026-04-30,https://lxjchina.com.cn/info.php?class_id=102106,官方《菜品溯源报告2.0》第三方检测4+1(热量/蛋白质/脂肪/碳水/钠)，基准为每100g；报告未逐项给出每份克重，故per-份数值需门店实际份量，未臆造。,A,,老乡鸡 菜糍糕 热量; 老乡鸡 菜糍糕 减脂; 老乡鸡 营养 热量表; 老乡鸡 减脂 怎么点,按需搭配蔬菜/减少主食,breakfast; carb_heavy,complete,2026-09-18,single_item,,门店实际每份克重(官方公示为每100g基准); 单个克重; 是否配酱/糖,,官方检测每100g：271kcal/蛋白5.3g/脂肪6.9g/碳水46.3g/钠391mg 为记录基准值(A级exact)。
laoxiangji-cn-161-tanggao-hongtangxian,老乡鸡,B,糖糕（红糖馅）,tanggao,早餐,老乡鸡在售菜品（官方溯源报告2.0分类：早餐）。序号161/191。,100,g,248,4.3,41.4,7.1,,23,,exact,,,,,,,,,official_label,https://lxjchina.com.cn/upload/2026-05/177828991193340300.pdf,《老乡鸡菜品溯源报告2.0》菜品营养成分信息（每100g）,2026-04-30,https://lxjchina.com.cn/info.php?class_id=102106,官方《菜品溯源报告2.0》第三方检测4+1(热量/蛋白质/脂肪/碳水/钠)，基准为每100g；报告未逐项给出每份克重，故per-份数值需门店实际份量，未臆造。,A,,老乡鸡 糖糕（红糖馅） 热量; 老乡鸡 糖糕（红糖馅） 减脂; 老乡鸡 营养 热量表; 老乡鸡 减脂 怎么点,按需搭配蔬菜/减少主食,breakfast; carb_heavy,complete,2026-09-18,single_item,,门店实际每份克重(官方公示为每100g基准); 单个克重; 是否配酱/糖,,官方检测每100g：248kcal/蛋白4.3g/脂肪7.1g/碳水41.4g/钠23mg 为记录基准值(A级exact)。
laoxiangji-cn-162-xianzhadayoutiao,老乡鸡,B,现炸大油条,xianzhadayoutiao,早餐,老乡鸡在售菜品（官方溯源报告2.0分类：早餐）。序号162/191。,100,g,445,6.7,41.7,28.1,,482,,exact,,,,,,,,,official_label,https://lxjchina.com.cn/upload/2026-05/177828991193340300.pdf,《老乡鸡菜品溯源报告2.0》菜品营养成分信息（每100g）,2026-04-30,https://m.trfsz.com/newsview1316060.html,"官方《菜品溯源报告2.0》第三方检测4+1(热量/蛋白质/脂肪/碳水/钠)，基准为每100g；报告未逐项给出每份克重，故per-份数值需门店实际份量，未臆造。 第三方per-份参考(非官方,无方法披露,C级)：泰然健康网(第三方,无称重方法)per-份≈388kcal。",A,官方主动提示：老乡鸡热量最高菜品之一，提醒减脂人群谨慎选择,老乡鸡 现炸大油条 热量; 老乡鸡 现炸大油条 减脂; 老乡鸡 营养 热量表; 老乡鸡 减脂 怎么点,按需搭配蔬菜/减少主食,breakfast; high_fat; high_calorie; carb_heavy,complete,2026-09-18,single_item,,门店实际每份克重(官方公示为每100g基准); 单个克重; 是否配酱/糖,,官方检测每100g：445kcal/蛋白6.7g/脂肪28.1g/碳水41.7g/钠482mg 为记录基准值(A级exact)。 第三方per-份估计：388kcal(区间见conflicting_sources)。
laoxiangji-cn-163-xiangsuniuroubing,老乡鸡,B,香酥牛肉饼,xiangsuniuroubing,早餐,老乡鸡在售菜品（官方溯源报告2.0分类：早餐）。序号163/191。,100,g,291,9.7,37.3,11.3,,493,,exact,,,,,,,,,official_label,https://lxjchina.com.cn/upload/2026-05/177828991193340300.pdf,《老乡鸡菜品溯源报告2.0》菜品营养成分信息（每100g）,2026-04-30,https://m.trfsz.com/newsview1316060.html,"官方《菜品溯源报告2.0》第三方检测4+1(热量/蛋白质/脂肪/碳水/钠)，基准为每100g；报告未逐项给出每份克重，故per-份数值需门店实际份量，未臆造。 第三方per-份参考(非官方,无方法披露,C级)：泰然健康网(第三方,无称重方法)per-份≈277kcal。",A,,老乡鸡 香酥牛肉饼 热量; 老乡鸡 香酥牛肉饼 减脂; 老乡鸡 营养 热量表; 老乡鸡 减脂 怎么点,去皮; 只吃瘦肉部分,breakfast; carb_heavy,complete,2026-09-18,single_item,,门店实际每份克重(官方公示为每100g基准); 单个克重; 是否配酱/糖,,官方检测每100g：291kcal/蛋白9.7g/脂肪11.3g/碳水37.3g/钠493mg 为记录基准值(A级exact)。 第三方per-份估计：277kcal(区间见conflicting_sources)。
laoxiangji-cn-164-xiangcuichunjuan,老乡鸡,B,香脆春卷,xiangcuichunjuan,早餐,老乡鸡在售菜品（官方溯源报告2.0分类：早餐）。序号164/191。,100,g,309,3.2,35.0,17.4,,450,,exact,,,,,,,,,official_label,https://lxjchina.com.cn/upload/2026-05/177828991193340300.pdf,《老乡鸡菜品溯源报告2.0》菜品营养成分信息（每100g）,2026-04-30,https://lxjchina.com.cn/info.php?class_id=102106,官方《菜品溯源报告2.0》第三方检测4+1(热量/蛋白质/脂肪/碳水/钠)，基准为每100g；报告未逐项给出每份克重，故per-份数值需门店实际份量，未臆造。,A,,老乡鸡 香脆春卷 热量; 老乡鸡 香脆春卷 减脂; 老乡鸡 营养 热量表; 老乡鸡 减脂 怎么点,按需搭配蔬菜/减少主食,breakfast; high_calorie; carb_heavy,complete,2026-09-18,single_item,,门店实际每份克重(官方公示为每100g基准); 单个克重; 是否配酱/糖,,官方检测每100g：309kcal/蛋白3.2g/脂肪17.4g/碳水35.0g/钠450mg 为记录基准值(A级exact)。
laoxiangji-cn-165-chayedan,老乡鸡,B,茶叶蛋,chayedan,早餐,老乡鸡在售菜品（官方溯源报告2.0分类：早餐）。序号165/191。,100,g,145,13.6,2.4,9.1,,402,,exact,,,,,,,,,official_label,https://lxjchina.com.cn/upload/2026-05/177828991193340300.pdf,《老乡鸡菜品溯源报告2.0》菜品营养成分信息（每100g）,2026-04-30,https://m.trfsz.com/newsview1316060.html,"官方《菜品溯源报告2.0》第三方检测4+1(热量/蛋白质/脂肪/碳水/钠)，基准为每100g；报告未逐项给出每份克重，故per-份数值需门店实际份量，未臆造。 第三方per-份参考(非官方,无方法披露,C级)：泰然健康网(第三方,无称重方法)per-份≈74kcal。",A,,老乡鸡 茶叶蛋 热量; 老乡鸡 茶叶蛋 减脂; 老乡鸡 营养 热量表; 老乡鸡 减脂 怎么点,按需搭配蔬菜/减少主食,breakfast; moderate_protein,complete,2026-09-18,single_item,,门店实际每份克重(官方公示为每100g基准); 单个克重; 是否配酱/糖,,官方检测每100g：145kcal/蛋白13.6g/脂肪9.1g/碳水2.4g/钠402mg 为记录基准值(A级exact)。 第三方per-份估计：74kcal(区间见conflicting_sources)。
laoxiangji-cn-166-congxiangjiangroubao,老乡鸡,B,葱香酱肉包,congxiangjiangroubao,早餐,老乡鸡在售菜品（官方溯源报告2.0分类：早餐）。序号166/191。,100,g,282,8.4,30.7,14.0,,254,,exact,,,,,,,,,official_label,https://lxjchina.com.cn/upload/2026-05/177828991193340300.pdf,《老乡鸡菜品溯源报告2.0》菜品营养成分信息（每100g）,2026-04-30,https://lxjchina.com.cn/info.php?class_id=102106,官方《菜品溯源报告2.0》第三方检测4+1(热量/蛋白质/脂肪/碳水/钠)，基准为每100g；报告未逐项给出每份克重，故per-份数值需门店实际份量，未臆造。,A,,老乡鸡 葱香酱肉包 热量; 老乡鸡 葱香酱肉包 减脂; 老乡鸡 营养 热量表; 老乡鸡 减脂 怎么点,去皮; 只吃瘦肉部分,breakfast; carb_heavy,complete,2026-09-18,single_item,,门店实际每份克重(官方公示为每100g基准); 单个克重; 是否配酱/糖,,官方检测每100g：282kcal/蛋白8.4g/脂肪14.0g/碳水30.7g/钠254mg 为记录基准值(A级exact)。
laoxiangji-cn-167-fenghuangdan,老乡鸡,B,凤凰蛋,fenghuangdan,早餐,老乡鸡在售菜品（官方溯源报告2.0分类：早餐）。序号167/191。,100,g,156,15.7,1.1,9.9,,158,,exact,,,,,,,,,official_label,https://lxjchina.com.cn/upload/2026-05/177828991193340300.pdf,《老乡鸡菜品溯源报告2.0》菜品营养成分信息（每100g）,2026-04-30,https://lxjchina.com.cn/info.php?class_id=102106,官方《菜品溯源报告2.0》第三方检测4+1(热量/蛋白质/脂肪/碳水/钠)，基准为每100g；报告未逐项给出每份克重，故per-份数值需门店实际份量，未臆造。,A,,老乡鸡 凤凰蛋 热量; 老乡鸡 凤凰蛋 减脂; 老乡鸡 营养 热量表; 老乡鸡 减脂 怎么点,按需搭配蔬菜/减少主食,breakfast; high_protein,complete,2026-09-18,single_item,,门店实际每份克重(官方公示为每100g基准); 单个克重; 是否配酱/糖,,官方检测每100g：156kcal/蛋白15.7g/脂肪9.9g/碳水1.1g/钠158mg 为记录基准值(A级exact)。
laoxiangji-cn-168-huajuan,老乡鸡,B,花卷,huajuan,早餐,老乡鸡在售菜品（官方溯源报告2.0分类：早餐）。序号168/191。,100,g,236,7.3,47.7,1.4,,271,,exact,,,,,,,,,official_label,https://lxjchina.com.cn/upload/2026-05/177828991193340300.pdf,《老乡鸡菜品溯源报告2.0》菜品营养成分信息（每100g）,2026-04-30,https://m.trfsz.com/newsview1316060.html,"官方《菜品溯源报告2.0》第三方检测4+1(热量/蛋白质/脂肪/碳水/钠)，基准为每100g；报告未逐项给出每份克重，故per-份数值需门店实际份量，未臆造。 第三方per-份参考(非官方,无方法披露,C级)：泰然健康网(第三方,无称重方法)per-份≈192kcal。",A,,老乡鸡 花卷 热量; 老乡鸡 花卷 减脂; 老乡鸡 营养 热量表; 老乡鸡 减脂 怎么点,按需搭配蔬菜/减少主食,breakfast; carb_heavy,complete,2026-09-18,single_item,,门店实际每份克重(官方公示为每100g基准); 单个克重; 是否配酱/糖,,官方检测每100g：236kcal/蛋白7.3g/脂肪1.4g/碳水47.7g/钠271mg 为记录基准值(A级exact)。 第三方per-份估计：192kcal(区间见conflicting_sources)。
laoxiangji-cn-169-jicaixianrouzhengjiao,老乡鸡,B,荠菜鲜肉蒸饺,jicaixianrouzhengjiao,早餐,老乡鸡在售菜品（官方溯源报告2.0分类：早餐）。序号169/191。,100,g,198,7.2,23.7,8.2,,389,,exact,,,,,,,,,official_label,https://lxjchina.com.cn/upload/2026-05/177828991193340300.pdf,《老乡鸡菜品溯源报告2.0》菜品营养成分信息（每100g）,2026-04-30,https://m.trfsz.com/newsview1316060.html,"官方《菜品溯源报告2.0》第三方检测4+1(热量/蛋白质/脂肪/碳水/钠)，基准为每100g；报告未逐项给出每份克重，故per-份数值需门店实际份量，未臆造。 第三方per-份参考(非官方,无方法披露,C级)：泰然健康网(第三方,无称重方法)per-份≈178kcal。",A,,老乡鸡 荠菜鲜肉蒸饺 热量; 老乡鸡 荠菜鲜肉蒸饺 减脂; 老乡鸡 营养 热量表; 老乡鸡 减脂 怎么点,去皮; 只吃瘦肉部分,breakfast; steamed_or_stewed; carb_heavy,complete,2026-09-18,single_item,,门店实际每份克重(官方公示为每100g基准); 单个克重; 是否配酱/糖,,官方检测每100g：198kcal/蛋白7.2g/脂肪8.2g/碳水23.7g/钠389mg 为记录基准值(A级exact)。 第三方per-份估计：178kcal(区间见conflicting_sources)。
laoxiangji-cn-170-laomianxiaolongbao,老乡鸡,B,老面小笼包,laomianxiaolongbao,早餐,老乡鸡在售菜品（官方溯源报告2.0分类：早餐）。序号170/191。,100,g,216,7.8,27.0,8.4,,302,,exact,,,,,,,,,official_label,https://lxjchina.com.cn/upload/2026-05/177828991193340300.pdf,《老乡鸡菜品溯源报告2.0》菜品营养成分信息（每100g）,2026-04-30,https://m.trfsz.com/newsview1316060.html,"官方《菜品溯源报告2.0》第三方检测4+1(热量/蛋白质/脂肪/碳水/钠)，基准为每100g；报告未逐项给出每份克重，故per-份数值需门店实际份量，未臆造。 第三方per-份参考(非官方,无方法披露,C级)：泰然健康网(第三方,无称重方法)per-份≈336kcal。",A,,老乡鸡 老面小笼包 热量; 老乡鸡 老面小笼包 减脂; 老乡鸡 营养 热量表; 老乡鸡 减脂 怎么点,米饭/主食减半; 少酱汁,breakfast; carb_heavy,complete,2026-09-18,single_item,,门店实际每份克重(官方公示为每100g基准); 单个克重; 是否配酱/糖,,官方检测每100g：216kcal/蛋白7.8g/脂肪8.4g/碳水27.0g/钠302mg 为记录基准值(A级exact)。 第三方per-份估计：336kcal(区间见conflicting_sources)。
laoxiangji-cn-171-naihuangjibao,老乡鸡,B,奶黄鸡包,naihuangjibao,早餐,老乡鸡在售菜品（官方溯源报告2.0分类：早餐）。序号171/191。,100,g,220,5.3,46.3,1.2,,48,,exact,,,,,,,,,official_label,https://lxjchina.com.cn/upload/2026-05/177828991193340300.pdf,《老乡鸡菜品溯源报告2.0》菜品营养成分信息（每100g）,2026-04-30,https://m.trfsz.com/newsview1316060.html,"官方《菜品溯源报告2.0》第三方检测4+1(热量/蛋白质/脂肪/碳水/钠)，基准为每100g；报告未逐项给出每份克重，故per-份数值需门店实际份量，未臆造。 第三方per-份参考(非官方,无方法披露,C级)：泰然健康网(第三方,无称重方法)per-份≈154kcal。",A,,老乡鸡 奶黄鸡包 热量; 老乡鸡 奶黄鸡包 减脂; 老乡鸡 营养 热量表; 老乡鸡 减脂 怎么点,去皮; 只吃瘦肉部分,breakfast; carb_heavy,complete,2026-09-18,single_item,,门店实际每份克重(官方公示为每100g基准); 单个克重; 是否配酱/糖,,官方检测每100g：220kcal/蛋白5.3g/脂肪1.2g/碳水46.3g/钠48mg 为记录基准值(A级exact)。 第三方per-份估计：154kcal(区间见conflicting_sources)。
laoxiangji-cn-172-shuizhudan,老乡鸡,B,水煮蛋,shuizhudan,早餐,老乡鸡在售菜品（官方溯源报告2.0分类：早餐）。序号172/191。,100,g,144,13.0,1.6,9.5,,141,,exact,,,,,,,,,official_label,https://lxjchina.com.cn/upload/2026-05/177828991193340300.pdf,《老乡鸡菜品溯源报告2.0》菜品营养成分信息（每100g）,2026-04-30,https://lxjchina.com.cn/info.php?class_id=102106,官方《菜品溯源报告2.0》第三方检测4+1(热量/蛋白质/脂肪/碳水/钠)，基准为每100g；报告未逐项给出每份克重，故per-份数值需门店实际份量，未臆造。,A,,老乡鸡 水煮蛋 热量; 老乡鸡 水煮蛋 减脂; 老乡鸡 营养 热量表; 老乡鸡 减脂 怎么点,按需搭配蔬菜/减少主食,breakfast; moderate_protein; steamed_or_stewed,complete,2026-09-18,single_item,,门店实际每份克重(官方公示为每100g基准); 单个克重; 是否配酱/糖,,官方检测每100g：144kcal/蛋白13.0g/脂肪9.5g/碳水1.6g/钠141mg 为记录基准值(A级exact)。
laoxiangji-cn-173-xiangguqingcaibao-bocaimianpi,老乡鸡,B,香菇青菜包（菠菜面皮）,xiangguqingcaibao,早餐,老乡鸡在售菜品（官方溯源报告2.0分类：早餐）。序号173/191。,100,g,243,5.1,28.3,12.2,,397,,exact,,,,,,,,,official_label,https://lxjchina.com.cn/upload/2026-05/177828991193340300.pdf,《老乡鸡菜品溯源报告2.0》菜品营养成分信息（每100g）,2026-04-30,https://lxjchina.com.cn/info.php?class_id=102106,官方《菜品溯源报告2.0》第三方检测4+1(热量/蛋白质/脂肪/碳水/钠)，基准为每100g；报告未逐项给出每份克重，故per-份数值需门店实际份量，未臆造。,A,,老乡鸡 香菇青菜包（菠菜面皮） 热量; 老乡鸡 香菇青菜包（菠菜面皮） 减脂; 老乡鸡 营养 热量表; 老乡鸡 减脂 怎么点,米饭/主食减半; 少酱汁,breakfast; carb_heavy,complete,2026-09-18,single_item,,门店实际每份克重(官方公示为每100g基准); 单个克重; 是否配酱/糖,,官方检测每100g：243kcal/蛋白5.1g/脂肪12.2g/碳水28.3g/钠397mg 为记录基准值(A级exact)。
laoxiangji-cn-174-xiangguzhuroushaomai,老乡鸡,B,香菇猪肉烧麦,xiangguzhuroushaomai,早餐,老乡鸡在售菜品（官方溯源报告2.0分类：早餐）。序号174/191。,100,g,239,5.8,39.7,6.2,,500,,exact,,,,,,,,,official_label,https://lxjchina.com.cn/upload/2026-05/177828991193340300.pdf,《老乡鸡菜品溯源报告2.0》菜品营养成分信息（每100g）,2026-04-30,https://m.trfsz.com/newsview1316060.html,"官方《菜品溯源报告2.0》第三方检测4+1(热量/蛋白质/脂肪/碳水/钠)，基准为每100g；报告未逐项给出每份克重，故per-份数值需门店实际份量，未臆造。 第三方per-份参考(非官方,无方法披露,C级)：泰然健康网(第三方,无称重方法)per-份≈118kcal。",A,,老乡鸡 香菇猪肉烧麦 热量; 老乡鸡 香菇猪肉烧麦 减脂; 老乡鸡 营养 热量表; 老乡鸡 减脂 怎么点,少油; 少盐; 去皮; 只吃瘦肉部分,breakfast; carb_heavy,complete,2026-09-18,single_item,,门店实际每份克重(官方公示为每100g基准); 单个克重; 是否配酱/糖,,官方检测每100g：239kcal/蛋白5.8g/脂肪6.2g/碳水39.7g/钠500mg 为记录基准值(A级exact)。 第三方per-份估计：118kcal(区间见conflicting_sources)。
laoxiangji-cn-175-laomianmantou,老乡鸡,B,老面馒头,laomianmantou,早餐,老乡鸡在售菜品（官方溯源报告2.0分类：早餐）。序号175/191。,100,g,240,6.2,48.1,2.2,,101,,exact,,,,,,,,,official_label,https://lxjchina.com.cn/upload/2026-05/177828991193340300.pdf,《老乡鸡菜品溯源报告2.0》菜品营养成分信息（每100g）,2026-04-30,https://lxjchina.com.cn/info.php?class_id=102106,官方《菜品溯源报告2.0》第三方检测4+1(热量/蛋白质/脂肪/碳水/钠)，基准为每100g；报告未逐项给出每份克重，故per-份数值需门店实际份量，未臆造。,A,,老乡鸡 老面馒头 热量; 老乡鸡 老面馒头 减脂; 老乡鸡 营养 热量表; 老乡鸡 减脂 怎么点,米饭/主食减半; 少酱汁,breakfast; carb_heavy,complete,2026-09-18,single_item,,门店实际每份克重(官方公示为每100g基准); 单个克重; 是否配酱/糖,,官方检测每100g：240kcal/蛋白6.2g/脂肪2.2g/碳水48.1g/钠101mg 为记录基准值(A级exact)。
laoxiangji-cn-176-heiquanmaijidingbao,老乡鸡,B,黑全麦鸡丁包,heiquanmaijidingbao,早餐,老乡鸡在售菜品（官方溯源报告2.0分类：早餐）。序号176/191。,100,g,201,9.2,29.3,5.0,,329,,exact,,,,,,,,,official_label,https://lxjchina.com.cn/upload/2026-05/177828991193340300.pdf,《老乡鸡菜品溯源报告2.0》菜品营养成分信息（每100g）,2026-04-30,https://lxjchina.com.cn/info.php?class_id=102106,官方《菜品溯源报告2.0》第三方检测4+1(热量/蛋白质/脂肪/碳水/钠)，基准为每100g；报告未逐项给出每份克重，故per-份数值需门店实际份量，未臆造。,A,,老乡鸡 黑全麦鸡丁包 热量; 老乡鸡 黑全麦鸡丁包 减脂; 老乡鸡 营养 热量表; 老乡鸡 减脂 怎么点,去皮; 只吃瘦肉部分,breakfast; carb_heavy,complete,2026-09-18,single_item,,门店实际每份克重(官方公示为每100g基准); 单个克重; 是否配酱/糖,,官方检测每100g：201kcal/蛋白9.2g/脂肪5.0g/碳水29.3g/钠329mg 为记录基准值(A级exact)。
laoxiangji-cn-177-nuomizagufantuan-aoerliangjirouxian,老乡鸡,B,糯米杂谷饭团（奥尔良鸡肉馅）,nuomizagufantuan,早餐,老乡鸡在售菜品（官方溯源报告2.0分类：早餐）。序号177/191。,100,g,177,5.6,33.7,2.0,,410,,exact,,,,,,,,,official_label,https://lxjchina.com.cn/upload/2026-05/177828991193340300.pdf,《老乡鸡菜品溯源报告2.0》菜品营养成分信息（每100g）,2026-04-30,https://lxjchina.com.cn/info.php?class_id=102106,官方《菜品溯源报告2.0》第三方检测4+1(热量/蛋白质/脂肪/碳水/钠)，基准为每100g；报告未逐项给出每份克重，故per-份数值需门店实际份量，未臆造。,A,,老乡鸡 糯米杂谷饭团（奥尔良鸡肉馅） 热量; 老乡鸡 糯米杂谷饭团（奥尔良鸡肉馅） 减脂; 老乡鸡 营养 热量表; 老乡鸡 减脂 怎么点,米饭/主食减半; 少酱汁; 去皮; 只吃瘦肉部分,breakfast; carb_heavy,complete,2026-09-18,single_item,,门店实际每份克重(官方公示为每100g基准); 单个克重; 是否配酱/糖,,官方检测每100g：177kcal/蛋白5.6g/脂肪2.0g/碳水33.7g/钠410mg 为记录基准值(A级exact)。
laoxiangji-cn-178-houtougushanyaoyumihu,老乡鸡,B,猴头菇山药玉米糊,houtougushanyaoyumihu,早餐,老乡鸡在售菜品（官方溯源报告2.0分类：早餐）。序号178/191。,100,g,64,1.3,14.4,0.0,,0,,exact,,,,,,,,,official_label,https://lxjchina.com.cn/upload/2026-05/177828991193340300.pdf,《老乡鸡菜品溯源报告2.0》菜品营养成分信息（每100g）,2026-04-30,https://lxjchina.com.cn/info.php?class_id=102106,官方《菜品溯源报告2.0》第三方检测4+1(热量/蛋白质/脂肪/碳水/钠)，基准为每100g；报告未逐项给出每份克重，故per-份数值需门店实际份量，未臆造。,A,,老乡鸡 猴头菇山药玉米糊 热量; 老乡鸡 猴头菇山药玉米糊 减脂; 老乡鸡 营养 热量表; 老乡鸡 减脂 怎么点,按需搭配蔬菜/减少主食,breakfast; fat_loss_friendly,complete,2026-09-18,single_item,,门店实际每份克重(官方公示为每100g基准); 单个克重; 是否配酱/糖,,官方检测每100g：64kcal/蛋白1.3g/脂肪0.0g/碳水14.4g/钠0mg 为记录基准值(A级exact)。
laoxiangji-cn-179-xiangcuitudousibing,老乡鸡,B,香脆土豆丝饼,xiangcuitudousibing,早餐,老乡鸡在售菜品（官方溯源报告2.0分类：早餐）。序号179/191。,100,g,304,2.3,29.0,20.0,,385,,exact,,,,,,,,,official_label,https://lxjchina.com.cn/upload/2026-05/177828991193340300.pdf,《老乡鸡菜品溯源报告2.0》菜品营养成分信息（每100g）,2026-04-30,https://lxjchina.com.cn/info.php?class_id=102106,官方《菜品溯源报告2.0》第三方检测4+1(热量/蛋白质/脂肪/碳水/钠)，基准为每100g；报告未逐项给出每份克重，故per-份数值需门店实际份量，未臆造。,A,,老乡鸡 香脆土豆丝饼 热量; 老乡鸡 香脆土豆丝饼 减脂; 老乡鸡 营养 热量表; 老乡鸡 减脂 怎么点,按需搭配蔬菜/减少主食,breakfast; high_fat; high_calorie; carb_heavy,complete,2026-09-18,single_item,,门店实际每份克重(官方公示为每100g基准); 单个克重; 是否配酱/糖,,官方检测每100g：304kcal/蛋白2.3g/脂肪20.0g/碳水29.0g/钠385mg 为记录基准值(A级exact)。
laoxiangji-cn-180-bangbangxia,老乡鸡,B,棒棒虾,bangbangxia,炸品,老乡鸡在售菜品（官方溯源报告2.0分类：炸品）。序号180/191。,100,g,347,10.1,28.2,21.6,,407,,exact,,,,,,,,,official_label,https://lxjchina.com.cn/upload/2026-05/177828991193340300.pdf,《老乡鸡菜品溯源报告2.0》菜品营养成分信息（每100g）,2026-04-30,https://lxjchina.com.cn/info.php?class_id=102106,官方《菜品溯源报告2.0》第三方检测4+1(热量/蛋白质/脂肪/碳水/钠)，基准为每100g；报告未逐项给出每份克重，故per-份数值需门店实际份量，未臆造。,A,,老乡鸡 棒棒虾 热量; 老乡鸡 棒棒虾 减脂; 老乡鸡 营养 热量表; 老乡鸡 减脂 怎么点,去皮; 只吃瘦肉部分; 去掉外层裹粉; 与清蒸/白灼菜替换,fried; high_calorie; moderate_protein; high_fat,complete,2026-09-18,single_item,,门店实际每份克重(官方公示为每100g基准); 裹粉吸油量; 油炸时间,,官方检测每100g：347kcal/蛋白10.1g/脂肪21.6g/碳水28.2g/钠407mg 为记录基准值(A级exact)。
laoxiangji-cn-181-shengzhadajitui,老乡鸡,B,生炸大鸡腿,shengzhadajitui,炸品,老乡鸡在售菜品（官方溯源报告2.0分类：炸品）。序号181/191。,100,g,241,22.1,12.4,11.3,,1080,,exact,,,,,,,,,official_label,https://lxjchina.com.cn/upload/2026-05/177828991193340300.pdf,《老乡鸡菜品溯源报告2.0》菜品营养成分信息（每100g）,2026-04-30,https://m.trfsz.com/newsview1316060.html,"官方《菜品溯源报告2.0》第三方检测4+1(热量/蛋白质/脂肪/碳水/钠)，基准为每100g；报告未逐项给出每份克重，故per-份数值需门店实际份量，未臆造。 第三方per-份参考(非官方,无方法披露,C级)：泰然健康网(第三方,无称重方法)per-份≈432kcal。",A,,老乡鸡 生炸大鸡腿 热量; 老乡鸡 生炸大鸡腿 减脂; 老乡鸡 营养 热量表; 老乡鸡 减脂 怎么点,去皮; 只吃瘦肉部分; 去掉外层裹粉; 与清蒸/白灼菜替换,fried; high_calorie; high_protein; high_sodium,complete,2026-09-18,single_item,,门店实际每份克重(官方公示为每100g基准); 裹粉吸油量; 油炸时间,,官方检测每100g：241kcal/蛋白22.1g/脂肪11.3g/碳水12.4g/钠1080mg 为记录基准值(A级exact)。 第三方per-份估计：432kcal(区间见conflicting_sources)。
laoxiangji-cn-182-xiangcuishubing,老乡鸡,B,香脆薯饼,xiangcuishubing,炸品,老乡鸡在售菜品（官方溯源报告2.0分类：炸品）。序号182/191。,100,g,385,3.2,29.7,28.4,,294,,exact,,,,,,,,,official_label,https://lxjchina.com.cn/upload/2026-05/177828991193340300.pdf,《老乡鸡菜品溯源报告2.0》菜品营养成分信息（每100g）,2026-04-30,https://lxjchina.com.cn/info.php?class_id=102106,官方《菜品溯源报告2.0》第三方检测4+1(热量/蛋白质/脂肪/碳水/钠)，基准为每100g；报告未逐项给出每份克重，故per-份数值需门店实际份量，未臆造。,A,,老乡鸡 香脆薯饼 热量; 老乡鸡 香脆薯饼 减脂; 老乡鸡 营养 热量表; 老乡鸡 减脂 怎么点,去掉外层裹粉; 与清蒸/白灼菜替换,fried; high_calorie; high_fat; carb_heavy,complete,2026-09-18,single_item,,门店实际每份克重(官方公示为每100g基准); 裹粉吸油量; 油炸时间,,官方检测每100g：385kcal/蛋白3.2g/脂肪28.4g/碳水29.7g/钠294mg 为记录基准值(A级exact)。
laoxiangji-cn-183-xiangyudiguawan,老乡鸡,B,香芋地瓜丸,xiangyudiguawan,炸品,老乡鸡在售菜品（官方溯源报告2.0分类：炸品）。序号183/191。,100,g,351,2.5,52.3,14.6,,42,,exact,,,,,,,,,official_label,https://lxjchina.com.cn/upload/2026-05/177828991193340300.pdf,《老乡鸡菜品溯源报告2.0》菜品营养成分信息（每100g）,2026-04-30,https://lxjchina.com.cn/info.php?class_id=102106,官方《菜品溯源报告2.0》第三方检测4+1(热量/蛋白质/脂肪/碳水/钠)，基准为每100g；报告未逐项给出每份克重，故per-份数值需门店实际份量，未臆造。,A,,老乡鸡 香芋地瓜丸 热量; 老乡鸡 香芋地瓜丸 减脂; 老乡鸡 营养 热量表; 老乡鸡 减脂 怎么点,去掉外层裹粉; 与清蒸/白灼菜替换,fried; high_calorie,complete,2026-09-18,single_item,,门店实际每份克重(官方公示为每100g基准); 裹粉吸油量; 油炸时间,,官方检测每100g：351kcal/蛋白2.5g/脂肪14.6g/碳水52.3g/钠42mg 为记录基准值(A级exact)。
laoxiangji-cn-184-zhajipai-putongjipai,老乡鸡,B,炸鸡排（普通鸡排）,zhajipai,炸品,老乡鸡在售菜品（官方溯源报告2.0分类：炸品）。序号184/191。,100,g,297,16.1,17.3,18.3,,887,,exact,,,,,,,,,official_label,https://lxjchina.com.cn/upload/2026-05/177828991193340300.pdf,《老乡鸡菜品溯源报告2.0》菜品营养成分信息（每100g）,2026-04-30,https://lxjchina.com.cn/info.php?class_id=102106,官方《菜品溯源报告2.0》第三方检测4+1(热量/蛋白质/脂肪/碳水/钠)，基准为每100g；报告未逐项给出每份克重，故per-份数值需门店实际份量，未臆造。,A,,老乡鸡 炸鸡排（普通鸡排） 热量; 老乡鸡 炸鸡排（普通鸡排） 减脂; 老乡鸡 营养 热量表; 老乡鸡 减脂 怎么点,去皮; 只吃瘦肉部分; 去掉外层裹粉; 与清蒸/白灼菜替换,fried; high_calorie; high_protein,complete,2026-09-18,single_item,,门店实际每份克重(官方公示为每100g基准); 裹粉吸油量; 油炸时间,,官方检测每100g：297kcal/蛋白16.1g/脂肪18.3g/碳水17.3g/钠887mg 为记录基准值(A级exact)。
laoxiangji-cn-185-zhajitui,老乡鸡,B,炸鸡腿,zhajitui,炸品,老乡鸡在售菜品（官方溯源报告2.0分类：炸品）。序号185/191。,100,g,277,14.9,16.0,16.4,,785,,exact,,,,,,,,,official_label,https://lxjchina.com.cn/upload/2026-05/177828991193340300.pdf,《老乡鸡菜品溯源报告2.0》菜品营养成分信息（每100g）,2026-04-30,https://m.trfsz.com/newsview1316060.html,"官方《菜品溯源报告2.0》第三方检测4+1(热量/蛋白质/脂肪/碳水/钠)，基准为每100g；报告未逐项给出每份克重，故per-份数值需门店实际份量，未臆造。 第三方per-份参考(非官方,无方法披露,C级)：泰然健康网(第三方,无称重方法)per-份≈292kcal。",A,,老乡鸡 炸鸡腿 热量; 老乡鸡 炸鸡腿 减脂; 老乡鸡 营养 热量表; 老乡鸡 减脂 怎么点,去皮; 只吃瘦肉部分; 去掉外层裹粉; 与清蒸/白灼菜替换,fried; high_calorie; moderate_protein,complete,2026-09-18,single_item,,门店实际每份克重(官方公示为每100g基准); 裹粉吸油量; 油炸时间,,官方检测每100g：277kcal/蛋白14.9g/脂肪16.4g/碳水16.0g/钠785mg 为记录基准值(A级exact)。 第三方per-份估计：292kcal(区间见conflicting_sources)。
laoxiangji-cn-186-cuipijichi,老乡鸡,B,脆皮鸡翅,cuipijichi,炸品,老乡鸡在售菜品（官方溯源报告2.0分类：炸品）。序号186/191。,100,g,314,13.8,16.1,21.8,,730,,exact,,,,,,,,,official_label,https://lxjchina.com.cn/upload/2026-05/177828991193340300.pdf,《老乡鸡菜品溯源报告2.0》菜品营养成分信息（每100g）,2026-04-30,https://lxjchina.com.cn/info.php?class_id=102106,官方《菜品溯源报告2.0》第三方检测4+1(热量/蛋白质/脂肪/碳水/钠)，基准为每100g；报告未逐项给出每份克重，故per-份数值需门店实际份量，未臆造。,A,,老乡鸡 脆皮鸡翅 热量; 老乡鸡 脆皮鸡翅 减脂; 老乡鸡 营养 热量表; 老乡鸡 减脂 怎么点,去皮; 只吃瘦肉部分; 去掉外层裹粉; 与清蒸/白灼菜替换,fried; high_calorie; moderate_protein; high_fat,complete,2026-09-18,single_item,,门店实际每份克重(官方公示为每100g基准); 裹粉吸油量; 油炸时间,,官方检测每100g：314kcal/蛋白13.8g/脂肪21.8g/碳水16.1g/钠730mg 为记录基准值(A级exact)。
laoxiangji-cn-187-zharouchang,老乡鸡,B,炸肉肠,zharouchang,炸品,老乡鸡在售菜品（官方溯源报告2.0分类：炸品）。序号187/191。,100,g,268,15.6,11.3,18.0,,884,,exact,,,,,,,,,official_label,https://lxjchina.com.cn/upload/2026-05/177828991193340300.pdf,《老乡鸡菜品溯源报告2.0》菜品营养成分信息（每100g）,2026-04-30,https://lxjchina.com.cn/info.php?class_id=102106,官方《菜品溯源报告2.0》第三方检测4+1(热量/蛋白质/脂肪/碳水/钠)，基准为每100g；报告未逐项给出每份克重，故per-份数值需门店实际份量，未臆造。,A,,老乡鸡 炸肉肠 热量; 老乡鸡 炸肉肠 减脂; 老乡鸡 营养 热量表; 老乡鸡 减脂 怎么点,去皮; 只吃瘦肉部分; 去掉外层裹粉; 与清蒸/白灼菜替换,fried; high_calorie; high_protein,complete,2026-09-18,single_item,,门店实际每份克重(官方公示为每100g基准); 裹粉吸油量; 油炸时间,,官方检测每100g：268kcal/蛋白15.6g/脂肪18.0g/碳水11.3g/钠884mg 为记录基准值(A级exact)。
laoxiangji-cn-188-zharouchang,老乡鸡,B,炸肉肠,zharouchang,炸品,老乡鸡在售菜品（官方溯源报告2.0分类：炸品）。序号188/191。,100,g,226,14.4,16.5,11.4,,922,,exact,,,,,,,,,official_label,https://lxjchina.com.cn/upload/2026-05/177828991193340300.pdf,《老乡鸡菜品溯源报告2.0》菜品营养成分信息（每100g）,2026-04-30,https://lxjchina.com.cn/info.php?class_id=102106,官方《菜品溯源报告2.0》第三方检测4+1(热量/蛋白质/脂肪/碳水/钠)，基准为每100g；报告未逐项给出每份克重，故per-份数值需门店实际份量，未臆造。,A,,老乡鸡 炸肉肠 热量; 老乡鸡 炸肉肠 减脂; 老乡鸡 营养 热量表; 老乡鸡 减脂 怎么点,去皮; 只吃瘦肉部分; 去掉外层裹粉; 与清蒸/白灼菜替换,fried; high_calorie; moderate_protein,complete,2026-09-18,single_item,,门店实际每份克重(官方公示为每100g基准); 裹粉吸油量; 油炸时间,,官方检测每100g：226kcal/蛋白14.4g/脂肪11.4g/碳水16.5g/钠922mg 为记录基准值(A级exact)。
laoxiangji-cn-189-zhajipai-tiaolijipai,老乡鸡,B,炸鸡排（调理鸡排）,zhajipai,炸品,老乡鸡在售菜品（官方溯源报告2.0分类：炸品）。序号189/191。,100,g,230,15.2,14.4,12.4,,676,,exact,,,,,,,,,official_label,https://lxjchina.com.cn/upload/2026-05/177828991193340300.pdf,《老乡鸡菜品溯源报告2.0》菜品营养成分信息（每100g）,2026-04-30,https://lxjchina.com.cn/info.php?class_id=102106,官方《菜品溯源报告2.0》第三方检测4+1(热量/蛋白质/脂肪/碳水/钠)，基准为每100g；报告未逐项给出每份克重，故per-份数值需门店实际份量，未臆造。,A,,老乡鸡 炸鸡排（调理鸡排） 热量; 老乡鸡 炸鸡排（调理鸡排） 减脂; 老乡鸡 营养 热量表; 老乡鸡 减脂 怎么点,去皮; 只吃瘦肉部分; 去掉外层裹粉; 与清蒸/白灼菜替换,fried; high_calorie; high_protein,complete,2026-09-18,single_item,,门店实际每份克重(官方公示为每100g基准); 裹粉吸油量; 油炸时间,,官方检测每100g：230kcal/蛋白15.2g/脂肪12.4g/碳水14.4g/钠676mg 为记录基准值(A级exact)。
laoxiangji-cn-190-yinerlianzidunli,老乡鸡,B,银耳莲子炖梨,yinerlianzidunli,饮料,老乡鸡在售菜品（官方溯源报告2.0分类：饮料）。序号190/191。,100,g,26,0.0,6.5,0.0,,0,,exact,,,,,,,,,official_label,https://lxjchina.com.cn/upload/2026-05/177828991193340300.pdf,《老乡鸡菜品溯源报告2.0》菜品营养成分信息（每100g）,2026-04-30,https://lxjchina.com.cn/info.php?class_id=102106,官方《菜品溯源报告2.0》第三方检测4+1(热量/蛋白质/脂肪/碳水/钠)，基准为每100g；报告未逐项给出每份克重，故per-份数值需门店实际份量，未臆造。,A,,老乡鸡 银耳莲子炖梨 热量; 老乡鸡 银耳莲子炖梨 减脂; 老乡鸡 营养 热量表; 老乡鸡 减脂 怎么点,按需搭配蔬菜/减少主食,drink; sweet; fat_loss_friendly; steamed_or_stewed,complete,2026-09-18,single_item,,门店实际每份克重(官方公示为每100g基准),,官方检测每100g：26kcal/蛋白0.0g/脂肪0.0g/碳水6.5g/钠0mg 为记录基准值(A级exact)。
laoxiangji-cn-191-hongdoujiuniang,老乡鸡,B,红豆酒酿,hongdoujiuniang,饮料,老乡鸡在售菜品（官方溯源报告2.0分类：饮料）。序号191/191。,100,g,56,1.6,12.3,0.0,,0,,exact,,,,,,,,,official_label,https://lxjchina.com.cn/upload/2026-05/177828991193340300.pdf,《老乡鸡菜品溯源报告2.0》菜品营养成分信息（每100g）,2026-04-30,https://lxjchina.com.cn/info.php?class_id=102106,官方《菜品溯源报告2.0》第三方检测4+1(热量/蛋白质/脂肪/碳水/钠)，基准为每100g；报告未逐项给出每份克重，故per-份数值需门店实际份量，未臆造。,A,,老乡鸡 红豆酒酿 热量; 老乡鸡 红豆酒酿 减脂; 老乡鸡 营养 热量表; 老乡鸡 减脂 怎么点,按需搭配蔬菜/减少主食,drink; sweet; fat_loss_friendly,complete,2026-09-18,single_item,,门店实际每份克重(官方公示为每100g基准),,官方检测每100g：56kcal/蛋白1.6g/脂肪0.0g/碳水12.3g/钠0mg 为记录基准值(A级exact)。
lawson-cn-orleans-chicken-onigiri,罗森,B,奥尔良鸡肉饭团,orleans chicken rice ball,饭团,罗森经典饭团系列成员，奥尔良调味鸡肉馅。,100,克,158,4.4,30.9,1.6,,,,estimated_point,139,177,,,,,,,third_party_analysis,https://www.fatsecret.cn/%E7%83%AD%E9%87%8F%E8%90%A5%E5%85%BB/%E7%BD%97%E6%A3%AE/%E5%A5%A5%E5%B0%94%E8%89%AF%E9%B8%A1%E8%82%89%E9%A5%AD%E5%9B%A2/100%E5%85%8B,fatsecret 罗森 奥尔良鸡肉饭团（每100g）,2026-09-18,,仅fatsecret单一第三方库收录（每100g：158kcal/蛋白4.4/碳水30.9/脂肪1.6，Atwater自洽158.6✓），按±12%给区间；包装净含量未见公开标注，按每100g基准记录（同系列饭团净含量90–176g，见魔都食鉴局测评）。无钠/糖/纤维来源，留空。,C,,罗森 奥尔良鸡肉饭团; 罗森 饭团; 罗森 减脂; 罗森 热量,选非油炸内馅款（炸鸡排/猪排馅+100~200kcal/个）; 作主食时搭配蔬菜沙拉补足纤维,onigiri; rice; chicken; low_fat,complete,2026-09-18,single_item,,实际包装净含量未知（同系列90–176g）; 内馅酱汁比例,,每100g≈158kcal（fatsecret单源）；单份需乘净含量/100
lawson-cn-devil-onigiri-original,罗森,B,恶魔的饭团(原味),devil rice ball (original),饭团,罗森爆款恶魔饭团系列（黑浣熊包装）：酱汁米饭+木鱼花+海苔屑+天妇罗碎，外裹海苔。,90,克,199.8,,,,,,,exact,,,,,,,,,third_party_analysis,https://www.bilibili.com/opus/422896885286491339,吃光106个三明治和饭团，得出了这份便利店早餐报告（B站 魔都食鉴局）,2020-08-13,,包装能量标注930KJ/100g（中国标签能量单位KJ）+净含量90g → 930/4.184*0.9=199.8kcal/份，与文内199.8Kcal/份一致；fatsecret『恶魔饭团』每100g=222kcal与930KJ/100g换算222.3一致，双向印证。宏量（fatsecret恶魔饭团1.5/47.5/4.7每100g）无法确认对应原味，留空。2020年数据，规格/配方可能已更新。,B,日本罗森创销售记录爆红款（上市6天卖120万只）,罗森 恶魔饭团; 罗森 饭团; 罗森 减脂; 罗森 热量,份量小(90g)可作加餐而非主食,onigiri; seaweed; small_portion; viral_sku,nutrition_missing,2026-09-18,single_item,,净含量浮动（生产商承认克重上下浮动）; 2020年规格可能已更新; 宏量无来源,fatsecret 恶魔饭团 222kcal/100g | 魔都食鉴局 930KJ/100g=222.3kcal/100g | 一致（<0.2%） | 同源包装标签能量值,每100g=222kcal（双源一致）；每份(90g)=200kcal
lawson-cn-devil-onigiri-pizza,罗森,B,恶魔的饭团(意式披萨味),devil rice ball (pizza),饭团,罗森恶魔饭团系列口味款，含对应风味馅料。,110,克,256.8,,,,,,,exact,,,,,,,,,third_party_analysis,https://www.bilibili.com/opus/422896885286491339,吃光106个三明治和饭团，得出了这份便利店早餐报告（B站 魔都食鉴局）,2020-08-13,,包装能量978KJ/100g+净含量110g → 257.1kcal/份，与文内256.8Kcal/份一致；宏量无来源留空。2020年数据。,B,,罗森 恶魔饭团; 罗森 恶魔的饭团(意式披萨味); 罗森 减脂; 罗森 热量,寿喜烧/大阪烧款含肉与炸物，减脂期选原味或披萨味,onigiri; flavored; small_portion,nutrition_missing,2026-09-18,single_item,,净含量浮动; 2020年规格可能已更新; 宏量无来源,,
lawson-cn-devil-onigiri-osaka,罗森,B,恶魔饭团(大阪烧烤味),devil rice ball (osaka),饭团,罗森恶魔饭团系列口味款，含对应风味馅料。,100,克,287.6,,,,,,,exact,,,,,,,,,third_party_analysis,https://www.bilibili.com/opus/422896885286491339,吃光106个三明治和饭团，得出了这份便利店早餐报告（B站 魔都食鉴局）,2020-08-13,,包装能量1205KJ/100g+净含量100g → 288.0kcal/份，与文内287.6Kcal/份一致；宏量无来源留空。2020年数据。,B,,罗森 恶魔饭团; 罗森 恶魔饭团(大阪烧烤味); 罗森 减脂; 罗森 热量,寿喜烧/大阪烧款含肉与炸物，减脂期选原味或披萨味,onigiri; flavored; small_portion,nutrition_missing,2026-09-18,single_item,,净含量浮动; 2020年规格可能已更新; 宏量无来源,,
lawson-cn-devil-onigiri-sukiyaki,罗森,B,恶魔饭团(寿喜烧牛肉),devil rice ball (sukiyaki beef),饭团,罗森恶魔饭团系列口味款，含对应风味馅料。,165,克,386.3,,,,,,,exact,,,,,,,,,third_party_analysis,https://www.bilibili.com/opus/422896885286491339,吃光106个三明治和饭团，得出了这份便利店早餐报告（B站 魔都食鉴局）,2020-08-13,,包装能量981KJ/100g+净含量165g → 386.9kcal/份，与文内386.3Kcal/份一致；宏量无来源留空。2020年数据。,B,,罗森 恶魔饭团; 罗森 恶魔饭团(寿喜烧牛肉); 罗森 减脂; 罗森 热量,寿喜烧/大阪烧款含肉与炸物，减脂期选原味或披萨味,onigiri; flavored; small_portion,nutrition_missing,2026-09-18,single_item,,净含量浮动; 2020年规格可能已更新; 宏量无来源,,
lawson-cn-korean-bbq-supreme-onigiri,罗森,B,韩式烤肉至尊饭团,korean bbq supreme rice ball,饭团,罗森至尊/大口饭团系列：韩式烤肉+泡菜馅，肉片大为罗森特色。,165,克,323.7,,,,,,,exact,,,,,,,,,third_party_analysis,https://www.bilibili.com/opus/422896885286491339,吃光106个三明治和饭团，得出了这份便利店早餐报告（B站 魔都食鉴局）,2020-08-13,,包装822KJ/100g+净含量165g → 323.7kcal/份（自洽）。选食物网另有『中百罗森 韩式烤肉大口饭团』133kcal/100g（=219kcal/165g），与822KJ/100g(196.5)冲突，疑『至尊』与『大口』两款混淆或配方年份差异，记冲突不取舍；能量采用包装KJ抄录值。,B,,罗森 韩式烤肉饭团; 罗森 至尊饭团; 罗森 减脂; 罗森 热量,泡菜+五花肉脂肪偏高，与蔬菜沙拉同食控总量,onigiri; pork; kimchi; large_portion,nutrition_missing,2026-09-18,single_item,,『至尊』与『大口』命名混乱; 配方年份差异; 宏量无来源,魔都食鉴局 822KJ/100g=196.5kcal/100g | 选食物网 中百罗森韩式烤肉大口饭团 133kcal/100g | 196.5 vs 133（-32%） | SKU命名混淆（至尊vs大口）或配方/年份差异,196.5kcal/100g（包装KJ抄录），165g份=324kcal；冲突保留
lawson-cn-crispy-seaweed-tuna-corn-onigiri,罗森,B,脆海苔金枪鱼玉米沙拉饭团,crispy seaweed tuna corn salad rice ball,饭团,罗森沙拉饭团系列：金枪鱼+玉米+沙拉酱馅，外裹脆海苔。,100,克,182,4.9,29.2,4.9,,,,estimated_point,160,204,,,,,,,third_party_analysis,https://www.fatsecret.cn/%E7%83%AD%E9%87%8F%E8%90%A5%E5%85%BB/%E7%BD%97%E6%A3%AE/%E8%84%86%E6%B5%B7%E8%8B%94%E9%87%91%E6%9E%AA%E9%B1%BC%E7%8E%89%E7%B1%B3%E6%B2%99%E6%8B%89%E9%A5%AD%E5%9B%A2/100%E5%85%8B,fatsecret 罗森 脆海苔金枪鱼玉米沙拉饭团（每100g）,2026-09-18,,fatsecret单源每100g：182/4.9/29.2/4.9，Atwater自洽181.7✓；含沙拉酱脂肪中等。净含量未公开按100g基准。,C,,罗森 金枪鱼饭团; 罗森 沙拉饭团; 罗森 减脂; 罗森 热量,沙拉酱馅脂肪来源，控量,onigiri; tuna; mayo,complete,2026-09-18,single_item,,沙拉酱份量; 净含量未知,,
lawson-cn-tuna-mayo-onigiri,罗森,B,金枪鱼沙拉酱饭团,tuna mayo rice ball,饭团,罗森金枪鱼+蛋黄酱馅饭团（2020版热量表记213kcal/个）。,100,克,196,4.2,31.7,5.7,,,,estimated_point,172,220,,,,,,,third_party_analysis,https://www.fatsecret.cn/%E7%83%AD%E9%87%8F%E8%90%A5%E5%85%BB/%E7%BD%97%E6%A3%AE/%E9%87%91%E6%9E%AA%E9%B1%BC%E6%B2%99%E6%8B%89%E9%85%B1%E9%A5%AD%E5%9B%A2/100%E5%85%8B,fatsecret 罗森 金枪鱼沙拉酱饭团（每100g）,2026-09-18,https://163.com/dy/article/FEM9VJND0525NE3U.html,fatsecret每100g：196/4.2/31.7/5.7(Atwater 196.1✓)。2020网易转载热量表记『金枪鱼蛋黄酱饭团213大卡/个』，若个重≈108g则与196/100g自洽，作份量旁证而非冲突。,C,,罗森 金枪鱼饭团; 罗森 减脂; 罗森 热量,蛋黄酱馅，减脂期优先虾仁/照烧鸡肉等无酱款,onigiri; tuna; mayo; high_fat_filling,complete,2026-09-18,single_item,,蛋黄酱份量; 净含量未知,,
lawson-cn-salted-egg-yolk-meat-floss-roll,罗森,B,咸蛋黄香松饭卷,salted egg yolk meat floss rice roll,饭团,罗森咸蛋黄+肉松馅饭卷/糍饭团类（选食物网记中百罗森饭团【咸蛋黄松松】230kcal/100g）。,100,克,,7.0,39.2,8.8,,,,estimated_range,232,348,,,,,,,third_party_analysis,https://www.fatsecret.cn/%E7%83%AD%E9%87%8F%E8%90%A5%E5%85%BB/%E7%BD%97%E6%A3%AE/%E5%92%B8%E8%9B%8B%E9%BB%84%E9%A6%99%E6%9D%BE%E9%A5%AD%E5%8D%B7/100%E5%85%8B,fatsecret 罗森 咸蛋黄香松饭卷（每100g）,2026-09-18,https://www.xuanshiwu.com/foods/716448.html,fatsecret 290/7.0/39.2/8.8(Atwater 288.4✓) vs 选食物网『中百罗森 饭团【咸蛋黄松松】』230/4.6/36.4/7.2(Atwater 228.8✓)：两源均自洽但差26%，疑饭卷vs三角饭团不同形态/配方，记冲突取区间230–290。,C,,罗森 咸蛋黄饭团; 罗森 肉松饭团; 罗森 减脂; 罗森 热量,咸蛋黄+肉松高脂高钠，减脂期少量,onigiri; salted_egg; meat_floss; high_sodium,complete,2026-09-18,single_item,,形态差异(饭卷/饭团); 咸蛋黄酱份量,fatsecret 咸蛋黄香松饭卷 290kcal/100g | 选食物网 中百罗森饭团【咸蛋黄松松】 230kcal/100g | 290 vs 230（-21%） | 饭卷与三角饭团形态/配方不同，或年份差异,230–290kcal/100g区间，两源均Atwater自洽，不擅自取舍
lawson-cn-braised-egg-onigiri,罗森,B,卤味溏心蛋饭团,braised soft-boiled egg rice ball,饭团,罗森卤味溏心蛋馅饭团。,100,克,193,5.6,32.3,4.4,,,,estimated_point,170,216,,,,,,,third_party_analysis,https://www.fatsecret.cn/%E7%83%AD%E9%87%8F%E8%90%A5%E5%85%BB/%E7%BD%97%E6%A3%AE/%E5%8D%A4%E5%91%B3%E6%BA%8F%E5%BF%83%E8%9B%8B%E9%A5%AD%E5%9B%A2/100%E5%85%8B,fatsecret 罗森 卤味溏心蛋饭团（每100g）,2026-09-18,,fatsecret单源193/5.6/32.3/4.4(Atwater 192.4✓)；蛋馅提供蛋白。净含量未公开按100g基准。,C,,罗森 溏心蛋饭团; 罗森 减脂; 罗森 热量,蛋馅蛋白较好，优于油炸馅,onigiri; egg; protein,complete,2026-09-18,single_item,,卤汁钠含量无来源; 净含量未知,,
lawson-cn-wholewheat-chicken-breast-sandwich,罗森,B,全麦鸡胸肉三明治,wholewheat chicken breast sandwich,三明治,罗森减脂UGC出镜率最高的三明治：全麦吐司+鸡胸肉+生菜。,100,克,148,7.9,15.0,4.2,,,,exact,,,,,,,,,third_party_analysis,https://www.fatsecret.cn/%E7%83%AD%E9%87%8F%E8%90%A5%E5%85%BB/%E7%BD%97%E6%A3%AE/%E5%85%A8%E9%BA%A6%E9%B8%A1%E8%83%B8%E8%82%89%E4%B8%89%E6%98%8E%E6%B2%BB/100%E5%85%8B,fatsecret 罗森 全麦鸡胸肉三明治（每100g）,2026-09-18,https://www.miaofoods.com/detail/fdea0ca6.html,fatsecret 148/7.9/15.0/4.2 与 喵喵食物库 148.00/7.90/15.00/4.20 完全一致（两独立第三方库同转录包装标签，Atwater 147.8✓）→ exact、confidence B（非A因未直接读取官方标签/官方渠道）。新浪2025-04报道罗森某款三明治标称净含量195g而实测278–304g（反向虚标），单份克重浮动大，本条按每100g基准。,B,低卡; 高蛋白（营销口径，未核实）,罗森 全麦鸡胸肉三明治; 罗森 三明治; 罗森 减脂; 罗森 热量,去酱（沙拉酱约10-20g≈60-120kcal）; 搭配无糖茶/黑咖啡,sandwich; wholewheat; chicken_breast; high_protein; diet_staple,complete,2026-09-18,single_item,,实际净含量浮动大（标195g实测可达304g）; 酱包是否含在内,,每100g=148kcal/蛋白7.9/碳水15.0/脂肪4.2（双库一致）
lawson-cn-wholewheat-smoked-chicken-sandwich,罗森,B,全麦烟熏鸡肉三明治,wholewheat smoked chicken sandwich,三明治,罗森全麦系列熏鸡肉三明治：上层熏鸡肉、下层蔬菜+番茄。,85,克,167.4,,,,,,,exact,,,,,,,,,third_party_analysis,https://www.bilibili.com/opus/422896885286491339,吃光106个三明治和饭团，得出了这份便利店早餐报告（B站 魔都食鉴局）,2020-08-13,https://www.fatsecret.cn/%E7%83%AD%E9%87%8F%E8%90%A5%E5%85%BB/%E7%BD%97%E6%A3%AE/%E5%85%A8%E9%BA%A6%E7%83%9F%E7%86%8F%E9%B8%A1%E8%82%89%E4%B8%89%E6%98%8E%E6%B2%BB/100%E5%85%8B,包装825KJ/100g+净含量85g → 167.4kcal/份（自洽）；fatsecret每100g=197kcal与825KJ/100g(197.2)一致→双源印证能量。宏量仅fatsecret有(5.6/30.1/5.9每100g)，单源且年份不明，保守留空。2020年规格。,B,,罗森 全麦烟熏鸡肉三明治; 罗森 三明治; 罗森 减脂; 罗森 热量,去酱可再降60-100kcal,sandwich; wholewheat; smoked_chicken; diet_staple,nutrition_missing,2026-09-18,single_item,,净含量浮动; 2020年规格; 宏量单源未采用,魔都食鉴局 825KJ/100g=197.2kcal/100g | fatsecret 全麦烟熏鸡肉三明治 197kcal/100g | 一致 | 同源包装标签,197kcal/100g；85g份=167kcal
lawson-cn-wholewheat-ham-egg-sandwich,罗森,B,全麦火腿鸡蛋三明治,wholewheat ham & egg sandwich,三明治,罗森全麦+火腿+鸡蛋+黄瓜组合三明治（2020热量表记262kcal/个）。,100,克,,6.3,26.0,7.2,,,,estimated_range,156,234,,,,,,,third_party_analysis,https://www.fatsecret.cn/%E7%83%AD%E9%87%8F%E8%90%A5%E5%85%BB/%E7%BD%97%E6%A3%AE/%E5%85%A8%E9%BA%A6%E7%81%AB%E8%85%BF%E9%B8%A1%E8%9B%8B%E4%B8%89%E6%98%8E%E6%B2%BB/100%E5%85%8B,fatsecret 罗森 全麦火腿鸡蛋三明治（每100g）,2026-09-18,https://www.xuanshiwu.com/foods/667604.html,fatsecret 195/6.3/26.0/7.2(Atwater 194✓) vs 选食物网『罗森 全麦火腿鸡蛋』215/7.1/30.5/7.1(Atwater 214.3✓)：两源均自洽、差10%，记冲突取区间195–215；宏量采用fatsecret（与品牌页展示值一致）。,C,,罗森 全麦火腿鸡蛋三明治; 罗森 减脂; 罗森 热量,去酱; 选全麦款优于白吐司款,sandwich; wholewheat; ham; egg,complete,2026-09-18,single_item,,酱包; 两源配方差异; 净含量未知,fatsecret 195kcal/100g | 选食物网 215kcal/100g | +10% | 配方/年份差异或『多重全麦火腿鸡蛋酱三明治』含酱款混入,195–215kcal/100g；点值取fatsecret 195（宏量同源）
lawson-cn-wholewheat-chicken-sandwich,罗森,B,全麦鸡肉三明治,wholewheat chicken sandwich,三明治,罗森全麦鸡肉三明治（区别于鸡胸肉款，鸡肉非纯鸡胸）。,100,克,189,9.3,20.5,7.7,,,,estimated_point,166,212,,,,,,,third_party_analysis,https://www.fatsecret.cn/%E7%83%AD%E9%87%8F%E8%90%A5%E5%85%BB/%E7%BD%97%E6%A3%AE/%E5%85%A8%E9%BA%A6%E9%B8%A1%E8%82%89%E4%B8%89%E6%98%8E%E6%B2%BB/100%E5%85%8B,fatsecret 罗森 全麦鸡肉三明治（每100g）,2026-09-18,,fatsecret单源189/9.3/20.5/7.7(Atwater 188.9✓)。注意与『全麦鸡胸肉三明治』(148kcal/100g)为两款不同SKU，勿混。,C,,罗森 全麦鸡肉三明治; 罗森 减脂; 罗森 热量,与鸡胸肉款区分：本款脂肪更高,sandwich; wholewheat; chicken,complete,2026-09-18,single_item,,酱包; 净含量未知,,
lawson-cn-orleans-chicken-fried-egg-sandwich,罗森,B,奥尔良鸡腿排煎蛋三明治,orleans chicken fillet & fried egg sandwich,三明治,罗森奥尔良鸡腿排+煎蛋三明治（煎/炸鸡排，热量显著高于鸡胸款）。,100,克,289,14.0,30.3,12.3,,,,estimated_point,254,324,,,,,,,third_party_analysis,https://www.fatsecret.cn/%E7%83%AD%E9%87%8F%E8%90%A5%E5%85%BB/%E7%BD%97%E6%A3%AE/%E5%A5%A5%E5%B0%94%E8%89%AF%E9%B8%A1%E8%85%BF%E6%8E%92%E7%85%8E%E8%9B%8B%E4%B8%89%E6%98%8E%E6%B2%BB/100%E5%85%8B,fatsecret 罗森 奥尔良鸡腿排煎蛋三明治（每100g）,2026-09-18,,fatsecret单源289/14.0/30.3/12.3(Atwater 288.7✓)。真实饮食建模保留：油炸鸡排款为减脂黑榜常见成员。,C,,罗森 奥尔良鸡腿排三明治; 罗森 减脂; 罗森 热量,减脂期换全麦鸡胸肉款（-141kcal/100g）,sandwich; fried_chicken; high_calorie; blacklist,complete,2026-09-18,single_item,,油炸/煎制用油; 酱包,,
lawson-cn-teriyaki-chicken-chapata-sandwich,罗森,B,照烧鸡腿排恰巴塔三明治,teriyaki chicken fillet ciabatta sandwich,三明治,罗森照烧鸡腿排+恰巴塔面包三明治。,100,克,283,12.3,26.0,14.4,,,,estimated_point,249,317,,,,,,,third_party_analysis,https://www.fatsecret.cn/%E7%83%AD%E9%87%8F%E8%90%A5%E5%85%BB/%E7%BD%97%E6%A3%AE/%E7%85%A7%E7%83%A7%E9%B8%A1%E8%85%BF%E6%8E%92%E6%81%B0%E5%B7%B4%E5%A1%94%E4%B8%89%E6%98%8E%E6%B2%BB/100%E5%85%8B,fatsecret 罗森 照烧鸡腿排恰巴塔三明治（每100g）,2026-09-18,,fatsecret单源283/12.3/26.0/14.4(Atwater 282.8✓)；照烧酱含糖+鸡排带皮，脂肪偏高。,C,,罗森 照烧鸡腿排三明治; 罗森 减脂; 罗森 热量,减脂期换烤/卤蛋白款,sandwich; teriyaki; ciabatta; high_calorie,complete,2026-09-18,single_item,,照烧酱糖油; 鸡排皮,,
lawson-cn-egg-potato-double-salad-sandwich,罗森,B,鸡蛋土豆双味沙拉三明治,egg & potato dual salad sandwich,三明治,罗森鸡蛋沙拉+土豆沙拉双馅三明治（沙拉酱基底，脂肪偏高）。,100,克,217,4.3,15.4,15.5,,,,estimated_point,191,243,,,,,,,third_party_analysis,https://www.fatsecret.cn/%E7%83%AD%E9%87%8F%E8%90%A5%E5%85%BB/%E7%BD%97%E6%A3%AE/%E9%B8%A1%E8%9B%8B%E5%9C%9F%E8%B1%86%E5%8F%8C%E5%91%B3%E6%B2%99%E6%8B%89%E4%B8%89%E6%98%8E%E6%B2%BB/100%E5%85%8B,fatsecret 罗森 鸡蛋土豆双味沙拉三明治（每100g）,2026-09-18,,fatsecret单源217/4.3/15.4/15.5(Atwater 216.9✓)；脂肪供能比64%，双沙拉酱馅所致。,C,,罗森 土豆沙拉三明治; 罗森 减脂; 罗森 热量,减脂期避开双酱馅款,sandwich; egg_salad; potato_salad; high_fat,complete,2026-09-18,single_item,,沙拉酱(蛋黄酱)占比高,,
lawson-cn-french-ham-cheese-sandwich,罗森,B,法式火腿芝士三明治,french ham & cheese sandwich,三明治,罗森三明治口碑款：火腿+芝士片，微波20秒芝士半融。,80,克,190.2,,,,,,,exact,,,,,,,,,third_party_analysis,https://www.bilibili.com/opus/422896885286491339,吃光106个三明治和饭团，得出了这份便利店早餐报告（B站 魔都食鉴局）,2020-08-13,,包装996KJ/100g+净含量80g → 190.2kcal/份（自洽）。宏量无来源留空。2020年数据。,B,,罗森 法式火腿芝士三明治; 罗森 减脂; 罗森 热量,芝士片+火腿钠偏高，控钠者注意,sandwich; ham; cheese; small_portion,nutrition_missing,2026-09-18,single_item,,净含量浮动; 2020年规格; 宏量无来源,,
lawson-cn-colorful-five-sandwich,罗森,B,缤纷五彩三明治,colorful five-ingredient sandwich,三明治,罗森大份量三明治：火腿+鸡蛋+生菜+番茄+芝士五料，160g。,160,克,314.7,,,,,,,exact,,,,,,,,,third_party_analysis,https://www.bilibili.com/opus/422896885286491339,吃光106个三明治和饭团，得出了这份便利店早餐报告（B站 魔都食鉴局）,2020-08-13,,包装824KJ/100g+净含量160g → 314.7kcal/份（自洽）。能量密度低(197kcal/100g)但份量大。宏量无来源。,B,,罗森 缤纷五彩三明治; 罗森 减脂; 罗森 热量,可对半切分享(-157kcal),sandwich; large_portion; veggie_included,nutrition_missing,2026-09-18,single_item,,份量大160g; 净含量浮动; 宏量无来源,,
lawson-cn-tali-chicken-sandwich,罗森,B,塔里鸡肉三明治,tali chicken sandwich,三明治,罗森塔里（咖喱风味）鸡肉三明治。,100,克,231,7.6,20.1,13.4,,,,estimated_point,203,259,,,,,,,third_party_analysis,https://www.xuanshiwu.com/foods/628273.html,选食物网 罗森 塔里鸡肉三明治（每100g）,2024-10-22,,选食物网单源231/7.6/20.1/13.4(Atwater 231.4✓)；fatsecret未收录同名款。净含量未公开按100g基准。,C,,罗森 塔里鸡肉三明治; 罗森 减脂; 罗森 热量,咖喱酱含油，控量,sandwich; curry; chicken,complete,2026-09-18,single_item,,酱料用油; 净含量未知,,
lawson-cn-double-orleans-chicken-fillet-sandwich,罗森,B,双层奥尔良鸡腿排三明治,double orleans chicken fillet sandwich,三明治,罗森双层炸鸡排三明治（油炸，减脂黑榜）。,100,克,,,,,,,,estimated_range,211,279,,,,,,,third_party_analysis,https://www.fatsecret.cn/%E7%83%AD%E9%87%8F%E8%90%A5%E5%85%BB/%E7%BD%97%E6%A3%AE/%E5%8F%8C%E5%B1%82%E5%A5%A5%E5%B0%94%E8%89%AF%E9%B8%A1%E8%85%BF%E6%8E%92%E4%B8%89%E6%98%8E%E6%B2%BB/100%E5%85%8B,fatsecret 罗森 双层奥尔良鸡腿排三明治（每100g）,2026-09-18,https://www.xuanshiwu.com/foods/qishow-621149-200.html,fatsecret 211/9.9/25.7/7.5(Atwater 209.9✓) vs 选食物网 279/12.8/25.3/14.0(Atwater 278.4✓)：两源均自洽但差32%，疑『双层』层数/裹粉工艺版本差异，记冲突；仅给区间211–279，宏量不取（两源宏量亦冲突）。,C,,罗森 双层奥尔良鸡腿排三明治; 罗森 减脂; 罗森 热量,减脂期完全避开油炸双层款,sandwich; fried; double_fillet; blacklist; high_calorie,needs_estimation,2026-09-18,single_item,,油炸裹粉吸油; 版本差异,fatsecret 211kcal/100g(脂肪7.5) | 选食物网 279kcal/100g(脂肪14.0) | +32%能量、脂肪近翻倍 | 单层vs双层/裹粉油炸工艺版本差异或录入错误,211–279kcal/100g区间，宏量留空待核实
lawson-cn-five-color-vegetable-salad,罗森,B,五彩蔬菜沙拉,five-color vegetable salad,沙拉,罗森绿谷小兔/五彩蔬菜沙拉：纯蔬菜组合（酱汁另包）。,100,克,39,1.5,3.6,2.1,,,,exact,,,,,,,,,third_party_analysis,https://www.fatsecret.cn/%E7%83%AD%E9%87%8F%E8%90%A5%E5%85%BB/%E7%BD%97%E6%A3%AE/%E4%BA%94%E5%BD%A9%E8%94%AC%E8%8F%9C%E6%B2%99%E6%8B%89/100%E5%85%8B,fatsecret 罗森 五彩蔬菜沙拉（每100g）,2026-09-18,https://www.xuanshiwu.com/foods/534231.html,fatsecret 39/1.5/3.6/2.1 与 选食物网 39/1.5/3.6/2.1 完全一致（双库同转录标签，Atwater 39.3✓）→ exact、B。数值不含另包沙拉酱；加酱+50~100kcal。,B,低卡; 高纤（营销口径）,罗森 五彩蔬菜沙拉; 罗森 蔬菜沙拉; 罗森 减脂; 罗森 热量,沙拉酱另放/只用一半（酱包≈15-25g，50-100kcal）; 加即食鸡胸/溏心蛋补蛋白,salad; vegetable; very_low_calorie; diet_staple; sauce_separate,complete,2026-09-18,single_item,,沙拉酱是否加入; 蔬菜沥水后实际克重,,39kcal/100g（双库一致，不含酱）
lawson-cn-chicken-salad,罗森,B,鸡肉沙拉,chicken salad,沙拉,罗森鸡肉沙拉（鸡肉+蔬菜+沙拉酱拌制）。,100,克,,13.4,7.7,3.3,,,,estimated_range,92,138,,,,,,,third_party_analysis,https://www.fatsecret.cn/%E7%83%AD%E9%87%8F%E8%90%A5%E5%85%BB/%E7%BD%97%E6%A3%AE/%E9%B8%A1%E8%82%89%E6%B2%99%E6%8B%89/100%E5%85%8B,fatsecret 罗森 鸡肉沙拉（每100g）,2026-09-18,https://www.xuanshiwu.com/foods/208305.html,fatsecret 115/13.4/7.7/3.3(Atwater 114.1✓) vs 选食物网『罗森 鸡肉沙拉』52/8.7/3.9/0.0(Atwater 50.4✓)：差121%，选食物网该条脂肪0.0对含酱鸡肉沙拉不合常理，疑录入为他款，记冲突；best取fatsecret 115，保留区间52–115供下游判断。,C,,罗森 鸡肉沙拉; 罗森 减脂; 罗森 热量,"酱另放; 与『沙拉鸡胸肉』(97kcal/100g,几乎无酱)区分",salad; chicken; protein,complete,2026-09-18,single_item,,沙拉酱占比; 两源SKU对应不明,fatsecret 115kcal/100g(脂肪3.3) | 选食物网 52kcal/100g(脂肪0.0) | -55% | 选食物网条目可能对应无酱鸡胸/他款，或脂肪漏录,115kcal/100g（fatsecret，宏量自洽）；冲突保留
lawson-cn-salad-chicken-breast,罗森,B,沙拉鸡胸肉,salad chicken breast,沙拉,罗森即食沙拉鸡胸肉（近乎无酱，高蛋白低脂，减脂红榜）。,100,克,97,18.3,2.3,1.5,,,,estimated_point,85,109,,,,,,,third_party_analysis,https://www.fatsecret.cn/%E7%83%AD%E9%87%8F%E8%90%A5%E5%85%BB/%E7%BD%97%E6%A3%AE/%E6%B2%99%E6%8B%89%E9%B8%A1%E8%83%B8%E8%82%89/100%E5%85%8B,fatsecret 罗森 沙拉鸡胸肉（每100g）,2026-09-18,https://post.smzdm.com/zz/p/amvzwl3d/,fatsecret单源97/18.3/2.3/1.5(Atwater 96.7✓)，蛋白供能比76%。小红书转载(smzdm)称『沙拉鸡胸肉每袋125大卡』→ 反推袋重≈129g，与常见120-130g即食鸡胸袋装一致，作份量旁证（不写入字段）。,C,低卡; 高蛋白（UGC口径）,罗森 沙拉鸡胸肉; 罗森 即食鸡胸; 罗森 减脂; 罗森 热量,直接作蛋白加餐; 切块拌入蔬菜沙拉替代沙拉酱肉,salad; chicken_breast; high_protein; low_fat; diet_staple; ready_to_eat,complete,2026-09-18,single_item,,袋装净含量未公开标注; 调味汁残留,,
lawson-cn-grilled-chicken-veg-salad,罗森,B,香烤鸡肉蔬菜沙拉,grilled chicken vegetable salad,沙拉,罗森香烤鸡肉+蔬菜沙拉组合。,100,克,80,5.5,4.7,4.4,,,,estimated_point,70,90,,,,,,,third_party_analysis,https://www.fatsecret.cn/%E7%83%AD%E9%87%8F%E8%90%A5%E5%85%BB/%E7%BD%97%E6%A3%AE/%E9%A6%99%E7%83%A4%E9%B8%A1%E8%82%89%E8%94%AC%E8%8F%9C%E6%B2%99%E6%8B%89/100%E5%85%8B,fatsecret 罗森 香烤鸡肉蔬菜沙拉（每100g）,2026-09-18,https://www.xuanshiwu.com/s-%C2%DE%C9%AD.html,fatsecret 80/5.5/4.7/4.4(Atwater 79.2✓)；选食物网搜索页同名款77kcal/100g（差3.9%，视为一致）→ 能量双源印证，宏量单源。,C,,罗森 香烤鸡肉蔬菜沙拉; 罗森 减脂; 罗森 热量,酱另放,salad; grilled_chicken; low_calorie,complete,2026-09-18,single_item,,沙拉酱; 净含量未知,,
lawson-cn-potato-salad,罗森,B,土豆泥沙拉,potato salad,沙拉,罗森土豆泥/土豆沙拉（蛋黄酱拌制，名为沙拉实为主食+酱）。,100,克,,5.3,15.6,11.8,,,,estimated_range,151,227,,,,,,,third_party_analysis,https://www.fatsecret.cn/%E7%83%AD%E9%87%8F%E8%90%A5%E5%85%BB/%E7%BD%97%E6%A3%AE/%E5%9C%9F%E8%B1%86%E6%B3%A5%E6%B2%99%E6%8B%89/100%E5%85%8B,fatsecret 罗森 土豆泥沙拉（每100g）,2026-09-18,https://www.xuanshiwu.com/foods/493307.html,fatsecret 189/5.3/15.6/11.8(Atwater 188.6✓) vs 选食物网『罗森 土豆沙拉』202/2.8/14.9/14.6(Atwater 202.2✓)及『/LAWSON土豆沙拉』139/2.8/10.1/9.7：三个同名条目互差45%，疑含酱量/配方版本不同，记冲突取139–202区间，点值不用。,C,,罗森 土豆泥沙拉; 罗森 减脂; 罗森 热量,减脂期不当蔬菜沙拉吃（实为高脂主食）,salad; potato; mayo; high_fat; pseudo_healthy,complete,2026-09-18,single_item,,蛋黄酱量; 版本差异,fatsecret 189kcal/100g | 选食物网 202 / 139 kcal/100g（两条同名） | 139–202区间 | 含酱量/配方版本或『土豆泥』vs『土豆沙拉』混录,139–202kcal/100g区间
lawson-cn-caesar-chicken-salad,罗森,B,鸡肉凯撒沙拉,chicken caesar salad,沙拉,罗森鸡肉凯撒沙拉（凯撒酱+芝士粉，脂肪中等）。,100,克,127,7.3,8.4,7.2,,,,estimated_point,112,142,,,,,,,third_party_analysis,https://www.xuanshiwu.com/foods/467170.html,选食物网 罗森 鸡肉凯撒沙拉（每100g）,2024-10-21,,选食物网单源127/7.3/8.4/7.2(Atwater 127.6✓)；fatsecret未收录同名款。凯撒酱为脂肪主源。,C,,罗森 凯撒沙拉; 罗森 减脂; 罗森 热量,酱另放/减半,salad; caesar; chicken,complete,2026-09-18,single_item,,凯撒酱量; 芝士粉,,
lawson-cn-smoked-chicken-salad,罗森,B,烟熏鸡肉沙拉,smoked chicken salad,沙拉,罗森烟熏鸡肉+蔬菜沙拉。,100,克,83,6.2,3.3,5.0,,,,estimated_point,73,93,,,,,,,third_party_analysis,https://www.xuanshiwu.com/foods/318592.html,选食物网 罗森 烟熏鸡肉沙拉（每100g）,2024-10-20,,选食物网『罗森 烟熏鸡肉沙拉』83/6.2/3.3/5.0(Atwater 83✓)；同站另有中百罗森『烟熏鸡肉沙拉』53、『新烟熏鸡肉沙拉』64两条，疑去酱/新配方版本，记冲突，best取带酱版83。,C,,罗森 烟熏鸡肉沙拉; 罗森 减脂; 罗森 热量,选『新』版/去酱可至53-64kcal/100g,salad; smoked_chicken; low_calorie,complete,2026-09-18,single_item,,酱包; 版本差异,选食物网 罗森烟熏鸡肉沙拉 83kcal/100g | 选食物网 中百罗森(新)烟熏鸡肉沙拉 53/64kcal/100g | -23%~-36% | 新配方减酱或区域版本差异,83kcal/100g（带酱版）；新版53–64待核
lawson-cn-shrimp-konjac-salad,罗森,B,虾仁魔芋沙拉,shrimp konjac salad,沙拉,罗森虾仁+魔芋沙拉，极低卡（47kcal/100g）。,100,克,47,5.3,4.8,0.7,,,,estimated_point,41,53,,,,,,,third_party_analysis,https://www.xuanshiwu.com/foods/626377.html,选食物网 罗森 虾仁魔芋沙拉（每100g）,2024-10-22,,选食物网单源47/5.3/4.8/0.7(Atwater 46.7✓)；魔芋+虾仁组合，减脂红榜。,C,低卡（UGC口径）,罗森 虾仁魔芋沙拉; 罗森 魔芋; 罗森 减脂; 罗森 热量,酱另放; 加蛋/鸡胸补足蛋白与饱腹,salad; shrimp; konjac; very_low_calorie; diet_staple,complete,2026-09-18,single_item,,酱汁; 净含量未知,,
lawson-cn-chicken-pumpkin-quinoa-salad,罗森,B,鸡肉卷南瓜藜麦沙拉,chicken roll pumpkin quinoa salad,沙拉,罗森鸡肉卷+南瓜+藜麦沙拉（谷物基底，碳水中等）。,100,克,116,5.2,5.5,8.3,,,,estimated_point,102,130,,,,,,,third_party_analysis,https://www.fatsecret.cn/%E7%83%AD%E9%87%8F%E8%90%A5%E5%85%BB/%E7%BD%97%E6%A3%AE/%E9%B8%A1%E8%82%89%E5%8D%B7%E5%8D%97%E7%93%9C%E8%97%9C%E9%BA%A6%E6%B2%99%E6%8B%89/100%E5%85%8B,fatsecret 罗森 鸡肉卷南瓜藜麦沙拉（每100g）,2026-09-18,,fatsecret单源116/5.2/5.5/8.3(Atwater 115.9✓)；含藜麦南瓜，碳水来自主食组分。,C,,罗森 藜麦沙拉; 罗森 减脂; 罗森 热量,酱另放,salad; quinoa; pumpkin; grain_bowl,complete,2026-09-18,single_item,,酱汁; 谷物份量,,
lawson-cn-lowfat-chicken-breast-balls,罗森,B,低脂鸡胸肉丸,low-fat chicken breast balls,即食鸡胸,罗森低脂鸡胸肉丸（玉米味，开袋即食）。仅有每袋热量UGC。,1,袋,,,,,,,,estimated_range,45,67,,,,,,,xiaohongshu_claim,https://post.smzdm.com/zz/p/amvzwl3d/,罗森便利店 低卡减脂好物分享 热量测评（smzdm转载小红书）,2025-06-04,,仅UGC『每袋56大卡，高蛋白低脂肪』单一口径，无方法、无宏量、无净含量 → D级range(45–67)，进needs_estimation。,D,低脂; 高蛋白（营销/UGC口径）,罗森 鸡胸肉丸; 罗森 低脂; 罗森 减脂; 罗森 热量,开袋即食作蛋白加餐,chicken_breast; ready_to_eat; high_protein; low_fat,needs_estimation,2026-09-18,single_item,,袋重未知; 仅单源UGC; 宏量无来源,,
lawson-cn-oden-daikon,罗森,B,关东煮 萝卜,oden daikon,熬点(关东煮),罗森熬点/关东煮单品，门店热柜按串/块售卖，无独立包装营养表可公开获取。,1,块,,,,,,,,estimated_range,11,17,,,,,,,third_party_analysis,https://163.com/dy/article/FEM9VJND0525NE3U.html,罗森食物热量大全（网易号 范享乐动）,2020-06-09,,2020热量表：萝卜一块14大卡；单一UGC来源、无方法、2020年数据 → D级，range=点值±20%；宏量/钠无来源（关东煮钠主要在汤与调味，不喝汤可大幅降低）。smzdm/天眼查转载红黑榜亦将萝卜/魔芋丝/海带结列为低卡红榜，方向一致但无数值。,D,低卡（红榜口径）,罗森 关东煮; 罗森 萝卜; 罗森 减脂; 罗森 热量,不喝汤（钠与调味热量主源）; 多选萝卜/昆布/魔芋，少选丸滑与油炸豆腐,oden; hot_pot; low_calorie; sodium_in_broth,needs_estimation,2026-09-18,single_item,,汤底钠与调味; 串/块实际克重不标准; 2020年数据,,
lawson-cn-oden-kelp,罗森,B,关东煮 昆布/海带结,oden kelp knot,熬点(关东煮),罗森熬点/关东煮单品，门店热柜按串/块售卖，无独立包装营养表可公开获取。,1,串,,,,,,,,estimated_range,2,4,,,,,,,third_party_analysis,https://163.com/dy/article/FEM9VJND0525NE3U.html,罗森食物热量大全（网易号 范享乐动）,2020-06-09,,2020热量表：昆布一串2大卡、海带结同量级；单一UGC来源、无方法、2020年数据 → D级，range=点值±20%；宏量/钠无来源（关东煮钠主要在汤与调味，不喝汤可大幅降低）。smzdm/天眼查转载红黑榜亦将萝卜/魔芋丝/海带结列为低卡红榜，方向一致但无数值。,D,低卡（红榜口径）,罗森 关东煮; 罗森 昆布/海带结; 罗森 减脂; 罗森 热量,不喝汤（钠与调味热量主源）; 多选萝卜/昆布/魔芋，少选丸滑与油炸豆腐,oden; hot_pot; low_calorie; sodium_in_broth,needs_estimation,2026-09-18,single_item,,汤底钠与调味; 串/块实际克重不标准; 2020年数据,,
lawson-cn-oden-konjac-knot,罗森,B,关东煮 粉丝结/魔芋丝,oden konjac noodle knot,熬点(关东煮),罗森熬点/关东煮单品，门店热柜按串/块售卖，无独立包装营养表可公开获取。,1,串,,,,,,,,estimated_range,3,5,,,,,,,third_party_analysis,https://163.com/dy/article/FEM9VJND0525NE3U.html,罗森食物热量大全（网易号 范享乐动）,2020-06-09,,2020热量表：粉丝结一个3.5大卡；单一UGC来源、无方法、2020年数据 → D级，range=点值±20%；宏量/钠无来源（关东煮钠主要在汤与调味，不喝汤可大幅降低）。smzdm/天眼查转载红黑榜亦将萝卜/魔芋丝/海带结列为低卡红榜，方向一致但无数值。,D,低卡（红榜口径）,罗森 关东煮; 罗森 粉丝结/魔芋丝; 罗森 减脂; 罗森 热量,不喝汤（钠与调味热量主源）; 多选萝卜/昆布/魔芋，少选丸滑与油炸豆腐,oden; hot_pot; low_calorie; sodium_in_broth,needs_estimation,2026-09-18,single_item,,汤底钠与调味; 串/块实际克重不标准; 2020年数据,,
lawson-cn-oden-shiitake,罗森,B,关东煮 香菇,oden shiitake,熬点(关东煮),罗森熬点/关东煮单品，门店热柜按串/块售卖，无独立包装营养表可公开获取。,1,串,,,,,,,,estimated_range,10,14,,,,,,,third_party_analysis,https://163.com/dy/article/FEM9VJND0525NE3U.html,罗森食物热量大全（网易号 范享乐动）,2020-06-09,,2020热量表：香菇一串12大卡；单一UGC来源、无方法、2020年数据 → D级，range=点值±20%；宏量/钠无来源（关东煮钠主要在汤与调味，不喝汤可大幅降低）。smzdm/天眼查转载红黑榜亦将萝卜/魔芋丝/海带结列为低卡红榜，方向一致但无数值。,D,低卡（红榜口径）,罗森 关东煮; 罗森 香菇; 罗森 减脂; 罗森 热量,不喝汤（钠与调味热量主源）; 多选萝卜/昆布/魔芋，少选丸滑与油炸豆腐,oden; hot_pot; low_calorie; sodium_in_broth,needs_estimation,2026-09-18,single_item,,汤底钠与调味; 串/块实际克重不标准; 2020年数据,,
lawson-cn-oden-beef-tendon,罗森,B,关东煮 牛筋串,oden beef tendon skewer,熬点(关东煮),罗森熬点/关东煮单品，门店热柜按串/块售卖，无独立包装营养表可公开获取。,1,串,,,,,,,,estimated_range,16,24,,,,,,,third_party_analysis,https://163.com/dy/article/FEM9VJND0525NE3U.html,罗森食物热量大全（网易号 范享乐动）,2020-06-09,,2020热量表：牛筋串一串20大卡；单一UGC来源、无方法、2020年数据 → D级，range=点值±20%；宏量/钠无来源（关东煮钠主要在汤与调味，不喝汤可大幅降低）。smzdm/天眼查转载红黑榜亦将萝卜/魔芋丝/海带结列为低卡红榜，方向一致但无数值。,D,低卡（红榜口径）,罗森 关东煮; 罗森 牛筋串; 罗森 减脂; 罗森 热量,不喝汤（钠与调味热量主源）; 多选萝卜/昆布/魔芋，少选丸滑与油炸豆腐,oden; hot_pot; low_calorie; sodium_in_broth,needs_estimation,2026-09-18,single_item,,汤底钠与调味; 串/块实际克重不标准; 2020年数据,,
lawson-cn-oden-egg,罗森,B,关东煮 鸡蛋,oden whole egg,熬点(关东煮),罗森熬点/关东煮单品，门店热柜按串/块售卖，无独立包装营养表可公开获取。,1,个,,,,,,,,estimated_range,56,84,,,,,,,third_party_analysis,https://163.com/dy/article/FEM9VJND0525NE3U.html,罗森食物热量大全（网易号 范享乐动）,2020-06-09,,2020热量表：鸡蛋一个70大卡；单一UGC来源、无方法、2020年数据 → D级，range=点值±20%；宏量/钠无来源（关东煮钠主要在汤与调味，不喝汤可大幅降低）。smzdm/天眼查转载红黑榜亦将萝卜/魔芋丝/海带结列为低卡红榜，方向一致但无数值。,D,低卡（红榜口径）,罗森 关东煮; 罗森 鸡蛋; 罗森 减脂; 罗森 热量,不喝汤（钠与调味热量主源）; 多选萝卜/昆布/魔芋，少选丸滑与油炸豆腐,oden; hot_pot; low_calorie; sodium_in_broth,needs_estimation,2026-09-18,single_item,,汤底钠与调味; 串/块实际克重不标准; 2020年数据,,
lawson-cn-hokkaido-milk-toast,罗森,B,北海道牛奶吐司,hokkaido milk toast,面包,罗森北海道牛奶吐司（袋装切片/整条）。,100,克,325,7.8,46.7,11.7,,,,estimated_point,286,364,,,,,,,third_party_analysis,https://www.fatsecret.cn/%E7%83%AD%E9%87%8F%E8%90%A5%E5%85%BB/%E7%BD%97%E6%A3%AE/%E5%8C%97%E6%B5%B7%E9%81%93%E7%89%9B%E5%A5%B6%E5%90%90%E5%8F%B8/100%E5%85%8B,fatsecret 罗森 北海道牛奶吐司（每100g）,2026-09-18,,fatsecret单源325/7.8/46.7/11.7(Atwater 324.7✓)；2020热量表记『烤酸奶吐司切片317大卡/袋』为另一款。,C,,罗森 北海道牛奶吐司; 罗森 吐司; 罗森 减脂; 罗森 热量,分半食用; 减脂期选全麦吐司,bread; toast; milk; high_calorie,complete,2026-09-18,single_item,,袋装克重未知; 含糖含油,,
lawson-cn-wholewheat-toast,罗森,B,全麦吐司,wholewheat toast,面包,罗森全麦吐司/全麦切片面包。,100,克,,8.4,43.2,8.3,,,,estimated_range,226,340,,,,,,,third_party_analysis,https://www.xuanshiwu.com/foods/517129.html,选食物网 罗森 全麦吐司（每100g）,2024-10-21,https://www.miaofoods.com/search/%E7%BD%97%E6%A3%AE.html,选食物网『罗森 全麦吐司』283/8.4/43.2/8.3(Atwater 281.1✓) vs 同站中百罗森全麦吐司【原味】226/8.3/44.7/1.2（脂肪差7倍，疑漏录油/坚果配料）vs 喵喵食物库『罗森全麦切片面包』327kcal/100g：三源互差45%，记冲突取226–327区间；best点值取283（名称最贴合且Atwater自洽）。,C,全麦（营销口径）,罗森 全麦吐司; 罗森 减脂; 罗森 热量,减脂期作为主食计量（2片≈50-60g）,bread; wholewheat; toast; staple,complete,2026-09-18,single_item,,切片厚度/袋重; 三源配方差异; 『全麦』含量未核实,选食物网 罗森全麦吐司 283kcal/100g | 选食物网 中百全麦吐司【原味】226 / 喵喵 全麦切片面包327 | 226–327区间 | 区域配方/是否含油糖配料差异，或录入误差,283kcal/100g点值（单源Atwater自洽），区间226–327保留
lawson-cn-sausage-bread,罗森,B,香肠面包,sausage bread,面包,罗森香肠面包（fatsecret标注1份=95g）。,95,克,,7.2,30.2,11.4,,,,estimated_range,202,304,,,,,,,third_party_analysis,https://www.fatsecret.cn/%E7%83%AD%E9%87%8F%E8%90%A5%E5%85%BB/%E7%BD%97%E6%A3%AE/%E9%A6%99%E8%82%A0%E9%9D%A2%E5%8C%85/1%E4%BB%BD,fatsecret 罗森 香肠面包（1份95克）,2026-09-18,https://www.xuanshiwu.com/foods/470483.html,fatsecret以『1份(95克)=253kcal』录入且宏量11.4/30.2/7.2；选食物网以『253kcal/100g』录入且宏量完全相同 → 两库数值同源但基准(每份95g vs 每100g)矛盾，必有一错；记冲突。best：采用fatsecret的95g份=253kcal（其明确标注serving），每100g≈266；区间按253±12%。,C,,罗森 香肠面包; 罗森 减脂; 罗森 热量,加工肉+面包，减脂期非优选,bread; sausage; processed_meat; high_sodium,complete,2026-09-18,single_item,,基准口径矛盾(95g份 vs 100g); 香肠含钠高,fatsecret 253kcal/份(95g) | 选食物网 253kcal/100g（宏量完全相同） | 基准矛盾：同数值不同serving | 其中一库把包装『每份』误录为『每100g』,每份95g=253kcal（fatsecret serving标注）；每100g口径存疑
lawson-cn-chocolate-ice-bread,罗森,B,巧克力味冰面包,chocolate ice bread,面包,罗森冰面包系列巧克力味（冷藏奶油夹心面包，甜品化面包）。,100,克,282,4.7,34.3,14.0,,,,estimated_point,248,316,,,,,,,third_party_analysis,https://www.fatsecret.cn/%E7%83%AD%E9%87%8F%E8%90%A5%E5%85%BB/%E7%BD%97%E6%A3%AE/%E5%B7%A7%E5%85%8B%E5%8A%9B%E5%91%B3%E5%86%B0%E9%9D%A2%E5%8C%85/100%E5%85%8B,fatsecret 罗森 巧克力味冰面包（每100g）,2026-09-18,https://www.xuanshiwu.com/foods/202812.html,fatsecret 282/4.7/34.3/14.0(Atwater 281.8✓)；选食物网『冰面包(原味)』257/4.7/28.5/13.8为原味款（不同口味，不作冲突）。真实饮食建模保留高糖款。,C,,罗森 冰面包; 罗森 减脂; 罗森 热量,夹心奶油糖脂高，分半或选原味,bread; ice_bread; chocolate; dessert_like; high_sugar,complete,2026-09-18,single_item,,口味间差异; 夹心份量,,
lawson-cn-starry-bread,罗森,B,星空面包,starry bread,面包,罗森星空面包（软欧+夹心）。,100,克,229,5.5,34.1,7.7,,,,estimated_point,202,256,,,,,,,third_party_analysis,https://www.xuanshiwu.com/foods/486072.html,选食物网 罗森星空面包（每100g）,2024-10-21,,选食物网229/5.5/34.1/7.7(Atwater 227.7✓)；同站另有235/245两条同名条目（差7%内，视为批次/口味波动，不记冲突）。,C,,罗森 星空面包; 罗森 减脂; 罗森 热量,分半食用,bread; soft_euro; filled,complete,2026-09-18,single_item,,夹心口味差异; 袋重未知,,
lawson-cn-rousong-bread,罗森,B,松松面包【肉松】,meat floss bread,面包,罗森肉松松松面包/香松松面包卷类。,100,克,260,9.1,32.5,10.3,,,,estimated_point,229,291,,,,,,,third_party_analysis,https://www.xuanshiwu.com/foods/689193.html,选食物网 中百罗森 松松面包【肉松】（每100g）,2024-10-22,,选食物网单源260/9.1/32.5/10.3(Atwater 259.1✓)；肉松+沙拉酱涂层，脂肪中等偏高。,C,,罗森 松松面包; 罗森 肉松面包; 罗森 减脂; 罗森 热量,肉松+酱涂层，控量,bread; meat_floss; mayo_coating,complete,2026-09-18,single_item,,肉松与沙拉酱涂层量,,
lawson-cn-veggie-crisps,罗森,B,什锦蔬菜脆,mixed vegetable crisps,低卡零食,罗森什锦蔬菜脆（油炸脱水蔬菜片，名为蔬菜实为油炸零食，fatsecret标注1份=40g）。,40,克,212,1.8,22.7,12.2,,,,estimated_point,187,237,,,,,,,third_party_analysis,https://www.fatsecret.cn/%E7%83%AD%E9%87%8F%E8%90%A5%E5%85%BB/%E7%BD%97%E6%A3%AE/%E4%BB%80%E9%94%A6%E8%94%AC%E8%8F%9C%E8%84%86/1%E4%BB%BD,fatsecret 罗森 什锦蔬菜脆（1份40克）,2026-09-18,,fatsecret以1份(40g)=212kcal录入，宏量1.8/22.7/12.2(Atwater 207.8≈)；『蔬菜脆』为油炸工艺，脂肪供能52%，减脂黑榜典型（营销『蔬菜』≠低卡）。,C,蔬菜制成（营销口径，非低卡事实）,罗森 蔬菜脆; 罗森 减脂; 罗森 热量,减脂期避开油炸蔬菜脆,snack; fried; pseudo_healthy; blacklist,complete,2026-09-18,single_item,,油炸吸油; 袋重/份重,,
lawson-cn-baked-sweet-potato,罗森,B,烤红薯,baked sweet potato,低卡零食,罗森门店烤红薯/地瓜（整只售卖，无包装标签）。,100,克,195,3.2,42.7,0.0,,,,estimated_point,172,218,,,,,,,third_party_analysis,https://www.fatsecret.cn/%E7%83%AD%E9%87%8F%E8%90%A5%E5%85%BB/%E7%BD%97%E6%A3%AE/%E7%83%A4%E7%BA%A2%E8%96%AF/100%E5%85%8B,fatsecret 罗森 烤红薯（每100g）,2026-09-18,,fatsecret单源195/3.2/42.7/0.0(Atwater 195.1✓，脂肪0为红薯本征)；整只克重随货波动(150-300g)，按100g基准。,C,,罗森 烤红薯; 罗森 减脂; 罗森 热量,作为主食替代而非加餐; 选小只,snack; sweet_potato; whole_food; staple_substitute,complete,2026-09-18,single_item,,整只克重波动大,,
lawson-cn-sweet-corn,罗森,B,甜玉米（整穗/袋）,sweet corn cob,低卡零食,罗森即食甜玉米（袋装整穗或玉米段）。,100,克,106,4.0,18.0,1.2,,,,estimated_point,93,119,,,,,,,third_party_analysis,https://www.xuanshiwu.com/foods/735535.html,选食物网 罗森 玉米（每100g）,2024-10-22,https://post.smzdm.com/zz/p/amvzwl3d/,选食物网106/4.0/18.0/1.2(Atwater 98.8，-6.8%在容差内)；小红书转载(smzdm)『甜玉米每袋147大卡』→ 反推袋重≈139g，与整穗玉米可食部一致，作份量旁证。,C,,罗森 甜玉米; 罗森 玉米; 罗森 减脂; 罗森 热量,作为主食计量; 选原味不选黄油味,snack; corn; whole_food; staple_substitute,complete,2026-09-18,single_item,,整穗可食部比例; 袋重,,
lawson-cn-soft-boiled-egg,罗森,B,日式溏心蛋,japanese soft-boiled egg,蛋,罗森日式溏心蛋（卤制半熟蛋，2枚装常见）。,100,克,,12.8,2.5,9.0,,,,estimated_range,117,175,,,,,,,third_party_analysis,https://www.fatsecret.cn/%E7%83%AD%E9%87%8F%E8%90%A5%E5%85%BB/%E7%BD%97%E6%A3%AE/%E6%97%A5%E5%BC%8F%E6%BA%8F%E5%BF%83%E8%9B%8B/100%E5%85%8B,fatsecret 罗森 日式溏心蛋（每100g）,2026-09-18,https://www.xuanshiwu.com/foods/429454.html,fatsecret 146/12.8/2.5/9.0(Atwater 146✓) vs 选食物网『罗森 溏心蛋』163/13.4/1.2/11.7(Atwater 163.7✓)：差12%，疑卤汁/蛋黄比例版本差异，记冲突取146–163；高蛋白优质加餐。,C,,罗森 溏心蛋; 罗森 减脂; 罗森 热量,作为蛋白加餐(1枚≈50-60g→73-98kcal),egg; soft_boiled; high_protein; diet_staple,complete,2026-09-18,single_item,,卤汁钠无来源; 枚重未公开,fatsecret 146kcal/100g | 选食物网 163kcal/100g | +12% | 卤制配方/蛋黄比例版本差异,146–163kcal/100g；点值取fatsecret 146
lawson-cn-onsen-egg,罗森,B,温泉蛋,onsen egg,蛋,罗森温泉蛋（低温慢煮带壳蛋）。,100,克,134,12.4,2.8,8.2,,,,estimated_point,118,150,,,,,,,third_party_analysis,https://www.xuanshiwu.com/foods/684696.html,选食物网 罗森/LAWSON温泉蛋（每100g）,2024-10-22,,选食物网单源134/12.4/2.8/8.2(Atwater 134.6✓)；无调味，钠低于卤溏心蛋。,C,,罗森 温泉蛋; 罗森 减脂; 罗森 热量,无酱蛋白加餐首选,egg; onsen; high_protein; no_sauce,complete,2026-09-18,single_item,,枚重未公开(常见50-60g/枚),,
lawson-cn-tamagoyaki,罗森,B,厚蛋烧,thick rolled omelette,蛋,罗森厚蛋烧（日式玉子烧，含糖与油）。,100,克,222,10.83,5.7,17.5,,,,estimated_point,195,249,,,,,,,third_party_analysis,https://www.xuanshiwu.com/foods/465775.html,选食物网 罗森 厚蛋烧（每100g）,2024-10-21,,选食物网单源222/10.83/5.7/17.5(Atwater 223.6✓)；玉子烧工艺含糖+煎油，脂肪供能71%。,C,,罗森 厚蛋烧; 罗森 减脂; 罗森 热量,减脂期选温泉蛋/溏心蛋替代,egg; tamagoyaki; high_fat,complete,2026-09-18,single_item,,煎制用油; 含糖调味,,
lawson-cn-quail-eggs,罗森,B,鹌鹑蛋（卤/关东煮串）,braised quail eggs,蛋,罗森卤鹌鹑蛋/关东煮鹌鹑蛋串。,100,克,167,14.0,3.2,11.0,,,,estimated_point,147,187,,,,,,,third_party_analysis,https://www.xuanshiwu.com/foods/390581.html,选食物网 罗森 鹌鹑蛋（每100g）,2024-10-20,https://163.com/dy/article/FEM9VJND0525NE3U.html,选食物网单源167/14.0/3.2/11.0(Atwater 167.8✓)；2020热量表记『鹌鹑蛋一串42大卡』→ 反推串重≈25g(约3枚)，作份量旁证。,C,,罗森 鹌鹑蛋; 罗森 减脂; 罗森 热量,高蛋白加餐; 卤制钠偏高控量,egg; quail; high_protein; braised,complete,2026-09-18,single_item,,串枚数不固定; 卤汁钠,,
lawson-cn-fresh-milk,罗森,B,罗森鲜牛奶,Lawson fresh milk,牛奶豆浆,罗森自有品牌鲜牛奶（全脂巴氏奶）。,100,毫升,64,3.2,4.7,3.6,,,,estimated_point,56,72,,,,,,,third_party_analysis,https://www.xuanshiwu.com/foods/401457.html,选食物网 罗森 鲜牛奶（每100g）,2024-10-20,,选食物网单源64/3.2/4.7/3.6(Atwater 64✓)，与全脂牛乳通用值一致(65kcal/100ml)；瓶规格(常见450ml)未核实，按100ml基准。无糖豆浆款未在可访问来源出现→记missing。,C,,罗森 罗森牛奶; 罗森 鲜牛奶; 罗森 减脂; 罗森 热量,减脂期选低脂/脱脂款（本店此款为全脂）,milk; whole_milk; beverage,complete,2026-09-18,single_item,,瓶规格未核实,,
lawson-cn-oat-yogurt,罗森,B,罗森燕麦酸奶,Lawson oat yogurt,酸奶,罗森燕麦风味酸奶（含糖）。,100,克,132,4.96,20.17,3.48,,,,estimated_point,116,148,,,,,,,third_party_analysis,https://www.xuanshiwu.com/foods/204377.html,选食物网 罗森 燕麦酸奶（每100g）,2024-10-20,,选食物网单源132/4.96/20.17/3.48(Atwater 131.8✓)；碳水20g/100g提示添加糖+燕麦，减脂期优先无糖款。,C,,罗森 燕麦酸奶; 罗森 减脂; 罗森 热量,选无糖/低糖酸奶替代,yogurt; oat; added_sugar,complete,2026-09-18,single_item,,添加糖量无单独来源,,
lawson-cn-nut-yogurt,罗森,B,罗森酸奶【坚果】,Lawson yogurt with nuts pack,酸奶,罗森酸奶+坚果包组合（坚果包另附）。,100,克,139,5.59,20.98,4.71,,,,estimated_point,122,156,,,,,,,third_party_analysis,https://www.xuanshiwu.com/foods/575845.html,选食物网 罗森/LAWSON酸奶【坚果】（每100g）,2024-10-22,,选食物网单源139/5.59/20.98/4.71；Atwater计算148.7(+7%)，偏差可能来自坚果包是否计入/糖醇计法，故降为estimated_point±12%并记driver。,C,,罗森 坚果酸奶; 罗森 减脂; 罗森 热量,坚果包另放可控+50~80kcal,yogurt; nuts; added_sugar; topping_separate,complete,2026-09-18,single_item,,坚果包是否计入; 糖醇/计法偏差,,
lawson-cn-ice-skin-moon-cake,罗森,B,冰皮月亮蛋糕（草莓/芒果）,ice-skin moon cake (strawberry/mango),甜品,罗森招牌冰皮月亮蛋糕基础口味（草莓/芒果奶油夹心）。,100,克,237,3.0,32.4,10.6,,,,estimated_point,209,265,,,,,,,third_party_analysis,https://www.xuanshiwu.com/foods/1061255.html,选食物网 罗森冰皮月亮蛋糕（每100g）,2024-12-11,https://163.com/dy/article/FEM9VJND0525NE3U.html,选食物网237/3.0/32.4/10.6(Atwater 237✓)；2020热量表记草莓169/芒果175大卡『个』→ 反推个重≈72-74g，与单只蛋糕规格自洽，作份量旁证。口味间差异大（巧克力287/芋泥259/抹茶299，fatsecret），本条仅基础口味。真实饮食建模保留。,C,网红甜品（营销口径）,罗森 冰皮月亮蛋糕; 罗森 减脂; 罗森 热量,分半食用(-118kcal); 减脂期选草莓/芒果低脂夹心款,dessert; ice_skin; cream; signature_sku; high_sugar,complete,2026-09-18,single_item,,口味间差异大; 个重未公开标注; 奶油夹心量,,237kcal/100g；单只≈72-74g→约171-175kcal（与2020 UGC互证）
lawson-cn-ice-skin-moon-cake-choc,罗森,B,冰皮月亮蛋糕（巧克力味）,ice-skin moon cake (chocolate),甜品,罗森冰皮月亮蛋糕巧克力味。,100,克,287,3.3,35.3,14.7,,,,estimated_point,253,321,,,,,,,third_party_analysis,https://www.fatsecret.cn/%E7%83%AD%E9%87%8F%E8%90%A5%E5%85%BB/%E7%BD%97%E6%A3%AE/%E5%86%B0%E7%9A%AE%E6%9C%88%E4%BA%AE%E8%9B%8B%E7%B3%95%EF%BC%88%E5%B7%A7%E5%85%8B%E5%8A%9B%E5%91%B3%EF%BC%89/100%E5%85%8B,fatsecret 罗森 冰皮月亮蛋糕（巧克力味）（每100g）,2026-09-18,,fatsecret单源287/3.3/35.3/14.7(Atwater 286.7✓)；同系列另有芋泥259/抹茶299/奥利奥269（fatsecret），口味差异记入drivers。,C,,罗森 冰皮月亮蛋糕 巧克力; 罗森 减脂; 罗森 热量,分半食用,dessert; ice_skin; chocolate; high_sugar,complete,2026-09-18,single_item,,口味间差异; 个重未公开,,
lawson-cn-milk-cake,罗森,B,牛乳蛋糕,milk cake,甜品,罗森牛乳蛋糕（松软蒸烤蛋糕）。,100,克,240,5.6,22.6,14.2,,,,estimated_point,211,269,,,,,,,third_party_analysis,https://www.xuanshiwu.com/foods/685689.html,选食物网 罗森/LAWSON 牛乳蛋糕（每100g）,2024-10-22,https://163.com/dy/article/FEM9VJND0525NE3U.html,选食物网240/5.6/22.6/14.2(Atwater 240.6✓)；2020热量表记185/244大卡『个』两条（规格不一），不作冲突仅作旁证。,C,,罗森 牛乳蛋糕; 罗森 减脂; 罗森 热量,分半食用,dessert; cake; high_fat,complete,2026-09-18,single_item,,个重未公开; 配方年份,,
lawson-cn-milk-swiss-roll,罗森,B,乳牛瑞士卷,milk swiss roll,甜品,罗森乳牛瑞士卷（奶油夹心蛋糕卷）。,100,克,303,6.9,38.4,13.4,,,,estimated_point,267,339,,,,,,,third_party_analysis,https://www.xuanshiwu.com/foods/66117.html,选食物网 罗森 乳牛瑞士卷（每100g）,2024-10-19,https://163.com/dy/article/FEM9VJND0525NE3U.html,选食物网303/6.9/38.4/13.4(Atwater 301.8✓)；2020热量表记175大卡『个』→ 反推个重≈58g，与单只瑞士卷规格自洽，作份量旁证。,C,,罗森 瑞士卷; 罗森 减脂; 罗森 热量,单只≈58g→约176kcal，作为加餐上限,dessert; swiss_roll; cream; high_sugar,complete,2026-09-18,single_item,,个重未公开; 奶油夹心量,,
lawson-cn-strawberry-daifuku,罗森,B,草莓大福,strawberry daifuku,甜品,罗森草莓大福（糯米皮+豆沙/奶油+草莓）。,100,克,,3.6,36.6,4.3,,,,estimated_range,138,206,,,,,,,third_party_analysis,https://www.xuanshiwu.com/foods/98975.html,选食物网 罗森 草莓大福（每100g）,2024-10-20,https://163.com/dy/article/FEM9VJND0525NE3U.html,选食物网172/3.6/36.6/4.3但Atwater计算199.5(+16%)不自洽，疑碳水或脂肪漏录；2020热量表记日式大福(草莓慕斯)127大卡『个』。两源不可调和 → 记冲突、给range 127–199（个/100g混基准，明确标注），宏量保留选食物网值并声明Atwater偏差。,C,,罗森 草莓大福; 罗森 减脂; 罗森 热量,季节限定，注意在售期,dessert; daifuku; strawberry; seasonal,complete,2026-09-18,single_item,,Atwater不自洽(+16%); 个重vs100g基准混淆; 季节限定,选食物网 172kcal/100g(Atwater应为199.5) | 2020网易热量表 127kcal/个 | 基准与数值均不可调和 | 录入误差+个重未知,range 127–199kcal（个/100g基准混杂）；宏量取选食物网但声明偏差16%
lawson-cn-double-skin-milk,罗森,B,双皮奶,double-skin milk pudding,甜品,罗森双皮奶（盒装奶冻甜品）。,100,克,163,5.2,17.8,7.9,,,,estimated_point,143,183,,,,,,,third_party_analysis,https://www.xuanshiwu.com/foods/324021.html,选食物网 罗森 双皮奶（每100g）,2024-10-20,https://163.com/dy/article/FEM9VJND0525NE3U.html,选食物网163/5.2/17.8/7.9(Atwater 163.1✓)；2020热量表记291大卡『盒』→ 反推盒重≈178g，与常见180g杯装自洽，作份量旁证。,C,,罗森 双皮奶; 罗森 减脂; 罗森 热量,整盒≈291kcal，减脂期分食或避开,dessert; milk_pudding; high_sugar,complete,2026-09-18,single_item,,盒重未公开标注,,
lawson-cn-egg-pudding,罗森,B,布丁（鸡蛋味）,egg pudding,甜品,罗森鸡蛋味布丁/爽滑布丁类杯装甜品。,100,克,180,5.5,23.0,7.4,,,,estimated_point,158,202,,,,,,,third_party_analysis,https://www.xuanshiwu.com/foods/203320.html,选食物网 罗森 布丁（每100g）,2024-10-20,https://163.com/dy/article/FEM9VJND0525NE3U.html,选食物网180/5.5/23.0/7.4(Atwater 180.6✓)；2020热量表记鸡蛋味布丁107/爽滑布丁364大卡『个』，杯规格差异大（小杯vs大杯），不作冲突仅作旁证（107kcal/个→个重≈59g）。,C,,罗森 布丁; 罗森 减脂; 罗森 热量,选小杯(≈59g→107kcal); 减脂期与咖啡冻/红茶冻(72-85kcal/个)替换,dessert; pudding; high_sugar,complete,2026-09-18,single_item,,杯规格未公开标注; 口味/规格差异,,
mcd-cn-big-mac,麦当劳,B,巨无霸,big mac,汉堡和卷,两块100%纯牛肉饼，搭配撒有鲜芝麻的松软面包、清新爽口的生菜、洋葱和酸黄瓜。,1,个,513,27,42,26,,961,,exact,,,,,,,,,official_menu,https://www.mcdonalds.com.cn/product/Big-Mac,巨无霸 | 麦当劳官网产品页,2026-09-18,,官方产品页以千焦(kJ)公布能量，未直接给kcal；energy_kcal 由官方 kJ 值按 1 kcal = 4.184 kJ 精确换算并四舍五入到整数。官方未公布膳食纤维/糖，故留空。,A,,麦当劳 巨无霸 热量; 巨无霸 减脂,去酱; 单点不配薯条饮料,burger; beef,complete,2026-09-18,single_item,,酱料; 面包芝麻,,
mcd-cn-grilled-chicken-sandwich,麦当劳,B,板烧鸡腿堡,grilled chicken burger (banban),汉堡和卷,原块去骨鸡排嫩滑多汁，以洋葱及胡椒调味，再配上翠绿新鲜的生菜和烤味酱，0油煎制。,1,个,391,23,35,17,,1041,,exact,,,,,,,,,official_menu,https://www.mcdonalds.com.cn/product/Grilled-Chicken-Sandwich,板烧鸡腿堡 | 麦当劳官网产品页,2026-09-18,,官方产品页以千焦(kJ)公布能量，未直接给kcal；energy_kcal 由官方 kJ 值按 1 kcal = 4.184 kJ 精确换算并四舍五入到整数。官方未公布膳食纤维/糖，故留空。,A,,板烧鸡腿堡 热量; 麦当劳 减脂 板烧,去酱; 薯条换玉米杯,burger; chicken; high_protein; grilled,complete,2026-09-18,single_item,,烤味酱; 0油煎但含酱,,
mcd-cn-hamburger,麦当劳,B,汉堡包,hamburger (plain),汉堡和卷,100%纯牛肉，以少许盐和胡椒调味，搭配爽脆酸黄瓜和洋葱粒，添加番茄酱。,1,个,248,13,29,8,,492,,exact,,,,,,,,,official_menu,https://www.mcdonalds.com.cn/product/Hamburger,汉堡包 | 麦当劳官网产品页,2026-09-18,,官方产品页以千焦(kJ)公布能量，未直接给kcal；energy_kcal 由官方 kJ 值按 1 kcal = 4.184 kJ 精确换算并四舍五入到整数。官方未公布膳食纤维/糖，故留空。,A,,麦当劳 汉堡包 热量; 麦当劳 低卡,去酱; 加生菜,burger; beef,complete,2026-09-18,single_item,,番茄酱份量,,
mcd-cn-spicy-chicken-filet,麦当劳,B,麦辣鸡腿汉堡,spicy chicken filet burger,汉堡和卷,为“中国胃”研发的当家产品，金黄脆辣的鸡腿肉，配清爽生菜和沙拉酱。,1,个,485,24,42,24,,1208,,exact,,,,,,,,,official_menu,https://www.mcdonalds.com.cn/product/Spicy-Chicken-Filet,麦辣鸡腿汉堡 | 麦当劳官网产品页,2026-09-18,,官方产品页以千焦(kJ)公布能量，未直接给kcal；energy_kcal 由官方 kJ 值按 1 kcal = 4.184 kJ 精确换算并四舍五入到整数。官方未公布膳食纤维/糖，故留空。,A,,麦辣鸡腿堡 热量; 麦当劳 减脂,去酱; 薯条换玉米杯,burger; chicken; fried,complete,2026-09-18,single_item,,沙拉酱; 油炸鸡排,,
mcd-cn-mcchicken,麦当劳,B,麦香鸡,mcchicken,汉堡和卷,清脆生菜配金黄酥脆的优质嫩鸡肉。,1,个,370,15,39,17,,731,,exact,,,,,,,,,official_menu,https://www.mcdonalds.com.cn/product/McChicken,麦香鸡 | 麦当劳官网产品页,2026-09-18,,官方产品页以千焦(kJ)公布能量，未直接给kcal；energy_kcal 由官方 kJ 值按 1 kcal = 4.184 kJ 精确换算并四舍五入到整数。官方未公布膳食纤维/糖，故留空。,A,,麦香鸡 热量; 麦当劳 平价,去酱,burger; chicken; fried,complete,2026-09-18,single_item,,沙拉酱; 油炸鸡排,,
mcd-cn-filet-o-fish,麦当劳,B,麦香鱼,filet-o-fish,汉堡和卷,深海鳕鱼烹制的鳕鱼饼，外皮金黄酥脆，内里鲜嫩多汁，搭配沙拉酱。,1,个,325,16,35,13,,556,,exact,,,,,,,,,official_menu,https://www.mcdonalds.com.cn/product/Filet-O-Fish,麦香鱼 | 麦当劳官网产品页,2026-09-18,,官方产品页以千焦(kJ)公布能量，未直接给kcal；energy_kcal 由官方 kJ 值按 1 kcal = 4.184 kJ 精确换算并四舍五入到整数。官方未公布膳食纤维/糖，故留空。,A,,麦香鱼 热量; 麦当劳 鱼堡,去酱,burger; fish; fried,complete,2026-09-18,single_item,,沙拉酱; 油炸鱼饼,,
mcd-cn-cheeseburger,麦当劳,B,吉士汉堡包,cheeseburger,汉堡和卷,100%纯牛肉与香软芝士融合，搭配酸黄瓜和洋葱颗粒，辅以酱料。,1,个,294,16,30,12,,673,,exact,,,,,,,,,official_menu,https://www.mcdonalds.com.cn/product/Cheeseburger,吉士汉堡包 | 麦当劳官网产品页,2026-09-18,,官方产品页以千焦(kJ)公布能量，未直接给kcal；energy_kcal 由官方 kJ 值按 1 kcal = 4.184 kJ 精确换算并四舍五入到整数。官方未公布膳食纤维/糖，故留空。,A,,吉士汉堡 热量; 麦当劳 低卡,去酱,burger; beef,complete,2026-09-18,single_item,,酱料,,
mcd-cn-double-cheeseburger,麦当劳,B,双层吉士汉堡,double cheeseburger,汉堡和卷,100%纯牛肉与双层香软芝士融合，搭配松软面包与酱料。,1,个,429,27,31,22,,1017,,exact,,,,,,,,,official_menu,https://www.mcdonalds.com.cn/product/Double-Cheeseburger,双层吉士汉堡 | 麦当劳官网产品页,2026-09-18,,官方产品页以千焦(kJ)公布能量，未直接给kcal；energy_kcal 由官方 kJ 值按 1 kcal = 4.184 kJ 精确换算并四舍五入到整数。官方未公布膳食纤维/糖，故留空。,A,,双层吉士汉堡 热量; 麦当劳 减脂,去酱,burger; beef; high_protein,complete,2026-09-18,single_item,,酱料; 芝士片数,,
mcd-cn-beef-sausage-double,麦当劳,B,不素之霸双层牛堡,double beef burger with thuringian sausage,汉堡和卷,两块100%纯牛肉饼，仅以少许盐和胡椒调味，搭配德式图林根香肠。,1,个,493,28,34,27,,1012,,exact,,,,,,,,,official_menu,https://www.mcdonalds.com.cn/product/beef-sausage,不素之霸双层牛堡 | 麦当劳官网产品页,2026-09-18,,官方产品页以千焦(kJ)公布能量，未直接给kcal；energy_kcal 由官方 kJ 值按 1 kcal = 4.184 kJ 精确换算并四舍五入到整数。官方未公布膳食纤维/糖，故留空。,A,,不素之霸 热量; 麦当劳 牛堡,去酱,burger; beef; high_protein,complete,2026-09-18,single_item,,香肠; 酱料,,
mcd-cn-double-fof,麦当劳,B,双层深海鳕鱼堡,double filet-o-fish,汉堡和卷,两整块深海鳕鱼饼，肉质洁白细腻，富含优质蛋白质（实际以餐厅供应为主）。,1,个,485,28,46,21,,917,,exact,,,,,,,,,official_menu,https://www.mcdonalds.com.cn/product/double-fof,双层深海鳕鱼堡 | 麦当劳官网产品页,2026-09-18,,官方产品页以千焦(kJ)公布能量，未直接给kcal；energy_kcal 由官方 kJ 值按 1 kcal = 4.184 kJ 精确换算并四舍五入到整数。官方未公布膳食纤维/糖，故留空。,A,,双层鳕鱼堡 热量; 麦当劳 鱼堡,去酱,burger; fish; fried,complete,2026-09-18,single_item,,沙拉酱; 油炸鱼饼; 供应不稳定,,
mcd-cn-angus-bacon,麦当劳,B,培根安格斯厚牛堡,angus thick beef burger with bacon,汉堡和卷,100%安格斯牛肉饼，搭配培根、黄车打芝士片和新鲜生菜，热熔工艺。,1,个,707,34,43,44,,1037,,exact,,,,,,,,,official_menu,https://www.mcdonalds.com.cn/product/Thick-Angus-Beef-Burger-with-Bacon,培根安格斯厚牛堡 | 麦当劳官网产品页,2026-09-18,,官方产品页以千焦(kJ)公布能量，未直接给kcal；energy_kcal 由官方 kJ 值按 1 kcal = 4.184 kJ 精确换算并四舍五入到整数。官方未公布膳食纤维/糖，故留空。,A,,安格斯厚牛堡 热量; 麦当劳 高热量,去酱; 去培根,burger; beef; high_calorie; high_protein,complete,2026-09-18,single_item,,厚牛肉饼; 培根; 芝士; 酱料,,
mcd-cn-angus-cheese,麦当劳,B,芝士安格斯厚牛堡,angus thick beef burger with cheese,汉堡和卷,100%安格斯牛肉饼，搭配秘制芝士风味酱和新鲜番茄片，热熔工艺。,1,个,696,32,43,44,,897,,exact,,,,,,,,,official_menu,https://www.mcdonalds.com.cn/product/Cheese-Angus,芝士安格斯厚牛堡 | 麦当劳官网产品页,2026-09-18,,官方产品页以千焦(kJ)公布能量，未直接给kcal；energy_kcal 由官方 kJ 值按 1 kcal = 4.184 kJ 精确换算并四舍五入到整数。官方未公布膳食纤维/糖，故留空。,A,,芝士安格斯 热量; 麦当劳 高热量,去酱,burger; beef; high_calorie,complete,2026-09-18,single_item,,厚牛肉饼; 芝士酱; 酱料,,
mcd-cn-blt-double-beef,麦当劳,B,培根蔬萃双层牛堡,bacon lettuce tomato double beef burger,汉堡和卷,一层生菜、一片番茄、两片培根、两片牛肉、一层特别酱料。,1,个,442,24,34,23,,728,,exact,,,,,,,,,official_menu,https://www.mcdonalds.com.cn/product/Bacon-Lettuce-Tomato-Double-Beef-Burger,培根蔬萃双层牛堡 | 麦当劳官网产品页,2026-09-18,,官方产品页以千焦(kJ)公布能量，未直接给kcal；energy_kcal 由官方 kJ 值按 1 kcal = 4.184 kJ 精确换算并四舍五入到整数。官方未公布膳食纤维/糖，故留空。,A,,培根蔬萃双层牛堡 热量; 麦当劳 牛堡,去酱; 去培根,burger; beef,complete,2026-09-18,single_item,,特别酱料; 培根,,
mcd-cn-crispy-bamboo-chicken-wrap,麦当劳,B,酥酥多笋卷,crispy chicken & bamboo shoot wrap,汉堡和卷,全新配方，内含两根加厚鸡柳条（去皮整切鸡胸肉），外层立体酥脆，搭配爽脆笋丝与红油麻香酱。,1,个,,,,,,,,unknown,,,,,,,,,official_menu,https://www.mcdonalds.com.cn/product/%E9%85%A5%E9%85%A5%E5%A4%9A%E7%AC%8B%E5%8D%B7,酥酥多笋卷 | 麦当劳官网产品页,2026-09-18,,官方产品页以千焦(kJ)公布能量，未直接给kcal；energy_kcal 由官方 kJ 值按 1 kcal = 4.184 kJ 精确换算并四舍五入到整数。官方未公布膳食纤维/糖，故留空。 官网产品页仅有描述，未公布能量/宏量营养素；无可靠第三方实测，故 unknown。,U,,酥酥多笋卷 热量; 麦当劳 新品,去红油麻香酱,wrap; chicken; fried,needs_estimation,2026-09-18,single_item,,红油麻香酱; 油炸鸡柳条; 官方未公布营养,,
mcd-cn-french-fries,麦当劳,B,薯条,french fries (medium),小食,精选优质土豆，表面微脆，内里绵软，用少许盐调味。,1,份(中),289,4,38,12,,165,,exact,,,,,,,,,official_menu,https://www.mcdonalds.com.cn/product/French-Fries,薯条 | 麦当劳官网产品页,2026-09-18,,官方产品页以千焦(kJ)公布能量，未直接给kcal；energy_kcal 由官方 kJ 值按 1 kcal = 4.184 kJ 精确换算并四舍五入到整数。官方未公布膳食纤维/糖，故留空。 多规格产品，本条以代表规格计；全部规格见 values_reported。,A,,麦当劳 薯条 热量; 薯条 减脂,换小份/迷你份; 换玉米杯,side; fried; high_calorie,complete,2026-09-18,single_item,,份量规格(迷你/小/中/大); 用油,,
mcd-cn-crinkle-fries,麦当劳,B,脆脆薯条,"crinkle fries (medium, onion-cheese)",小食,波浪纹深度切割炸至金黄酥脆，特调洋葱乳酪味，芝士风味浓郁。,1,份(中),279,4,32,14,,540,,exact,,,,,,,,,official_menu,https://www.mcdonalds.com.cn/product/%E8%84%86%E8%84%86%E8%96%AF%E6%9D%A1,脆脆薯条 | 麦当劳官网产品页,2026-09-18,,官方产品页以千焦(kJ)公布能量，未直接给kcal；energy_kcal 由官方 kJ 值按 1 kcal = 4.184 kJ 精确换算并四舍五入到整数。官方未公布膳食纤维/糖，故留空。,A,,脆脆薯条 热量; 麦当劳 薯条,换小份,side; fried; high_calorie,complete,2026-09-18,single_item,,调味粉; 用油; 份量,,
mcd-cn-spicy-mcwings,麦当劳,B,麦辣鸡翅,spicy mcwings (2 pc),小食,精选优质白羽鸡翅，火辣惹味。,2,块,224,13,9,15,,537,,exact,,,,,,,,,official_menu,https://www.mcdonalds.com.cn/product/Spicy-McWings,麦辣鸡翅 | 麦当劳官网产品页,2026-09-18,,官方产品页以千焦(kJ)公布能量，未直接给kcal；energy_kcal 由官方 kJ 值按 1 kcal = 4.184 kJ 精确换算并四舍五入到整数。官方未公布膳食纤维/糖，故留空。,A,,麦辣鸡翅 热量; 麦当劳 鸡翅,单块计,side; chicken; fried,complete,2026-09-18,single_item,,块数; 裹粉油炸,,
mcd-cn-v-wings,麦当劳,B,薄皮焦香V翅,thin-skin v wings (2 pc),小食,全新薄皮配方，炙烤形成保护膜保持汁水；独创茄仔风味（熟成番茄酸甜）。,2,块,192,17,6,11,,594,,exact,,,,,,,,,official_menu,https://www.mcdonalds.com.cn/product/20250326-V-wings,薄皮焦香V翅 | 麦当劳官网产品页,2026-09-18,,官方产品页以千焦(kJ)公布能量，未直接给kcal；energy_kcal 由官方 kJ 值按 1 kcal = 4.184 kJ 精确换算并四舍五入到整数。官方未公布膳食纤维/糖，故留空。,A,,V翅 热量; 麦当劳 鸡翅 低卡,单块计,side; chicken; grilled; high_protein,complete,2026-09-18,single_item,,块数; 薄皮炙烤,,
mcd-cn-mcnuggets-5,麦当劳,B,麦乐鸡 (5块),chicken mcnuggets (5 pc),小食,优质鸡肉，外皮金黄酥脆，鸡肉嫩滑多汁，配秘制蘸酱。,5,块,213,12,13,12,,422,,exact,,,,,,,,,official_menu,https://www.mcdonalds.com.cn/product/Chicken-McNuggets,麦乐鸡 (5块) | 麦当劳官网产品页,2026-09-18,,官方产品页以千焦(kJ)公布能量，未直接给kcal；energy_kcal 由官方 kJ 值按 1 kcal = 4.184 kJ 精确换算并四舍五入到整数。官方未公布膳食纤维/糖，故留空。 官方能量为5块不含蘸酱；蘸酱另计。,A,,麦乐鸡 热量; 麦当劳 麦乐鸡,不含蘸酱计; 换10块/更大份,side; chicken; fried,complete,2026-09-18,single_item,,蘸酱(未计入); 块数; 裹粉油炸,,
mcd-cn-big-chicken-cutlet,麦当劳,B,那么大鸡排（椒盐风味）,big chicken cutlet (salt & pepper),小食,黄金脆衣裹满，椒盐辛香，扎实肉感，外酥里嫩。,1,个,385,24,24,21,,996,,exact,,,,,,,,,official_menu,https://www.mcdonalds.com.cn/product/Big-Chicken-Cutlet,那么大鸡排（椒盐风味） | 麦当劳官网产品页,2026-09-18,,官方产品页以千焦(kJ)公布能量，未直接给kcal；energy_kcal 由官方 kJ 值按 1 kcal = 4.184 kJ 精确换算并四舍五入到整数。官方未公布膳食纤维/糖，故留空。,A,,那么大鸡排 热量; 麦当劳 鸡排,去皮/去部分脆衣,side; chicken; fried; high_calorie,complete,2026-09-18,single_item,,椒盐调味; 裹粉油炸,,
mcd-cn-corn-cup,麦当劳,B,玉米杯,corn cup (small),小食,粒粒饱满，颗颗多汁，香甜爽。,1,份(小),53,2,7,1,,1,,exact,,,,,,,,,official_menu,https://www.mcdonalds.com.cn/product/Corn-Cup,玉米杯 | 麦当劳官网产品页,2026-09-18,,官方产品页以千焦(kJ)公布能量，未直接给kcal；energy_kcal 由官方 kJ 值按 1 kcal = 4.184 kJ 精确换算并四舍五入到整数。官方未公布膳食纤维/糖，故留空。 多规格产品，本条以代表规格计；全部规格见 values_reported。,A,,玉米杯 热量; 麦当劳 减脂 玉米杯,换大份,side; vegetable; low_calorie,complete,2026-09-18,single_item,,份量规格(小/大),,
mcd-cn-apple-slice,麦当劳,B,苹果片,apple slices,小食,优选山东红富士，新鲜入口，清爽酸甜。,1,份,32,0,7,0,,0,,exact,,,,,,,,,official_menu,https://www.mcdonalds.com.cn/product/Apple-Slice,苹果片 | 麦当劳官网产品页,2026-09-18,,官方产品页以千焦(kJ)公布能量，未直接给kcal；energy_kcal 由官方 kJ 值按 1 kcal = 4.184 kJ 精确换算并四舍五入到整数。官方未公布膳食纤维/糖，故留空。,A,,苹果片 热量; 麦当劳 儿童,无,side; fruit; low_calorie,complete,2026-09-18,single_item,,份量,,
mcd-cn-cone,麦当劳,B,圆筒冰淇淋,soft serve cone,甜品,醇香细腻的冰淇淋搭配香脆圆筒。,1,个,93,2,14,3,,36,,exact,,,,,,,,,official_menu,https://www.mcdonalds.com.cn/product/Cone,圆筒冰淇淋 | 麦当劳官网产品页,2026-09-18,,官方产品页以千焦(kJ)公布能量，未直接给kcal；energy_kcal 由官方 kJ 值按 1 kcal = 4.184 kJ 精确换算并四舍五入到整数。官方未公布膳食纤维/糖，故留空。,A,,圆筒冰淇淋 热量; 麦当劳 甜品,去圆筒(仅冰淇淋),dessert; ice_cream,complete,2026-09-18,single_item,,圆筒,,
mcd-cn-oreo-mcflurry,麦当劳,B,奥利奥麦旋风,oreo mcflurry,甜品,冰淇淋与奥利奥饼干融合。,1,个,266,5,40,9,,116,,exact,,,,,,,,,official_menu,https://www.mcdonalds.com.cn/product/Oreo-Mcflurry,奥利奥麦旋风 | 麦当劳官网产品页,2026-09-18,,官方产品页以千焦(kJ)公布能量，未直接给kcal；energy_kcal 由官方 kJ 值按 1 kcal = 4.184 kJ 精确换算并四舍五入到整数。官方未公布膳食纤维/糖，故留空。,A,,奥利奥麦旋风 热量; 麦当劳 甜品,去饼干碎,dessert; ice_cream; high_sugar,complete,2026-09-18,single_item,,奥利奥饼干碎份量,,
mcd-cn-strawberry-mcflurry,麦当劳,B,草莓麦旋风,strawberry oreo mcflurry,甜品,冰淇淋与奥利奥饼干融合，再加草莓酱。,1,个,295,6,47,9,,122,,exact,,,,,,,,,official_menu,https://www.mcdonalds.com.cn/product/Strawberry-Oreo-Mcflurry,草莓麦旋风 | 麦当劳官网产品页,2026-09-18,,官方产品页以千焦(kJ)公布能量，未直接给kcal；energy_kcal 由官方 kJ 值按 1 kcal = 4.184 kJ 精确换算并四舍五入到整数。官方未公布膳食纤维/糖，故留空。,A,,草莓麦旋风 热量; 麦当劳 甜品,去草莓酱; 去饼干碎,dessert; ice_cream; high_sugar,complete,2026-09-18,single_item,,草莓酱; 奥利奥饼干碎,,
mcd-cn-chocolate-sundae,麦当劳,B,朱古力新地,chocolate sundae,甜品,冰淇淋搭配香醇丝滑朱古力酱。,1,个,282,5,44,9,,126,,exact,,,,,,,,,official_menu,https://www.mcdonalds.com.cn/product/Chocolate-Sundae,朱古力新地 | 麦当劳官网产品页,2026-09-18,,官方产品页以千焦(kJ)公布能量，未直接给kcal；energy_kcal 由官方 kJ 值按 1 kcal = 4.184 kJ 精确换算并四舍五入到整数。官方未公布膳食纤维/糖，故留空。,A,,朱古力新地 热量; 麦当劳 甜品,去朱古力酱,dessert; ice_cream; high_sugar,complete,2026-09-18,single_item,,朱古力酱份量,,
mcd-cn-strawberry-sundae,麦当劳,B,草莓新地,strawberry sundae,甜品,冰淇淋搭配鲜嫩草莓酱。,1,个,245,4,43,6,,84,,exact,,,,,,,,,official_menu,https://www.mcdonalds.com.cn/product/Strawberry-Sundae,草莓新地 | 麦当劳官网产品页,2026-09-18,,官方产品页以千焦(kJ)公布能量，未直接给kcal；energy_kcal 由官方 kJ 值按 1 kcal = 4.184 kJ 精确换算并四舍五入到整数。官方未公布膳食纤维/糖，故留空。,A,,草莓新地 热量; 麦当劳 甜品,去草莓酱,dessert; ice_cream; high_sugar,complete,2026-09-18,single_item,,草莓酱份量,,
mcd-cn-mini-chocolate-sundae,麦当劳,B,迷你朱古力新地,mini chocolate sundae,甜品,,1,份,140,3,22,4,,63,,exact,,,,,,,,,official_menu,https://www.mcdonalds.com.cn/product/%E8%BF%B7%E4%BD%A0%E6%9C%B1%E5%8F%A4%E5%8A%9B%E6%96%B0%E5%9C%B0,迷你朱古力新地 | 麦当劳官网产品页,2026-09-18,,官方产品页以千焦(kJ)公布能量，未直接给kcal；energy_kcal 由官方 kJ 值按 1 kcal = 4.184 kJ 精确换算并四舍五入到整数。官方未公布膳食纤维/糖，故留空。,A,,迷你新地 热量; 麦当劳 甜品 小份,无,dessert; ice_cream,complete,2026-09-18,single_item,,朱古力酱份量,,
mcd-cn-mini-strawberry-sundae,麦当劳,B,迷你草莓新地,mini strawberry sundae,甜品,,1,份,122,2,21,3,,42,,exact,,,,,,,,,official_menu,https://www.mcdonalds.com.cn/product/%E8%BF%B7%E4%BD%A0%E8%8D%89%E8%8E%93%E6%96%B0%E5%9C%B0,迷你草莓新地 | 麦当劳官网产品页,2026-09-18,,官方产品页以千焦(kJ)公布能量，未直接给kcal；energy_kcal 由官方 kJ 值按 1 kcal = 4.184 kJ 精确换算并四舍五入到整数。官方未公布膳食纤维/糖，故留空。,A,,迷你草莓新地 热量; 麦当劳 甜品 小份,无,dessert; ice_cream,complete,2026-09-18,single_item,,草莓酱份量,,
mcd-cn-taro-pie,麦当劳,B,香芋派,taro pie,甜品,软软的夹心，脆脆的外壳。,1,个,232,2,28,12,,159,,exact,,,,,,,,,official_menu,https://www.mcdonalds.com.cn/product/Taro-Pie,香芋派 | 麦当劳官网产品页,2026-09-18,,官方产品页以千焦(kJ)公布能量，未直接给kcal；energy_kcal 由官方 kJ 值按 1 kcal = 4.184 kJ 精确换算并四舍五入到整数。官方未公布膳食纤维/糖，故留空。,A,,香芋派 热量; 麦当劳 派,无(整体油炸),dessert; fried; high_sugar,complete,2026-09-18,single_item,,油炸外壳; 夹心糖,,
mcd-cn-pineapple-pie,麦当劳,B,菠萝派,pineapple pie,甜品,软软的夹心，脆脆的外壳。,1,个,221,2,27,11,,147,,exact,,,,,,,,,official_menu,https://www.mcdonalds.com.cn/product/Pineapple-Pie,菠萝派 | 麦当劳官网产品页,2026-09-18,,官方产品页以千焦(kJ)公布能量，未直接给kcal；energy_kcal 由官方 kJ 值按 1 kcal = 4.184 kJ 精确换算并四舍五入到整数。官方未公布膳食纤维/糖，故留空。,A,,菠萝派 热量; 麦当劳 派,无(整体油炸),dessert; fried; high_sugar,complete,2026-09-18,single_item,,油炸外壳; 夹心糖,,
mcd-cn-sausage-mcmuffin,麦当劳,B,猪柳麦满分,sausage mcmuffin,早餐,鲜嫩多汁的猪柳，烘烤风味松饼，搭配微咸吉士。,1,个,308,16,24,16,,781,,exact,,,,,,,,,official_menu,https://www.mcdonalds.com.cn/product/Sausage-McMuffin,猪柳麦满分 | 麦当劳官网产品页,2026-09-18,,官方产品页以千焦(kJ)公布能量，未直接给kcal；energy_kcal 由官方 kJ 值按 1 kcal = 4.184 kJ 精确换算并四舍五入到整数。官方未公布膳食纤维/糖，故留空。,A,,猪柳麦满分 热量; 麦当劳 早餐,去吉士,breakfast; pork,complete,2026-09-18,single_item,,猪柳/松饼/吉士,,
mcd-cn-sausage-mcmuffin-egg,麦当劳,B,猪柳蛋麦满分,sausage mcmuffin with egg,早餐,猪柳搭配蒸鸡蛋、烘烤风味松饼及微咸芝士。,1,个,387,23,25,21,,846,,exact,,,,,,,,,official_menu,https://www.mcdonalds.com.cn/product/Sausage-McMuffin-With-Egg,猪柳蛋麦满分 | 麦当劳官网产品页,2026-09-18,,官方产品页以千焦(kJ)公布能量，未直接给kcal；energy_kcal 由官方 kJ 值按 1 kcal = 4.184 kJ 精确换算并四舍五入到整数。官方未公布膳食纤维/糖，故留空。,A,,猪柳蛋麦满分 热量; 麦当劳 早餐,去吉士,breakfast; pork; egg; high_protein,complete,2026-09-18,single_item,,猪柳/蒸蛋/松饼,,
mcd-cn-double-sausage-egg-mcmuffin,麦当劳,B,双层猪柳蛋麦满分,double sausage egg mcmuffin,早餐,双层精选猪柳、圆形蒸蛋、烘烤风味松饼、微咸吉士。,1,个,513,29,26,32,,1210,,exact,,,,,,,,,official_menu,https://www.mcdonalds.com.cn/product/%E5%8F%8C%E5%B1%82%E7%8C%AA%E6%9F%B3%E8%9B%8B%E9%BA%A6%E6%BB%A1%E5%88%86,双层猪柳蛋麦满分 | 麦当劳官网产品页,2026-09-18,,官方产品页以千焦(kJ)公布能量，未直接给kcal；energy_kcal 由官方 kJ 值按 1 kcal = 4.184 kJ 精确换算并四舍五入到整数。官方未公布膳食纤维/糖，故留空。,A,,双层猪柳蛋麦满分 热量; 麦当劳 早餐,去吉士,breakfast; pork; egg; high_protein,complete,2026-09-18,single_item,,双层猪柳/蒸蛋,,
mcd-cn-ham-muffin,麦当劳,B,火腿扒麦满分,ham mcmuffin,早餐,火腿扒味肉饼柔润多汁，配鲜脆生菜。,1,个,261,14,24,12,,608,,exact,,,,,,,,,official_menu,https://www.mcdonalds.com.cn/product/Ham-Muffin,火腿扒麦满分 | 麦当劳官网产品页,2026-09-18,,官方产品页以千焦(kJ)公布能量，未直接给kcal；energy_kcal 由官方 kJ 值按 1 kcal = 4.184 kJ 精确换算并四舍五入到整数。官方未公布膳食纤维/糖，故留空。,A,,火腿扒麦满分 热量; 麦当劳 早餐,无,breakfast; pork,complete,2026-09-18,single_item,,火腿扒/松饼,,
mcd-cn-crispy-chicken-muffin,麦当劳,B,大脆鸡扒麦满分,crispy chicken mcmuffin,早餐,金棕黄色麦香鸡块表面微脆，黑胡椒香味，松饼酥脆。,1,个,361,16,35,17,,804,,exact,,,,,,,,,official_menu,https://www.mcdonalds.com.cn/product/Crispy-Chicken-Muffin,大脆鸡扒麦满分 | 麦当劳官网产品页,2026-09-18,,官方产品页以千焦(kJ)公布能量，未直接给kcal；energy_kcal 由官方 kJ 值按 1 kcal = 4.184 kJ 精确换算并四舍五入到整数。官方未公布膳食纤维/糖，故留空。,A,,大脆鸡扒麦满分 热量; 麦当劳 早餐,去酱,breakfast; chicken; fried,complete,2026-09-18,single_item,,油炸鸡块/松饼,,
mcd-cn-grilled-chicken-muffin,麦当劳,B,原味板烧鸡腿麦满分,grilled chicken mcmuffin,早餐,去骨鸡腿肉嫩滑多汁，0油添加煎制，配生菜丝及烧鸡酱、烘烤风味松饼。,1,个,246,15,25,9,,611,,exact,,,,,,,,,official_menu,https://www.mcdonalds.com.cn/product/Grilled-Chicken-Muffin,原味板烧鸡腿麦满分 | 麦当劳官网产品页,2026-09-18,,官方产品页以千焦(kJ)公布能量，未直接给kcal；energy_kcal 由官方 kJ 值按 1 kcal = 4.184 kJ 精确换算并四舍五入到整数。官方未公布膳食纤维/糖，故留空。,A,,板烧鸡腿麦满分 热量; 麦当劳 早餐 减脂,去烧鸡酱,breakfast; chicken; grilled; high_protein,complete,2026-09-18,single_item,,烤味酱/松饼,,
mcd-cn-double-grilled-chicken-muffin,麦当劳,B,双层原味板烧鸡腿麦满分,double grilled chicken mcmuffin,早餐,双层去骨鸡腿肉，0油添加，配生菜丝及秘制烤味酱、松饼。,1,个,355,23,27,17,,984,,exact,,,,,,,,,official_menu,https://www.mcdonalds.com.cn/product/Double-Grilled-Chicken-Muffin,双层原味板烧鸡腿麦满分 | 麦当劳官网产品页,2026-09-18,,官方产品页以千焦(kJ)公布能量，未直接给kcal；energy_kcal 由官方 kJ 值按 1 kcal = 4.184 kJ 精确换算并四舍五入到整数。官方未公布膳食纤维/糖，故留空。,A,,双层板烧麦满分 热量; 麦当劳 早餐 高蛋白,去烤味酱,breakfast; chicken; grilled; high_protein,complete,2026-09-18,single_item,,双层鸡腿肉/烤味酱,,
mcd-cn-grilled-chicken-double-egg,麦当劳,B,原味板烧鸡腿炒双蛋堡,grilled chicken double scrambled egg burger,早餐,两颗优质鸡蛋搭配原味板烧鸡腿肉和秘制烤味酱。,1,个,419,27,30,21,,715,,exact,,,,,,,,,official_menu,https://www.mcdonalds.com.cn/product/%E5%8E%9F%E5%91%B3%E6%9D%BF%E7%83%A7%E9%B8%A1%E8%85%BF%E7%82%92%E5%8F%8C%E8%9B%8B%E5%A0%A1,原味板烧鸡腿炒双蛋堡 | 麦当劳官网产品页,2026-09-18,,官方产品页以千焦(kJ)公布能量，未直接给kcal；energy_kcal 由官方 kJ 值按 1 kcal = 4.184 kJ 精确换算并四舍五入到整数。官方未公布膳食纤维/糖，故留空。,A,,板烧鸡腿炒双蛋堡 热量; 麦当劳 早餐 高蛋白,去烤味酱,breakfast; chicken; egg; high_protein; grilled,complete,2026-09-18,single_item,,双蛋/鸡腿肉/烤味酱,,
mcd-cn-sausage-double-egg,麦当劳,B,猪柳炒双蛋堡,sausage double scrambled egg burger,早餐,两颗优质鸡蛋搭配猪柳。,1,个,437,25,29,24,,705,,exact,,,,,,,,,official_menu,https://www.mcdonalds.com.cn/product/Sausage-Scrambled-Double-Egg-Burger,猪柳炒双蛋堡 | 麦当劳官网产品页,2026-09-18,,官方产品页以千焦(kJ)公布能量，未直接给kcal；energy_kcal 由官方 kJ 值按 1 kcal = 4.184 kJ 精确换算并四舍五入到整数。官方未公布膳食纤维/糖，故留空。,A,,猪柳炒双蛋堡 热量; 麦当劳 早餐,无,breakfast; pork; egg; high_protein,complete,2026-09-18,single_item,,双蛋/猪柳,,
mcd-cn-ham-morning-wrap,麦当劳,B,火腿扒早安营养卷,ham morning wrap,早餐,薄饼皮，喷香炒蛋、浓郁芝士、鲜嫩火腿扒，配番茄酱。,1,个,444,16,39,24,,1065,,exact,,,,,,,,,official_menu,https://www.mcdonalds.com.cn/product/%E7%81%AB%E8%85%BF%E6%89%92%E6%97%A9%E5%AE%89%E8%90%A5%E5%85%BB%E5%8D%B7,火腿扒早安营养卷 | 麦当劳官网产品页,2026-09-18,,官方产品页以千焦(kJ)公布能量，未直接给kcal；energy_kcal 由官方 kJ 值按 1 kcal = 4.184 kJ 精确换算并四舍五入到整数。官方未公布膳食纤维/糖，故留空。,A,,火腿扒早安营养卷 热量; 麦当劳 早餐,去番茄酱,breakfast; wrap; pork; egg,complete,2026-09-18,single_item,,炒蛋/芝士/火腿扒/番茄酱,,
mcd-cn-thuringian-morning-wrap,麦当劳,B,图林根香肠早安营养卷,thuringian sausage morning wrap,早餐,薄饼皮，喷香炒蛋、浓郁芝士、鲜嫩图林根香肠，配芥末风味酱。,1,个,425,14,38,23,,977,,exact,,,,,,,,,official_menu,https://www.mcdonalds.com.cn/product/%E5%9B%BE%E6%9E%97%E6%A0%B9%E9%A6%99%E8%82%A0%E6%97%A9%E5%AE%89%E8%90%A5%E5%85%BB%E5%8D%B7,图林根香肠早安营养卷 | 麦当劳官网产品页,2026-09-18,,官方产品页以千焦(kJ)公布能量，未直接给kcal；energy_kcal 由官方 kJ 值按 1 kcal = 4.184 kJ 精确换算并四舍五入到整数。官方未公布膳食纤维/糖，故留空。,A,,图林根香肠早安营养卷 热量; 麦当劳 早餐,去芥末酱,breakfast; wrap; sausage; egg,complete,2026-09-18,single_item,,炒蛋/芝士/香肠/芥末酱,,
mcd-cn-preserved-egg-chicken-congee,麦当劳,B,皮蛋鸡肉粥,congee with chicken and preserved egg,早餐,东北大米水米比12:1熬煮95分钟，配松花蛋和鸡肉。,1,个,133,6,20,3,,611,,exact,,,,,,,,,official_menu,https://www.mcdonalds.com.cn/product/Congee-with-Chicken-and-preserved-egg,皮蛋鸡肉粥 | 麦当劳官网产品页,2026-09-18,,官方产品页以千焦(kJ)公布能量，未直接给kcal；energy_kcal 由官方 kJ 值按 1 kcal = 4.184 kJ 精确换算并四舍五入到整数。官方未公布膳食纤维/糖，故留空。,A,,皮蛋鸡肉粥 热量; 麦当劳 早餐 粥,无,breakfast; congee; chicken; low_calorie,complete,2026-09-18,single_item,,粥底浓度/配料,,
mcd-cn-pickled-cabbage-chicken-congee,麦当劳,B,雪菜脆笋鸡肉粥,congee with pickled cabbage and bamboo shoot,早餐,东北大米水米比12:1熬煮95分钟，配鸡肉、雪菜笋丝。,1,个,120,4,22,2,,552,,exact,,,,,,,,,official_menu,https://www.mcdonalds.com.cn/product/Congee-with-Pickled-cabbage-and-bamboo-shoot,雪菜脆笋鸡肉粥 | 麦当劳官网产品页,2026-09-18,,官方产品页以千焦(kJ)公布能量，未直接给kcal；energy_kcal 由官方 kJ 值按 1 kcal = 4.184 kJ 精确换算并四舍五入到整数。官方未公布膳食纤维/糖，故留空。,A,,雪菜脆笋鸡肉粥 热量; 麦当劳 早餐 粥,无,breakfast; congee; chicken; low_calorie,complete,2026-09-18,single_item,,粥底浓度/配料,,
mcd-cn-hash-brown,麦当劳,B,脆薯饼,hash brown,早餐,外皮酥脆，内里柔软，入口微咸。,1,个,146,1,14,9,,311,,exact,,,,,,,,,official_menu,https://www.mcdonalds.com.cn/product/Hash-Brown,脆薯饼 | 麦当劳官网产品页,2026-09-18,,官方产品页以千焦(kJ)公布能量，未直接给kcal；energy_kcal 由官方 kJ 值按 1 kcal = 4.184 kJ 精确换算并四舍五入到整数。官方未公布膳食纤维/糖，故留空。,A,,脆薯饼 热量; 麦当劳 早餐,无(整体油炸),breakfast; side; fried,complete,2026-09-18,single_item,,用油,,
mcd-cn-dough-stick,麦当劳,B,脆香油条,fried dough stick (youtiao),早餐,表面金黄，口感膨松、酥脆。,1,个,202,5,19,12,,230,,exact,,,,,,,,,official_menu,https://www.mcdonalds.com.cn/product/Asian-Dough-Stick,脆香油条 | 麦当劳官网产品页,2026-09-18,,官方产品页以千焦(kJ)公布能量，未直接给kcal；energy_kcal 由官方 kJ 值按 1 kcal = 4.184 kJ 精确换算并四舍五入到整数。官方未公布膳食纤维/糖，故留空。,A,,脆香油条 热量; 麦当劳 早餐,无(整体油炸),breakfast; side; fried; high_calorie,complete,2026-09-18,single_item,,用油/大小,,
mcd-cn-thuringian-sausage,麦当劳,B,德式图林根香肠,thuringian sausage,早餐,鲜嫩多汁，煎烤味道浓郁，带温和香料味。,1,个,87,5,2,6,,293,,exact,,,,,,,,,official_menu,https://www.mcdonalds.com.cn/product/%E5%BE%B7%E5%BC%8F%E5%9B%BE%E6%9E%97%E6%A0%B9%E9%A6%99%E8%82%A0,德式图林根香肠 | 麦当劳官网产品页,2026-09-18,,官方产品页以千焦(kJ)公布能量，未直接给kcal；energy_kcal 由官方 kJ 值按 1 kcal = 4.184 kJ 精确换算并四舍五入到整数。官方未公布膳食纤维/糖，故留空。,A,,图林根香肠 热量; 麦当劳 早餐,无,breakfast; sausage; high_protein,complete,2026-09-18,single_item,,根数/煎烤用油,,
mcd-cn-soy-milk,麦当劳,B,优品豆浆,soybean milk (small),早餐,传统中式饮品，精选黄豆，富含优质蛋白质，仅限早餐时段供应。,1,份(小),151,6,25,3,,32,,exact,,,,,,,,,official_menu,https://www.mcdonalds.com.cn/product/Soybean-Milk-3,优品豆浆 | 麦当劳官网产品页,2026-09-18,,官方产品页以千焦(kJ)公布能量，未直接给kcal；energy_kcal 由官方 kJ 值按 1 kcal = 4.184 kJ 精确换算并四舍五入到整数。官方未公布膳食纤维/糖，故留空。 多规格产品，本条以代表规格计；全部规格见 values_reported。,A,,优品豆浆 热量; 麦当劳 早餐 豆浆,换大份,drink; soy; breakfast,complete,2026-09-18,single_item,,份量规格(小/大),,
mcd-cn-hot-americano,麦当劳,B,热美式,hot americano (medium),McCafé 饮品及其他,厚厚咖啡油脂，优选拼豆配方，100%雨林联盟认证咖啡豆。,1,杯,13,1,2,0,,0,,exact,,,,,,,,,official_menu,https://www.mcdonalds.com.cn/product/Hot-Americano,热美式 | 麦当劳官网产品页,2026-09-18,,官方产品页以千焦(kJ)公布能量，未直接给kcal；energy_kcal 由官方 kJ 值按 1 kcal = 4.184 kJ 精确换算并四舍五入到整数。官方未公布膳食纤维/糖，故留空。 多规格产品，本条以代表规格计；全部规格见 values_reported。,A,,热美式 热量; 麦当劳 咖啡 低卡,换小/大杯; 加奶,drink; coffee; low_calorie,complete,2026-09-18,single_item,,杯型(小/中/大),,
mcd-cn-iced-americano,麦当劳,B,冰美式,iced americano (medium),McCafé 饮品及其他,厚厚咖啡油脂，优选拼豆配方，100%雨林联盟认证咖啡豆。,1,杯,13,1,2,0,,0,,exact,,,,,,,,,official_menu,https://www.mcdonalds.com.cn/product/Iced-Americano,冰美式 | 麦当劳官网产品页,2026-09-18,,官方产品页以千焦(kJ)公布能量，未直接给kcal；energy_kcal 由官方 kJ 值按 1 kcal = 4.184 kJ 精确换算并四舍五入到整数。官方未公布膳食纤维/糖，故留空。 多规格产品，本条以代表规格计；全部规格见 values_reported。,A,,冰美式 热量; 麦当劳 咖啡 低卡,换小/大杯; 加奶,drink; coffee; low_calorie,complete,2026-09-18,single_item,,杯型(小/中/大),,
mcd-cn-hot-latte,麦当劳,B,热奶铁,hot latte (medium),McCafé 饮品及其他,现磨咖啡，100%阿拉比卡拼配豆，雨林联盟认证。,1,杯,186,11,17,8,,99,,exact,,,,,,,,,official_menu,https://www.mcdonalds.com.cn/product/Hot-Nai-Tie,热奶铁 | 麦当劳官网产品页,2026-09-18,,官方产品页以千焦(kJ)公布能量，未直接给kcal；energy_kcal 由官方 kJ 值按 1 kcal = 4.184 kJ 精确换算并四舍五入到整数。官方未公布膳食纤维/糖，故留空。 多规格产品，本条以代表规格计；全部规格见 values_reported。,A,,热拿铁 热量; 麦当劳 咖啡,换脱脂奶; 换小杯,drink; coffee; milk,complete,2026-09-18,single_item,,杯型/奶量,,
mcd-cn-iced-latte,麦当劳,B,冰奶铁,iced latte (medium),McCafé 饮品及其他,100%阿拉比卡拼配豆，2024 IIAC金奖，雨林联盟认证。,1,杯,148,8,13,7,,77,,exact,,,,,,,,,official_menu,https://www.mcdonalds.com.cn/product/Iced-Nai-Tie,冰奶铁 | 麦当劳官网产品页,2026-09-18,,官方产品页以千焦(kJ)公布能量，未直接给kcal；energy_kcal 由官方 kJ 值按 1 kcal = 4.184 kJ 精确换算并四舍五入到整数。官方未公布膳食纤维/糖，故留空。 多规格产品，本条以代表规格计；全部规格见 values_reported。,A,,冰拿铁 热量; 麦当劳 咖啡,换脱脂奶; 换小杯,drink; coffee; milk,complete,2026-09-18,single_item,,杯型/奶量,,
mcd-cn-cappuccino,麦当劳,B,卡布奇诺,cappuccino (medium),McCafé 饮品及其他,奶泡细密，浓缩咖啡融合蒸煮牛奶，雨林联盟认证。,1,杯,167,9,15,7,,88,,exact,,,,,,,,,official_menu,https://www.mcdonalds.com.cn/product/Cappuccino,卡布奇诺 | 麦当劳官网产品页,2026-09-18,,官方产品页以千焦(kJ)公布能量，未直接给kcal；energy_kcal 由官方 kJ 值按 1 kcal = 4.184 kJ 精确换算并四舍五入到整数。官方未公布膳食纤维/糖，故留空。 多规格产品，本条以代表规格计；全部规格见 values_reported。,A,,卡布奇诺 热量; 麦当劳 咖啡,换脱脂奶; 换大杯,drink; coffee; milk,complete,2026-09-18,single_item,,杯型(中/大)/奶量,,
mcd-cn-iced-oat-latte,麦当劳,B,冰燕麦奶铁,iced oatly latte (medium),McCafé 饮品及其他,乳糖不耐选择，融合蒸煮燕麦奶，雨林联盟认证。,1,杯,132,3,17,5,,87,,exact,,,,,,,,,official_menu,https://www.mcdonalds.com.cn/product/Iced-Oatly-Nai-Tie,冰燕麦奶铁 | 麦当劳官网产品页,2026-09-18,,官方产品页以千焦(kJ)公布能量，未直接给kcal；energy_kcal 由官方 kJ 值按 1 kcal = 4.184 kJ 精确换算并四舍五入到整数。官方未公布膳食纤维/糖，故留空。 多规格产品，本条以代表规格计；全部规格见 values_reported。,A,,燕麦拿铁 热量; 麦当劳 咖啡 燕麦,换小/大杯,drink; coffee; oat_milk,complete,2026-09-18,single_item,,杯型/燕麦奶量,,
mcd-cn-boxed-milk,麦当劳,B,纯牛奶（盒装）,boxed pure milk,McCafé 饮品及其他,喝牛奶，长高高。盒装纯牛奶。,1,杯,129,7,10,7,,73,,exact,,,,,,,,,official_menu,https://www.mcdonalds.com.cn/product/Drink-11,纯牛奶（盒装） | 麦当劳官网产品页,2026-09-18,,官方产品页以千焦(kJ)公布能量，未直接给kcal；energy_kcal 由官方 kJ 值按 1 kcal = 4.184 kJ 精确换算并四舍五入到整数。官方未公布膳食纤维/糖，故留空。,A,,纯牛奶 热量; 麦当劳 牛奶,无,drink; milk,complete,2026-09-18,single_item,,盒装规格,,
mcd-cn-lemon-black-tea,麦当劳,B,阳光柠檬红茶,fuze lemon black tea (medium),饮品,甜蜜口感，清新滋润。,1,杯,117,0,29,0,,17,,exact,,,,,,,,,official_menu,https://www.mcdonalds.com.cn/product/Fuze-Tea,阳光柠檬红茶 | 麦当劳官网产品页,2026-09-18,,官方产品页以千焦(kJ)公布能量，未直接给kcal；energy_kcal 由官方 kJ 值按 1 kcal = 4.184 kJ 精确换算并四舍五入到整数。官方未公布膳食纤维/糖，故留空。 多规格产品，本条以代表规格计；全部规格见 values_reported。,A,,柠檬红茶 热量; 麦当劳 饮品 糖,换小/大杯,drink; tea; high_sugar,complete,2026-09-18,single_item,,杯型/含糖量,,
mcd-cn-apple-juice,麦当劳,B,100%苹果汁,100% apple juice (box),饮品,100%苹果汁，纸盒包装。,1,杯,88,0,21,0,,0,,exact,,,,,,,,,official_menu,https://www.mcdonalds.com.cn/product/Minute-Maid-100-Apple-Juice,100%苹果汁 | 麦当劳官网产品页,2026-09-18,,官方产品页以千焦(kJ)公布能量，未直接给kcal；energy_kcal 由官方 kJ 值按 1 kcal = 4.184 kJ 精确换算并四舍五入到整数。官方未公布膳食纤维/糖，故留空。,A,,苹果汁 热量; 麦当劳 果汁,无,drink; juice; high_sugar,complete,2026-09-18,single_item,,盒装规格/含糖,,
mcd-cn-orange-juice,麦当劳,B,美汁源黄金橙橙,minute maid sunshine orange juice (medium),饮品,维他命+纤维，营养就要新鲜的。,1,杯,165,0,41,0,,53,,exact,,,,,,,,,official_menu,https://www.mcdonalds.com.cn/product/Minute-Maid-Sunshine-Orange-Juice-2,美汁源黄金橙橙 | 麦当劳官网产品页,2026-09-18,,官方产品页以千焦(kJ)公布能量，未直接给kcal；energy_kcal 由官方 kJ 值按 1 kcal = 4.184 kJ 精确换算并四舍五入到整数。官方未公布膳食纤维/糖，故留空。,A,,橙汁 热量; 麦当劳 果汁,换小杯,drink; juice; high_sugar,complete,2026-09-18,single_item,,杯型/含糖,,
mcd-cn-orange-float,麦当劳,B,阳光橙麦炫酷,orange float / mcflurry drink,饮品,阳光橙加冰淇淋的奇妙组合。,1,杯,228,1,50,2,,77,,exact,,,,,,,,,official_menu,https://www.mcdonalds.com.cn/product/Drink-16,阳光橙麦炫酷 | 麦当劳官网产品页,2026-09-18,,官方产品页以千焦(kJ)公布能量，未直接给kcal；energy_kcal 由官方 kJ 值按 1 kcal = 4.184 kJ 精确换算并四舍五入到整数。官方未公布膳食纤维/糖，故留空。,A,,麦炫酷 热量; 麦当劳 甜品饮品,去冰淇淋,drink; dessert; high_sugar; high_calorie,complete,2026-09-18,single_item,,冰淇淋份量/橙汁含糖,,
mcd-cn-milkshake,麦当劳,B,奶昔（草莓/香草/朱古力）,milkshake (strawberry/vanilla/chocolate),饮品,2026年常驻回归的奶昔系列；官网有回归新闻稿，但未能解析出对应 /product/ 营养页 slug，McCafé 分类页为JS动态页反复超时。,1,杯,,,,,,,,unknown,,,,,,,,,none,https://www.mcdonalds.com.cn/news/20260501-MCD-Milk-Shake,奶昔（草莓/香草/朱古力） | 麦当劳官网产品页,2026-09-18,,官方产品页以千焦(kJ)公布能量，未直接给kcal；energy_kcal 由官方 kJ 值按 1 kcal = 4.184 kJ 精确换算并四舍五入到整数。官方未公布膳食纤维/糖，故留空。 仅确认产品存在(见官方回归新闻)；无官方CN营养值，第三方(如TW媒体)有'1杯约430大卡'类说法但属其他市场/未证实，故 unknown。,U,,麦当劳 奶昔 热量; 奶昔 减脂,换小杯,drink; milkshake; high_sugar; high_calorie,needs_estimation,2026-09-18,single_item,,口味; 杯型; 官方CN营养页缺失,,
micun-cn-jiandan-shishu-shiguo-banfan,米村拌饭,B,煎蛋时蔬石锅拌饭,fried-egg & vegetable stone-pot bibimbap,石锅拌饭系列（堂食，外卖已下架）,2026-04-03 官方微博宣布『非遗石锅拌饭』由单款升级为四款系列，本款为无肉蔬菜+煎蛋版，官方文案『蔬菜一满碗，轻盈又满足』。堂食高温石锅现上；官方同条微博明确外卖平台暂时下架石锅拌饭系列。,1,份,,,,,,,,unknown,,,,,,,,,official_menu,https://www.sina.cn/news/detail/5283650279311288.html,米村拌饭推出四款石锅拌饭（米村拌饭官方微博，经新浪转载）,2026-04-03,,仅有官方菜单事实（A级菜单事实），无任何能量/宏量数据；UGC 热量表亦未收录此新款。可按同系列基础配置做 component estimate（谷传玲称重基底：蔬菜≈80g/15 kcal + 玉米粒30g/25 + 海苔碎5g/30 + 米饭≈300g/348 + 碗底油≈5g/45 + 煎蛋≈70–90 + 拌饭酱30g/62–73 ≈ 585–626 kcal），但本轮不写入数值字段，避免假精确 → 进 needs_estimation。,U,轻盈又满足,米村拌饭 减脂; 米村拌饭 热量; 米村拌饭 拼好饭; 米村拌饭 去酱; 米村拌饭 儿童金枪鱼拌饭; 煎蛋时蔬石锅拌饭,备注不放拌饭酱/酱另放（小红书@小千饱了逐项 delta：石锅拌饭 −74 kcal、牛肉粒拌饭 −117 kcal、金枪鱼拌饭 −104 kcal(辣酱)/−168 kcal(沙拉酱)；谷传玲口径整包香菇酱 −73 kcal）; 备注去海苔碎（小红书@小千饱了逐项 delta：−59～−81 kcal）; 米饭半份（谷传玲称重 ≈ −174 kcal；小红书口径半份米饭≈180 kcal）; 米饭三分之一（小红书口径≈120 kcal）; 单加一份菠菜或杏鲍菇（≈100g，≈20–25 kcal）把蔬菜从80g拉到150g+; 单加1个煎蛋补蛋白（≈70–90 kcal，+7g蛋白）,bibimbap; stone_pot; vegetarian_option; dine_in_only; new_2026,needs_estimation,2026-09-18,single_item,,拌饭酱是否放/放多少（30g整包≈62–73 kcal）; 芝麻海苔碎份量（5g≈30 kcal / 13g≈70 kcal）; 米饭实际份量（门店≈300g，堂食可免费续）; 碗底/烹调油残留（≈5g≈45 kcal）,,
micun-cn-kaoniurou-shiguo-banfan,米村拌饭,B,烤牛肉石锅拌饭,grilled beef stone-pot bibimbap,石锅拌饭系列（堂食，外卖已下架）,官网『米村五大招牌』之一，官方文案『牛肉原料原切，粒粒紧实，酱香入味』。历史菜单名包括『大粒牛肉石锅拌饭』（财经天下 2024-10 记售价26元）。,1,份,722,,,,,,,estimated_point,635,809,,,,,,,third_party_analysis,https://m.baidu.com/bh/m/detail/ar_2857837884429501260,热量测评第1⃣️8⃣️5⃣ #米村拌饭热量（小红书笔记，经百度笔记聚合页转述）,2026-09-18,https://www.sina.cn/news/article/comos_nirvuyh9009312.html,722 kcal 来自小红书 UGC 热量表『烤牛肉拌饭～722大卡 24💰』，三份互相独立的转载笔记口径完全一致（722/722/722），但均无称重或计算方法披露 → C 级，附 ±12% 区间。宏量/钠/纤维/糖来源未给 → 留空。同名 AI 内容农场文（新浪·市井分享社 2026-09-15）也报 722 kcal，但其分项表内部自相矛盾（拌饭酱30g 仅记 36 kcal，与零售标签 229 kcal/100g→69 kcal 冲突；烤牛肉41g 记 125 kcal ≈305 kcal/100g 明显偏高；『米饭351g=482大卡』=137 kcal/100g 高于谷传玲称重的116 kcal/100g）→ 判 D 级，仅作旁证不作数值依据。,C,,米村拌饭 减脂; 米村拌饭 热量; 米村拌饭 拼好饭; 米村拌饭 去酱; 米村拌饭 儿童金枪鱼拌饭; 烤牛肉石锅拌饭 热量,备注不放拌饭酱/酱另放（小红书@小千饱了逐项 delta：石锅拌饭 −74 kcal、牛肉粒拌饭 −117 kcal、金枪鱼拌饭 −104 kcal(辣酱)/−168 kcal(沙拉酱)；谷传玲口径整包香菇酱 −73 kcal）; 备注去海苔碎（小红书@小千饱了逐项 delta：−59～−81 kcal）; 米饭半份（谷传玲称重 ≈ −174 kcal；小红书口径半份米饭≈180 kcal）; 米饭三分之一（小红书口径≈120 kcal）; 单加一份菠菜或杏鲍菇（≈100g，≈20–25 kcal）把蔬菜从80g拉到150g+; 单加1个煎蛋补蛋白（≈70–90 kcal，+7g蛋白）,bibimbap; stone_pot; beef; signature; dine_in_only,nutrition_missing,2026-09-18,single_item,,拌饭酱是否放/放多少（30g整包≈62–73 kcal）; 芝麻海苔碎份量（5g≈30 kcal / 13g≈70 kcal）; 米饭实际份量（门店≈300g，堂食可免费续）; 碗底/烹调油残留（≈5g≈45 kcal）; 石锅锅巴额外焦化热量（D级来源称 +5～10 kcal）,谷传玲（首都保健营养美食学会注册营养师）2026-08-31 实物拆解称重：烤牛肉拌饭 619 kcal（米饭≈300g、瘦牛肉55g、蔬菜80g、拌饭酱30g、碗底油≈5g，按 USDA FoodData Central 计算） | 小红书 UGC 热量表（三份转载一致）：烤牛肉拌饭 722 kcal；新浪·市井分享社 AI 文亦称 722 kcal，并提到『2024年曾有测评显示该产品热量为598大卡』 | 619 vs 722 kcal（差 103 kcal ≈17%）；另有 598 kcal 的历史口径 | ①石锅版（含锅巴）vs 外卖/金碗版容器差异；②米饭份量口径差最大（谷称重≈300g=348 kcal 即116 kcal/100g；AI文称351g=482 kcal 即137 kcal/100g）；③UGC 表未披露是否计入整包酱与碗底油；④门店/批次差异与 2024→2026 配方调整,620–730 kcal（区间，不取点值）。有称重方法的下限 619 kcal（谷传玲 B级）与无方法披露的 UGC 上限 722 kcal（C级）并存，按 SCHEMA『冲突不擅自取舍』保留双源 provenance。减脂场景建议按 620 kcal 起算，去酱+去海苔碎+米饭半份后约 400–480 kcal。
micun-cn-mizhi-roujiang-shiguo-banfan,米村拌饭,B,秘制肉酱石锅拌饭,secret-recipe minced-pork sauce stone-pot bibimbap,石锅拌饭系列（堂食，外卖已下架）,官网『经典拌饭』成员，同时为官方 2026-04 四款石锅拌饭系列成员，官方文案『精选猪后腿肉制成的肉酱，咸香下饭』。,1,份,,,,,,,,unknown,,,,,,,,,official_menu,https://www.micun.com/food,米村美食 | 米村拌饭品牌官方网站,2026-09-18,https://www.sina.cn/news/detail/5283650279311288.html,官网与官方微博仅给菜名与文案，无任何营养数据；UGC 热量表亦无此款（表内『酱香牛肉粒198大卡』为单加小食，非本拌饭）。可用『基础基底 + 猪后腿肉酱』做 component estimate，但肉酱克重与肥瘦比完全未知 → 本轮不写数值，进 needs_estimation。,U,,米村拌饭 减脂; 米村拌饭 热量; 米村拌饭 拼好饭; 米村拌饭 去酱; 米村拌饭 儿童金枪鱼拌饭; 秘制肉酱石锅拌饭,备注不放拌饭酱/酱另放（小红书@小千饱了逐项 delta：石锅拌饭 −74 kcal、牛肉粒拌饭 −117 kcal、金枪鱼拌饭 −104 kcal(辣酱)/−168 kcal(沙拉酱)；谷传玲口径整包香菇酱 −73 kcal）; 备注去海苔碎（小红书@小千饱了逐项 delta：−59～−81 kcal）; 米饭半份（谷传玲称重 ≈ −174 kcal；小红书口径半份米饭≈180 kcal）; 米饭三分之一（小红书口径≈120 kcal）; 单加一份菠菜或杏鲍菇（≈100g，≈20–25 kcal）把蔬菜从80g拉到150g+; 单加1个煎蛋补蛋白（≈70–90 kcal，+7g蛋白）,bibimbap; stone_pot; pork; dine_in_only,needs_estimation,2026-09-18,single_item,,拌饭酱是否放/放多少（30g整包≈62–73 kcal）; 芝麻海苔碎份量（5g≈30 kcal / 13g≈70 kcal）; 米饭实际份量（门店≈300g，堂食可免费续）; 碗底/烹调油残留（≈5g≈45 kcal）; 肉酱份量与肥肉比例（完全未披露）,,
micun-cn-zhaoshao-jitui-shiguo-banfan,米村拌饭,B,照烧鸡腿肉石锅拌饭,teriyaki chicken thigh stone-pot bibimbap,石锅拌饭系列（堂食，外卖已下架）,官网『经典拌饭』成员，同时为官方四款石锅拌饭系列成员，官方文案『厚切去骨鸡腿肉，咸甜适中，嫩滑多汁』。,1,份,626,,,,,,,estimated_point,551,701,,,,,,,third_party_analysis,http://m.toutiao.com/group/7680169194310091283/?upstream_biz=VolcEngine,我拆了4份米村拌饭，发现减脂最大的坑根本不是米饭（营养师谷传玲）,2026-08-31,https://www.sohu.com/a/1070128937_383956/,B级：谷传玲（注册营养师）自费下单实物，米饭/肉/菜/酱全部拆开称重，按 USDA FoodData Central 计算，文末列 7 条参考文献。原版 626 kcal；她的改良版（米饭减半 + 额外100g菜 + 酱吃1/3 + 加1个50g煎蛋）≈509 kcal（−117 kcal）。去皮鸡腿肉≈50g≈12g蛋白，加煎蛋后总蛋白≈19g。她未区分堂食石锅版与外卖版容器，故本值同时挂到『照烧鸡腿肉拌饭』；石锅版另有锅巴，实际可能略高。仅能量与蛋白有依据，碳水/脂肪/钠/纤维未逐项给出 → 宏量字段留空（SCHEMA §2：一条 SKU 只用一个 nutrition_value_type）。附 ±12% 区间避免假精确。,B,,米村拌饭 减脂; 米村拌饭 热量; 米村拌饭 拼好饭; 米村拌饭 去酱; 米村拌饭 儿童金枪鱼拌饭; 照烧鸡腿肉拌饭 热量,备注不放拌饭酱/酱另放（小红书@小千饱了逐项 delta：石锅拌饭 −74 kcal、牛肉粒拌饭 −117 kcal、金枪鱼拌饭 −104 kcal(辣酱)/−168 kcal(沙拉酱)；谷传玲口径整包香菇酱 −73 kcal）; 备注去海苔碎（小红书@小千饱了逐项 delta：−59～−81 kcal）; 米饭半份（谷传玲称重 ≈ −174 kcal；小红书口径半份米饭≈180 kcal）; 米饭三分之一（小红书口径≈120 kcal）; 单加一份菠菜或杏鲍菇（≈100g，≈20–25 kcal）把蔬菜从80g拉到150g+; 单加1个煎蛋补蛋白（≈70–90 kcal，+7g蛋白）,bibimbap; stone_pot; chicken; high_protein; dine_in_only,nutrition_missing,2026-09-18,single_item,,拌饭酱是否放/放多少（30g整包≈62–73 kcal）; 芝麻海苔碎份量（5g≈30 kcal / 13g≈70 kcal）; 米饭实际份量（门店≈300g，堂食可免费续）; 碗底/烹调油残留（≈5g≈45 kcal）; 照烧汁含糖量（咸甜口，糖未单独披露）,,原版 626 kcal（谷传玲称重，B）；改良版（饭半份+加菜+酱1/3+加煎蛋）≈509 kcal。小红书 UGC 表未收录此款，暂无冲突源。
micun-cn-feiyi-shiguo-banfan,米村拌饭,B,非遗石锅拌饭（基础款/素拌饭）,intangible-heritage stone-pot bibimbap (base),石锅拌饭系列（堂食，外卖已下架）,米村原招牌单款（『朝鲜族非遗』定位核心产品）。2026-04-03 官方宣布『不是下架，是盛大升级』为四款石锅拌饭系列。堂食基础款为蔬菜+煎蛋、无肉。外卖平台曾以『非遗石锅拌饭单人餐兑换券』销售（美团外卖原价26元，2025-06 记录）；2026-04 起官方称外卖平台暂时下架石锅拌饭系列，改推金碗拌饭系列。,1,份,717,,,,,,,estimated_point,630,800,,,,,,,third_party_analysis,https://m.baidu.com/bh/m/detail/ar_2604748604300970621,米村拌饭热量测试｜减肥怎么吃米村拌饭（小红书@V生活真探社，经百度笔记聚合页转述）,2026-09-18,https://post.smzdm.com/zz/p/akoekgv9/,两个独立 UGC 口径：小红书热量表『石锅拌饭～725大卡 22💰』（三份转载一致 725/725/725）；小红书@小千饱了『石锅拌饭总热量709大卡』并给出逐项 delta。两者均无称重方法披露 → C 级。此处取两源中值 717 kcal 作 estimated_point，并给 630–800 宽区间以覆盖两源各自的 ±12% 带，不作精确宣称。宏量未给 → 留空。,C,,米村拌饭 减脂; 米村拌饭 热量; 米村拌饭 拼好饭; 米村拌饭 去酱; 米村拌饭 儿童金枪鱼拌饭; 非遗石锅拌饭 热量; 米村拌饭 石锅拌饭 多少卡,备注不放拌饭酱/酱另放（小红书@小千饱了逐项 delta：石锅拌饭 −74 kcal、牛肉粒拌饭 −117 kcal、金枪鱼拌饭 −104 kcal(辣酱)/−168 kcal(沙拉酱)；谷传玲口径整包香菇酱 −73 kcal）; 备注去海苔碎（小红书@小千饱了逐项 delta：−59～−81 kcal）; 米饭半份（谷传玲称重 ≈ −174 kcal；小红书口径半份米饭≈180 kcal）; 米饭三分之一（小红书口径≈120 kcal）; 单加一份菠菜或杏鲍菇（≈100g，≈20–25 kcal）把蔬菜从80g拉到150g+; 单加1个煎蛋补蛋白（≈70–90 kcal，+7g蛋白）,bibimbap; stone_pot; vegetarian_option; signature,nutrition_missing,2026-09-18,single_item,,拌饭酱是否放/放多少（30g整包≈62–73 kcal）; 芝麻海苔碎份量（5g≈30 kcal / 13g≈70 kcal）; 米饭实际份量（门店≈300g，堂食可免费续）; 碗底/烹调油残留（≈5g≈45 kcal）,小红书 UGC 热量表（V生活真探社 / 吃货哥是我 / 养生美容小窍门 三份转载）：石锅拌饭 725 kcal / 22元 | 小红书@小千饱了（经什么值得买转载，2025-09-03）：石锅拌饭 709 kcal，去酱635 / 去海苔碎650 / 去酱去海苔碎576 | 725 vs 709 kcal（差 16 kcal，2%） | 两者可能基于同一早期拆解但四舍五入不同；也可能小千饱了未计入碗底残留油（谷传玲口径 ≈5g=45 kcal）,700–730 kcal。小千饱了的『去酱去海苔碎 576 kcal』是目前唯一有逐项 delta 支撑的低卡口径，减脂场景建议直接用 576–640 kcal。
micun-cn-kaoniurou-banfan,米村拌饭,B,烤牛肉拌饭,grilled beef bibimbap (delivery / gold-bowl series),经典拌饭（外卖金碗拌饭系列）,官网『经典拌饭』成员，招牌单品，外卖平台在售（小红书 UGC 报价约24元）。原切牛肉粒先烤再炖，配胡萝卜、杏鲍菇、香脆海苔碎等多种食材及一枚现煎可生食鸡蛋。,1,份,619,,,,,,,estimated_point,545,694,,,,,,,third_party_analysis,http://m.toutiao.com/group/7680169194310091283/?upstream_biz=VolcEngine,我拆了4份米村拌饭，发现减脂最大的坑根本不是米饭（营养师谷传玲）,2026-08-31,https://weibo.com/2/detail/5340572631173882,B级实测（称重+拆解+USDA计算+参考文献）。谷传玲给出的共同基底：蔬菜（菠菜/胡萝卜/杏鲍菇）≈80g=15 kcal、甜玉米粒30g=25 kcal、芝麻海苔碎5g=30 kcal、米饭≈300g=348 kcal、碗底残留油≈5g=45 kcal；瘦牛肉≈55g≈14g蛋白；拌饭酱整包30g：香菇酱73 kcal / 辣味拌饭酱62 kcal。原版合计 619 kcal；改良版（饭半份+加100g菜+酱1/3+加1个50g煎蛋）509 kcal（−110 kcal）。加煎蛋后蛋白≈21g。仅能量与蛋白有据，碳水/脂肪/钠/纤维未逐项给出 → 宏量留空。,B,,米村拌饭 减脂; 米村拌饭 热量; 米村拌饭 拼好饭; 米村拌饭 去酱; 米村拌饭 儿童金枪鱼拌饭; 烤牛肉拌饭 热量; 米村拌饭 烤牛肉 蛋白质,备注不放拌饭酱/酱另放（小红书@小千饱了逐项 delta：石锅拌饭 −74 kcal、牛肉粒拌饭 −117 kcal、金枪鱼拌饭 −104 kcal(辣酱)/−168 kcal(沙拉酱)；谷传玲口径整包香菇酱 −73 kcal）; 备注去海苔碎（小红书@小千饱了逐项 delta：−59～−81 kcal）; 米饭半份（谷传玲称重 ≈ −174 kcal；小红书口径半份米饭≈180 kcal）; 米饭三分之一（小红书口径≈120 kcal）; 单加一份菠菜或杏鲍菇（≈100g，≈20–25 kcal）把蔬菜从80g拉到150g+; 单加1个煎蛋补蛋白（≈70–90 kcal，+7g蛋白）,bibimbap; beef; high_protein; core_sku; delivery_available,nutrition_missing,2026-09-18,single_item,,拌饭酱是否放/放多少（30g整包≈62–73 kcal）; 芝麻海苔碎份量（5g≈30 kcal / 13g≈70 kcal）; 米饭实际份量（门店≈300g，堂食可免费续）; 碗底/烹调油残留（≈5g≈45 kcal）,谷传玲（注册营养师，称重 + USDA 计算，2026-08-31）：烤牛肉拌饭 619 kcal | 小红书 UGC 热量表（三份转载一致）：烤牛肉拌饭 722 kcal；新浪·市井生活家 AI 文（2026-09-11）引用谷传玲但误记『米饭≈300g 约230大卡』『改良后442-507大卡』；另有 AI 文称『2024年测评598大卡』 | 619 vs 722（vs 598）kcal，极差 124 kcal；且存在对 B 级源的错误转述（230 vs 348 kcal） | ①米饭份量口径差异最大（谷 300g→348 kcal；AI文 351g→482 kcal）；②UGC 表可能计入额外酱包或更大份米饭；③AI 内容农场文对谷传玲数据做了错误的二次加工（其『纤维突破150克』等表述明显失实）→ 该类源一律判 D 不作数值依据,620–720 kcal（区间）。有方法学的下限 619 kcal（B级）优先用于减脂计算；无方法披露的 722 kcal（C级）作为上限保留。改良吃法在各源间收敛到 462–510 kcal。
micun-cn-jinqiangyu-banfan,米村拌饭,B,金枪鱼拌饭,tuna bibimbap,经典拌饭（外卖金碗拌饭系列）,官网『经典拌饭』成员；美团外卖在售『金枪鱼拌饭+解腻海菜汤+辣白菜单人餐』（原价32.38元，2025-11-26 特惠28.3元）。水浸金枪鱼，成品已预淋沙拉酱，另配一包拌饭酱 → 全菜单唯一『双酱』款。,1,份,636,,,,,,,estimated_point,560,712,,,,,,,third_party_analysis,http://m.toutiao.com/group/7680169194310091283/?upstream_biz=VolcEngine,我拆了4份米村拌饭，发现减脂最大的坑根本不是米饭（营养师谷传玲）,2026-08-31,https://post.smzdm.com/zz/p/akoekgv9/,B级：谷传玲称重，原版 636 kcal。她指出此款已淋沙拉酱（≈10g=50 kcal）又另配一包拌饭酱，是唯一『两种酱同时吃』的款；其改良法为保留预淋沙拉酱（刮不下来）、不加额外那包拌饭酱，配合饭半份+加菜+加煎蛋 → 497 kcal（−139 kcal）。水浸金枪鱼≈60g≈12g蛋白，加煎蛋后≈19g。旁证：小红书 UGC 表 676/678 kcal（C）；小红书@小千饱了 952 kcal（C）。宏量除蛋白外未逐项给出 → 留空。,B,,米村拌饭 减脂; 米村拌饭 热量; 米村拌饭 拼好饭; 米村拌饭 去酱; 米村拌饭 儿童金枪鱼拌饭; 金枪鱼拌饭 热量; 米村拌饭 金枪鱼 蛋白质,备注不放拌饭酱/酱另放（小红书@小千饱了逐项 delta：石锅拌饭 −74 kcal、牛肉粒拌饭 −117 kcal、金枪鱼拌饭 −104 kcal(辣酱)/−168 kcal(沙拉酱)；谷传玲口径整包香菇酱 −73 kcal）; 备注去海苔碎（小红书@小千饱了逐项 delta：−59～−81 kcal）; 米饭半份（谷传玲称重 ≈ −174 kcal；小红书口径半份米饭≈180 kcal）; 米饭三分之一（小红书口径≈120 kcal）; 单加一份菠菜或杏鲍菇（≈100g，≈20–25 kcal）把蔬菜从80g拉到150g+; 单加1个煎蛋补蛋白（≈70–90 kcal，+7g蛋白）; 不加额外那包拌饭酱（谷传玲口径直接 −73 kcal 香菇酱）,bibimbap; tuna; seafood; high_protein; core_sku; delivery_available; double_sauce,nutrition_missing,2026-09-18,single_item,,拌饭酱是否放/放多少（30g整包≈62–73 kcal）; 芝麻海苔碎份量（5g≈30 kcal / 13g≈70 kcal）; 米饭实际份量（门店≈300g，堂食可免费续）; 碗底/烹调油残留（≈5g≈45 kcal）; 预淋沙拉酱（≈10g≈50 kcal）——本款独有; 额外那包拌饭酱是否加（−62～−73 kcal）; 金枪鱼克重与水浸/油浸（小红书口径45g=83 kcal，谷口径60g）,谷传玲（称重，B）：636 kcal（含预淋沙拉酱10g=50 kcal + 拌饭酱30g） | 小红书 UGC 热量表（C，三份转载）：676 kcal（另一转载 678 kcal）/ 24元 | 636 vs 676/678 kcal（差 40–42 kcal） | 沙拉酱与拌饭酱是否整包计入；金枪鱼克重（谷60g vs UGC口径45g=83 kcal） // 小红书@小千饱了（经什么值得买转载 + 站内 AI 总结，2025-09-03，C）：金枪鱼拌饭总热量 952 kcal；去辣酱848 / 去沙拉酱784 / 去海苔碎893 / 去酱去海苔碎621 | 谷传玲（称重，B）636 kcal；小红书 UGC 表 676 kcal | 952 vs 636–678 kcal，差 274–316 kcal（>40%） | 小千饱了口径显著更高，疑似计入双份酱（辣酱+沙拉酱）+ 更大份米饭/更多海苔碎，或为加大份/不同门店。关键线索：她的『去酱去海苔碎 621 kcal』反而与谷传玲含酱的 636 kcal 高度吻合 → 提示差异几乎全部来自酱与海苔碎的计入方式，而非饭量,标准份 636–700 kcal。三源在『去酱去海苔碎』口径上收敛到 621 kcal（小千饱了）≈ 636 kcal（谷传玲含酱），因此减脂建议以『不加额外酱包 + 去海苔碎 + 米饭半份』为基准，落点约 470–500 kcal（谷传玲改良版实测 497 kcal）。952 kcal 仅在双酱全放 + 全份米饭的最坏情形下成立，保留为上限外记录，不并入 best estimate。
micun-cn-zhaoshao-jitui-banfan,米村拌饭,B,照烧鸡腿肉拌饭,teriyaki chicken thigh bibimbap (delivery / gold-bowl series),经典拌饭（外卖金碗拌饭系列）,官网『经典拌饭』成员；美团外卖在售『照烧鸡腿肉拌饭+解腻海菜汤+辣白菜单人餐』（原价31.38元，2025-11-13 特惠27.3元）。厚切去骨鸡腿肉。,1,份,626,,,,,,,estimated_point,551,701,,,,,,,third_party_analysis,http://m.toutiao.com/group/7680169194310091283/?upstream_biz=VolcEngine,我拆了4份米村拌饭，发现减脂最大的坑根本不是米饭（营养师谷传玲）,2026-08-31,https://www.smzdm.com/p/162458578/,B级：谷传玲称重原版 626 kcal，改良版≈509 kcal（−117 kcal）。去皮鸡腿肉≈50g≈12g蛋白，加1个煎蛋后总蛋白≈19g。与堂食『照烧鸡腿肉石锅拌饭』共用同一实测值（谷未区分容器）；石锅版另有锅巴，实际可能略高 → 该不确定性已记入 calorie_uncertainty_drivers。宏量除蛋白外留空。,B,,米村拌饭 减脂; 米村拌饭 热量; 米村拌饭 拼好饭; 米村拌饭 去酱; 米村拌饭 儿童金枪鱼拌饭; 照烧鸡腿肉拌饭 热量,备注不放拌饭酱/酱另放（小红书@小千饱了逐项 delta：石锅拌饭 −74 kcal、牛肉粒拌饭 −117 kcal、金枪鱼拌饭 −104 kcal(辣酱)/−168 kcal(沙拉酱)；谷传玲口径整包香菇酱 −73 kcal）; 备注去海苔碎（小红书@小千饱了逐项 delta：−59～−81 kcal）; 米饭半份（谷传玲称重 ≈ −174 kcal；小红书口径半份米饭≈180 kcal）; 米饭三分之一（小红书口径≈120 kcal）; 单加一份菠菜或杏鲍菇（≈100g，≈20–25 kcal）把蔬菜从80g拉到150g+; 单加1个煎蛋补蛋白（≈70–90 kcal，+7g蛋白）,bibimbap; chicken; high_protein; core_sku; delivery_available,nutrition_missing,2026-09-18,single_item,,拌饭酱是否放/放多少（30g整包≈62–73 kcal）; 芝麻海苔碎份量（5g≈30 kcal / 13g≈70 kcal）; 米饭实际份量（门店≈300g，堂食可免费续）; 碗底/烹调油残留（≈5g≈45 kcal）; 照烧汁含糖量（咸甜口，糖未单独披露）; 堂食石锅版锅巴（本条为外卖/平盘口径）,,626 kcal（谷传玲称重，B级）；改良版≈509 kcal。
micun-cn-gali-niurou-banfan,米村拌饭,B,咖喱牛肉拌饭（咖喱牛肉饭）,curry beef bibimbap,经典拌饭（外卖金碗拌饭系列）,小红书 UGC 热量表收录款（23元）；北京/沈阳/恒隆/昌平/维多利等多家门店 Ctrip 特色菜列表记作『咖喱牛肉饭』。咖喱酱汁为额外热量来源。,1,份,710,,,,,,,estimated_point,625,795,,,,,,,third_party_analysis,https://m.baidu.com/bh/m/detail/ar_2857837884429501260,热量测评第1⃣️8⃣️5⃣ #米村拌饭热量（小红书笔记，经百度笔记聚合页转述）,2026-09-18,https://m.baidu.com/bh/m/detail/ar_4911945563770237371,710 kcal 来自小红书 UGC 热量表『咖喱牛肉拌饭～710大卡 23💰』，三份转载一致（710/710/710），无称重方法 → C级，±12%区间。宏量未给 → 留空。⚠️ 命名不一致（拌饭 vs 饭）与是否含米饭未能确认；若为『咖喱牛肉饭』含饭版，710 kcal 与谷传玲基底（米饭348+牛肉+酱≈500–550）加咖喱酱后大致自洽。,C,,米村拌饭 减脂; 米村拌饭 热量; 米村拌饭 拼好饭; 米村拌饭 去酱; 米村拌饭 儿童金枪鱼拌饭; 咖喱牛肉拌饭 热量,备注不放拌饭酱/酱另放（小红书@小千饱了逐项 delta：石锅拌饭 −74 kcal、牛肉粒拌饭 −117 kcal、金枪鱼拌饭 −104 kcal(辣酱)/−168 kcal(沙拉酱)；谷传玲口径整包香菇酱 −73 kcal）; 备注去海苔碎（小红书@小千饱了逐项 delta：−59～−81 kcal）; 米饭半份（谷传玲称重 ≈ −174 kcal；小红书口径半份米饭≈180 kcal）; 米饭三分之一（小红书口径≈120 kcal）; 单加一份菠菜或杏鲍菇（≈100g，≈20–25 kcal）把蔬菜从80g拉到150g+; 单加1个煎蛋补蛋白（≈70–90 kcal，+7g蛋白）,bibimbap; beef; curry,nutrition_missing,2026-09-18,single_item,,拌饭酱是否放/放多少（30g整包≈62–73 kcal）; 芝麻海苔碎份量（5g≈30 kcal / 13g≈70 kcal）; 米饭实际份量（门店≈300g，堂食可免费续）; 碗底/烹调油残留（≈5g≈45 kcal）; 咖喱酱油脂与糖（未单独披露）; 是否含米饭（命名歧义）,,
micun-cn-xiezi-shala-banfan,米村拌饭,B,蟹籽沙拉拌饭,crab-roe salad bibimbap,经典拌饭（外卖金碗拌饭系列）,小红书 UGC 热量表收录款（22元）。含沙拉酱，属拌饭中酱料偏重的一款。是否仍在售未能从官方渠道核实。,1,份,685,,,,,,,estimated_point,603,767,,,,,,,third_party_analysis,https://m.baidu.com/bh/m/detail/ar_2857837884429501260,热量测评第1⃣️8⃣️5⃣ #米村拌饭热量（小红书笔记，经百度笔记聚合页转述）,2026-09-18,https://m.baidu.com/bh/m/detail/ar_2604748604300970621,685 kcal 来自小红书 UGC 热量表（两份转载一致 685/685），无方法披露 → C级，±12%区间。⚠️ 菜单事实仅由 UGC 支撑：官网『经典拌饭』未列此款，2026-04 官方微博四款石锅系列亦无，门店 Ctrip 列表也未出现 → 可能为区域限定/已下架/历史款。last_verified_date 仅到 UGC 笔记口径，标 menu_fact_uncertain。,C,,米村拌饭 减脂; 米村拌饭 热量; 米村拌饭 拼好饭; 米村拌饭 去酱; 米村拌饭 儿童金枪鱼拌饭; 蟹籽沙拉拌饭,备注不放拌饭酱/酱另放（小红书@小千饱了逐项 delta：石锅拌饭 −74 kcal、牛肉粒拌饭 −117 kcal、金枪鱼拌饭 −104 kcal(辣酱)/−168 kcal(沙拉酱)；谷传玲口径整包香菇酱 −73 kcal）; 备注去海苔碎（小红书@小千饱了逐项 delta：−59～−81 kcal）; 米饭半份（谷传玲称重 ≈ −174 kcal；小红书口径半份米饭≈180 kcal）; 米饭三分之一（小红书口径≈120 kcal）; 单加一份菠菜或杏鲍菇（≈100g，≈20–25 kcal）把蔬菜从80g拉到150g+; 单加1个煎蛋补蛋白（≈70–90 kcal，+7g蛋白）,bibimbap; seafood; sauce_heavy; menu_fact_uncertain,nutrition_missing,2026-09-18,single_item,,拌饭酱是否放/放多少（30g整包≈62–73 kcal）; 芝麻海苔碎份量（5g≈30 kcal / 13g≈70 kcal）; 米饭实际份量（门店≈300g，堂食可免费续）; 碗底/烹调油残留（≈5g≈45 kcal）; 沙拉酱份量（本款独有，参照金枪鱼款10g=50 kcal）; 蟹籽/蟹柳加工品淀粉含量,,685 kcal ±12%（C级）。在售状态待官方核实。
micun-cn-zhishi-roujiang-banfan,米村拌饭,B,芝士肉酱拌饭,cheese minced-meat bibimbap,经典拌饭（外卖金碗拌饭系列）,沈阳全运路万达 / 南京万达茂 / 昌平乐多港万达 / 江阴万达 等 4 家门店 Ctrip『本店特色美食』列表出现。芝士+肉酱双高热量来源。,1,份,,,,,,,,unknown,,,,,,,,,third_party_analysis,https://you.ctrip.com/food/shenyang155/127654611.html,米村拌饭(全运路万达店) 本店特色美食 | 携程美食,2026-09-18,https://you.ctrip.com/food/nanjing9/118858768.html,菜单事实由 4 家门店列表交叉支撑（中等可信）；无任何营养数据，UGC 热量表未收录，官网亦未列。可用『基础基底 + 肉酱 + 芝士』做 component estimate，但芝士克重完全未知 → 本轮不写数值，进 needs_estimation。,U,,米村拌饭 减脂; 米村拌饭 热量; 米村拌饭 拼好饭; 米村拌饭 去酱; 米村拌饭 儿童金枪鱼拌饭; 芝士肉酱拌饭,备注不放拌饭酱/酱另放（小红书@小千饱了逐项 delta：石锅拌饭 −74 kcal、牛肉粒拌饭 −117 kcal、金枪鱼拌饭 −104 kcal(辣酱)/−168 kcal(沙拉酱)；谷传玲口径整包香菇酱 −73 kcal）; 备注去海苔碎（小红书@小千饱了逐项 delta：−59～−81 kcal）; 米饭半份（谷传玲称重 ≈ −174 kcal；小红书口径半份米饭≈180 kcal）; 米饭三分之一（小红书口径≈120 kcal）; 单加一份菠菜或杏鲍菇（≈100g，≈20–25 kcal）把蔬菜从80g拉到150g+; 单加1个煎蛋补蛋白（≈70–90 kcal，+7g蛋白）,bibimbap; cheese; pork; high_calorie; menu_fact_moderate,needs_estimation,2026-09-18,single_item,,拌饭酱是否放/放多少（30g整包≈62–73 kcal）; 芝麻海苔碎份量（5g≈30 kcal / 13g≈70 kcal）; 米饭实际份量（门店≈300g，堂食可免费续）; 碗底/烹调油残留（≈5g≈45 kcal）; 芝士份量（未披露，最大不确定源）; 肉酱肥瘦比,,
micun-cn-kids-kaoniurou-banfan,米村拌饭,B,儿童烤牛肉拌饭,kids grilled beef bibimbap,儿童餐,官网『米村五大招牌』之一，亦为『儿童餐＆炖锅』分类成员。儿童份米饭+烤牛肉+海苔碎+玉米粒。减脂/小胃口人群高频点单款（UGC 报价12元，头条 2026-02 笔记报13.9元）。门店可备注多加蔬菜。,1,份,440,,,,,,,estimated_point,387,493,,,,,,,third_party_analysis,https://m.baidu.com/bh/m/detail/ar_2857837884429501260,热量测评第1⃣️8⃣️5⃣ #米村拌饭热量（小红书笔记，经百度笔记聚合页转述）,2026-09-18,https://m.dianping.com/discovery/1390819556,440 kcal 在三份小红书 UGC 转载笔记与大众点评『杭州平价一人食｜米村拌饭穷鬼套餐(带热量)』（@小陈就吃亿口，2024-01-17，『儿童烤牛肉拌饭💰12 热量参考🔥440卡』）中完全一致 → 四源相互印证，但均无称重/计算方法披露，仍定 C级，±12%区间。宏量未给 → 留空。另：新浪 AI 内容农场文亦引用『儿童版烤牛肉拌饭热量约440大卡』，属对同一 UGC 口径的二手引用，未加权。,C,,米村拌饭 儿童餐 热量; 儿童烤牛肉拌饭 减脂; 米村拌饭 穷鬼套餐; 米村拌饭 减脂; 米村拌饭 热量; 米村拌饭 拼好饭; 米村拌饭 去酱; 米村拌饭 儿童金枪鱼拌饭,不放拌饭酱; 备注多加蔬菜（门店可备注，UGC 已验证可行）; 单加一份菠菜/杏鲍菇补纤维; 单加1个煎蛋补蛋白,bibimbap; kids_meal; beef; portion_control; weight_loss_favourite; signature,nutrition_missing,2026-09-18,single_item,,儿童份米饭实际克重（未称重，按成人份≈300g 的 0.6–0.65 倍推 ≈180–200g）; 拌饭酱是否放; 海苔碎份量,,440 kcal ±12%（C级，四源一致）。作为减脂基底时，去酱后按 370–400 kcal 估。
micun-cn-kids-jinqiangyu-banfan,米村拌饭,B,儿童金枪鱼拌饭,kids tuna bibimbap,儿童餐,官网『儿童餐＆炖锅』成员。健身圈『拼好饭』最主流基底：9–9.9元，含约60g金枪鱼（≈12g蛋白），米饭为儿童份。可把玉米粒换成菠菜并单加小食自组装。,1,份,395,,,,,,,estimated_point,348,442,,,,,,,third_party_analysis,https://m.baidu.com/bh/m/detail/ar_2857837884429501260,热量测评第1⃣️8⃣️5⃣ #米村拌饭热量（小红书笔记，经百度笔记聚合页转述）,2026-09-18,https://m.dianping.com/discovery/1390819556,395 kcal 在三份小红书 UGC 转载 + 大众点评『杭州穷鬼套餐(带热量)』（2024-01，『儿童金枪鱼拌饭💰9 热量参考🔥395卡』）中一致 → C级，±12%区间。蛋白侧证：搜狐/十点读书会（2026-09-10）『一份九块九的儿童金枪鱼拌饭，含60克金枪鱼，大概12克蛋白质』；谷传玲独立称重亦得水浸金枪鱼60g≈12g蛋白 → 蛋白≈12g 有双源支撑，但因整份宏量未系统给出，protein_g 仍留空，数值记于此备查。刺猬公社记者实测的 DIY 组合即以本款（不放酱）为基底。,C,,米村拌饭 儿童金枪鱼拌饭; 米村拌饭 拼好饭; 米村拌饭 9块9 减脂; 米村拌饭 健身餐; 米村拌饭 减脂; 米村拌饭 热量; 米村拌饭 拼好饭; 米村拌饭 去酱; 米村拌饭 儿童金枪鱼拌饭,不放拌饭酱（刺猬公社实测组合即『不放酱』）; 玉米粒换成菠菜（降碳增纤）; 单加3份菠菜 + 1个煎蛋 → 刺猬公社按小红书公式算约554 kcal / 19.9元; 单加一份金枪鱼（3元）把蛋白提到≈24g,bibimbap; kids_meal; tuna; high_protein; weight_loss_favourite; diy_base,nutrition_missing,2026-09-18,single_item,,儿童份米饭实际克重; 拌饭酱是否放; 海苔碎份量; 玉米粒是否换成菠菜,,395 kcal ±12%（C级，四源一致）。健身圈最火 DIY 组合（本品不放酱 + 玉米粒换菠菜 + 3份菠菜 + 1煎蛋）≈554 kcal / 19.9元（刺猬公社按小红书公式计算，C级，见 SKU micun-cn-diy-pinhaofan-fitness-bowl）。
micun-cn-kids-zhaoshao-jitui-banfan,米村拌饭,B,儿童照烧鸡腿肉拌饭,kids teriyaki chicken bibimbap,儿童餐,官网『儿童餐＆炖锅』分类成员。,1,份,,,,,,,,unknown,,,,,,,,,official_menu,https://www.micun.com/food,米村美食 | 米村拌饭品牌官方网站,2026-09-18,,官网仅给菜名与图片，无营养数据；UGC 热量表未收录。可按『儿童份≈成人份×0.6–0.65』的比例（由 儿童烤牛肉440 / 烤牛肉619–722 反推）做 component estimate，但该比例只有单点支撑 → 本轮不写数值，进 needs_estimation。,U,,儿童照烧鸡腿肉拌饭; 米村拌饭 减脂; 米村拌饭 热量; 米村拌饭 拼好饭; 米村拌饭 去酱; 米村拌饭 儿童金枪鱼拌饭,不放拌饭酱; 备注多加蔬菜,bibimbap; kids_meal; chicken,needs_estimation,2026-09-18,single_item,,儿童份米饭克重; 照烧汁含糖; 拌饭酱是否放,,
micun-cn-kids-kaoniurou-shouzhuafan,米村拌饭,B,儿童烤牛肉手抓饭,kids grilled beef hand-grab rice,儿童餐,沈阳全运路万达店 Ctrip『本店特色美食』列表出现。可能是儿童拌饭的区域/历史命名，也可能是独立款。,1,份,,,,,,,,unknown,,,,,,,,,third_party_analysis,https://you.ctrip.com/food/shenyang155/127654611.html,米村拌饭(全运路万达店) 本店特色美食 | 携程美食,2026-09-18,,⚠️ 菜单事实来源单一且可靠度较低：Ctrip『本店特色美食』为商户/用户自填、无日期、无官方交叉印证；官网与官方微博均无『手抓饭』字样。与『儿童烤牛肉拌饭』是否同款未能确认 → 保留为独立行并标 menu_fact_uncertain，不做营养估算、不套用 440 kcal。,U,,米村拌饭 手抓饭; 米村拌饭 减脂; 米村拌饭 热量; 米村拌饭 拼好饭; 米村拌饭 去酱; 米村拌饭 儿童金枪鱼拌饭,备注不放拌饭酱/酱另放（小红书@小千饱了逐项 delta：石锅拌饭 −74 kcal、牛肉粒拌饭 −117 kcal、金枪鱼拌饭 −104 kcal(辣酱)/−168 kcal(沙拉酱)；谷传玲口径整包香菇酱 −73 kcal）; 备注去海苔碎（小红书@小千饱了逐项 delta：−59～−81 kcal）; 米饭半份（谷传玲称重 ≈ −174 kcal；小红书口径半份米饭≈180 kcal）; 米饭三分之一（小红书口径≈120 kcal）; 单加一份菠菜或杏鲍菇（≈100g，≈20–25 kcal）把蔬菜从80g拉到150g+; 单加1个煎蛋补蛋白（≈70–90 kcal，+7g蛋白）,kids_meal; beef; menu_fact_uncertain; single_source,menu_only,2026-09-18,single_item,,拌饭酱是否放/放多少（30g整包≈62–73 kcal）; 芝麻海苔碎份量（5g≈30 kcal / 13g≈70 kcal）; 米饭实际份量（门店≈300g，堂食可免费续）; 碗底/烹调油残留（≈5g≈45 kcal）,,
micun-cn-kids-jinqiangyu-shouzhuafan,米村拌饭,B,儿童金枪鱼手抓饭,kids tuna hand-grab rice,儿童餐,江阴万达店 Ctrip『本店特色美食』列表出现。,1,份,,,,,,,,unknown,,,,,,,,,third_party_analysis,https://you.ctrip.com/food/235/127838421.html,米村拌饭(江阴万达店) 本店特色美食 | 携程美食,2026-09-18,,同上：菜单事实仅单一商户自填列表支撑，与『儿童金枪鱼拌饭』关系未确认 → menu_only，不估算、不套用 395 kcal。,U,,米村拌饭 手抓饭; 米村拌饭 减脂; 米村拌饭 热量; 米村拌饭 拼好饭; 米村拌饭 去酱; 米村拌饭 儿童金枪鱼拌饭,备注不放拌饭酱/酱另放（小红书@小千饱了逐项 delta：石锅拌饭 −74 kcal、牛肉粒拌饭 −117 kcal、金枪鱼拌饭 −104 kcal(辣酱)/−168 kcal(沙拉酱)；谷传玲口径整包香菇酱 −73 kcal）; 备注去海苔碎（小红书@小千饱了逐项 delta：−59～−81 kcal）; 米饭半份（谷传玲称重 ≈ −174 kcal；小红书口径半份米饭≈180 kcal）; 米饭三分之一（小红书口径≈120 kcal）; 单加一份菠菜或杏鲍菇（≈100g，≈20–25 kcal）把蔬菜从80g拉到150g+; 单加1个煎蛋补蛋白（≈70–90 kcal，+7g蛋白）,kids_meal; tuna; menu_fact_uncertain; single_source,menu_only,2026-09-18,single_item,,拌饭酱是否放/放多少（30g整包≈62–73 kcal）; 芝麻海苔碎份量（5g≈30 kcal / 13g≈70 kcal）; 米饭实际份量（门店≈300g，堂食可免费续）; 碗底/烹调油残留（≈5g≈45 kcal）,,
micun-cn-light-niuyouguo-shishu,米村拌饭,B,牛油果时蔬轻食拌饭,avocado & vegetable light bibimbap,轻食拌饭系列（2026新品·区域上市）,2026 年轻食系列。生食叶菜（羽衣甘蓝/罗莎红生菜/芝麻菜）+ 樱桃番茄 + 胡萝卜 + 玉米粒 + 海苔芝麻碎 + 进口牛油果泥 + 五谷杂粮饭（黑米/燕麦/糙米/糯米/大米）+ 一颗黄天鹅可生食溏心蛋，配焙煎芝麻沙拉汁或油醋汁两种选择。四款定价 21.9–34.9 元；先在青岛 48 家门店试点，2026-05-07 上北京/上海，2026-05-14 上东北区域，官方称后续有计划全国布局。 本款为无肉时蔬款，是四款中热量最低者。,1,份,511,,,,,,,estimated_point,460,610,,,,,,,official_menu,https://www.itbear.com.cn/html/2026-05/1330801.html,米村轻食拌饭来袭：打工人减脂新选择，吃完竟有意外满足感（含品牌方公布热量数据）,2026-05-09,http://m.toutiao.com/group/7680169194310091283/?upstream_biz=VolcEngine,能量值为【品牌方公布】，经 北京商报（腾讯新闻转载 2026-05-07）/ ITBear（2026-05-09）/ 搜狐（2026-05-09）三家一致转述。降级说明：SCHEMA §3 的 A 级要求官方同时给出能量+蛋白+碳水+脂肪，此处仅能量；且米村官网 micun.com 全站无营养字段（已 grep 验证 0 命中），官方微博未公布数值，官方小程序需登录、本 agent 未绕过 → 保守记 C，不冒充 A。宏量/钠/纤维未公布 → 全部留空。 品牌公布：牛油果时蔬款约511大卡。谷传玲（B级）独立拆解称重同款：叶菜+圣女果+胡萝卜≈75g=15 kcal、玉米≈40g=33、海苔芝麻碎≈10g=60、牛油果泥≈25g=43、杂粮饭≈230g=267、鸡蛋≈52g=90、焙煎芝麻沙拉汁25g=98 或 油醋沙拉汁25g=14 → 合计约606 kcal（芝麻汁）或 522 kcal（油醋汁），她本人判断『跟品牌对外公布的≥511千卡基本一致』。故 min/max 取 460–610 以覆盖两种酱汁选择。她同时批评『轻食这两个字，真的不等于低热量』『蔬菜只有75克左右，根本没比普通版多多少；优质蛋白主要就一个鸡蛋，大约只有7克蛋白质』。,C,轻食; 健康饮食; 干净饮食; 饱腹少负担; 轻食也丰富,米村 轻食拌饭; 米村轻食拌饭 热量; 米村拌饭 牛油果; 米村拌饭 杂粮饭; 米村拌饭 羽衣甘蓝; 米村拌饭 减脂; 米村拌饭 热量; 米村拌饭 拼好饭; 米村拌饭 去酱; 米村拌饭 儿童金枪鱼拌饭,沙拉汁改油醋汁（谷传玲称重：焙煎芝麻汁25g=98 kcal vs 油醋汁25g=14 kcal，直接 −84 kcal）; 杂粮饭吃2/3（谷传玲口径 ≈ −89 kcal）; 单加一份菠菜或菌菇补纤维; 单加半份牛肉（≈40g）或去皮鸡腿（≈45g）补蛋白; 不放焙煎芝麻沙拉汁,bibimbap; light_meal; avocado; multigrain; new_2026; regional_limited,nutrition_missing,2026-09-18,single_item,,沙拉汁种类（焙煎芝麻汁25g≈98 kcal vs 油醋汁25g≈14 kcal）; 杂粮饭实际份量（≈230g）; 牛油果泥份量（≈25g）; 海苔芝麻碎份量（≈10g≈60 kcal）,品牌方公布（经北京商报/腾讯新闻、ITBear、搜狐三家一致转述）：牛油果时蔬款约 511 大卡 | 谷传玲实物拆解称重（B级）：522 kcal（油醋汁）/ 606 kcal（焙煎芝麻沙拉汁） | 511 vs 522–606 kcal（差 11–95 kcal） | 品牌口径可能按油醋汁或按酱汁减量计；也可能未计入牛油果泥/海苔碎的门店实际份量波动（谷称重牛油果泥25g、海苔碎10g）,522 kcal（油醋汁，谷传玲称重 B级）～606 kcal（焙煎芝麻汁）；品牌公布 511 kcal。三源同向，建议对外用 510–610 kcal 区间，并强调酱汁选择造成 ±84 kcal 摆动。谷传玲改良版（杂粮饭2/3 + 加菜 + 加半份牛肉40g + 改油醋汁）≈521 kcal，蛋白与纤维更足。
micun-cn-light-jituirou-niuyouguo,米村拌饭,B,鸡腿肉牛油果轻食拌饭（媒体口径：照烧鸡腿肉款）,chicken thigh & avocado light bibimbap,轻食拌饭系列（2026新品·区域上市）,2026 年轻食系列。生食叶菜（羽衣甘蓝/罗莎红生菜/芝麻菜）+ 樱桃番茄 + 胡萝卜 + 玉米粒 + 海苔芝麻碎 + 进口牛油果泥 + 五谷杂粮饭（黑米/燕麦/糙米/糯米/大米）+ 一颗黄天鹅可生食溏心蛋，配焙煎芝麻沙拉汁或油醋汁两种选择。四款定价 21.9–34.9 元；先在青岛 48 家门店试点，2026-05-07 上北京/上海，2026-05-14 上东北区域，官方称后续有计划全国布局。 本款为鸡肉款。北京商报列名为『鸡腿肉牛油果轻食拌饭』，ITBear/搜狐列名为『照烧鸡腿肉款』。,1,份,672,,,,,,,estimated_point,605,739,,,,,,,official_menu,https://www.itbear.com.cn/html/2026-05/1330801.html,米村轻食拌饭来袭：打工人减脂新选择（含品牌方公布热量数据）,2026-05-09,https://news.qq.com/rain/a/20260507A06LEP00,能量值为【品牌方公布】，经 北京商报（腾讯新闻转载 2026-05-07）/ ITBear（2026-05-09）/ 搜狐（2026-05-09）三家一致转述。降级说明：SCHEMA §3 的 A 级要求官方同时给出能量+蛋白+碳水+脂肪，此处仅能量；且米村官网 micun.com 全站无营养字段（已 grep 验证 0 命中），官方微博未公布数值，官方小程序需登录、本 agent 未绕过 → 保守记 C，不冒充 A。宏量/钠/纤维未公布 → 全部留空。 品牌公布：照烧鸡腿肉款约672大卡。北京商报仅确认四款名称与 21.9–34.9 元价格区间，未给热量；热量数值以 ITBear 与搜狐的一致转述为准。±10% 区间。谷传玲对本款未单独拆解，但其轻食改良口径（杂粮饭2/3 + 加菜 + 加去皮鸡腿≈45g + 改油醋汁）≈534 kcal 可作为减脂版参考。,C,轻食; 健康饮食; 干净饮食; 饱腹少负担; 轻食也丰富,米村 轻食拌饭; 米村轻食拌饭 热量; 米村拌饭 牛油果; 米村拌饭 杂粮饭; 米村拌饭 羽衣甘蓝; 米村拌饭 减脂; 米村拌饭 热量; 米村拌饭 拼好饭; 米村拌饭 去酱; 米村拌饭 儿童金枪鱼拌饭,沙拉汁改油醋汁（谷传玲称重：焙煎芝麻汁25g=98 kcal vs 油醋汁25g=14 kcal，直接 −84 kcal）; 杂粮饭吃2/3（谷传玲口径 ≈ −89 kcal）; 单加一份菠菜或菌菇补纤维; 单加半份牛肉（≈40g）或去皮鸡腿（≈45g）补蛋白; 不放焙煎芝麻沙拉汁,bibimbap; light_meal; avocado; chicken; high_protein; new_2026; regional_limited,nutrition_missing,2026-09-18,single_item,,沙拉汁种类（焙煎芝麻汁25g≈98 kcal vs 油醋汁25g≈14 kcal）; 杂粮饭实际份量（≈230g）; 牛油果泥份量（≈25g）; 海苔芝麻碎份量（≈10g≈60 kcal）,,672 kcal ±10%（品牌公布，仅能量，C级）。减脂改良版≈534 kcal（谷传玲口径推算）。
micun-cn-light-jinqiangyu-niuyouguo,米村拌饭,B,金枪鱼牛油果轻食拌饭,tuna & avocado light bibimbap,轻食拌饭系列（2026新品·区域上市）,2026 年轻食系列。生食叶菜（羽衣甘蓝/罗莎红生菜/芝麻菜）+ 樱桃番茄 + 胡萝卜 + 玉米粒 + 海苔芝麻碎 + 进口牛油果泥 + 五谷杂粮饭（黑米/燕麦/糙米/糯米/大米）+ 一颗黄天鹅可生食溏心蛋，配焙煎芝麻沙拉汁或油醋汁两种选择。四款定价 21.9–34.9 元；先在青岛 48 家门店试点，2026-05-07 上北京/上海，2026-05-14 上东北区域，官方称后续有计划全国布局。 本款为鱼肉款。,1,份,628,,,,,,,estimated_point,565,691,,,,,,,official_menu,https://www.itbear.com.cn/html/2026-05/1330801.html,米村轻食拌饭来袭：打工人减脂新选择（含品牌方公布热量数据）,2026-05-09,https://www.sohu.com/a/1020050544_121956424,能量值为【品牌方公布】，经 北京商报（腾讯新闻转载 2026-05-07）/ ITBear（2026-05-09）/ 搜狐（2026-05-09）三家一致转述。降级说明：SCHEMA §3 的 A 级要求官方同时给出能量+蛋白+碳水+脂肪，此处仅能量；且米村官网 micun.com 全站无营养字段（已 grep 验证 0 命中），官方微博未公布数值，官方小程序需登录、本 agent 未绕过 → 保守记 C，不冒充 A。宏量/钠/纤维未公布 → 全部留空。 品牌公布：金枪鱼款约628大卡。±10% 区间。蛋白未公布；若沿用谷传玲对普通金枪鱼拌饭的称重口径（水浸金枪鱼60g≈12g蛋白）+ 溏心蛋52g≈7g蛋白 ≈ 19g，但轻食款肉量未称重 → 不写入 protein_g 字段。,C,轻食; 健康饮食; 干净饮食; 饱腹少负担; 轻食也丰富,米村 轻食拌饭; 米村轻食拌饭 热量; 米村拌饭 牛油果; 米村拌饭 杂粮饭; 米村拌饭 羽衣甘蓝; 米村拌饭 减脂; 米村拌饭 热量; 米村拌饭 拼好饭; 米村拌饭 去酱; 米村拌饭 儿童金枪鱼拌饭,沙拉汁改油醋汁（谷传玲称重：焙煎芝麻汁25g=98 kcal vs 油醋汁25g=14 kcal，直接 −84 kcal）; 杂粮饭吃2/3（谷传玲口径 ≈ −89 kcal）; 单加一份菠菜或菌菇补纤维; 单加半份牛肉（≈40g）或去皮鸡腿（≈45g）补蛋白; 不放焙煎芝麻沙拉汁,bibimbap; light_meal; avocado; tuna; high_protein; new_2026; regional_limited,nutrition_missing,2026-09-18,single_item,,沙拉汁种类（焙煎芝麻汁25g≈98 kcal vs 油醋汁25g≈14 kcal）; 杂粮饭实际份量（≈230g）; 牛油果泥份量（≈25g）; 海苔芝麻碎份量（≈10g≈60 kcal）,,628 kcal ±10%（品牌公布，仅能量，C级）。
micun-cn-light-kaoniurou-niuyouguo,米村拌饭,B,烤牛肉牛油果轻食拌饭,grilled beef & avocado light bibimbap,轻食拌饭系列（2026新品·区域上市）,2026 年轻食系列。生食叶菜（羽衣甘蓝/罗莎红生菜/芝麻菜）+ 樱桃番茄 + 胡萝卜 + 玉米粒 + 海苔芝麻碎 + 进口牛油果泥 + 五谷杂粮饭（黑米/燕麦/糙米/糯米/大米）+ 一颗黄天鹅可生食溏心蛋，配焙煎芝麻沙拉汁或油醋汁两种选择。四款定价 21.9–34.9 元；先在青岛 48 家门店试点，2026-05-07 上北京/上海，2026-05-14 上东北区域，官方称后续有计划全国布局。 本款为牛肉款，是四款中热量最高者，媒体与网友均质疑『与普通正餐热量差异不大』。,1,份,723,,,,,,,estimated_point,651,795,,,,,,,official_menu,https://www.itbear.com.cn/html/2026-05/1330801.html,米村轻食拌饭来袭：打工人减脂新选择（含品牌方公布热量数据）,2026-05-09,https://www.sohu.com/a/1020050544_121956424,能量值为【品牌方公布】，经 北京商报（腾讯新闻转载 2026-05-07）/ ITBear（2026-05-09）/ 搜狐（2026-05-09）三家一致转述。降级说明：SCHEMA §3 的 A 级要求官方同时给出能量+蛋白+碳水+脂肪，此处仅能量；且米村官网 micun.com 全站无营养字段（已 grep 验证 0 命中），官方微博未公布数值，官方小程序需登录、本 agent 未绕过 → 保守记 C，不冒充 A。宏量/钠/纤维未公布 → 全部留空。 品牌公布：烤牛肉款约723大卡（四款最高）。±10% 区间。⚠️ 数值巧合提示：723 kcal 与小红书 UGC 表中普通『烤牛肉拌饭 722 大卡』几乎相同，二者是否同源（UGC 表反向引用品牌数据，或反之）无法判定 → 登记为潜在数据污染风险，未据此调整任何数值。谷传玲改良口径（杂粮饭2/3 + 加菜 + 加半份牛肉≈40g + 改油醋汁）≈521 kcal。,C,轻食; 健康饮食; 干净饮食; 饱腹少负担; 轻食也丰富,米村 轻食拌饭; 米村轻食拌饭 热量; 米村拌饭 牛油果; 米村拌饭 杂粮饭; 米村拌饭 羽衣甘蓝; 米村拌饭 减脂; 米村拌饭 热量; 米村拌饭 拼好饭; 米村拌饭 去酱; 米村拌饭 儿童金枪鱼拌饭,沙拉汁改油醋汁（谷传玲称重：焙煎芝麻汁25g=98 kcal vs 油醋汁25g=14 kcal，直接 −84 kcal）; 杂粮饭吃2/3（谷传玲口径 ≈ −89 kcal）; 单加一份菠菜或菌菇补纤维; 单加半份牛肉（≈40g）或去皮鸡腿（≈45g）补蛋白; 不放焙煎芝麻沙拉汁,bibimbap; light_meal; avocado; beef; high_calorie; new_2026; regional_limited,nutrition_missing,2026-09-18,single_item,,沙拉汁种类（焙煎芝麻汁25g≈98 kcal vs 油醋汁25g≈14 kcal）; 杂粮饭实际份量（≈230g）; 牛油果泥份量（≈25g）; 海苔芝麻碎份量（≈10g≈60 kcal）,品牌方公布（ITBear / 搜狐转述）：烤牛肉牛油果轻食拌饭 723 kcal | 小红书 UGC 热量表：普通烤牛肉拌饭 722 kcal；谷传玲称重：烤牛肉拌饭 619 kcal | 轻食款 723 vs 普通款 619–722 kcal —— 『轻食』并不比普通款低；且 723 与 722 高度雷同 | 轻食款含牛油果泥（≈25g/43 kcal）+ 杂粮饭230g（267 kcal）+ 焙煎芝麻沙拉汁（25g/98 kcal），脂肪来源多于普通款；723 与 722 的接近可能是巧合，也可能是数据互相引用（无法证实，仅登记风险）,723 kcal ±10%（品牌公布，仅能量，C级）—— 『轻食』标签不等于低热量。减脂改良版≈521 kcal（谷传玲口径），蛋白与纤维更足。
micun-cn-shiban-jidan,米村拌饭,B,石板鸡蛋,sizzling plate eggs,石板菜/小炒/煲,官网『石板菜』分类成员。滚烫石板上五颗鸡蛋、酱汁咕嘟冒泡（头条 2026-02 笔记报价18.9元，UGC 表报18元）。健身圈『增肌要煎蛋』的高频单加/共享项。,1,份,402,,,,,,,estimated_point,354,450,,,,,,,third_party_analysis,https://m.baidu.com/bh/m/detail/ar_2857837884429501260,热量测评第1⃣️8⃣️5⃣ #米村拌饭热量（小红书笔记，经百度笔记聚合页转述）,2026-09-18,https://m.baidu.com/bh/m/detail/ar_2604748604300970621,数值来自小红书 UGC『米村拌饭热量测评』表（三份转载均收录）。三份转载笔记交叉核对结果：402 / 402 / 402 完全一致。均无称重/计算方法披露 → 按 SCHEMA §3 定 C 级，附 ±12% 区间，不冒充 B 级。宏量营养素/钠/纤维/糖来源均未给 → 全部留空。,C,,米村拌饭 石板鸡蛋 热量; 米村拌饭 增肌; 米村拌饭 减脂; 米村拌饭 热量; 米村拌饭 拼好饭; 米村拌饭 去酱; 米村拌饭 儿童金枪鱼拌饭,不加/少加石板酱汁; 作为蛋白补充时按1–2颗计（谷传玲口径 50g煎蛋≈7g蛋白、70–90 kcal）; 与拌饭分食,sizzling_plate; egg; high_protein; share_plate,nutrition_missing,2026-09-18,single_item,,酱汁份量; 烹调油量; 门店现制份量波动,,
micun-cn-shiban-roujiang-doufu,米村拌饭,B,石板肉酱豆腐（UGC 亦记作石板豆腐/铁板豆腐）,sizzling plate tofu with minced meat sauce,石板菜/小炒/煲,官网『石板菜』分类成员（石板肉酱豆腐）；小红书 UGC 表记作『石板豆腐323大卡 18💰』，另一份转载记作『铁板豆腐323大卡』。植物蛋白来源，为石板菜中热量最低档。,1,份,323,,,,,,,estimated_point,284,362,,,,,,,third_party_analysis,https://m.baidu.com/bh/m/detail/ar_2857837884429501260,热量测评第1⃣️8⃣️5⃣ #米村拌饭热量（小红书笔记，经百度笔记聚合页转述）,2026-09-18,https://m.baidu.com/bh/m/detail/ar_2604748604300970621,数值来自小红书 UGC『米村拌饭热量测评』表（三份转载均收录）。三份转载笔记交叉核对结果：323 / 323 / 323 完全一致；名称在官方（石板肉酱豆腐）与 UGC（石板豆腐/铁板豆腐）间不一致但热量值相同 → 判定同款异名，已在 product_name 并列。均无称重/计算方法披露 → 按 SCHEMA §3 定 C 级，附 ±12% 区间，不冒充 B 级。宏量营养素/钠/纤维/糖来源均未给 → 全部留空。,C,,米村拌饭 石板豆腐 热量; 米村拌饭 铁板豆腐; 米村拌饭 减脂; 米村拌饭 热量; 米村拌饭 拼好饭; 米村拌饭 去酱; 米村拌饭 儿童金枪鱼拌饭,少加肉酱; 作为蛋白来源时优先于芝士类石板菜,sizzling_plate; tofu; plant_protein; vegetarian_option,nutrition_missing,2026-09-18,single_item,,酱汁份量; 烹调油量; 门店现制份量波动,,
micun-cn-roumo-qiezi-bao,米村拌饭,B,肉末茄子煲,minced pork & eggplant claypot,石板菜/小炒/煲,官网『石板菜』分类成员。茄子吸油，属减脂场景高风险项——刺猬公社与搜狐/十点读书会均点名『肉末茄子』为健身人在米村踩坑的菜（『点上香辣鱿鱼和肉末茄子和五花肉大白菜，就像是吃上了东北大席，别想着能瘦了』）。,1,份,,,,,,,,unknown,,,,,,,,,official_menu,https://www.micun.com/food,米村美食 | 米村拌饭品牌官方网站,2026-09-18,https://www.sohu.com/a/1074396458_121124777/,官网确认在售（菜单事实 A 级），但官网无任何营养数据；UGC 热量表未收录此款。茄子吸油特性使 component estimate 误差极大（油量完全未知）→ 不写数值，进 needs_estimation，并标记为减脂场景需回避项。,U,,米村拌饭 肉末茄子煲; 米村拌饭 减脂; 米村拌饭 热量; 米村拌饭 拼好饭; 米村拌饭 去酱; 米村拌饭 儿童金枪鱼拌饭,备注少油; 减脂期建议不点（多来源列为踩坑菜）,claypot; pork; eggplant; high_fat; avoid_for_cutting,needs_estimation,2026-09-18,single_item,,茄子吸油量（最大不确定源）; 肉末肥瘦比; 酱汁糖油,,
micun-cn-zhishi-niangao-ji,米村拌饭,B,芝士年糕鸡,cheese tteokbokki chicken,石板菜/小炒/煲,官网『石板菜』分类成员、门店热销共享菜（头条 2026-02 笔记报价27.9元，UGC 表报28元）。鸡腿肉+年糕+甜辣酱+拉丝芝士，属全菜单热量最高档之一。,1,份,726,,,,,,,estimated_point,639,813,,,,,,,third_party_analysis,https://m.baidu.com/bh/m/detail/ar_2857837884429501260,热量测评第1⃣️8⃣️5⃣ #米村拌饭热量（小红书笔记，经百度笔记聚合页转述）,2026-09-18,https://m.baidu.com/bh/m/detail/ar_4911945563770237371,数值来自小红书 UGC『米村拌饭热量测评』表（三份转载均收录）。三份转载笔记交叉核对结果：725 / 728 / 725 —— 存在 3 kcal 的微小分歧，取中值 726 kcal 并保留 ±12% 区间。均无称重/计算方法披露 → 按 SCHEMA §3 定 C 级，附 ±12% 区间，不冒充 B 级。宏量营养素/钠/纤维/糖来源均未给 → 全部留空。,C,,米村拌饭 芝士年糕鸡 热量; 米村拌饭 芝士年糕鸡; 米村拌饭 减脂; 米村拌饭 热量; 米村拌饭 拼好饭; 米村拌饭 去酱; 米村拌饭 儿童金枪鱼拌饭,与拌饭分食（不要一人一份）; 减脂期建议不点或只吃2–3块,sizzling_plate; chicken; cheese; rice_cake; high_calorie; share_plate; avoid_for_cutting,nutrition_missing,2026-09-18,single_item,,酱汁份量; 烹调油量; 门店现制份量波动,小红书 UGC 表（养生美容小窍门 / 吃货哥是我 转载）：芝士年糕鸡 725 kcal | 小红书 UGC 表（V生活真探社 转载）：芝士年糕鸡 728 kcal | 3 kcal | 同源数据的四舍五入/录入差异，无实质意义,726 kcal ±12%（C级）。新浪·市井分享社 AI 文亦引用『芝士年糕鸡725大卡』作为『不要额外加点』的避坑示例，属对同一 UGC 口径的二手引用，未加权。
micun-cn-xiangla-xiaochao-niurou,米村拌饭,B,香辣小炒牛肉,spicy stir-fried beef,石板菜/小炒/煲,恒隆广场店、昌平乐多港万达店 Ctrip『本店特色美食』列表出现。财经天下（2024-10）报道指出『米村拌饭小炒牛肉做法』曾为小红书热搜词条、『米村拌饭推荐必点』词条有超10万条笔记。,1,份,,,,,,,,unknown,,,,,,,,,third_party_analysis,https://you.ctrip.com/food/154/135294334.html,米村拌饭(恒隆广场店) 本店特色美食 | 携程美食,2026-09-18,https://k.sina.cn/article_2268916473_873ceaf9019019tm0.html,菜单事实由两家门店列表交叉支撑（中等可信）+ 财经天下报道旁证；无任何营养数据，UGC 热量表未收录（表内『酱香牛肉粒198大卡』为另一款单加小食，不合并）。小炒类油量未知 → 不写数值，进 needs_estimation。,U,,米村拌饭 小炒牛肉; 米村拌饭 减脂; 米村拌饭 热量; 米村拌饭 拼好饭; 米村拌饭 去酱; 米村拌饭 儿童金枪鱼拌饭,备注少油; 与半份米饭搭配,stir_fry; beef; high_protein; menu_fact_moderate,needs_estimation,2026-09-18,single_item,,炒制油量（最大不确定源）; 牛肉部位与克重; 酱汁糖油,,
micun-cn-roumo-suan-doujiao,米村拌饭,B,肉末酸豆角,minced pork with sour long beans,石板菜/小炒/煲,北京熙悦龙湖 / 沈阳 / 汪清 / 南京 / 昌平 / 维多利 / 望京 等 7 家门店 Ctrip 列表出现，覆盖面广 → 判定为常规在售 SKU。酸豆角亦为门店免费小菜之一（大众点评 2024-01 笔记：『免费的海带汤➕泡菜➕酸豆角』）。,1,份,,,,,,,,unknown,,,,,,,,,third_party_analysis,https://you.ctrip.com/food/beijing1/131003055.html,米村拌饭(熙悦龙湖店) 本店特色美食 | 携程美食,2026-09-18,https://you.ctrip.com/food/nanjing9/118858768.html,菜单事实多店交叉（7/9 家门店列表）→ 可信度较高；无任何营养数据，UGC 热量表未收录 → needs_estimation。⚠️ 高钠风险项（酸豆角为腌渍品），钠值无来源，不填。,U,,米村拌饭 肉末酸豆角; 米村拌饭 减脂; 米村拌饭 热量; 米村拌饭 拼好饭; 米村拌饭 去酱; 米村拌饭 儿童金枪鱼拌饭,备注少油; 高血压/控钠人群浅尝,stir_fry; pork; pickled; high_sodium,needs_estimation,2026-09-18,single_item,,炒制油量; 肉末肥瘦比; 酸豆角腌渍钠含量（未检测）,,
micun-cn-suancai-shao-feichang,米村拌饭,B,酸菜烧肥肠,braised pork intestine with pickled cabbage,石板菜/小炒/煲,北京 / 沈阳 / 恒隆 / 汪清 / 南京 / 昌平 / 维多利 / 望京 等 8 家门店 Ctrip 列表出现，是非官网菜品中覆盖面最广者。,1,份,,,,,,,,unknown,,,,,,,,,third_party_analysis,https://you.ctrip.com/food/beijing1/136360543-dianping.html,米村拌饭(望京凯德MALL店) 游友点评/特色菜 | 携程美食,2026-09-18,https://you.ctrip.com/food/beijing1/131003055.html,菜单事实多店交叉（8/9 家）→ 可信；无任何营养数据，UGC 热量表未收录。肥肠为高脂内脏，component estimate 误差大 → 不写数值，进 needs_estimation。⚠️ 减脂场景明确高风险项。,U,,米村拌饭 酸菜烧肥肠; 米村拌饭 减脂; 米村拌饭 热量; 米村拌饭 拼好饭; 米村拌饭 去酱; 米村拌饭 儿童金枪鱼拌饭,减脂期建议不点,braised; offal; high_fat; high_sodium; avoid_for_cutting,needs_estimation,2026-09-18,single_item,,肥肠脂肪含量（极高且波动大）; 烧制油糖量; 酸菜钠含量,,
micun-cn-roumo-doufu,米村拌饭,B,肉末豆腐,minced pork with tofu,石板菜/小炒/煲,望京凯德MALL店 Ctrip 特色菜列表出现（该店同时列有『石板肉酱豆腐』，二者可能为同款异名，也可能并存两款）。,1,份,,,,,,,,unknown,,,,,,,,,third_party_analysis,https://you.ctrip.com/food/beijing1/136360543-dianping.html,米村拌饭(望京凯德MALL店) 游友点评/特色菜 | 携程美食,2026-09-18,,⚠️ 单一门店列表出现，且与官网『石板肉酱豆腐』/UGC『石板豆腐323大卡』疑似同款异名。按 SCHEMA『冲突不擅自取舍』保留为独立行 + menu_fact_uncertain，不合并、不套用 323 kcal。,U,,米村拌饭 肉末豆腐; 米村拌饭 减脂; 米村拌饭 热量; 米村拌饭 拼好饭; 米村拌饭 去酱; 米村拌饭 儿童金枪鱼拌饭,备注少酱,tofu; pork; menu_fact_uncertain; single_source,menu_only,2026-09-18,single_item,,是否与石板肉酱豆腐同款（未确认）; 酱汁油量,,
micun-cn-wuhuarou-jian-suancai,米村拌饭,B,五花肉煎酸菜,pan-fried pork belly with pickled cabbage,石板菜/小炒/煲,东北口味热销款，五花肉+煎酸菜。北京/沈阳/恒隆/汪清/昌平/维多利/望京 等多店特色菜列表亦出现。搜狐文章将其与香辣鱿鱼、肉末茄子并列为健身人『碳水盛宴』诱惑项。,1,份,498,,,,,,,estimated_point,438,558,,,,,,,third_party_analysis,https://m.baidu.com/bh/m/detail/ar_2857837884429501260,热量测评第1⃣️8⃣️5⃣ #米村拌饭热量（小红书笔记，经百度笔记聚合页转述）,2026-09-18,https://m.baidu.com/bh/m/detail/ar_2604748604300970621,数值来自小红书 UGC『米村拌饭热量测评』表（三份转载均收录）。三份转载笔记交叉核对结果：498 / 498 / 498 完全一致。均无称重/计算方法披露 → 按 SCHEMA §3 定 C 级，附 ±12% 区间，不冒充 B 级。宏量营养素/钠/纤维/糖来源均未给 → 全部留空。,C,,米村拌饭 五花肉煎酸菜 热量; 米村拌饭 减脂; 米村拌饭 热量; 米村拌饭 拼好饭; 米村拌饭 去酱; 米村拌饭 儿童金枪鱼拌饭,减脂期建议不点或只吃少量; 不配全份米饭,sizzling_plate; pork_belly; pickled; high_fat; high_sodium,nutrition_missing,2026-09-18,single_item,,酱汁份量; 烹调油量; 门店现制份量波动,,
micun-cn-zhishi-yumi,米村拌饭,B,芝士玉米,cheese baked corn,石板菜/小炒/煲,芝士焗甜玉米，UGC 表报价18元。小红书健身圈用作热量参照物：刺猬公社引述『吃4份石锅菜心的热量比吃一份芝士玉米还低』。,1,份,381,,,,,,,estimated_point,335,427,,,,,,,third_party_analysis,https://m.baidu.com/bh/m/detail/ar_2857837884429501260,热量测评第1⃣️8⃣️5⃣ #米村拌饭热量（小红书笔记，经百度笔记聚合页转述）,2026-09-18,https://m.baidu.com/bh/m/detail/ar_2604748604300970621,数值来自小红书 UGC『米村拌饭热量测评』表（三份转载均收录）。三份转载笔记交叉核对结果：381 / 381 / 381 完全一致。均无称重/计算方法披露 → 按 SCHEMA §3 定 C 级，附 ±12% 区间，不冒充 B 级。宏量营养素/钠/纤维/糖来源均未给 → 全部留空。,C,,米村拌饭 芝士玉米 热量; 米村拌饭 石锅菜心; 米村拌饭 减脂; 米村拌饭 热量; 米村拌饭 拼好饭; 米村拌饭 去酱; 米村拌饭 儿童金枪鱼拌饭,减脂期建议不点（芝士+玉米=高能量密度）; 多人分食,cheese; corn; vegetarian_option; high_calorie_density; share_plate,nutrition_missing,2026-09-18,single_item,,酱汁份量; 烹调油量; 门店现制份量波动,,
micun-cn-zhaopai-feiniu-guo,米村拌饭,B,招牌肥牛锅（UGC 记作安格斯肥牛）,signature beef brisket pot (angus),炖锅/汤锅,官网『米村五大招牌』之一（招牌肥牛锅）。门店 Ctrip 列表同时出现『招牌安格斯肥牛』『安格斯肥牛』『安格斯肥牛饭』；财经天下 2024-10 记『安格斯肥牛饭』售价27元。肥牛片+洋葱+金针菇炖煮，汤汁微甜。,1,份,487,,,,,,,estimated_point,429,545,,,,,,,third_party_analysis,https://m.baidu.com/bh/m/detail/ar_2857837884429501260,热量测评第1⃣️8⃣️5⃣ #米村拌饭热量（小红书笔记，经百度笔记聚合页转述）,2026-09-18,https://k.sina.cn/article_2268916473_873ceaf9019019tm0.html,数值来自小红书 UGC『米村拌饭热量测评』表（三份转载均收录）。三份转载笔记交叉核对结果：487 / 487 / 487 完全一致（表内记作『安格斯肥牛～487大卡 24💰』）。均无称重/计算方法披露 → 按 SCHEMA §3 定 C 级，附 ±12% 区间，不冒充 B 级。宏量营养素/钠/纤维/糖来源均未给 → 全部留空。,C,,米村拌饭 安格斯肥牛 热量; 米村拌饭 招牌肥牛锅; 米村拌饭 减脂; 米村拌饭 热量; 米村拌饭 拼好饭; 米村拌饭 去酱; 米村拌饭 儿童金枪鱼拌饭,不喝汤汁（油脂与钠集中在汤）; 配半份米饭; 备注少酱,stew; beef; hotpot; signature; high_protein; share_plate,nutrition_missing,2026-09-18,single_item,,酱汁份量; 烹调油量; 门店现制份量波动,小红书 UGC 表：安格斯肥牛 487 kcal / 24元 | 官网『招牌肥牛锅』（锅物）与门店列表『安格斯肥牛饭』（含饭）并存；财经天下 2024-10 记『安格斯肥牛饭27元』 | 487 kcal 是否含米饭不明，差异可达 232–348 kcal；价格 24 vs 27 元 | UGC 表按『锅物本体』计；门店另有含饭版本；价格差异亦提示不同 SKU 或不同年份定价,锅物本体 487 kcal ±12%（C级）。若为『安格斯肥牛饭』（含米饭），需另加米饭 232–348 kcal；该推算未在任何来源中出现，故仅作说明、不写入数值字段。
micun-cn-shao-niurou-dun-tudou,米村拌饭,B,烧牛肉炖土豆（UGC 亦记作土豆炖牛肉/炖牛肉炖土豆）,braised beef stewed with potato,炖锅/汤锅,炖锅分类成员；多店 Ctrip 特色菜列表出现。UGC 表报价28元。,1,份,610,,,,,,,estimated_point,537,683,,,,,,,third_party_analysis,https://m.baidu.com/bh/m/detail/ar_2857837884429501260,热量测评第1⃣️8⃣️5⃣ #米村拌饭热量（小红书笔记，经百度笔记聚合页转述）,2026-09-18,https://m.baidu.com/bh/m/detail/ar_2604748604300970621,数值来自小红书 UGC『米村拌饭热量测评』表（三份转载均收录）。三份转载笔记交叉核对结果：610 / 610 / 610 完全一致；名称在三份转载中分别为『烧牛肉炖土豆』『土豆炖牛肉』『炖牛肉炖土豆』→ 判定同款异名。均无称重/计算方法披露 → 按 SCHEMA §3 定 C 级，附 ±12% 区间，不冒充 B 级。宏量营养素/钠/纤维/糖来源均未给 → 全部留空。,C,,米村拌饭 烧牛肉炖土豆 热量; 米村拌饭 减脂; 米村拌饭 热量; 米村拌饭 拼好饭; 米村拌饭 去酱; 米村拌饭 儿童金枪鱼拌饭,不喝汤汁; 土豆已含碳水，配饭时按半份米饭计,stew; beef; potato; high_protein; share_plate,nutrition_missing,2026-09-18,single_item,,酱汁份量; 烹调油量; 门店现制份量波动,,
micun-cn-lamen-mingtaiyu,米村拌饭,B,辣焖明太鱼（UGC 亦记作辣闷明太鱼）,spicy braised pollock,炖锅/汤锅,明太鱼辣焖；多店 Ctrip 特色菜列表出现，UGC 表报价28元。炖锅类中热量相对最低档，蛋白来源较好。,1,份,370,,,,,,,estimated_point,326,414,,,,,,,third_party_analysis,https://m.baidu.com/bh/m/detail/ar_2857837884429501260,热量测评第1⃣️8⃣️5⃣ #米村拌饭热量（小红书笔记，经百度笔记聚合页转述）,2026-09-18,https://m.baidu.com/bh/m/detail/ar_2604748604300970621,数值来自小红书 UGC『米村拌饭热量测评』表（三份转载均收录）。三份转载笔记交叉核对结果：370 / 370 / 370 完全一致。均无称重/计算方法披露 → 按 SCHEMA §3 定 C 级，附 ±12% 区间，不冒充 B 级。宏量营养素/钠/纤维/糖来源均未给 → 全部留空。,C,,米村拌饭 辣焖明太鱼 热量; 米村拌饭 减脂; 米村拌饭 热量; 米村拌饭 拼好饭; 米村拌饭 去酱; 米村拌饭 儿童金枪鱼拌饭,不喝汤汁（钠与油集中）; 作为主蛋白来源时优先于肥牛锅/小酥肉,stew; fish; seafood; high_protein; spicy,nutrition_missing,2026-09-18,single_item,,酱汁份量; 烹调油量; 门店现制份量波动,,
micun-cn-lamen-xiao-surou,米村拌饭,B,辣焖小酥肉,spicy braised deep-fried pork,炖锅/汤锅,小酥肉（先炸后焖）辣焖款，UGC 表报价26元。为本轮扫到的 UGC 表内全菜单最高热量项。,1,份,758,,,,,,,estimated_point,667,849,,,,,,,third_party_analysis,https://m.baidu.com/bh/m/detail/ar_2857837884429501260,热量测评第1⃣️8⃣️5⃣ #米村拌饭热量（小红书笔记，经百度笔记聚合页转述）,2026-09-18,https://m.baidu.com/bh/m/detail/ar_4911945563770237371,数值来自小红书 UGC『米村拌饭热量测评』表（三份转载中两份收录）。三份转载笔记交叉核对结果：758 / 758 一致（第三份未收录此款）。均无称重/计算方法披露 → 按 SCHEMA §3 定 C 级，附 ±12% 区间，不冒充 B 级。宏量营养素/钠/纤维/糖来源均未给 → 全部留空。,C,,米村拌饭 辣焖小酥肉 热量; 米村拌饭 减脂; 米村拌饭 热量; 米村拌饭 拼好饭; 米村拌饭 去酱; 米村拌饭 儿童金枪鱼拌饭,减脂期建议不点; 多人分食且不喝汤汁,stew; pork; deep_fried; high_calorie; avoid_for_cutting; share_plate,nutrition_missing,2026-09-18,single_item,,酱汁份量; 烹调油量; 门店现制份量波动,,
micun-cn-wuhuarou-paocai-guo,米村拌饭,B,五花肉泡菜锅,pork belly kimchi stew,炖锅/汤锅,五花肉+泡菜炖锅，UGC 表报价22元。搜狐文章将『五花肉大白菜』并列为健身人踩坑项。,1,份,576,,,,,,,estimated_point,507,645,,,,,,,third_party_analysis,https://m.baidu.com/bh/m/detail/ar_2857837884429501260,热量测评第1⃣️8⃣️5⃣ #米村拌饭热量（小红书笔记，经百度笔记聚合页转述）,2026-09-18,https://m.baidu.com/bh/m/detail/ar_2604748604300970621,数值来自小红书 UGC『米村拌饭热量测评』表（三份转载均收录）。三份转载笔记交叉核对结果：576 / 577 / 576 —— 1 kcal 差异无实质意义，取多数口径 576。均无称重/计算方法披露 → 按 SCHEMA §3 定 C 级，附 ±12% 区间，不冒充 B 级。宏量营养素/钠/纤维/糖来源均未给 → 全部留空。,C,,米村拌饭 五花肉泡菜锅 热量; 米村拌饭 减脂; 米村拌饭 热量; 米村拌饭 拼好饭; 米村拌饭 去酱; 米村拌饭 儿童金枪鱼拌饭,不喝汤汁; 减脂期建议不点或只吃少量,stew; pork_belly; kimchi; high_fat; high_sodium; share_plate,nutrition_missing,2026-09-18,single_item,,酱汁份量; 烹调油量; 门店现制份量波动,,
micun-cn-jingdian-sanbei-ji,米村拌饭,B,经典三杯鸡,classic three-cup chicken,炖锅/汤锅,官网『米村五大招牌』之一。三杯（酱油/米酒/麻油）做法，糖油含量天然偏高。北京熙悦龙湖 / 恒隆 / 望京门店 Ctrip 列表亦出现。,1,份,,,,,,,,unknown,,,,,,,,,official_menu,https://www.micun.com/food,米村美食 | 米村拌饭品牌官方网站,2026-09-18,https://you.ctrip.com/food/beijing1/136360543-dianping.html,菜单事实可信度高（官网五大招牌 + 3 家门店列表交叉）；但无任何营养数据，UGC 热量表亦未收录。三杯做法的麻油与糖用量未知 → component estimate 误差大，本轮不写数值，进 needs_estimation。,U,,米村拌饭 三杯鸡 热量; 米村拌饭 减脂; 米村拌饭 热量; 米村拌饭 拼好饭; 米村拌饭 去酱; 米村拌饭 儿童金枪鱼拌饭,不淋汁/少淋汁; 去皮; 配半份米饭,stew; chicken; signature; high_fat; high_sugar,needs_estimation,2026-09-18,single_item,,三杯汁中麻油用量; 糖用量; 鸡肉带皮与否,,
micun-cn-jituirou-dun-tudou,米村拌饭,B,鸡腿肉炖土豆,chicken thigh stewed with potato,炖锅/汤锅,2025-11-10 官方微博宣布全国上市的本月新品：无骨鸡腿肉『先炸后炖』+ 黄心土豆 + 咸香汤汁，官方建议把土豆碾碎与汤汁一同拌入米饭。,1,份,,,,,,,,unknown,,,,,,,,,official_menu,https://www.sina.cn/news/detail/5231380089015447.html,米村本月新品【鸡腿肉炖土豆】全国上市啦（米村拌饭官方微博，经新浪转载）,2025-11-10,,菜单事实来自官方微博（A级菜单事实），无任何营养数据；UGC 热量表（早于本品上市）未收录。『先炸后炖』意味着油脂显著高于普通炖锅，但油量未知 → 不写数值，进 needs_estimation。⚠️ 官方微博自述『米村拌饭月月上新，每月10号』→ 本品在 2026-09 是否仍在售未能核实，标 lto_uncertain。,U,,米村拌饭 鸡腿肉炖土豆; 米村拌饭 新品; 米村拌饭 减脂; 米村拌饭 热量; 米村拌饭 拼好饭; 米村拌饭 去酱; 米村拌饭 儿童金枪鱼拌饭,不喝/少淋汤汁; 土豆已含碳水 → 米饭减半,stew; chicken; potato; deep_fried; new_product; lto_uncertain,needs_estimation,2026-09-18,single_item,,先炸后炖的吸油量（最大不确定源）; 官方推荐的汤汁拌饭会额外增加摄入; 土豆碳水量,,
micun-cn-gududu-heiya-bao,米村拌饭,B,咕嘟嘟黑鸭煲,simmered black duck claypot,炖锅/汤锅,江阴万达店 Ctrip『本店特色美食』列表出现。,1,份,,,,,,,,unknown,,,,,,,,,third_party_analysis,https://you.ctrip.com/food/235/127838421.html,米村拌饭(江阴万达店) 本店特色美食 | 携程美食,2026-09-18,,⚠️ 菜单事实仅单一门店商户自填列表支撑，官网 / 官方微博 / UGC 热量表 / 其它媒体均无此款 → 可能是区域限定或已结束的 LTO。保留 menu_only，不做任何营养估算。,U,,米村拌饭 咕嘟嘟黑鸭煲; 米村拌饭 减脂; 米村拌饭 热量; 米村拌饭 拼好饭; 米村拌饭 去酱; 米村拌饭 儿童金枪鱼拌饭,去皮; 不喝汤汁,claypot; duck; high_fat; menu_fact_uncertain; single_source,menu_only,2026-09-18,single_item,,鸭肉带皮脂肪; 煲类油糖量,,
micun-cn-shiguo-dajiang-tang,米村拌饭,B,石锅大酱汤,stone-pot soybean paste soup,汤/免费小菜,韩式大酱汤，石锅现上；UGC 表报价16元。多店特色菜列表与百度知道回答均提及（大连黄河路店用户 2021 年点评『女儿点的大酱汤，味道很正宗』）。减脂场景中『喝汤增饱腹』的常见搭配，但钠偏高。,1,份,221,,,,,,,estimated_point,194,248,,,,,,,third_party_analysis,https://m.baidu.com/bh/m/detail/ar_2857837884429501260,热量测评第1⃣️8⃣️5⃣ #米村拌饭热量（小红书笔记，经百度笔记聚合页转述）,2026-09-18,https://www.dianping.com/discovery/643389338,数值来自小红书 UGC『米村拌饭热量测评』表（三份转载均收录）。三份转载笔记交叉核对结果：221 / 221 / 221 完全一致。均无称重/计算方法披露 → 按 SCHEMA §3 定 C 级，附 ±12% 区间，不冒充 B 级。宏量营养素/钠/纤维/糖来源均未给 → 全部留空。,C,,米村拌饭 大酱汤 热量; 米村拌饭 汤; 米村拌饭 减脂; 米村拌饭 热量; 米村拌饭 拼好饭; 米村拌饭 去酱; 米村拌饭 儿童金枪鱼拌饭,控钠人群少喝汤只吃料; 减脂期用作餐前饱腹（能量低但钠高）,soup; soybean_paste; low_calorie; high_sodium,nutrition_missing,2026-09-18,single_item,,酱汁份量; 烹调油量; 门店现制份量波动,,221 kcal ±12%（C级）。注意 UGC 提示『减肥的宝子们…不要吃汤汤水水』针对的是钠/储水而非能量。
micun-cn-dun-niurou-tang,米村拌饭,B,炖牛肉汤,braised beef soup,汤/免费小菜,仅在一份小红书 UGC 热量表转载中出现（『炖牛肉汤～340大卡 24💰』），另两份转载无此款。,1,份,340,,,,,,,estimated_point,300,380,,,,,,,third_party_analysis,https://m.baidu.com/bh/m/detail/ar_2857837884429501260,热量测评第1⃣️8⃣️5⃣ #米村拌饭热量（小红书笔记，经百度笔记聚合页转述）,2026-09-18,,⚠️ 单源且孤立：三份 UGC 转载中仅『养生美容小窍门』一份收录，官网 / 门店 Ctrip 列表均无『炖牛肉汤』（门店列表有『烧牛肉炖土豆 610大卡』）。24元的价格与烧牛肉炖土豆接近，疑为同款异名或已下架款。按 SCHEMA 不合并、不擅自取舍 → 保留独立行，因单源+存在性存疑降为 D 级，区间取 300–380（反映不确定性，不套机械 ±12%）。宏量未给 → 留空。,D,,米村拌饭 炖牛肉汤; 米村拌饭 减脂; 米村拌饭 热量; 米村拌饭 拼好饭; 米村拌饭 去酱; 米村拌饭 儿童金枪鱼拌饭,不喝汤只吃料,soup; beef; menu_fact_uncertain; single_source,nutrition_missing,2026-09-18,single_item,,是否与烧牛肉炖土豆同款（未确认）; 汤中油脂; 牛肉克重,小红书 UGC 表（单一转载）：炖牛肉汤 340 kcal / 24元 | 同系列另两份转载 + 9 家门店特色菜列表：无『炖牛肉汤』，但有『烧牛肉炖土豆 610 kcal』 | SKU 存在性与命名冲突；若为同款则热量差 270 kcal | 同一名 UGC 表在不同转载中被改写/漏项；或为区域限定、已改名、已下架,340 kcal（D级，单源）；SKU 存在性与命名待官方核实，不建议在 App 中直接展示。
micun-cn-xiangla-youyu,米村拌饭,B,香辣鱿鱼（UGC 亦记作石板鱿鱼）,spicy squid (sizzling plate),石板菜/小炒/煲,官网『米村五大招牌』之一。韩式甜辣口铁板鱿鱼须，UGC 表报价28元、头条 2026-02 笔记报价27.9元，为门店第一人气单品；刺猬公社/搜狐多篇文章点名其为『健身人破功』的头号诱惑项。,1,份,322,,,,,,,estimated_point,283,361,,,,,,,third_party_analysis,https://m.baidu.com/bh/m/detail/ar_2857837884429501260,热量测评第1⃣️8⃣️5⃣ #米村拌饭热量（小红书笔记，经百度笔记聚合页转述）,2026-09-18,https://m.baidu.com/bh/m/detail/ar_2604748604300970621,数值来自小红书 UGC『米村拌饭热量测评』表（三份转载均收录）。三份转载笔记交叉核对结果：322 / 322 / 322 完全一致；两份记作『香辣鱿鱼』、一份记作『石板鱿鱼』→ 判定同款异名。均无称重/计算方法披露 → 按 SCHEMA §3 定 C 级，附 ±12% 区间，不冒充 B 级。宏量营养素/钠/纤维/糖来源均未给 → 全部留空。,C,,米村拌饭 香辣鱿鱼 热量; 米村拌饭 香辣鱿鱼; 米村拌饭 减脂; 米村拌饭 热量; 米村拌饭 拼好饭; 米村拌饭 去酱; 米村拌饭 儿童金枪鱼拌饭,不拌入米饭（UGC 隐藏吃法『香辣鱿鱼+米饭 = 554大卡』）; 多人分食; 减脂期列为高风险诱惑项,sizzling_plate; squid; seafood; high_protein; signature; spicy; share_plate,nutrition_missing,2026-09-18,single_item,,酱汁份量; 烹调油量; 门店现制份量波动,,322 kcal ±12%（C级，三源一致）。UGC 隐藏吃法组合『香辣鱿鱼+米饭』= 554 kcal（同一 UGC 表口径，与 322 + 米饭232 = 554 自洽）。
micun-cn-xiangjian-qinghuayu,米村拌饭,B,香煎青花鱼,pan-fried mackerel,小食/单加,煎青花鱼（鲭鱼），UGC 表报价12元。为本轮扫到的小食中『高蛋白 + 相对低卡』性价比最高的荤食项之一。,1,份,194,,,,,,,estimated_point,171,217,,,,,,,third_party_analysis,https://m.baidu.com/bh/m/detail/ar_2857837884429501260,热量测评第1⃣️8⃣️5⃣ #米村拌饭热量（小红书笔记，经百度笔记聚合页转述）,2026-09-18,https://m.baidu.com/bh/m/detail/ar_4911945563770237371,数值来自小红书 UGC『米村拌饭热量测评』表（三份转载均收录）。三份转载笔记交叉核对结果：193 / 195 / 195 —— 2 kcal 分歧，取中值 194 kcal，±12% 区间（170–217）已完整覆盖两源。均无称重/计算方法披露 → 按 SCHEMA §3 定 C 级，附 ±12% 区间，不冒充 B 级。宏量营养素/钠/纤维/糖来源均未给 → 全部留空。,C,,米村拌饭 香煎青花鱼 热量; 米村拌饭 高蛋白 低卡; 米村拌饭 减脂; 米村拌饭 热量; 米村拌饭 拼好饭; 米村拌饭 去酱; 米村拌饭 儿童金枪鱼拌饭,不额外蘸香辣蘸料（402 kcal/100g）; 作为主蛋白来源搭配半份米饭,fish; seafood; high_protein; low_calorie; pan_fried,nutrition_missing,2026-09-18,single_item,,酱汁份量; 烹调油量; 门店现制份量波动,,
micun-cn-chaoxianzu-michang,米村拌饭,B,朝鲜族米肠（UGC 亦记作米肠）,joseon-style blood & rice sausage,小食/单加,糯米+猪血灌制的朝鲜族传统小吃，内含野生苏子叶（大众点评大连用户 2021 描述），UGC 表报价12元。延边『朝鲜族非遗』品牌定位的代表小食。,1,份,385,,,,,,,estimated_point,339,431,,,,,,,third_party_analysis,https://m.baidu.com/bh/m/detail/ar_2857837884429501260,热量测评第1⃣️8⃣️5⃣ #米村拌饭热量（小红书笔记，经百度笔记聚合页转述）,2026-09-18,https://www.dianping.com/discovery/643389338,数值来自小红书 UGC『米村拌饭热量测评』表（两份转载收录）。三份转载笔记交叉核对结果：385 / 385 一致（分别记作『朝鲜族米肠』『米肠』）。均无称重/计算方法披露 → 按 SCHEMA §3 定 C 级，附 ±12% 区间，不冒充 B 级。宏量营养素/钠/纤维/糖来源均未给 → 全部留空。,C,,米村拌饭 米肠 热量; 米村拌饭 朝鲜族米肠; 米村拌饭 减脂; 米村拌饭 热量; 米村拌饭 拼好饭; 米村拌饭 去酱; 米村拌饭 儿童金枪鱼拌饭,控制份数（糯米+猪血=碳水与脂肪同时来源）; 不蘸香辣蘸料,snack; sausage; offal; glutinous_rice; heritage; high_sodium,nutrition_missing,2026-09-18,single_item,,酱汁份量; 烹调油量; 门店现制份量波动,,
micun-cn-hongshao-shenhai-xueyu,米村拌饭,B,红烧深海鳕鱼,braised deep-sea cod,小食/单加,北京 / 沈阳 / 恒隆 / 汪清 / 南京 / 昌平 / 维多利 / 望京 8 家门店 Ctrip 列表出现，覆盖面极广 → 判定为常规在售 SKU。财经天下 2024-10 报道门店现制食材含『鳕鱼』（『操作员把牛肉、鸡肉、鳕鱼、芝士、咖喱等食材一一开包，放到铁板上快速加热拌匀』）。,1,份,,,,,,,,unknown,,,,,,,,,third_party_analysis,https://you.ctrip.com/food/beijing1/131003055.html,米村拌饭(熙悦龙湖店) 本店特色美食 | 携程美食,2026-09-18,https://k.sina.cn/article_2268916473_873ceaf9019019tm0.html,菜单事实 8/9 家门店交叉 + 财经天下报道旁证 → 可信度高。无任何营养数据，UGC 热量表未收录（表内『香煎青花鱼193–195大卡』为另一款鱼，不合并）。红烧做法糖油未知，且财经天下提示为半成品铁板复热 → 不写数值，进 needs_estimation。,U,,米村拌饭 红烧深海鳕鱼; 米村拌饭 鳕鱼; 米村拌饭 减脂; 米村拌饭 热量; 米村拌饭 拼好饭; 米村拌饭 去酱; 米村拌饭 儿童金枪鱼拌饭,少淋红烧汁; 作为主蛋白来源时优先于肥牛锅/小酥肉,fish; seafood; braised; high_protein; menu_fact_moderate,needs_estimation,2026-09-18,single_item,,红烧汁糖油量; 鳕鱼是否为裹粉油炸预处理（半成品）; 实际克重,,
micun-cn-fengwei-zhaji,米村拌饭,B,风味炸鸡,seasoned fried chicken,小食/单加,炸鸡小食，UGC 表未标价。为 UGC 表中热量最低档之一，但属油炸品、能量密度高。,1,份,174,,,,,,,estimated_point,153,195,,,,,,,third_party_analysis,https://m.baidu.com/bh/m/detail/ar_2857837884429501260,热量测评第1⃣️8⃣️5⃣ #米村拌饭热量（小红书笔记，经百度笔记聚合页转述）,2026-09-18,https://m.baidu.com/bh/m/detail/ar_2604748604300970621,数值来自小红书 UGC『米村拌饭热量测评』表（三份转载中两份收录）。三份转载笔记交叉核对结果：175 / 173 —— 取中值 174 kcal，±12%（153–195）已覆盖两源。均无称重/计算方法披露 → 按 SCHEMA §3 定 C 级，附 ±12% 区间，不冒充 B 级。宏量营养素/钠/纤维/糖来源均未给 → 全部留空。,C,,米村拌饭 风味炸鸡 热量; 米村拌饭 减脂; 米村拌饭 热量; 米村拌饭 拼好饭; 米村拌饭 去酱; 米村拌饭 儿童金枪鱼拌饭,去皮; 减脂期建议不点,snack; fried_chicken; deep_fried; high_fat,nutrition_missing,2026-09-18,single_item,,酱汁份量; 烹调油量; 门店现制份量波动,,
micun-cn-tengjiao-xiao-surou,米村拌饭,B,藤椒小酥肉,sichuan-pepper deep-fried pork bites,小食/单加,藤椒味小酥肉（油炸），UGC 表报价8元，为菜单最低价荤食小食之一。,1,份,181,,,,,,,estimated_point,159,203,,,,,,,third_party_analysis,https://m.baidu.com/bh/m/detail/ar_2857837884429501260,热量测评第1⃣️8⃣️5⃣ #米村拌饭热量（小红书笔记，经百度笔记聚合页转述）,2026-09-18,https://m.baidu.com/bh/m/detail/ar_4911945563770237371,数值来自小红书 UGC『米村拌饭热量测评』表（三份转载中两份收录）。三份转载笔记交叉核对结果：181 / 181 一致。均无称重/计算方法披露 → 按 SCHEMA §3 定 C 级，附 ±12% 区间，不冒充 B 级。宏量营养素/钠/纤维/糖来源均未给 → 全部留空。,C,,米村拌饭 藤椒小酥肉 热量; 米村拌饭 减脂; 米村拌饭 热量; 米村拌饭 拼好饭; 米村拌饭 去酱; 米村拌饭 儿童金枪鱼拌饭,减脂期建议不点; 作为蛋白补充不如香煎青花鱼/单加金枪鱼,snack; pork; deep_fried; spicy; high_fat,nutrition_missing,2026-09-18,single_item,,酱汁份量; 烹调油量; 门店现制份量波动,,181 kcal ±12%（C级）。⚠️ 181 kcal 对一份油炸小酥肉偏低，疑为单份克重较小或 UGC 录入偏差；按不假精确原则不上调，仅保留 ±12% 区间并在此标注疑点。
micun-cn-jiangxiang-niurou-li,米村拌饭,B,酱香牛肉粒,sauce-flavoured beef cubes,小食/单加,酱香口味牛肉粒，健身圈常用作『单加蛋白』项。UGC 表报价8元；大众点评 2024-01 笔记报价12元（『再加个煎蛋（3元）…加一份💰12的酱香牛肉粒拌到饭里』）。汪清店 Ctrip 列表亦出现。,1,份,198,,,,,,,estimated_point,174,222,,,,,,,third_party_analysis,https://m.baidu.com/bh/m/detail/ar_2857837884429501260,热量测评第1⃣️8⃣️5⃣ #米村拌饭热量（小红书笔记，经百度笔记聚合页转述）,2026-09-18,https://m.dianping.com/discovery/1390819556,数值来自小红书 UGC『米村拌饭热量测评』表（两份转载收录）。三份转载笔记交叉核对结果：198 / 198 一致。均无称重/计算方法披露 → 按 SCHEMA §3 定 C 级，附 ±12% 区间，不冒充 B 级。宏量营养素/钠/纤维/糖来源均未给 → 全部留空。,C,,米村拌饭 酱香牛肉粒 热量; 米村拌饭 加蛋白; 米村拌饭 减脂; 米村拌饭 热量; 米村拌饭 拼好饭; 米村拌饭 去酱; 米村拌饭 儿童金枪鱼拌饭,作为拌饭的单加蛋白项（优于加芝士/年糕类）,snack; beef; high_protein; add_on; low_calorie,nutrition_missing,2026-09-18,single_item,,酱汁份量; 烹调油量; 门店现制份量波动,小红书 UGC 表（养生美容小窍门转载）：酱香牛肉粒 198大卡 8💰 | 小红书 UGC 表（V生活真探社转载）：酱香牛肉粒 198大卡（未标价）；大众点评『杭州平价一人食｜米村拌饭穷鬼套餐(带热量)』2024-01-17：一份12元 | 热量完全一致（198 kcal）；价格 8元 vs 12元 | 不同城市/年份定价差异（2024→2025/26 涨价），或单加份与整份规格不同,198 kcal ±12%（C级）。价格 8–12元 随地域/时间波动，不作为营养字段。
micun-cn-shiguo-caixin,米村拌饭,B,石锅菜心,stone-pot baby bok choy,小食/单加,石锅烹制的菜心，为单加蔬菜项之一。刺猬公社引述小红书健身圈的对照口径：『吃4份石锅菜心的热量比吃一份芝士玉米还低』（芝士玉米381 kcal → 单份石锅菜心 <95 kcal）。,1,份,,,,,,,,unknown,,,,,,,,,third_party_analysis,https://post.smzdm.com/p/a95g9gd5/,赛级健身人，都在米村拌饭『拼好饭』（刺猬公社 陈只三，经什么值得买转载）,2026-08-26,https://m.163.com/dy/article/L4OQJRQ9051282JL.html,仅有一个不等式约束（4份 < 381 kcal，即单份 <95 kcal），无点值、无克重、无方法 → 按『不假精确』原则不写任何数值，进 needs_estimation。可由谷传玲实测蔬菜口径（单加菠菜/杏鲍菇一份≈100g≈20–25 kcal，水煮基本无油）做 component estimate，但石锅菜心可能带油带汁，误差大，故本轮不估。,U,,米村拌饭 石锅菜心; 米村拌饭 加菜; 米村拌饭 减脂; 米村拌饭 热量; 米村拌饭 拼好饭; 米村拌饭 去酱; 米村拌饭 儿童金枪鱼拌饭,作为『加菜』首选之一（谷传玲建议每顿正餐蔬菜≥150g，米村基底只有≈80g）,vegetable; add_on; low_calorie; fiber; weight_loss_favourite,needs_estimation,2026-09-18,single_item,,石锅烹制是否加油/加汁; 单份克重（未称重）,,<95 kcal/份（由刺猬公社引述的不等式推得的上界，非点值；按 SCHEMA 不写入数值字段）。
micun-cn-add-jidan,米村拌饭,B,单加煎蛋（可生食鸡蛋）,add-on fried egg (pasteurised),小食/单加,门店单加项，报价3元（头条 2026-02 笔记）。拌饭标配为一枚现煎可生食鸡蛋；轻食系列配黄天鹅可生食溏心蛋。健身圈『增肌要煎蛋』的核心单加项。,1,份,80,7,,,,,,estimated_point,70,90,,,,,,,third_party_analysis,http://m.toutiao.com/group/7680169194310091283/?upstream_biz=VolcEngine,我拆了4份米村拌饭，发现减脂最大的坑根本不是米饭（营养师谷传玲）,2026-08-31,http://m.toutiao.com/group/7609287600645489215/,B级依据：谷传玲称重『50克煎蛋≈7克蛋白质』（按 USDA 同类熟制食物估算），并在轻食拌饭拆解中记『鸡蛋约52克=90千卡』（含煎制用油）。两个口径合成 70–90 kcal 实测区间，取中值 80 kcal 作 estimated_point。protein_g=7 有明确称重依据故填写；碳水/脂肪未给 → 留空（SCHEMA §2 允许宏量缺失并在 source_notes 说明）。门店报价3元（头条 2026-02 笔记）。,B,,米村拌饭 煎蛋; 米村拌饭 加蛋 蛋白质; 米村拌饭 拼好饭; 米村拌饭 减脂; 米村拌饭 热量; 米村拌饭 拼好饭; 米村拌饭 去酱; 米村拌饭 儿童金枪鱼拌饭,作为拌饭单加蛋白首选（+7g蛋白 / +70–90 kcal）; 谷传玲改良方案的标准组件,egg; add_on; high_protein; low_calorie; weight_loss_favourite,nutrition_missing,2026-09-18,single_item,,煎制用油量（谷口径52g蛋=90 kcal 已含油）; 生食级鸡蛋规格（≈50g）,,70–90 kcal、蛋白≈7g（谷传玲称重，B级）。
micun-cn-add-bocai,米村拌饭,B,单加菠菜,add-on blanched spinach,小食/单加,谷传玲实测『一份菠菜约100克』，并推荐优先加菠菜（引 USDA：100g 焯煮菠菜含叶酸146µg、镁87mg、钾466mg、钙136mg；引 Chai & Liebman 2005：水煮可明显降低可溶性草酸）。刺猬公社实测的 DIY 组合含3份菠菜。门店报价约2元（搜狐/十点读书会 2026-09）。,1,份,,,,,,,,estimated_range,15,30,,,,,,,third_party_analysis,http://m.toutiao.com/group/7680169194310091283/?upstream_biz=VolcEngine,我拆了4份米村拌饭，发现减脂最大的坑根本不是米饭（营养师谷传玲）,2026-08-31,https://post.smzdm.com/p/a95g9gd5/,谷传玲实测『一份菠菜约100克』，并推荐优先加菠菜（引 USDA：100g 焯煮菠菜含叶酸146µg、镁87mg、钾466mg、钙136mg；引 Chai & Liebman 2005：水煮可明显降低可溶性草酸）。刺猬公社实测的 DIY 组合含3份菠菜。门店报价约2元（搜狐/十点读书会 2026-09）。 B级：有明确称重克重与计算依据（USDA FoodData Central + 参考文献）。按 SCHEMA §2 用 estimated_range 只填 min/max，point 值留空（区间中值仅作参照，不写入 energy_kcal）。宏量除蛋白外未逐项给出 → 留空。,B,,米村拌饭 菠菜; 米村拌饭 单加; 米村拌饭 拼好饭; 米村拌饭 减脂; 米村拌饭 热量; 米村拌饭 拼好饭; 米村拌饭 去酱; 米村拌饭 儿童金枪鱼拌饭,减脂期优先单加蔬菜类（菠菜/杏鲍菇）; 增肌期优先单加蛋白类（金枪鱼/煎蛋）; 谷传玲建议把蔬菜总量从≈80g 拉到150g+,vegetable; add_on; low_calorie; fiber; weight_loss_favourite,nutrition_missing,2026-09-18,single_item,,单加份实际克重（门店手工盛装，波动大）; 是否带油/带汁,,
micun-cn-add-xingbaogu,米村拌饭,B,单加杏鲍菇,add-on king oyster mushroom,小食/单加,谷传玲实测『一份杏鲍菇约100克』，与菠菜并列为她推荐的加菜项；头条 2026-02 笔记报门店价2元。能量按菌菇通用密度估（未单独称重）→ 保守给 20–35 kcal 区间。,1,份,,,,,,,,estimated_range,20,35,,,,,,,third_party_analysis,http://m.toutiao.com/group/7680169194310091283/?upstream_biz=VolcEngine,我拆了4份米村拌饭，发现减脂最大的坑根本不是米饭（营养师谷传玲）,2026-08-31,https://post.smzdm.com/p/a95g9gd5/,谷传玲实测『一份杏鲍菇约100克』，与菠菜并列为她推荐的加菜项；头条 2026-02 笔记报门店价2元。能量按菌菇通用密度估（未单独称重）→ 保守给 20–35 kcal 区间。 B级：有明确称重克重与计算依据（USDA FoodData Central + 参考文献）。按 SCHEMA §2 用 estimated_range 只填 min/max，point 值留空（区间中值仅作参照，不写入 energy_kcal）。宏量除蛋白外未逐项给出 → 留空。,B,,米村拌饭 杏鲍菇; 米村拌饭 单加; 米村拌饭 拼好饭; 米村拌饭 减脂; 米村拌饭 热量; 米村拌饭 拼好饭; 米村拌饭 去酱; 米村拌饭 儿童金枪鱼拌饭,减脂期优先单加蔬菜类（菠菜/杏鲍菇）; 增肌期优先单加蛋白类（金枪鱼/煎蛋）; 谷传玲建议把蔬菜总量从≈80g 拉到150g+,vegetable; mushroom; add_on; low_calorie; fiber,nutrition_missing,2026-09-18,single_item,,单加份实际克重（门店手工盛装，波动大）; 是否带油/带汁,,
micun-cn-add-yumili,米村拌饭,B,单加甜玉米粒,add-on sweet corn kernels,小食/单加,谷传玲称重：拌饭基底内『甜玉米粒30克≈25千卡』；轻食款内『玉米约40克=33千卡』。作为单加项时份量约30–40g → 取 21–33 kcal 区间。属快碳来源，刺猬公社提到的『把玉米粒换成菠菜』即降碳操作。,1,份,,,,,,,,estimated_range,21,33,,,,,,,third_party_analysis,http://m.toutiao.com/group/7680169194310091283/?upstream_biz=VolcEngine,我拆了4份米村拌饭，发现减脂最大的坑根本不是米饭（营养师谷传玲）,2026-08-31,https://post.smzdm.com/p/a95g9gd5/,谷传玲称重：拌饭基底内『甜玉米粒30克≈25千卡』；轻食款内『玉米约40克=33千卡』。作为单加项时份量约30–40g → 取 21–33 kcal 区间。属快碳来源，刺猬公社提到的『把玉米粒换成菠菜』即降碳操作。 B级：有明确称重克重与计算依据（USDA FoodData Central + 参考文献）。按 SCHEMA §2 用 estimated_range 只填 min/max，point 值留空（区间中值仅作参照，不写入 energy_kcal）。宏量除蛋白外未逐项给出 → 留空。,B,,米村拌饭 甜玉米粒; 米村拌饭 单加; 米村拌饭 拼好饭; 米村拌饭 减脂; 米村拌饭 热量; 米村拌饭 拼好饭; 米村拌饭 去酱; 米村拌饭 儿童金枪鱼拌饭,减脂期优先单加蔬菜类（菠菜/杏鲍菇）; 增肌期优先单加蛋白类（金枪鱼/煎蛋）; 谷传玲建议把蔬菜总量从≈80g 拉到150g+,vegetable; corn; add_on; carb_source,nutrition_missing,2026-09-18,single_item,,单加份实际克重（门店手工盛装，波动大）; 是否带油/带汁,,
micun-cn-add-jinqiangyu,米村拌饭,B,单加水浸金枪鱼,add-on water-packed tuna,小食/单加,两个独立口径：刺猬公社引述小红书『45g的金枪鱼只有83大卡』（→184 kcal/100g）；谷传玲称重『水浸金枪鱼≈60g≈12g蛋白』。合并为 45–60g / 83–111 kcal（energy_kcal 填中值 97，按 estimated_range 以区间为准）。搜狐/十点读书会 2026-09 记门店单加价约3元，并确认儿童金枪鱼拌饭『含60克金枪鱼，大概12克蛋白质』。,1,份,,,,,,,,estimated_range,83,111,,,,,,,third_party_analysis,http://m.toutiao.com/group/7680169194310091283/?upstream_biz=VolcEngine,我拆了4份米村拌饭，发现减脂最大的坑根本不是米饭（营养师谷传玲）,2026-08-31,https://post.smzdm.com/p/a95g9gd5/,两个独立口径：刺猬公社引述小红书『45g的金枪鱼只有83大卡』（→184 kcal/100g）；谷传玲称重『水浸金枪鱼≈60g≈12g蛋白』。合并为 45–60g / 83–111 kcal（energy_kcal 填中值 97，按 estimated_range 以区间为准）。搜狐/十点读书会 2026-09 记门店单加价约3元，并确认儿童金枪鱼拌饭『含60克金枪鱼，大概12克蛋白质』。 B级：有明确称重克重与计算依据（USDA FoodData Central + 参考文献）。按 SCHEMA §2 用 estimated_range 只填 min/max，point 值留空（区间中值仅作参照，不写入 energy_kcal）。宏量除蛋白外未逐项给出 → 留空。,B,,米村拌饭 水浸金枪鱼; 米村拌饭 单加; 米村拌饭 拼好饭; 米村拌饭 减脂; 米村拌饭 热量; 米村拌饭 拼好饭; 米村拌饭 去酱; 米村拌饭 儿童金枪鱼拌饭,减脂期优先单加蔬菜类（菠菜/杏鲍菇）; 增肌期优先单加蛋白类（金枪鱼/煎蛋）; 谷传玲建议把蔬菜总量从≈80g 拉到150g+,seafood; tuna; add_on; high_protein; low_calorie; weight_loss_favourite,nutrition_missing,2026-09-18,single_item,,单加份实际克重（门店手工盛装，波动大）; 是否带油/带汁,,
micun-cn-add-huluobo,米村拌饭,B,单加胡萝卜,add-on carrot,小食/单加,搜狐/十点读书会（2026-09-10）记『两块钱的菠菜和胡萝卜』→ 门店单加约2元，为『拼好饭』常用蔬菜项。谷传玲基底称重将菠菜/胡萝卜/杏鲍菇合并计（80g=15 kcal），未单独给胡萝卜单加份的能量。,1,份,,,,,,,,unknown,,,,,,,,,third_party_analysis,https://www.sohu.com/a/1074396458_121124777/,中产减脂的尽头：9块9米村拌饭（十点读书会，经搜狐转载）,2026-09-10,http://m.toutiao.com/group/7680169194310091283/?upstream_biz=VolcEngine,菜单事实与价格有据（2元/份）；能量无独立来源（谷传玲未单独称重胡萝卜单加份）→ 按不假精确原则不写数值，进 needs_estimation。可用同类项菠菜（100g≈20 kcal）做 C 级类比，但本轮不写入字段。,U,,米村拌饭 胡萝卜; 米村拌饭 单加; 米村拌饭 减脂; 米村拌饭 热量; 米村拌饭 拼好饭; 米村拌饭 去酱; 米村拌饭 儿童金枪鱼拌饭,减脂期作为加菜项（与菠菜/杏鲍菇同类）,vegetable; add_on; low_calorie; fiber,needs_estimation,2026-09-18,single_item,,单加份克重（未称重）; 是否带油/带汁,,
micun-cn-add-haitai-sui,米村拌饭,B,单加芝麻海苔碎,add-on sesame seaweed flakes,小食/单加,拌饭标配撒料，门店可单加（头条 2026-02 笔记报价2元）。是减脂人群最常被去掉的项之一：两个独立称重口径显示其能量密度高达 540–600 kcal/100g（芝麻为主要脂肪来源）。,1,份,,,,,,,,estimated_range,30,78,,,,,,,third_party_analysis,https://post.smzdm.com/p/a95g9gd5/,赛级健身人，都在米村拌饭『拼好饭』（刺猬公社 陈只三，引述小红书健身圈实测）,2026-08-20,http://m.toutiao.com/group/7680169194310091283/?upstream_biz=VolcEngine,三个实测份量口径（克重不同，故按 SCHEMA §2 用 estimated_range 只填 min/max、point 留空）：①刺猬公社引述小红书『13g的海苔碎是70大卡』→538 kcal/100g；②谷传玲称重拌饭基底『芝麻海苔碎5克≈30千卡』→600 kcal/100g；③谷传玲轻食款『海苔芝麻碎约10克=60千卡』→600 kcal/100g。区间 30–78 kcal 覆盖 5g/10g/13g 三档；参照点值（10g≈60–70 kcal）仅记于 best_current_estimate，不写入 energy_kcal。宏量未给 → 留空。,B,,米村拌饭 海苔碎 热量; 米村拌饭 去海苔碎; 米村拌饭 减脂; 米村拌饭 热量; 米村拌饭 拼好饭; 米村拌饭 去酱; 米村拌饭 儿童金枪鱼拌饭,去海苔碎（小红书@小千饱了逐项 delta：石锅拌饭 −59 kcal、牛肉粒拌饭 −81 kcal、金枪鱼拌饭 −59 kcal）; 单加时按半份计,topping; seaweed; sesame; add_on; high_fat; weight_loss_removal_target,nutrition_missing,2026-09-18,single_item,,实际撒放克重（5g / 10g / 13g 三种实测口径，门店手工撒放不标准）; 芝麻占比（脂肪来源）,刺猬公社（引述小红书健身圈实测）：13g 海苔碎 = 70 kcal（538 kcal/100g） | 谷传玲称重：拌饭基底 5g ≈ 30 kcal、轻食款 10g ≈ 60 kcal（均 600 kcal/100g） | 每100g 538 vs 600 kcal；单份克重 5g / 10g / 13g 三种 | 门店手工撒放量不标准 + 不同款式（拌饭基底 vs 轻食款 vs 单加份）克重不同；芝麻/海苔比例批次差异,按份量给区间：5g≈30 kcal / 10g≈60 kcal / 13g≈70 kcal（能量密度 540–600 kcal/100g）。『去海苔碎』的可节省量以 UGC 逐项 delta −59～−81 kcal 为准。
micun-cn-bai-mifan,米村拌饭,B,白米饭（五常稻花香米）,steamed white rice (Wuchang Daohuaxiang),主食,黑龙江五常自有核心产区种植基地专供、一年一季稻花香米（官网/企业定位原话，刺猬公社引述）。菜单标价3元/碗，堂食免费无限续；亦可在官方小程序单独购买10斤装大米（零售周边，按任务要求不入库）。是『拼好饭』的快碳来源，也是全菜单最大的热量变量。,1,份,,,,,,,,estimated_range,232,360,,,,,,,third_party_analysis,http://m.toutiao.com/group/7680169194310091283/?upstream_biz=VolcEngine,我拆了4份米村拌饭，发现减脂最大的坑根本不是米饭（营养师谷传玲）,2026-08-31,https://m.baidu.com/bh/m/detail/ar_4911945563770237371,B级称重：谷传玲『一份米饭接近300克，能量大约348千卡』（→116 kcal/100g，与 USDA 熟白米 130 kcal/100g 同量级）；她建议减脂女生吃一半（150g，≈174 kcal，直接少摄入174 kcal），男生吃2/3；『150克熟白米饭大约提供42克碳水化合物』（引 USDA）。因四个来源的『一份』克重口径不一致，按 SCHEMA §2 用 estimated_range 只填 min/max（232–360 kcal），point 留空；有称重依据的参照点 300g≈348 kcal 仅记于 best_current_estimate。carbs_g 留空（谷给出的42g碳水对应的是半份150g，与本行 serving 不一致，混填会造成假精确）。刺猬公社另指出『为了保持口感，米村拌饭的米饭和拌菜在烹饪过程中都会添加少量的油』。,B,,米村拌饭 米饭 热量; 米村拌饭 米饭减半; 米村拌饭 五常大米; 米村拌饭 碳水; 米村拌饭 减脂; 米村拌饭 热量; 米村拌饭 拼好饭; 米村拌饭 去酱; 米村拌饭 儿童金枪鱼拌饭,米饭半份（谷传玲口径 −174 kcal；小红书@小千饱了口径半份≈180 kcal）; 米饭三分之一（小红书口径≈120 kcal）; 不免费续第二碗; 轻食款可换五谷杂粮饭（≈230g=267 kcal，纤维更高）,staple; rice; carb_source; free_refill; biggest_calorie_variable,nutrition_missing,2026-09-18,single_item,,『一碗/一份』的实际克重（200g vs 300g vs 351g 三种口径）; 是否免费续第二碗（直接翻倍）; 米饭烹制时添加的少量油（刺猬公社）,谷传玲称重（B）：一份≈300g = 348 kcal（116 kcal/100g） | 小红书 UGC 表（C）：米饭 232 kcal/碗；小红书@小千饱了（C）隐含全份≈360 kcal、半份180、三分之一120；新浪·市井分享社 AI 文（D）：351g = 482 kcal（137 kcal/100g） | 同一『一份米饭』232 / 348 / 360 / 482 kcal，极差 250 kcal | ①『一碗』与『一份』克重定义不同（门店免费续饭导致份量弹性极大；232 kcal 若按116 kcal/100g 反推≈200g，与谷的300g 不同）；②AI 内容农场文的 482 kcal 与其自身分项表其它数值不自洽（拌饭酱30g 仅记36 kcal），判为不可靠；③小千饱了的360 kcal 与谷的348 kcal 仅差3%，可视为同向,232–360 kcal/份（区间）。有称重依据的中位口径为 300g≈348 kcal（谷传玲，B）。减脂计算请统一采用三源共同支持的口径：『半份≈174–180 kcal、三分之一≈120 kcal』。482 kcal 的 AI 文口径不予采用。
micun-cn-wugu-zaliang-fan,米村拌饭,B,五谷杂粮饭（轻食系列主食）,five-grain multigrain rice,主食,轻食拌饭系列主食：黑米、燕麦、糙米、糯米、大米（ITBear / 搜狐 / 北京商报三家一致确认配料）。谷传玲称重≈230g。,1,份,267,,,,,,,estimated_point,240,294,,,,,,,third_party_analysis,http://m.toutiao.com/group/7680169194310091283/?upstream_biz=VolcEngine,我拆了4份米村拌饭，发现减脂最大的坑根本不是米饭（营养师谷传玲）,2026-08-31,https://www.sohu.com/a/1020050544_121956424,B级称重：谷传玲轻食拌饭拆解中『杂粮饭约230克：267千卡』（→116 kcal/100g，与白米饭同密度）。她指出杂粮饭原料含糙米/黑米/紫米/燕麦，相比纯精白米『膳食纤维、矿物质、花青素和部分B族维生素通常会更丰富』（引《中国居民膳食指南2022》），但同时强调『轻食这两个字，真的不等于低热量』。纤维克数未实测 → 留空。,B,,米村 杂粮饭; 米村轻食拌饭 杂粮饭 热量; 米村拌饭 粗粮; 米村拌饭 减脂; 米村拌饭 热量; 米村拌饭 拼好饭; 米村拌饭 去酱; 米村拌饭 儿童金枪鱼拌饭,吃2/3（谷传玲口径 ≈ −89 kcal）; 作为白米饭的替代而非额外添加,staple; multigrain; carb_source; higher_fiber; light_meal,nutrition_missing,2026-09-18,single_item,,实际克重（≈230g）; 糯米占比（升糖与能量密度）,,267 kcal（≈230g，谷传玲称重，B级）。纤维高于白米饭但克数无实测来源 → 不填 fiber_g。
micun-cn-shanquan-da-lengmian,米村拌饭,B,山泉大冷面（UGC 记作冷面）,spring-water cold noodle,主食,望京凯德MALL店 Ctrip 特色菜列表记作『山泉大冷面』；小红书 UGC 表记作『冷面～485大卡 12💰』。朝鲜族冷面（荞麦面+冷汤），为菜单中唯一面食主食。,1,份,485,,,,,,,estimated_point,427,543,,,,,,,third_party_analysis,https://m.baidu.com/bh/m/detail/ar_2857837884429501260,热量测评第1⃣️8⃣️5⃣ #米村拌饭热量（小红书笔记，经百度笔记聚合页转述）,2026-09-18,https://you.ctrip.com/food/beijing1/136360543-dianping.html,数值来自小红书 UGC『米村拌饭热量测评』表（三份转载均收录）。三份转载笔记交叉核对结果：485 / 485 / 485 完全一致。均无称重/计算方法披露 → 按 SCHEMA §3 定 C 级，附 ±12% 区间，不冒充 B 级。宏量营养素/钠/纤维/糖来源均未给 → 全部留空。,C,,米村拌饭 冷面 热量; 米村拌饭 山泉大冷面; 米村拌饭 减脂; 米村拌饭 热量; 米村拌饭 拼好饭; 米村拌饭 去酱; 米村拌饭 儿童金枪鱼拌饭,不喝冷面汤（钠与糖集中在汤）; 作为主食时不再配米饭,noodle; cold_noodle; heritage; low_fat,nutrition_missing,2026-09-18,single_item,,酱汁份量; 烹调油量; 门店现制份量波动,,485 kcal ±12%（C级，三源一致）。⚠️ 名称在门店列表（山泉大冷面）与 UGC（冷面）间不一致，且12元的价格对『大冷面』偏低 → 可能为小份/单点价，规格待核实。
micun-cn-haidai-tang,米村拌饭,B,海带汤（外卖名：解腻海菜汤）,kelp soup,汤/免费小菜,堂食免费无限续的自助汤品（小料台）；外卖以『解腻海菜汤』作为单人餐组成部分（三款美团外卖/到店单人餐券均含此汤）。健身圈视其为『海带补钾、可以去水肿』的加分项；刺猬公社则提醒『连免费的海带泡菜也没被放过…这些都是调料太多容易储水的陷阱食物，只可浅尝切莫贪杯』。,1,份,,,,,,,,unknown,,,,,,,,,third_party_analysis,https://post.smzdm.com/p/a95g9gd5/,赛级健身人，都在米村拌饭『拼好饭』（刺猬公社 陈只三，经什么值得买转载）,2026-08-26,https://www.smzdm.com/p/163525258/,菜单事实充分（刺猬公社 / 搜狐 / 大众点评 / 财经天下『店内米饭、海带汤和所有小菜全部免费、无限续』/ 三款美团外卖券商品名均确认）。无任何来源给出能量或钠数值；刺猬公社仅有定性高钠提示。按不假精确原则全部留空，进 needs_estimation（建议用《中国食物成分表》『海带汤/紫菜汤』条目做 C 级 component estimate）。,U,,米村拌饭 海带汤; 米村拌饭 免费汤; 米村拌饭 解腻海菜汤; 米村拌饭 钠; 米村拌饭 减脂; 米村拌饭 热量; 米村拌饭 拼好饭; 米村拌饭 去酱; 米村拌饭 儿童金枪鱼拌饭,控钠人群少喝或不喝汤; 用作餐前饱腹（能量极低）,soup; free; kelp; low_calorie; high_sodium; delivery_combo_component,needs_estimation,2026-09-18,single_item,,实际饮用量（免费无限续 → 份量完全不可控）; 汤中盐/调味油用量; 是否喝汤（减脂与控钠场景的关键变量）,,
micun-cn-labaicai-paocai,米村拌饭,B,辣白菜 / 泡菜（免费小菜）,spicy cabbage / kimchi (free side),汤/免费小菜,堂食免费无限续的小料台泡菜/辣白菜；外卖以『辣白菜』作为单人餐组成部分。健身圈观点分化：一方认为『辣白菜里面有益生菌，可以助消化』『海带补钾可以去水肿』，另一方（刺猬公社）提醒『调料太多容易储水…只可浅尝切莫贪杯』。大众点评 2024-01 笔记另记免费小菜含酸豆角。,1,份,,,,,,,,unknown,,,,,,,,,third_party_analysis,https://post.smzdm.com/p/a95g9gd5/,赛级健身人，都在米村拌饭『拼好饭』（刺猬公社 陈只三，经什么值得买转载）,2026-08-26,https://m.dianping.com/discovery/1390819556,菜单事实充分（刺猬公社 / 搜狐 / 大众点评 2024-01『免费的海带汤➕泡菜➕酸豆角』/ 财经天下 / 美团外卖券名）。无任何数值来源；两篇新浪 AI 内容农场文的『泡菜钠含量不低，高血压人群建议泡菜少吃』『热量低但钠含量高』均为 D 级定性表述，不作数值依据。全部留空 → needs_estimation。,U,,米村拌饭 辣白菜; 米村拌饭 泡菜 钠; 米村拌饭 免费小菜; 米村拌饭 减脂; 米村拌饭 热量; 米村拌饭 拼好饭; 米村拌饭 去酱; 米村拌饭 儿童金枪鱼拌饭,控钠/高血压人群浅尝; 用作『不加酱』时的替代调味（谷传玲建议路线之一，但钠仍高）,side; free; kimchi; fermented; low_calorie; high_sodium; delivery_combo_component,needs_estimation,2026-09-18,single_item,,实际取用量（免费无限续）; 腌渍钠含量（未检测）; 是否拌入米饭,,
micun-cn-combo-jinqiangyu-haicaitang-labaicai,米村拌饭,B,金枪鱼拌饭+解腻海菜汤+辣白菜 单人餐,tuna bibimbap + kelp soup + kimchi single meal set,套餐（外卖单人餐）,美团外卖在售单人餐兑换券组合（多店可用、限地区）。原价32.38元，2025-11-26 限时特惠28.3元（什么值得买『小值机器人』自动监控记录）。,1,份,,,,,,,,unknown,,,,,,,,,third_party_analysis,https://www.smzdm.com/p/163525258/,米村拌饭 金枪鱼拌饭+解腻海菜汤+辣白菜单人餐兑换券·1张 1次券（购买渠道：美团外卖）,2025-11-30,,菜单事实来自美团外卖券的商品标题（经什么值得买小值机器人自动抓取，可信度高）；但券页不含任何营养信息 → 套餐本身不写数值。组件累加：金枪鱼拌饭 636–700 kcal（谷传玲 B / 小红书 C）+ 解腻海菜汤（unknown）+ 辣白菜（unknown）→ 已知部分 636–700 kcal，未知 2 项。进 needs_estimation。⚠️ 美团外卖 App 本体需登录+定位，本 agent 未绕过；券标题为可公开访问的第三方存档。,U,,米村拌饭 单人餐; 米村拌饭 外卖 套餐; 米村拌饭 减脂; 米村拌饭 热量; 米村拌饭 拼好饭; 米村拌饭 去酱; 米村拌饭 儿童金枪鱼拌饭,备注拌饭酱另放/不放; 备注米饭半份; 不喝汤,combo; delivery; single_meal; preset,needs_estimation,2026-09-18,preset_combo,main=金枪鱼拌饭; soup=解腻海菜汤; side=辣白菜,拌饭酱是否放/放多少（30g整包≈62–73 kcal）; 芝麻海苔碎份量（5g≈30 kcal / 13g≈70 kcal）; 米饭实际份量（门店≈300g，堂食可免费续）; 碗底/烹调油残留（≈5g≈45 kcal）; 汤与小菜的实际摄入量（附带项，份量不可控）,,已知组件合计 636–700 kcal（仅拌饭部分）；汤与辣白菜无数值 → 整套餐记 unknown，进 needs_estimation。
micun-cn-combo-zhaoshao-jitui-haicaitang-labaicai,米村拌饭,B,照烧鸡腿肉拌饭+解腻海菜汤+辣白菜 单人餐,teriyaki chicken bibimbap + kelp soup + kimchi single meal set,套餐（外卖单人餐）,美团外卖在售单人餐兑换券组合。原价31.38元，2025-11-13 限时特惠27.3元。,1,份,,,,,,,,unknown,,,,,,,,,third_party_analysis,https://www.smzdm.com/p/162458578/,米村拌饭 照烧鸡腿肉拌饭+解腻海菜汤+辣白菜单人餐兑换券·1张 1次券（购买渠道：美团外卖）,2025-11-15,,券页无营养信息。组件累加：照烧鸡腿肉拌饭 626 kcal（谷传玲称重，B级）+ 解腻海菜汤（unknown）+ 辣白菜（unknown）。进 needs_estimation。,U,,米村拌饭 单人餐; 米村拌饭 外卖 套餐; 米村拌饭 减脂; 米村拌饭 热量; 米村拌饭 拼好饭; 米村拌饭 去酱; 米村拌饭 儿童金枪鱼拌饭,备注拌饭酱另放/不放; 备注米饭半份; 不喝汤,combo; delivery; single_meal; preset,needs_estimation,2026-09-18,preset_combo,main=照烧鸡腿肉拌饭; soup=解腻海菜汤; side=辣白菜,拌饭酱是否放/放多少（30g整包≈62–73 kcal）; 芝麻海苔碎份量（5g≈30 kcal / 13g≈70 kcal）; 米饭实际份量（门店≈300g，堂食可免费续）; 碗底/烹调油残留（≈5g≈45 kcal）; 汤与小菜的实际摄入量,,已知组件 626 kcal（拌饭，B级）+ 2 项 unknown。
micun-cn-combo-feiyi-shiguo-haicaitang,米村拌饭,B,非遗石锅拌饭+解腻海菜汤 单人餐,heritage stone-pot bibimbap + kelp soup single meal set,套餐（外卖单人餐）,美团外卖/到店单人餐兑换券组合（多店可用）。美团外卖券原价26元（2025-06-19 记录，特惠18.9元）；美团到店券『非遗石锅拌饭+解腻海菜汤』原价33.4元（2025-07-02–2025-11-30 特惠16.9元，现已过期）。,1,份,,,,,,,,unknown,,,,,,,,,third_party_analysis,https://www.zhizhizhi.com/n/c0fz9,美团外卖 米村拌饭 非遗石锅拌饭单人餐兑换券 多店可用（原价26元 现价18.9元）,2025-06-19,https://www.smzdm.com/p/152311574/,⚠️ 时效冲突：2025-06/07 美团外卖与到店均有『非遗石锅拌饭』单人餐券在售，但 2026-04-03 官方微博明确『考虑到外卖无法把石锅的滚烫送至您手里，很遗憾我们在外卖平台暂时下架了非遗石锅拌饭，大家可以选择金碗拌饭系列，或来餐厅感受石锅拌饭的魅力』→ 本套餐在 2026-09 的外卖渠道大概率已不可售。美团外卖 App 与慢慢买比价页均需登录/人机验证，本 agent 未绕过 → 渠道在售状态标 research_status=blocked。组件累加：非遗石锅拌饭 700–730 kcal（C级）+ 解腻海菜汤（unknown）。,U,,米村拌饭 非遗石锅拌饭; 米村拌饭 单人餐 券; 米村拌饭 减脂; 米村拌饭 热量; 米村拌饭 拼好饭; 米村拌饭 去酱; 米村拌饭 儿童金枪鱼拌饭,改点金碗拌饭系列（官方指定的外卖替代方案）; 备注酱另放,combo; delivery; single_meal; preset; possibly_delisted,blocked,2026-09-18,preset_combo,main=非遗石锅拌饭; soup=解腻海菜汤,拌饭酱是否放/放多少（30g整包≈62–73 kcal）; 芝麻海苔碎份量（5g≈30 kcal / 13g≈70 kcal）; 米饭实际份量（门店≈300g，堂食可免费续）; 碗底/烹调油残留（≈5g≈45 kcal）; 外卖渠道是否仍在售（官方称已下架石锅系列）,美团外卖券（2025-06-19）与美团到店券（2025-07-02）：非遗石锅拌饭单人餐在售 | 米村拌饭官方微博（2026-04-03）：外卖平台暂时下架非遗石锅拌饭，改推金碗拌饭系列 | 同一 SKU 在外卖渠道的在售状态相反 | 时间差（2025→2026 渠道策略调整）；官方称『暂时』下架，可能存在区域/时段差异,已知组件 700–730 kcal（拌饭，C级）+ 汤 unknown；外卖在售状态以 2026-04 官方口径为准（已下架）。
micun-cn-diy-pinhaofan-fitness-bowl,米村拌饭,B,健身圈『拼好饭』DIY 组合（儿童金枪鱼拌饭不放酱 + 玉米粒换菠菜 + 3份菠菜 + 1煎蛋）,"DIY fitness bowl (kids tuna bibimbap, no sauce, extra spinach, fried egg)",自组装组合（非官方套餐·拼好饭）,刺猬公社记者实测的『目前最火的一种套餐组合』：点一个不放酱的金枪鱼拌饭（儿童版），为减少碳水把玉米粒换成菠菜，再另外加3份菠菜和1个煎蛋。实测总价19.9元，按小红书热量计算公式约554 kcal，含将近半斤（≈250g）菠菜。这是米村成为『民间减脂竞技场』的代表性组合。,1,份,554,,,,,,,estimated_point,487,621,,,,,,,third_party_analysis,https://post.smzdm.com/p/a95g9gd5/,赛级健身人，都在米村拌饭『拼好饭』（刺猬公社 陈只三，经什么值得买转载）,2026-08-26,https://www.foodaily.com/articles/42233,554 kcal 为刺猬公社记者『按照小红书热量计算公式』得出的组合估算——非称重实测、公式未公开 → C级，±12%区间。用本库组件值交叉校核：儿童金枪鱼拌饭395（C）− 玉米粒25（B）+ 3份菠菜≈60（B）+ 煎蛋80（B）− 拌饭酱≈65（B，若原含）≈ 445–510 kcal，与 554 同量级但偏低约 45–110 kcal；差异可能来自『不放酱』基准是否已扣、以及儿童份米饭克重口径。宏量：可估蛋白≈12g（金枪鱼）+7g（煎蛋）+菠菜≈6g ≈ 25g，但无来源逐项给出 → protein_g 留空，仅记于此备查。,C,,米村拌饭 拼好饭; 米村拌饭 健身餐; 米村拌饭 减脂 点单; 米村拌饭 19块9; 米村拌饭 菠菜; 米村拌饭 减脂; 米村拌饭 热量; 米村拌饭 拼好饭; 米村拌饭 去酱; 米村拌饭 儿童金枪鱼拌饭,可再单加一份金枪鱼（3元）把蛋白提到≈24g; 可换儿童烤牛肉拌饭做基底（440 kcal）; 增肌版：加双份煎蛋 + 单加酱香牛肉粒（198 kcal）,diy_combo; weight_loss_favourite; high_fiber; high_protein; fitness_community,nutrition_missing,2026-09-18,custom_combo,base=儿童金枪鱼拌饭（不放酱）; vegetables=玉米粒换菠菜 + 额外3份菠菜（合计≈250g）; protein=1个煎蛋,是否真的不放酱（−62～−73 kcal）; 菠菜份数与实际克重; 儿童份米饭克重; 煎蛋煎制油量,,≈554 kcal（刺猬公社按小红书公式，C级）；用本库 B/C 级组件交叉校核得 445–560 kcal。对外建议用 480–620 kcal 区间，蛋白≈25g（估算，未入字段）。
shaye-cn-danbai-duoduo-jixiong-reneng-wan,沙野轻食,A,蛋白多多鸡胸热能碗,protein-plus chicken breast energy bowl,热能碗/热轻食,外卖平台在售现制现售轻食碗，约500g/份（消保委送检口径）。2021-12被上海市消保委×新闻晨报·周到联合测评点名：标称385kcal/份，实验室实测666kcal/份（去膳食纤维后653），实测为标称的169.6%。2026年仍为品牌招牌碗，被大量AIGC文转述为『653千卡、蛋白供能比21.6%』。,1,份(约500g),666,36,90,18,,,,estimated_point,653,733,33,40,81,99,16,20,third_party_analysis,https://finance.sina.com.cn/jjxw/2021-12-08/doc-ikyamrmy7707935.shtml,上海市消保委测评热销轻食产品：沙野轻食等品牌热量低标（中国消费者报，新浪财经转载）,2021-12-08,https://women.huanqiu.com/article/45vYkpWRI7G,B级实测：上海源本食品质量检验有限公司（上海市营养食品质量监督检验站）实验室检测，样品购自外卖平台、约500g/份；总能量666kcal/份，按GB28050问答去除膳食纤维能量后653kcal/份。宏量为本库按报道供能比（碳水53.9%/蛋白21.6%/脂肪23.8%）×666kcal反推：C≈89.7g、P≈36.0g、F≈17.6g，四舍五入并给±10%区间——属推导值而非实验室直接报告，min/max已含该不确定度。钠/纤维/糖未披露。注意：检测为2021-12单店单次样品，2026年配方可能已调整。,B,外卖平台宣传页标称约385千卡/份（2021-12消保委记录，现制现售无强制误差约束）; 部分宣传图小字注明『营养和热量指标为估算，仅供参考』/『热量计算为理论值，可能存在偏差』; 低脂高蛋白均衡餐（2026年AIGC文转述）,沙野轻食 蛋白多多鸡胸热能碗; 沙野轻食 热量 实测; 沙野轻食 消保委; 轻食 热量刺客; 沙野轻食 减脂 翻车,备注酱汁分装/换0脂油醋汁（酱料为该品牌实测超标主因之一）; 主食减半; 去芝士/坚果等加料; 按标称×1.7做心理预估（消保委实测倍率）,hot_bowl; high_protein; lab_tested; underlabelled; flagship,complete,2026-09-18,single_item,,酱料是否计入标称（消保委：附酱样品酱料钠占整餐35%）; 主食实际份量（门店差异）; 烹调用油; 2021配方vs2026配方差异,外卖平台宣传页标称约385kcal/份（2021-12消保委/晨报记录） | 消保委实验室实测666kcal/份（去膳食纤维653kcal/份） | 实测-标称≈281kcal，实测=标称169.6%，误差超260kcal | 标称为理论配方值、未含实际酱料与烹调油；主食/蛋白份量门店上浮；现制现售餐不受GB28050±20%约束 // 消保委一手报道：实测666/去纤维653、标称385 | 2026年新浪AIGC文：把653写成『2026新品每份653千卡』，另有AIGC文给出『标称153/实测260』表格 | 653被误当作商家标称/新品数据；153/260为对『误差260千卡』的错置 | AIGC二次转述失真；本库以2021-12中国消费者报一手报道为准，AIGC数字仅记录不采信,666kcal/份（约500g，2021-12上海源本实验室实测；去膳食纤维653kcal）；宏量按供能比折算 P≈36g/C≈90g/F≈18g（推导值）。商家标称385kcal仅记merchant_claim，不作营养事实。
shaye-cn-xiangjian-jixiong-limai-zaliang-wan,沙野轻食,A,香煎鸡胸藜麦杂粮碗（外卖亦作『烤鸡胸藜麦杂粮碗/鸡胸肉杂粮碗』）,pan-seared chicken breast quinoa multigrain bowl,热轻食碗/杂粮碗,外卖热销减脂碗：香煎或嫩烤鸡胸约100g+生菜基底+藜麦/杂粮约150g+西兰花/玉米/青豆等蔬菜；命名在不同城市门店与转述文中不一致（香煎鸡胸杂粮碗/烤鸡胸藜麦杂粮碗/鸡胸肉杂粮碗/热力鸡胸杂粮碗），本库合并为一条并保留异名。,1,份,,,,,,,,estimated_range,380,500,,,,,,,semantic_estimate,https://www.sina.cn/news/article/comos_niqzxcn5105441.html,轻食沙拉外卖怎么选？沙野轻食鸡胸肉杂粮碗减脂餐深度测评+FAQ（新浪AIGC聚合文）,2026-09,https://cj.sina.com.cn/articles/view/7879923685/1d5ae17e506801byq0,C级组件估算：鸡胸100g≈162-187kcal + 生菜基底≈25 + 杂粮/藜麦150g≈150-180 + 其余蔬菜≈50 + 烹调油0-45 → 387-487，取380-500。AIGC文转述外卖平台标称380-480kcal与组件估算吻合，但同品牌热能碗曾被实测为标称169.6%，故标称只进merchant_claims。宏量（P≈30-35g）仅有AIGC转述，无方法，不写入数值字段。,C,外卖平台标注380-480大卡/份（AIGC文转述，未直接抓取，blocked）; 低卡/减脂标签,沙野轻食 鸡胸肉杂粮碗 热量; 沙野轻食 香煎鸡胸杂粮碗; 沙野轻食 减脂 外卖; 沙野轻食 酱料分装,备注酱料分装+选0脂油醋汁（省120-200kcal）; 主食减半/多蔬菜（-50~100kcal）; 嫩烤替代香煎鸡胸（-约25kcal）; 加一份水煮蛋或虾仁补蛋白,hot_bowl; high_protein; quinoa; naming_variants,nutrition_missing,2026-09-18,single_item,,酱料种类与用量（千岛/芝麻酱整包+120~160kcal）; 主食份量（门店默认或双倍）; 鸡胸烹饪方式与刷油; 是否含南瓜/紫薯等根茎类,外卖平台标称380-480kcal/份（AIGC转述） | 本库组件估算387-487kcal + 同品牌实测先例（热能碗实测=标称169.6%） | 标称区间与无酱组件估算吻合，但含酱/含油出餐可能上浮50-80kcal | 标称按无酱理论配方；酱料计入与门店份量差异,380-500kcal/份（不含酱）；含芝麻酱/千岛酱整包另加120-160kcal。
shaye-cn-boyan-kao-shouqiangtui-zaliang-wan,沙野轻食,A,薄盐烤手枪腿杂粮碗,light-salt roasted chicken leg multigrain bowl,热轻食碗/杂粮碗,官方主推热碗：薄盐腌制后烤制的手枪腿（鸡腿），配一颗鸡蛋、南瓜糙米饭（或香米紫米饭/蔓越莓藜麦饭）、烤胡萝卜、烤蘑菇、烤西蓝花。返图最多的门面款。,1,份,,,,,,,,estimated_range,480,680,,,,,,,semantic_estimate,https://k.sina.cn/article_7879849057_1d5acf46106804a7i6.html,沙野轻食的热烤杂粮碗有哪些口味？（新浪AIGC聚合文，含配料明细）,2026-09-11,https://www.sina.cn/news/article/comos_nirranu6170407.html,C级组件估算：烤手枪腿（带皮与否不明，120-180g）≈250-380 + 主食150g≈160-200 + 鸡蛋≈70 + 烤时蔬≈60 + 腌制/烤制用油0-60，保守收窄为480-680（下限假设去皮少油）。AIGC文称400-450kcal、P30g、F<15g，与带皮手枪腿常识不符，判为低标口径，只进merchant_claims并记冲突。,C,整体热量约400-450大卡、脂肪<15g、蛋白约30g（AIGC转述）; 薄盐腌制、低负担,沙野轻食 薄盐烤手枪腿杂粮碗; 沙野轻食 手枪腿 热量; 沙野轻食 热轻食; 沙野轻食 工作餐,杂粮饭换蔬菜基底（部分门店支持）; 备注去皮/少油; 酱料分装选0脂油醋汁; 主食减半,hot_bowl; chicken_leg; high_protein; flagship,nutrition_missing,2026-09-18,single_item,,手枪腿带皮/去皮与份量; 烤制用油; 主食种类与份量; 酱料,AIGC转述400-450kcal、F<15g | 本库组件估算480-680kcal（带皮烤鸡腿+主食+蛋+烤菜+油） | 约80-230kcal | 标称口径疑按去皮瘦肉且不计烤油/蛋/主食全量；同品牌存在系统性低标先例（消保委169.6%）,480-680kcal/份（含蛋与主食，不含另加酱）；AIGC口径400-450仅作商家/转述标称。
shaye-cn-taishi-dabao-jixiongruo-sui-culiang-wan,沙野轻食,A,泰式打抛鸡胸肉碎粗粮碗,Thai-style basil minced chicken breast coarse-grain bowl,热轻食碗/粗粮碗,东南亚风味热碗：打抛叶调味的鸡胸肉碎+粗粮主食，比常规打抛饭清淡；常与椒盐小土豆/香煎千页豆腐组成小食组合。,1,份,,,,,,,,estimated_range,400,560,,,,,,,semantic_estimate,https://www.sina.cn/news/article/comos_nirranu6170407.html,沙野轻食值得点吗？3个维度拆解这家爆款健康低脂轻食店+FAQ（新浪AIGC聚合文）,2026-09-13,https://k.sina.com.cn/article_7879995995_1d5af325b06801phyg.html,C级组件估算：鸡胸碎100g≈165 + 打抛炒制用油≈40-80 + 粗粮主食150g≈160-200 + 蔬菜≈50 → 415-495，放宽到400-560覆盖门店差异。AIGC称约350kcal，低于无油组件下限，记冲突。,C,约350大卡/份（AIGC转述）; 清淡、低负担,沙野轻食 打抛鸡胸肉碎粗粮碗; 沙野轻食 泰式 热量; 沙野轻食 减脂 外卖,酱料分装; 主食减半; 配椒盐小土豆改配蔬菜,hot_bowl; thai_flavor; minced_chicken,nutrition_missing,2026-09-18,single_item,,打抛炒制用油量; 主食份量; 肉碎肥瘦比,AIGC转述约350kcal | 本库组件估算400-560kcal | 约50-210kcal | 标称不计炒制用油与主食全量；门店差异,400-560kcal/份（不含另加酱）。
shaye-cn-heijiao-niurou-sanmingzhi,沙野轻食,A,黑椒牛肉三明治,black pepper beef whole-wheat sandwich,三明治/卷,全麦面包夹牛肉片+生菜/番茄/酸黄瓜，调味用低脂蛋黄酱；轻微烤制。全麦三明治系列流量担当。,1,份,,,,,,,,estimated_range,300,420,,,,,,,semantic_estimate,https://k.sina.com.cn/article_7879995992_1d5af325806801dt00.html,沙野轻食三明治超赞吗？320家店分布+加盟费揭秘+FAQ（新浪AIGC聚合文）,2026-09-18,,C级组件估算：全麦面包2片≈160 + 牛肉60g≈90 + 蔬菜≈20 + 低脂蛋黄酱15g≈50 → ≈320，区间300-420覆盖面包/酱量差异。AIGC称350-400kcal，与估算重叠，标称仍只进merchant_claims。,C,单份热量控制在350-400大卡（AIGC转述）; 低脂高蛋白,沙野轻食 黑椒牛肉三明治; 沙野轻食 三明治 热量; 沙野轻食 全麦三明治,换普通蛋黄酱会+约80kcal，备注低脂酱; 加蔬菜; 配能量碗成套餐（套餐口径约400大卡为AIGC转述）,sandwich; beef; whole_wheat,nutrition_missing,2026-09-18,single_item,,酱料种类与用量; 面包片数与厚度; 牛肉份量,,300-420kcal/份（含低脂蛋黄酱）。
shaye-cn-shuizhu-dan-jialiao,沙野轻食,A,水煮蛋（加料）,boiled egg (add-on),加料/小食,外卖加料项，1个；多篇文章作为补蛋白推荐加料。,1,个,75,6,1,5,,,,estimated_point,68,83,6,7,0,1,5,6,semantic_estimate,https://www.sina.cn/news/article/comos_niqzsvr0031404.html,沙拉好吃的轻食餐厅怎么选？沙野轻食3大招牌实测+FAQ（加料+70大卡/个）,2026-09-08,,C级：组成即1个水煮蛋，通用食物成分（中等鸡蛋≈70-80kcal、P6-7g、F5g）；AIGC文口径+70~71大卡/个一致。非品牌自有标签。,C,,沙野轻食 加蛋; 沙野轻食 补蛋白,,add_on; egg; high_protein,nutrition_missing,2026-09-18,single_item,,鸡蛋大小,,≈75kcal/个（通用组成）。
shaye-cn-jixiongruo-jialiao,沙野轻食,A,鸡胸肉加料,chicken breast add-on,加料/小食,外卖加一份鸡胸肉（嫩烤/香煎），增肌党常用。,1,份(约100g),,,,,,,,estimated_range,120,190,,,,,,,semantic_estimate,https://www.sina.cn/gc/article/nisefvr3852601.html,沙拉好吃的轻食餐厅怎么选？沙野轻食3大维度实测+FAQ（加一份鸡胸肉≈150大卡）,2026-09-18,https://www.sina.cn/news/article/comos_niqzxcn5105441.html,C级：嫩烤162/香煎187（AIGC口径，约100g）+ 加料口径120-150；取120-190覆盖份量与烹饪差异。,C,加一份鸡胸肉≈150大卡（AIGC转述）,沙野轻食 加鸡胸; 沙野轻食 增肌,,add_on; chicken; high_protein,nutrition_missing,2026-09-18,single_item,,嫩烤vs香煎; 份量,,120-190kcal/份。
shaye-cn-xiaren-jialiao,沙野轻食,A,虾仁加料,shrimp add-on,加料/小食,外卖加一份虾仁补蛋白。,1,份,,,,,,,,estimated_range,40,100,,,,,,,semantic_estimate,https://www.sina.cn/news/article/comos_niqzxcn5105441.html,轻食沙拉外卖怎么选？沙野轻食鸡胸肉杂粮碗减脂餐深度测评+FAQ（虾仁约24大卡/份）,2026-09,https://www.sina.cn/news/article/comos_niqzsvr0031404.html,C级：AIGC口径分歧大（+24/+50/+80大卡/份），反映份量不一；按50-100g熟虾仁40-100kcal取区间。,C,虾仁+24~80大卡/份（AIGC口径不一）,沙野轻食 加虾仁,,add_on; shrimp; high_protein,nutrition_missing,2026-09-18,single_item,,份量,AIGC文A：虾仁约24大卡/份 | AIGC文B：虾仁+50~80大卡/份 | 3倍以上 | 加料份量口径不同（几只vs一份）,40-100kcal/份。
shaye-cn-jingdian-jixiongruo-shala,沙野轻食,A,经典鸡胸肉沙拉,classic chicken breast salad,冷沙拉,门店销冠冷沙拉：嫩烤鸡胸肉+生菜基底+多种时蔬；酱料推荐芝麻酱+油醋汁双拼。18-25元。,1,份,,,,,,,,unknown,,,,,,,,,semantic_estimate,https://www.sina.cn/gc/article/niqipiw3585544.html,沙野轻食适合健身吗？3大招牌沙拉热量/价格/点餐全拆解+FAQ（新浪AIGC聚合文）,2026-09-01,https://www.sina.cn/news/article/comos_niqxuen5933328.html,仅有菜单事实与商家标称：AIGC文一致称『嫩烤鸡胸肉约162大卡/份』（指鸡胸部分而非整碗）并给『基础款80-150千卡/常规款300-500千卡』的模糊分层，口径互相矛盾且无方法，不写入数值字段 → needs_estimation。,U,嫩烤鸡胸肉约162大卡/份（AIGC转述，指蛋白部分）; 基础款80-150千卡（无酱无主食口径）; 低糖低油低盐高纤维,沙野轻食 经典鸡胸肉沙拉; 沙野轻食 鸡胸沙拉 热量; 沙野轻食 减脂 沙拉,酱汁分装/换油醋汁; 主食减半或换生菜基底; 加一份鸡胸或水煮蛋,cold_salad; chicken; bestseller,needs_estimation,2026-09-18,single_item,,酱料（双拼芝麻酱+油醋汁+60~90kcal）; 是否含主食基底; 鸡胸份量,,
shaye-cn-zhaopai-niupai-shala,沙野轻食,A,招牌牛排沙拉,signature steak salad,冷沙拉,32元价位牛排沙拉，增肌党首选；测评称『性价比极佳的蛋白质来源』。,1,份,,,,,,,,unknown,,,,,,,,,semantic_estimate,https://www.sina.cn/gc/article/niqipiw3585544.html,沙野轻食适合健身吗？3大招牌沙拉热量/价格/点餐全拆解+FAQ（新浪AIGC聚合文）,2026-09-01,https://www.sina.cn/news/article/comos_niqxuen5933328.html,标称约400大卡/份、蛋白约35g均为AIGC转述（自称『官方菜单及用户测评』，无方法），只进merchant_claims；数值字段留空 → needs_estimation。,U,约400大卡/份、蛋白质约35g（AIGC转述）; 32元,沙野轻食 牛排沙拉 热量; 沙野轻食 增肌,酱料分装; 配藜麦+约5元,cold_salad; steak; high_protein,needs_estimation,2026-09-18,single_item,,牛排部位与肥瘦; 酱料; 主食基底,,
shaye-cn-tengjiao-jituirou-xilie,沙野轻食,A,藤椒鸡腿肉系列（沙拉/卷）,rattan-pepper chicken thigh series (salad/wrap),冷沙拉/卷,微辣热门款；隐藏吃法为菠菜卷饼裹鸡腿肉+水煮蛋+黄瓜片成卷饼三明治。,1,份,,,,,,,,unknown,,,,,,,,,semantic_estimate,https://www.sina.cn/news/article/comos_niqxuen5933328.html,适合单人就餐的轻食店怎么选？沙野轻食3个维度深度测评+FAQ（新浪AIGC聚合文）,2026-09,https://us.trip.com/restaurant/china/shanghai/detail/restaurant-133707965/,标称约208大卡/份为AIGC转述（口径疑为鸡腿肉部分）；Trip.com门店UGC证实『藤椒鸡胸肉搭配杂粮饭』在售。数值字段留空 → needs_estimation。,U,约208大卡/份（AIGC转述）; 卷饼吃法约350千卡（AIGC转述）,沙野轻食 藤椒鸡腿肉; 沙野轻食 卷饼 隐藏吃法,选菠菜卷饼作主食裹成卷; 酱料分装,cold_salad; wrap; spicy; chicken_thigh,needs_estimation,2026-09-18,single_item,,鸡腿带皮与否; 卷饼/主食是否计入; 酱料,,
shaye-cn-mangguo-daxia-shala,沙野轻食,A,芒果大虾沙拉,mango & prawn salad,冷沙拉,2026夏季主推：新鲜芒果+大虾+生菜/紫甘蓝基底，酱料分装；一份约300-400g；28-38元。,1,份,,,,,,,,unknown,,,,,,,,,semantic_estimate,https://www.sina.cn/news/article/comos_nirranu6169340.html,一个人吃轻食去哪？沙野轻食芒果大虾沙拉实测+FAQ（新浪AIGC聚合文）,2026-09-13,,AIGC称300-400大卡、蛋白约20g，无方法、无称重；芒果糖量与虾份量不明 → 只进merchant_claims，数值留空 needs_estimation。,U,热量控制在300-400大卡、蛋白质约20g（AIGC转述）; 低脂健康高颜值,沙野轻食 芒果大虾沙拉; 沙野轻食 夏天 沙拉,酱料选油醋汁/低脂酸奶酱; 加鸡胸或糙米饭,cold_salad; fruit; shrimp; seasonal_summer,needs_estimation,2026-09-18,single_item,,芒果份量（天然糖）; 酱料; 虾只数,,
shaye-cn-mangguo-tankao-jirou-shala,沙野轻食,A,芒果炭烤鸡肉沙拉,mango char-grilled chicken salad,冷沙拉,甜口款：芒果+炭烤鸡肉+生菜，配酸奶酱；博主『啊滚』实拍返图款。,1,份,,,,,,,,unknown,,,,,,,,,semantic_estimate,https://www.sina.cn/news/article/comos_niqzsvr0031404.html,沙拉好吃的轻食餐厅怎么选？沙野轻食3大招牌实测+FAQ（新浪AIGC聚合文，引博主实测图）,2026-09-08,,『约380大卡（配酸奶酱）』为AIGC转述博主口径，无称重/拆解方法 → merchant_claims only，needs_estimation。,U,约380大卡（配酸奶酱，AIGC转述博主）,沙野轻食 芒果炭烤鸡肉沙拉; 沙野轻食 酸奶酱,换油醋汁; 酱料分装,cold_salad; fruit; sweet,needs_estimation,2026-09-18,single_item,,酸奶酱用量; 芒果份量,,
shaye-cn-kaisai-jirou-shala,沙野轻食,A,凯撒鸡肉沙拉,caesar chicken salad,冷沙拉,面包块+生菜+鸡肉，配凯撒酱；性价比口粮款。,1,份,,,,,,,,unknown,,,,,,,,,semantic_estimate,https://www.sina.cn/news/article/comos_niqzsvr0031404.html,沙拉好吃的轻食餐厅怎么选？沙野轻食3大招牌实测+FAQ（新浪AIGC聚合文）,2026-09-08,,『约350大卡』为AIGC转述；凯撒酱30g≈101kcal（品类值）未计入与否不明 → needs_estimation。,U,约350大卡（配凯撒酱，AIGC转述）,沙野轻食 凯撒鸡肉沙拉; 沙野轻食 凯撒酱 热量,去面包丁; 换油醋汁（凯撒酱-约80kcal）,cold_salad; caesar; croutons,needs_estimation,2026-09-18,single_item,,凯撒酱用量; 面包丁/芝士碎,,
shaye-cn-lvyexianzong-xileng-niupai-shala,沙野轻食,A,绿野仙踪西冷牛排沙拉,wizard-of-oz sirloin steak salad,冷沙拉,博主实测提及：牛排偏老、土豆泥是亮点。命名带品牌营销色彩。,1,份,,,,,,,,unknown,,,,,,,,,semantic_estimate,https://www.sina.cn/news/article/comos_niqzsvr0031404.html,沙拉好吃的轻食餐厅怎么选？沙野轻食3大招牌实测+FAQ（博主『啊滚』口径）,2026-09-08,,仅菜名与口感评价，无任何营养信息；土豆泥为隐形碳水来源 → menu_only。,U,,沙野轻食 绿野仙踪 牛排沙拉,备注牛排要嫩; 土豆泥按主食计,cold_salad; sirloin; mashed_potato,menu_only,2026-09-18,single_item,,土豆泥份量; 牛排肥瘦; 酱料,,
shaye-cn-heijiao-jixiong-limai-shala,沙野轻食,A,黑椒鸡胸藜麦沙拉,black pepper chicken quinoa salad,冷沙拉,点单率高的冷沙拉：鸡胸80-100g+藜麦/玉米杂粮+蔬菜基底，标准油醋汁。,1,份,,,,,,,,unknown,,,,,,,,,semantic_estimate,https://www.sina.cn/gc/article/nipsrra0631854.html,沙野轻食值得吃吗？健康低脂素食轻食店热量实测+避坑指南+FAQ（新浪AIGC聚合文）,2026-09,,AIGC给280-350大卡、P25-30g并称『招牌菜热量实测』，但无称重/拆解方法，实为组件口算 → 只进merchant_claims；数值留空 needs_estimation。,U,280-350大卡、蛋白25-30g（AIGC转述『实测』，无方法）,沙野轻食 黑椒鸡胸藜麦沙拉; 沙野轻食 藜麦沙拉 热量,酱料分装; 去核桃仁/芝士碎等配料,cold_salad; quinoa; high_protein,needs_estimation,2026-09-18,single_item,,酱料; 坚果/芝士碎等隐形配料; 鸡胸份量,,
shaye-cn-niurou-limai-shala,沙野轻食,A,牛肉藜麦沙拉,beef quinoa salad,冷沙拉,跨品牌点单指南文中列为沙野推荐点单款；肉类可选鸡胸/牛肉/虾仁/烟熏鸡腿。,1,份,,,,,,,,unknown,,,,,,,,,semantic_estimate,https://k.sina.com.cn/article_7879996581_1d5af34a506801illy.html,沙拉轻食外卖怎么选？主流连锁品牌与点单避坑要点（新浪AIGC聚合文）,2026-09-16,,仅菜单事实（推荐点单款），无营养数据 → needs_estimation。,U,,沙野轻食 牛肉藜麦沙拉,酱汁选油醋汁; 备注少盐（部分门店肉偏咸）,cold_salad; beef; quinoa,needs_estimation,2026-09-18,single_item,,牛肉部位; 酱料,,
shaye-cn-zhaopai-kaobo-shala,沙野轻食,A,招牌考伯沙拉,signature cobb salad,冷沙拉,AIGC文口径约38元/份（配鸡胸肉）；考伯式多料沙拉。,1,份,,,,,,,,unknown,,,,,,,,,semantic_estimate,https://www.sina.cn/news/article/comos_nirranp1005951.html,人均40的平价轻食店怎么选？沙野轻食3个维度实测+FAQ（新浪AIGC聚合文）,2026-09-13,,仅价格与菜名；考伯沙拉通常含芝士/培根/蛋黄酱等高脂料，热量不确定性高 → menu_only。,U,约38元/份,沙野轻食 考伯沙拉,去芝士/培根; 酱料分装,cold_salad; cobb; high_fat_risk,menu_only,2026-09-18,single_item,,芝士/培根/牛油果等加料; 酱料,,
shaye-cn-diy-zixuan-shala,沙野轻食,A,DIY自选沙拉,DIY build-your-own salad,冷沙拉/自定义,2026-05上线：蔬菜、蛋白质、主食按需自选。品牌另有8种主食任选的传统（2022加盟商公众号：紫米拌香米饭/南瓜糙米饭/混合生菜基底/蔓越莓藜麦饭/椒盐小土豆/螺旋意面/菠菜卷饼/紫薯）。组件营养见本文件components[]。,1,份,,,,,,,,unknown,,,,,,,,,semantic_estimate,https://k.sina.com.cn/article_7879849057_1d5acf46106804a5zs.html,沙野轻食的热门菜品有哪些？（新浪AIGC聚合文：2026年5月上线DIY自选沙拉）,2026-09-10,http://news.sohu.com/a/575696748_121458735,自定义组合，不枚举排列；组件营养存components[]（基底5+酱6，C级）。整碗能量取决于自选组合，不给单值 → needs_estimation。,U,卡路里计算器救星（营销话术）; AI营养师小程序推荐搭配（官方加盟物料）,沙野轻食 DIY自选沙拉; 沙野轻食 自选 搭配,生菜基底/藜麦低碳水; 酱料分装选0脂油醋汁; 牛油果与坚果二选一,custom_combo; build_your_own,needs_estimation,2026-09-18,custom_combo,base=8选1（南瓜糙米饭/蔓越莓藜麦饭/紫米拌香米饭/混合生菜基底/螺旋意面/菠菜卷饼/紫薯/椒盐小土豆）; protein=鸡胸/牛腱/牛排/手枪腿/虾仁/千页豆腐等; vegetables=圣女果/西兰花/红腰豆/玉米粒/黄瓜/生菜/紫甘蓝等; sauce=油醋汁/柠檬汁/芝麻酱/千岛酱/酸奶酱/0蔗糖蜂蜜芥末酱/凯撒酱等,自选组合; 酱料; 加料叠加,,
shaye-cn-jixiong-reli-can,沙野轻食,A,鸡胸热力餐,chicken breast hot meal,热轻食/热力餐,官方加盟站产品页在售款；顾客返图常见『鸡胸热力餐』；默认配南瓜糙米饭，可换荞麦面。AIGC口径一份标准套餐约350-400大卡。,1,份,,,,,,,,unknown,,,,,,,,,official_menu,http://www.shayeqs.com/chanpin/27.html,沙野轻食加盟官网·产品展示：鸡胸热力餐,2025-04-11,https://www.sina.cn/gc/article/nisefvr3852601.html,菜单事实来自加盟站产品页（is_official=false，lead-gen模板站）；350-400大卡为AIGC转述，无方法 → merchant_claims only，needs_estimation。,U,一份标准套餐约350-400大卡（AIGC转述）,沙野轻食 鸡胸热力餐; 沙野轻食 热轻食,南瓜糙米饭换荞麦面; 酱料分装,hot_meal; chicken,needs_estimation,2026-09-18,single_item,,主食种类与份量; 酱料,,
shaye-cn-diaoyu-reli-can,沙野轻食,A,鲷鱼热力餐,tilapia hot meal,热轻食/热力餐,官方加盟站产品页在售款（产品链首位）。,1,份,,,,,,,,unknown,,,,,,,,,official_menu,http://www.shayeqs.com/chanpin/23.html,沙野轻食加盟官网·产品展示：鲷鱼热力餐,2025-04-11,,仅菜单事实；无营养数据 → needs_estimation。,U,,沙野轻食 鲷鱼热力餐,,hot_meal; fish,needs_estimation,2026-09-18,single_item,,烹饪方式（煎/烤用油）; 主食,,
shaye-cn-xiangkao-bashayu-pai-shala,沙野轻食,A,香烤巴沙鱼排沙拉配,grilled basa fillet salad set,沙拉/热轻食,官方加盟站产品页在售款；Trip.com门店UGC亦证实『香烤巴沙鱼+杂粮饭』为门店主打组合。,1,份,,,,,,,,unknown,,,,,,,,,official_menu,http://www.shayeqs.com/chanpin/122.html,沙野轻食加盟官网·产品展示：香烤巴沙鱼排沙拉配,2025-07-19,https://us.trip.com/restaurant/china/shanghai/detail/restaurant-133707965/,菜单事实双源（加盟站+门店UGC）；无营养数据 → needs_estimation。,U,低卡又饱腹（门店UGC转述品牌话术）,沙野轻食 巴沙鱼; 沙野轻食 香烤巴沙鱼排,,salad; fish; hot,needs_estimation,2026-09-18,single_item,,鱼排裹粉与用油; 主食,,
shaye-cn-jixiong-zaliang-fan,沙野轻食,A,鸡胸杂粮饭,chicken breast multigrain rice,热轻食/杂粮饭,官方加盟站产品页在售款（产品链末位）。,1,份,,,,,,,,unknown,,,,,,,,,official_menu,http://www.shayeqs.com/chanpin/123.html,沙野轻食加盟官网·产品展示：鸡胸杂粮饭,2025-07-19,,仅菜单事实；无营养数据 → needs_estimation。,U,,沙野轻食 鸡胸杂粮饭,主食减半,hot_meal; rice; chicken,needs_estimation,2026-09-18,single_item,,米饭份量; 酱料,,
shaye-cn-xiangkao-jixiongruo-jianshen-can,沙野轻食,A,香烤鸡胸肉健身餐（含粗粮碗；外卖亦作『香烤鸡胸健身套餐』）,roasted chicken breast fitness meal with coarse-grain bowl,热轻食/健身套餐,单品点单率最高的健身餐：可自选螺旋意面或杂粮基底，配0蔗糖蜂蜜芥末酱；标价约28元/份。,1,份,,,,,,,,unknown,,,,,,,,,semantic_estimate,https://www.sina.cn/news/article/comos_niqzsvr0031404.html,沙拉好吃的轻食餐厅怎么选？沙野轻食3大招牌实测+FAQ（新浪AIGC聚合文）,2026-09-08,https://k.sina.com.cn/article_7879777065_1d5abdb2906801hnfi.html,300-400大卡（约340-350、P25g）与28元标价均为AIGC转述，无方法 → merchant_claims only，needs_estimation。,U,热量约300-400大卡、蛋白约25g（AIGC转述）; 标价约28元/份（AIGC转述）; 0蔗糖蜂蜜芥末酱,沙野轻食 香烤鸡胸肉健身餐; 沙野轻食 健身餐 热量,螺旋意面换杂粮/蔬菜基底; 酱料分装（整份拌入+80~100kcal）,hot_meal; fitness; chicken,needs_estimation,2026-09-18,single_item,,基底种类; 酱料拌入量,,
shaye-cn-shuizhu-niujianrou-jianshen-taocan,沙野轻食,A,水煮牛腱肉健身套餐,boiled beef shank fitness set,热轻食/健身套餐,南瓜糙米饭基底+水煮牛腱肉+椒盐小土豆/烤时蔬；官方晒单热门款。,1,份,,,,,,,,unknown,,,,,,,,,semantic_estimate,https://k.sina.cn/article_7879995991_1d5af325706801a25k.html,沙野轻食的招牌轻食有哪些？（新浪AIGC聚合文）,2026-08-26,https://k.sina.cn/article_7879849057_1d5acf46106804a7i6.html,菜单事实多源一致；无营养数据 → needs_estimation。,U,低脂高蛋白,沙野轻食 水煮牛腱肉; 沙野轻食 牛腱肉 健身套餐,主食换蔓越莓藜麦饭; 酱料分装,hot_meal; beef_shank; fitness; high_protein,needs_estimation,2026-09-18,single_item,,牛腱份量; 主食份量,,
shaye-cn-xiangjian-qianye-doufu-jianshen-taocan,沙野轻食,A,香煎千页豆腐健身套餐,pan-fried qianye tofu fitness set,热轻食/健身套餐,千页豆腐煎制+主食可选蔓越莓藜麦饭；素食友好款（亦可作小食单点）。,1,份,,,,,,,,unknown,,,,,,,,,semantic_estimate,https://k.sina.cn/article_7879849057_1d5acf46106804a7i6.html,沙野轻食的热烤杂粮碗有哪些口味？（新浪AIGC聚合文）,2026-09-11,https://k.sina.com.cn/article_7879995995_1d5af325b06801phyg.html,菜单事实多源一致；煎制用油不明、无营养数据 → needs_estimation。,U,清淡不油腻,沙野轻食 千页豆腐; 沙野轻食 素食,,hot_meal; tofu; vegetarian_option,needs_estimation,2026-09-18,single_item,,煎制用油; 主食,,
shaye-cn-nenjian-niupai-jianshen-can,沙野轻食,A,嫩煎牛排健身餐,seared steak fitness meal,热轻食/健身套餐,AIGC文列为点单率最高的热轻食款之一；与招牌牛排沙拉（冷）是否为同一蛋白不同形态未核实。,1,份,,,,,,,,unknown,,,,,,,,,semantic_estimate,https://k.sina.cn/article_7879995991_1d5af325706801a25k.html,沙野轻食的招牌轻食有哪些？（新浪AIGC聚合文）,2026-08-26,,仅单一AIGC源菜名；无营养数据 → menu_only。,U,,沙野轻食 嫩煎牛排,,hot_meal; steak,menu_only,2026-09-18,single_item,,牛排部位; 用油,,
shaye-cn-heijiao-niurou-ban-yimian,沙野轻食,A,黑椒牛肉拌意面,black pepper beef tossed pasta,意面/面,官方加盟站产品页在售款。,1,份,,,,,,,,unknown,,,,,,,,,official_menu,http://www.shayeqs.com/chanpin/24.html,沙野轻食加盟官网·产品展示：黑椒牛肉拌意面,2025-04-11,,仅菜单事实；无营养数据 → needs_estimation。,U,,沙野轻食 黑椒牛肉拌意面,低脂意面/魔芋面替换（品牌有此系列）,pasta; beef,needs_estimation,2026-09-18,single_item,,意面份量; 拌面用油/酱,,
shaye-cn-jixiong-moyu-liangpi-can,沙野轻食,A,鸡胸魔芋凉皮餐,chicken breast konjac liangpi meal,凉皮/面,官方加盟站产品页在售款；魔芋凉皮为中式轻食改良品类。,1,份,,,,,,,,unknown,,,,,,,,,official_menu,http://www.shayeqs.com/chanpin/25.html,沙野轻食加盟官网·产品展示：鸡胸魔芋凉皮餐,2025-04-11,,仅菜单事实；凉皮汁/麻酱类调味不明、无营养数据 → needs_estimation。,U,,沙野轻食 魔芋凉皮; 沙野轻食 凉皮 热量,酱汁分装,liangpi; konjac; low_carb_option,needs_estimation,2026-09-18,single_item,,调味汁/酱; 魔芋 vs 真凉皮比例,,
shaye-cn-jixiongruo-sanmingzhi,沙野轻食,A,鸡胸肉三明治（牛油果酱）,chicken breast sandwich with avocado spread,三明治/卷,全麦三明治系列成员，配牛油果酱；售价18-25元。,1,份,,,,,,,,unknown,,,,,,,,,semantic_estimate,https://k.sina.com.cn/article_7879995992_1d5af325806801dt00.html,沙野轻食三明治超赞吗？320家店分布+加盟费揭秘+FAQ（新浪AIGC聚合文）,2026-09-18,,仅菜单事实与价格；牛油果酱为高脂变量、无营养数据 → menu_only。,U,18-25元,沙野轻食 鸡胸肉三明治; 沙野轻食 牛油果酱,牛油果酱减量,sandwich; chicken; avocado,menu_only,2026-09-18,single_item,,牛油果酱用量,,
shaye-cn-jiaoyan-xiaotudou,沙野轻食,A,椒盐小土豆（佐餐小食/亦可作主食选项）,salt & pepper baby potatoes,小食/主食,佐餐小食亮点；在2022加盟商公众号中同时列为8种主食选项之一。菠菜饼同属<10元小食档（未单建SKU）。,1,份,,,,,,,,unknown,,,,,,,,,semantic_estimate,https://www.sina.cn/news/article/comos_nirranu6170407.html,沙野轻食值得点吗？3个维度拆解这家爆款健康低脂轻食店+FAQ（新浪AIGC聚合文）,2026-09-13,http://news.sohu.com/a/575696748_121458735,小食份量不明；土豆为淀粉类，烤制用油不明 → menu_only。消保委报告口径提醒：『烤薯角/烤南瓜』类先炸后烤或刷厚油，热量密度高于蒸红薯一半以上。,U,<10元（菠菜饼同档，AIGC转述）,沙野轻食 椒盐小土豆; 沙野轻食 小食,按主食计入总碳水,side; potato; starch,menu_only,2026-09-18,single_item,,份量; 烤/炸用油,,
subway-cn-6in-turkey-breast,Subway 赛百味中国,B,火鸡胸三明治(6英寸),turkey breast sub 6in,三明治,6英寸火鸡胸三明治，白肉高蛋白低脂，减脂高频款,1,个(6英寸),,,,,,,,estimated_range,270,315,,,,,,,third_party_analysis,https://www.fatsecret.cn/Diary.aspx?pa=brand&mpath=subway&frc=True,fatsecret.cn Subway 产品热量/营养（第三方聚合，非官方）,2026-09-18,https://k.sina.cn/article_7880068409_1d5b04d3906801goj8.html,"fatsecret中国6寸火鸡胸=280kcal(220g,仅能量无宏量);Sina(AI生成)给270-315kcal区间。宏量无中国官方来源,留空。12英寸约为2倍。",C,,赛百味 火鸡胸 减脂; subway 火鸡胸 热量,全麦面包; 黄芥末酱; 双倍蔬菜,sandwich; high_protein; low_fat; fat_loss_friendly,nutrition_missing,2026-09-18,single_item,,酱料; 奶酪是否添加; 面包种类,"fatsecret中国:280kcal(6寸) | Sina(AI生成):270-315kcal | 点值vs区间,基本一致 | 默认配置(面包/是否加酱加芝士)不同",6英寸约270-315kcal(不含高脂酱);fatsecret点值280kcal
subway-cn-6in-roast-beef,Subway 赛百味中国,B,香烤牛肉三明治(6英寸),roast beef sub 6in,三明治,6英寸香烤牛肉三明治，高蛋白,1,个(6英寸),,,,,,,,estimated_range,278,346,,,,,,,third_party_analysis,https://www.fatsecret.cn/Diary.aspx?pa=brand&mpath=subway&frc=True,fatsecret.cn Subway 产品热量/营养（第三方聚合，非官方）,2026-09-18,https://k.sina.cn/article_7880068409_1d5b04d3906801goj8.html,fatsecret中国6寸香烤牛肉=346kcal(224g);Sina(AI)给278-340。差异或因默认加芝士/酱。宏量无中国官方来源。12英寸约2倍。,C,,赛百味 香烤牛肉 热量,去酱; 全麦面包,sandwich; high_protein,nutrition_missing,2026-09-18,single_item,,酱料; 奶酪; 面包种类,fatsecret:346kcal | Sina(AI):278-340kcal | 约6-68kcal | 默认是否含芝士/酱料份量,6英寸约278-346kcal
subway-cn-6in-tuna,Subway 赛百味中国,B,金枪鱼三明治(6英寸),tuna sub 6in,三明治,6英寸金枪鱼三明治，金枪鱼拌大量蛋黄酱，高脂高热量,1,个(6英寸),,,,,,,,estimated_range,380,480,,,,,,,third_party_analysis,https://www.fatsecret.cn/Diary.aspx?pa=brand&mpath=subway&frc=True,fatsecret.cn Subway 产品热量/营养（第三方聚合，非官方）,2026-09-18,https://k.sina.cn/article_7880068409_1d5b04d3906801goj8.html,"fatsecret中国6寸金枪鱼=480kcal(237g);Sina(AI)380-455。金枪鱼馅含蛋黄酱,脂肪高。宏量无中国官方来源。减脂期慎选。",C,高蛋白,赛百味 金枪鱼 热量,去酱(减蛋黄酱),sandwich; high_fat; high_calorie,nutrition_missing,2026-09-18,single_item,,金枪鱼馅中蛋黄酱比例; 额外酱料; 奶酪,fatsecret:480kcal | Sina(AI):380-455kcal | 25-100kcal | 蛋黄酱拌入量不同,"6英寸约380-480kcal,高脂"
subway-cn-6in-teriyaki-chicken,Subway 赛百味中国,B,照烧鸡三明治(6英寸),teriyaki chicken sub 6in,三明治,6英寸照烧鸡肉三明治,1,个(6英寸),,,,,,,,estimated_range,330,365,,,,,,,third_party_analysis,https://www.fatsecret.cn/Diary.aspx?pa=brand&mpath=subway&frc=True,fatsecret.cn Subway 产品热量/营养（第三方聚合，非官方）,2026-09-18,https://k.sina.cn/article_7880068409_1d5b04d3906801goj8.html,fatsecret照烧鸡肉=362kcal;Sina(AI)330-365。照烧酱含糖。宏量无中国官方来源。,C,,赛百味 照烧鸡 热量,少酱,sandwich,nutrition_missing,2026-09-18,single_item,,照烧酱含糖量; 额外酱料,fatsecret:362kcal | Sina(AI):330-365 | 小 | 酱料份量,6英寸约330-365kcal
subway-cn-6in-black-pepper-steak,Subway 赛百味中国,B,黑胡椒厚切牛排三明治(6英寸),black pepper steak sub 6in,三明治,6英寸黑胡椒厚切牛排三明治,1,个(6英寸),,,,,,,,estimated_range,366,420,,,,,,,third_party_analysis,https://www.fatsecret.cn/Diary.aspx?pa=brand&mpath=subway&frc=True,fatsecret.cn Subway 产品热量/营养（第三方聚合，非官方）,2026-09-18,https://k.sina.cn/article_7880068409_1d5b04d3906801goj8.html,"fatsecret中国6寸黑胡椒牛排=366kcal(236g);Sina(AI)黑胡椒厚切牛排415-420。差异较大,或牛排/酱份量不同。宏量无中国官方来源。",C,,赛百味 黑胡椒牛排 热量,去酱,sandwich; high_protein,nutrition_missing,2026-09-18,single_item,,牛排份量; 酱料; 奶酪,fatsecret:366kcal | Sina(AI):415-420kcal | ~50kcal | 肉量/芝士/酱差异,6英寸约366-420kcal
subway-cn-6in-roasted-chicken,Subway 赛百味中国,B,香烤鸡排三明治(6英寸),roasted chicken sub 6in,三明治,6英寸香烤鸡排三明治(Roasted Chicken),1,个(6英寸),310,,,,,,,estimated_point,285,350,,,,,,,third_party_analysis,https://www.fatsecret.cn/Diary.aspx?pa=brand&mpath=subway&frc=True,fatsecret.cn Subway 产品热量/营养（第三方聚合，非官方）,2026-09-18,,"fatsecret中国6寸香烤鸡排=310kcal(237g),仅能量。宏量无中国官方来源,留空。±约10%区间。",C,,赛百味 香烤鸡排 热量,全麦面包; 黄芥末酱,sandwich; high_protein; fat_loss_friendly,nutrition_missing,2026-09-18,single_item,,酱料; 奶酪,,6英寸约310kcal(285-350)
subway-cn-6in-ham,Subway 赛百味中国,B,西式火腿三明治(6英寸),ham sub 6in,三明治,6英寸西式火腿三明治(Ham),1,个(6英寸),317,,,,,,,estimated_point,290,355,,,,,,,third_party_analysis,https://www.fatsecret.cn/Diary.aspx?pa=brand&mpath=subway&frc=True,fatsecret.cn Subway 产品热量/营养（第三方聚合，非官方）,2026-09-18,,"fatsecret中国6寸火腿=317kcal(221g),仅能量。宏量无中国官方来源。",C,,赛百味 火腿 热量,去酱,sandwich,nutrition_missing,2026-09-18,single_item,,酱料; 奶酪,,6英寸约317kcal
subway-cn-6in-italian-bmt,Subway 赛百味中国,B,意式经典BMT三明治(6英寸),italian bmt sub 6in,三明治,6英寸意式经典BMT(意大利香肠+萨拉米+火腿),1,个(6英寸),369,21,36,16,,,,estimated_point,350,390,,,,,,,third_party_analysis,https://www.fatsecret.cn/Diary.aspx?pa=fjrd&rid=88317122,"fatsecret.cn Subway Italian B.M.T.(第三方,含宏量)",2026-09-18,https://k.sina.cn/article_7880068409_1d5b04d3906801goj8.html,"fatsecret Italian BMT=369kcal/蛋白21/碳水36/脂肪16(216g);Sina(AI)意式经典380-390。宏量为第三方(美版口径),中国无官方,谨慎使用。",C,,赛百味 意式经典 热量; subway BMT 热量,去酱,sandwich; high_protein,complete,2026-09-18,single_item,,酱料; 奶酪,fatsecret BMT:369kcal | Sina(AI):380-390kcal | ~11-21kcal | 肉量/酱料,"6英寸约369-390kcal,蛋白~21g"
subway-cn-6in-spicy-italian,Subway 赛百味中国,B,意大利香辣三明治(6英寸),spicy italian sub 6in,三明治,"6英寸意大利香辣(Spicy Italian),含萨拉米/辣香肠,高热量",1,个(6英寸),530,,,,,,,estimated_point,480,580,,,,,,,third_party_analysis,https://www.fatsecret.cn/Diary.aspx?pa=brand&mpath=subway&frc=True,fatsecret.cn Subway 产品热量/营养（第三方聚合，非官方）,2026-09-18,,"fatsecret中国6寸意大利香辣=530kcal(238g),仅能量。高脂高钠,保留为高热量项。宏量无中国官方来源。",C,,赛百味 意大利香辣 热量,去酱; 去芝士,sandwich; high_calorie; high_fat,nutrition_missing,2026-09-18,single_item,,加工肉脂肪; 酱料; 奶酪,,"6英寸约530kcal,高热量"
subway-cn-6in-subway-melt,Subway 赛百味中国,B,香热奇士三明治(6英寸),subway melt sub 6in,三明治,"6英寸香热奇士(Subway Melt),含融化芝士+火腿/火鸡",1,个(6英寸),359,,,,,,,estimated_point,325,395,,,,,,,third_party_analysis,https://www.fatsecret.cn/Diary.aspx?pa=brand&mpath=subway&frc=True,fatsecret.cn Subway 产品热量/营养（第三方聚合，非官方）,2026-09-18,,"fatsecret中国6寸香热奇士=359kcal(240g),仅能量。宏量无中国官方来源。",C,,赛百味 香热奇士 热量,,sandwich,nutrition_missing,2026-09-18,single_item,,芝士份量; 酱料,,6英寸约359kcal
subway-cn-6in-steak-cheese,Subway 赛百味中国,B,奇士牛排三明治(6英寸),steak and cheese sub 6in,三明治,6英寸奇士牛排(Steak & Cheese),1,个(6英寸),383,,,,,,,estimated_point,350,420,,,,,,,third_party_analysis,https://www.fatsecret.cn/Diary.aspx?pa=brand&mpath=subway&frc=True,fatsecret.cn Subway 产品热量/营养（第三方聚合，非官方）,2026-09-18,,"fatsecret中国6寸奇士牛排=383kcal(264g),仅能量。宏量无中国官方来源。",C,,赛百味 奇士牛排 热量,,sandwich; high_protein,nutrition_missing,2026-09-18,single_item,,芝士; 酱料,,6英寸约383kcal
subway-cn-6in-subway-club,Subway 赛百味中国,B,百味俱乐部三明治(6英寸),subway club sub 6in,三明治,"6英寸百味俱乐部(Subway Club),火鸡+火腿+烤牛肉三层",1,个(6英寸),320,,,,,,,estimated_point,290,350,,,,,,,third_party_analysis,https://www.fatsecret.cn/Diary.aspx?pa=brand&mpath=subway&frc=True,fatsecret.cn Subway 产品热量/营养（第三方聚合，非官方）,2026-09-18,,"fatsecret中国6寸百味俱乐部=320kcal(256g),仅能量。宏量无中国官方来源。",C,,赛百味 百味俱乐部 热量,,sandwich; high_protein,nutrition_missing,2026-09-18,single_item,,酱料; 奶酪,,6英寸约320kcal
subway-cn-6in-veggie,Subway 赛百味中国,B,缤纷蔬菜三明治(6英寸),veggie delight sub 6in,三明治,"6英寸缤纷蔬菜三明治(无肉,纯蔬菜)",1,个(6英寸),,,,,,,,estimated_range,180,220,,,,,,,semantic_estimate,https://k.sina.cn/article_7880068409_1d5b04d3906801goj8.html,"Sina 赛百味热量测评(AI生成内容,semantic估计)",2026-09-18,,"仅Sina(AI生成)给~200kcal,无官方/称重依据→D级。蛋白低。宏量无来源,留空。",D,低卡,赛百味 蔬菜三明治 减脂,加蛋白; 黄芥末酱,sandwich; vegetarian; low_calorie,needs_estimation,2026-09-18,single_item,,面包种类; 酱料(蔬菜款热量几乎全来自面包+酱),,6英寸约180-220kcal(低蛋白)
subway-cn-salad-roast-beef,Subway 赛百味中国,B,香烤牛肉沙拉,roast beef salad,沙拉/能量碗,香烤牛肉沙拉(无面包),1,份,140,,,,,,,estimated_point,125,160,,,,,,,third_party_analysis,https://www.fatsecret.cn/Diary.aspx?pa=brand&mpath=subway&frc=True,fatsecret.cn Subway 产品热量/营养（第三方聚合，非官方）,2026-09-18,,"fatsecret香烤牛肉沙拉=140kcal(358g),不含酱。加酱可+50-180kcal(见components sauce)。宏量无来源。",C,低卡,赛百味 沙拉 减脂,酱汁单独放; 少酱,salad; low_calorie; high_protein; fat_loss_friendly,nutrition_missing,2026-09-18,single_item,,酱汁(最大变量); 奶酪,,不含酱约140kcal;含酱视酱料而定
subway-cn-salad-roasted-chicken,Subway 赛百味中国,B,香烤鸡排沙拉,roasted chicken salad,沙拉/能量碗,香烤鸡排沙拉(无面包),1,份,140,,,,,,,estimated_point,125,160,,,,,,,third_party_analysis,https://www.fatsecret.cn/Diary.aspx?pa=brand&mpath=subway&frc=True,fatsecret.cn Subway 产品热量/营养（第三方聚合，非官方）,2026-09-18,,"fatsecret香烤鸡排沙拉=140kcal(354g),不含酱。宏量无来源。",C,低卡,赛百味 鸡排沙拉 减脂,酱汁单独放,salad; low_calorie; high_protein; fat_loss_friendly,nutrition_missing,2026-09-18,single_item,,酱汁; 奶酪,,不含酱约140kcal
subway-cn-6in-dadong-roast-duck-sub,Subway 赛百味中国,B,大董烤鸭三明治(6英寸),dadong roast duck sub,三明治,6英寸大董烤鸭三明治,1,个,,,,,,,,unknown,,,,,,,,,official_menu,https://www.subway.com.cn/657909-657909.html,Subway赛百味中国官方菜单,2026-09-18,,"2025新品,与烤鸭品牌大董联名;官方菜单在列,无中国营养数据",U,,,,sandwich,needs_estimation,2026-09-18,single_item,,,,
subway-cn-6in-double-dadong-roast-duck-sub,Subway 赛百味中国,B,双倍大董烤鸭三明治(6英寸),double dadong roast duck sub,三明治,6英寸双倍大董烤鸭三明治,1,个,,,,,,,,unknown,,,,,,,,,official_menu,https://www.subway.com.cn/657909-657909.html,Subway赛百味中国官方菜单,2026-09-18,,"双份鸭肉,高热量;官方菜单在列,无中国营养数据",U,,,,sandwich; high_calorie,needs_estimation,2026-09-18,single_item,,,,
subway-cn-6in-dadong-sauce-sausage-sub,Subway 赛百味中国,B,大董秘酱大肉粒香肠三明治(6英寸),dadong sauce sausage sub,三明治,6英寸大董秘酱大肉粒香肠三明治,1,个,,,,,,,,unknown,,,,,,,,,official_menu,https://www.subway.com.cn/657909-657909.html,Subway赛百味中国官方菜单,2026-09-18,,"含秘酱+香肠;官方菜单在列,无中国营养数据",U,,,,sandwich,needs_estimation,2026-09-18,single_item,,,,
subway-cn-6in-subway-selects-sub,Subway 赛百味中国,B,百味精选三明治(6英寸),subway selects sub,三明治,6英寸百味精选三明治,1,个,,,,,,,,unknown,,,,,,,,,official_menu,https://www.subway.com.cn/657909-657909.html,Subway赛百味中国官方菜单,2026-09-18,,"门店精选组合;官方菜单在列,无中国营养数据",U,,,,sandwich,needs_estimation,2026-09-18,single_item,,,,
subway-cn-6in-bacon-sub,Subway 赛百味中国,B,培根三明治(6英寸),bacon sub,三明治,6英寸培根三明治,1,个,,,,,,,,unknown,,,,,,,,,official_menu,https://www.subway.com.cn/657909-657909.html,Subway赛百味中国官方菜单,2026-09-18,,"培根,高脂;官方菜单在列,无中国营养数据",U,,,,sandwich; high_calorie,needs_estimation,2026-09-18,single_item,,,,
subway-cn-6in-whole-cut-chicken-thigh-sub,Subway 赛百味中国,B,原切鸡腿排三明治(6英寸),whole-cut chicken thigh sub,三明治,6英寸原切鸡腿排三明治,1,个,,,,,,,,unknown,,,,,,,,,official_menu,https://www.subway.com.cn/657909-657909.html,Subway赛百味中国官方菜单,2026-09-18,,"原切鸡腿排;官方菜单在列,无中国营养数据",U,,,,sandwich,needs_estimation,2026-09-18,single_item,,,,
subway-cn-6in-cold-cut-trio-sub,Subway 赛百味中国,B,肉香满溢三明治(6英寸),cold cut trio sub,三明治,6英寸肉香满溢三明治,1,个,,,,,,,,unknown,,,,,,,,,official_menu,https://www.subway.com.cn/657909-657909.html,Subway赛百味中国官方菜单,2026-09-18,,"Cold Cut Trio,加工肉;官方菜单在列,无中国营养数据",U,,,,sandwich,needs_estimation,2026-09-18,single_item,,,,
subway-cn-6in-italian-sausage-sub,Subway 赛百味中国,B,意式香肠三明治(6英寸),italian sausage sub,三明治,6英寸意式香肠三明治,1,个,,,,,,,,unknown,,,,,,,,,official_menu,https://www.subway.com.cn/657909-657909.html,Subway赛百味中国官方菜单,2026-09-18,,"意式香肠,高脂;官方菜单在列,无中国营养数据",U,,,,sandwich; high_calorie,needs_estimation,2026-09-18,single_item,,,,
subway-cn-6in-golden-combo-sub,Subway 赛百味中国,B,金玉满堂三明治(6英寸),golden combo sub,三明治,6英寸金玉满堂三明治,1,个,,,,,,,,unknown,,,,,,,,,official_menu,https://www.subway.com.cn/657909-657909.html,Subway赛百味中国官方菜单,2026-09-18,,"组合款;官方菜单在列,无中国营养数据",U,,,,sandwich,needs_estimation,2026-09-18,single_item,,,,
subway-cn-light-light-roast-beef-turkey,Subway 赛百味中国,B,香烤牛火鸡轻盈三明治,light roast beef turkey,三明治,"香烤牛火鸡轻盈三明治(官方'轻盈系列',营销低卡标签,数值未证实)",1,个,,,,,,,,unknown,,,,,,,,,official_menu,https://www.subway.com.cn/657909-657909.html,Subway赛百味中国官方菜单,2026-09-18,,"官方菜单'轻盈系列';'轻盈/低卡'为merchant_claim,无官方营养数值佐证→needs_estimation",U,轻盈; 低卡,,,sandwich; light_series,needs_estimation,2026-09-18,single_item,,,,
subway-cn-light-light-veggie,Subway 赛百味中国,B,元气彩蔬轻盈三明治,light veggie,三明治,"元气彩蔬轻盈三明治(官方'轻盈系列',营销低卡标签,数值未证实)",1,个,,,,,,,,unknown,,,,,,,,,official_menu,https://www.subway.com.cn/657909-657909.html,Subway赛百味中国官方菜单,2026-09-18,,"官方菜单'轻盈系列';'轻盈/低卡'为merchant_claim,无官方营养数值佐证→needs_estimation",U,轻盈; 低卡,,,sandwich; light_series,needs_estimation,2026-09-18,single_item,,,,
subway-cn-light-light-veggie-delight,Subway 赛百味中国,B,缤纷蔬菜轻盈三明治,light veggie delight,三明治,"缤纷蔬菜轻盈三明治(官方'轻盈系列',营销低卡标签,数值未证实)",1,个,,,,,,,,unknown,,,,,,,,,official_menu,https://www.subway.com.cn/657909-657909.html,Subway赛百味中国官方菜单,2026-09-18,,"官方菜单'轻盈系列';'轻盈/低卡'为merchant_claim,无官方营养数值佐证→needs_estimation",U,轻盈; 低卡,,,sandwich; light_series,needs_estimation,2026-09-18,single_item,,,,
subway-cn-light-light-roast-beef,Subway 赛百味中国,B,香烤牛肉轻盈三明治,light roast beef,三明治,"香烤牛肉轻盈三明治(官方'轻盈系列',营销低卡标签,数值未证实)",1,个,,,,,,,,unknown,,,,,,,,,official_menu,https://www.subway.com.cn/657909-657909.html,Subway赛百味中国官方菜单,2026-09-18,,"官方菜单'轻盈系列';'轻盈/低卡'为merchant_claim,无官方营养数值佐证→needs_estimation",U,轻盈; 低卡,,,sandwich; light_series,needs_estimation,2026-09-18,single_item,,,,
subway-cn-light-light-turkey-breast,Subway 赛百味中国,B,火鸡胸轻盈三明治,light turkey breast,三明治,"火鸡胸轻盈三明治(官方'轻盈系列',营销低卡标签,数值未证实)",1,个,,,,,,,,unknown,,,,,,,,,official_menu,https://www.subway.com.cn/657909-657909.html,Subway赛百味中国官方菜单,2026-09-18,,"官方菜单'轻盈系列';'轻盈/低卡'为merchant_claim,无官方营养数值佐证→needs_estimation",U,轻盈; 低卡,,,sandwich; light_series,needs_estimation,2026-09-18,single_item,,,,
subway-cn-light-light-ham,Subway 赛百味中国,B,西式火腿轻盈三明治,light ham,三明治,"西式火腿轻盈三明治(官方'轻盈系列',营销低卡标签,数值未证实)",1,个,,,,,,,,unknown,,,,,,,,,official_menu,https://www.subway.com.cn/657909-657909.html,Subway赛百味中国官方菜单,2026-09-18,,"官方菜单'轻盈系列';'轻盈/低卡'为merchant_claim,无官方营养数值佐证→needs_estimation",U,轻盈; 低卡,,,sandwich; light_series,needs_estimation,2026-09-18,single_item,,,,
subway-cn-light-light-double-chicken,Subway 赛百味中国,B,活力双鸡轻盈三明治,light double chicken,三明治,"活力双鸡轻盈三明治(官方'轻盈系列',营销低卡标签,数值未证实)",1,个,,,,,,,,unknown,,,,,,,,,official_menu,https://www.subway.com.cn/657909-657909.html,Subway赛百味中国官方菜单,2026-09-18,,"官方菜单'轻盈系列';'轻盈/低卡'为merchant_claim,无官方营养数值佐证→needs_estimation",U,轻盈; 低卡,,,sandwich; light_series,needs_estimation,2026-09-18,single_item,,,,
subway-cn-wrap-dadong-duck-wrap,Subway 赛百味中国,B,大董烤鸭百味卷,dadong duck wrap,百味卷,大董烤鸭百味卷(薄饼卷制),1,个,,,,,,,,unknown,,,,,,,,,official_menu,https://www.subway.com.cn/657909-657909.html,Subway赛百味中国官方菜单,2026-09-18,,"官方菜单在列;薄饼饼皮单份约467kcal(Sina AI估计),卷类整体偏高热量;无中国官方营养→needs_estimation",U,,,,wrap; high_calorie,needs_estimation,2026-09-18,single_item,,"薄饼饼皮(~467kcal,Sina AI估计); 酱料; 馅料",,
subway-cn-wrap-dadong-sausage-wrap,Subway 赛百味中国,B,大董秘酱大肉粒香肠百味卷,dadong sausage wrap,百味卷,大董秘酱大肉粒香肠百味卷(薄饼卷制),1,个,,,,,,,,unknown,,,,,,,,,official_menu,https://www.subway.com.cn/657909-657909.html,Subway赛百味中国官方菜单,2026-09-18,,"官方菜单在列;薄饼饼皮单份约467kcal(Sina AI估计),卷类整体偏高热量;无中国官方营养→needs_estimation",U,,,,wrap; high_calorie,needs_estimation,2026-09-18,single_item,,"薄饼饼皮(~467kcal,Sina AI估计); 酱料; 馅料",,
subway-cn-wrap-tuna-wrap,Subway 赛百味中国,B,金枪鱼百味卷,tuna wrap,百味卷,金枪鱼百味卷(薄饼卷制),1,个,,,,,,,,unknown,,,,,,,,,official_menu,https://www.subway.com.cn/657909-657909.html,Subway赛百味中国官方菜单,2026-09-18,,"官方菜单在列;薄饼饼皮单份约467kcal(Sina AI估计),卷类整体偏高热量;无中国官方营养→needs_estimation",U,,,,wrap; high_calorie,needs_estimation,2026-09-18,single_item,,"薄饼饼皮(~467kcal,Sina AI估计); 酱料; 馅料",,
subway-cn-wrap-black-pepper-steak-wrap,Subway 赛百味中国,B,黑胡椒厚切牛排百味卷,black pepper steak wrap,百味卷,黑胡椒厚切牛排百味卷(薄饼卷制),1,个,,,,,,,,unknown,,,,,,,,,official_menu,https://www.subway.com.cn/657909-657909.html,Subway赛百味中国官方菜单,2026-09-18,,"官方菜单在列;薄饼饼皮单份约467kcal(Sina AI估计),卷类整体偏高热量;无中国官方营养→needs_estimation",U,,,,wrap; high_calorie,needs_estimation,2026-09-18,single_item,,"薄饼饼皮(~467kcal,Sina AI估计); 酱料; 馅料",,
subway-cn-wrap-teriyaki-chicken-wrap,Subway 赛百味中国,B,照烧鸡百味卷,teriyaki chicken wrap,百味卷,照烧鸡百味卷(薄饼卷制),1,个,,,,,,,,unknown,,,,,,,,,official_menu,https://www.subway.com.cn/657909-657909.html,Subway赛百味中国官方菜单,2026-09-18,,"官方菜单在列;薄饼饼皮单份约467kcal(Sina AI估计),卷类整体偏高热量;无中国官方营养→needs_estimation",U,,,,wrap; high_calorie,needs_estimation,2026-09-18,single_item,,"薄饼饼皮(~467kcal,Sina AI估计); 酱料; 馅料",,
subway-cn-wrap-turkey-breast-wrap,Subway 赛百味中国,B,火鸡胸百味卷,turkey breast wrap,百味卷,火鸡胸百味卷(薄饼卷制),1,个,,,,,,,,unknown,,,,,,,,,official_menu,https://www.subway.com.cn/657909-657909.html,Subway赛百味中国官方菜单,2026-09-18,,"官方菜单在列;薄饼饼皮单份约467kcal(Sina AI估计),卷类整体偏高热量;无中国官方营养→needs_estimation",U,,,,wrap; high_calorie,needs_estimation,2026-09-18,single_item,,"薄饼饼皮(~467kcal,Sina AI估计); 酱料; 馅料",,
subway-cn-bowl-black-pepper-steak-bowl,Subway 赛百味中国,B,黑椒厚切牛排能量碗,black pepper steak bowl,能量碗,黑椒厚切牛排能量碗(无面包能量碗),1,个,,,,,,,,unknown,,,,,,,,,official_menu,https://www.subway.com.cn/657909-657909.html,Subway赛百味中国官方菜单,2026-09-18,,官方菜单在列;能量碗无中国官方营养数据→needs_estimation,U,,,,bowl,needs_estimation,2026-09-18,single_item,,酱料; 蛋白份量; 是否含主食/蛋,,
subway-cn-bowl-tuna-bowl,Subway 赛百味中国,B,深海金枪鱼能量碗,tuna bowl,能量碗,深海金枪鱼能量碗(无面包能量碗),1,个,,,,,,,,unknown,,,,,,,,,official_menu,https://www.subway.com.cn/657909-657909.html,Subway赛百味中国官方菜单,2026-09-18,,官方菜单在列;能量碗无中国官方营养数据→needs_estimation,U,,,,bowl,needs_estimation,2026-09-18,single_item,,酱料; 蛋白份量; 是否含主食/蛋,,
subway-cn-bowl-double-egg-veggie-bowl,Subway 赛百味中国,B,缤纷双蛋能量碗,double egg veggie bowl,能量碗,缤纷双蛋能量碗(无面包能量碗),1,个,,,,,,,,unknown,,,,,,,,,official_menu,https://www.subway.com.cn/657909-657909.html,Subway赛百味中国官方菜单,2026-09-18,,官方菜单在列;能量碗无中国官方营养数据→needs_estimation,U,,,,bowl,needs_estimation,2026-09-18,single_item,,酱料; 蛋白份量; 是否含主食/蛋,,
subway-cn-bowl-teriyaki-chicken-bowl,Subway 赛百味中国,B,秘制照烧鸡能量碗,teriyaki chicken bowl,能量碗,秘制照烧鸡能量碗(无面包能量碗),1,个,,,,,,,,unknown,,,,,,,,,official_menu,https://www.subway.com.cn/657909-657909.html,Subway赛百味中国官方菜单,2026-09-18,,官方菜单在列;能量碗无中国官方营养数据→needs_estimation,U,,,,bowl,needs_estimation,2026-09-18,single_item,,酱料; 蛋白份量; 是否含主食/蛋,,
subway-cn-bowl-smoked-sausage-bowl,Subway 赛百味中国,B,烟熏大肉粒香肠能量碗,smoked sausage bowl,能量碗,烟熏大肉粒香肠能量碗(无面包能量碗),1,个,,,,,,,,unknown,,,,,,,,,official_menu,https://www.subway.com.cn/657909-657909.html,Subway赛百味中国官方菜单,2026-09-18,,官方菜单在列;能量碗无中国官方营养数据→needs_estimation,U,,,,bowl,needs_estimation,2026-09-18,single_item,,酱料; 蛋白份量; 是否含主食/蛋,,
subway-cn-bowl-grilled-chicken-thigh-bowl,Subway 赛百味中国,B,原切炙烤鸡腿排能量碗,grilled chicken thigh bowl,能量碗,原切炙烤鸡腿排能量碗(无面包能量碗),1,个,,,,,,,,unknown,,,,,,,,,official_menu,https://www.subway.com.cn/657909-657909.html,Subway赛百味中国官方菜单,2026-09-18,,官方菜单在列;能量碗无中国官方营养数据→needs_estimation,U,,,,bowl,needs_estimation,2026-09-18,single_item,,酱料; 蛋白份量; 是否含主食/蛋,,
subway-cn-bf-egg-square-cheese-sandwich,Subway 赛百味中国,B,蛋方芝士三明治,egg square cheese sandwich,早餐,蛋方芝士三明治(早餐款),1,个,,,,,,,,unknown,,,,,,,,,official_menu,https://www.subway.com.cn/657909-657909.html,Subway赛百味中国官方菜单,2026-09-18,,官方早餐菜单在列;无中国官方营养数据→needs_estimation,U,,,,breakfast,needs_estimation,2026-09-18,single_item,,芝士; 蛋/肉份量; 酱料,,
subway-cn-bf-ham-egg-square-cheese,Subway 赛百味中国,B,火腿蛋方芝士三明治,ham egg square cheese,早餐,火腿蛋方芝士三明治(早餐款),1,个,,,,,,,,unknown,,,,,,,,,official_menu,https://www.subway.com.cn/657909-657909.html,Subway赛百味中国官方菜单,2026-09-18,,官方早餐菜单在列;无中国官方营养数据→needs_estimation,U,,,,breakfast,needs_estimation,2026-09-18,single_item,,芝士; 蛋/肉份量; 酱料,,
subway-cn-bf-teriyaki-egg-square-cheese,Subway 赛百味中国,B,照烧鸡蛋方芝士三明治,teriyaki egg square cheese,早餐,照烧鸡蛋方芝士三明治(早餐款),1,个,,,,,,,,unknown,,,,,,,,,official_menu,https://www.subway.com.cn/657909-657909.html,Subway赛百味中国官方菜单,2026-09-18,,官方早餐菜单在列;无中国官方营养数据→needs_estimation,U,,,,breakfast,needs_estimation,2026-09-18,single_item,,芝士; 蛋/肉份量; 酱料,,
subway-cn-bf-sausage-egg-square-cheese,Subway 赛百味中国,B,热心肠蛋方芝士三明治,sausage egg square cheese,早餐,热心肠蛋方芝士三明治(早餐款),1,个,,,,,,,,unknown,,,,,,,,,official_menu,https://www.subway.com.cn/657909-657909.html,Subway赛百味中国官方菜单,2026-09-18,,官方早餐菜单在列;无中国官方营养数据→needs_estimation,U,,,,breakfast,needs_estimation,2026-09-18,single_item,,芝士; 蛋/肉份量; 酱料,,
subway-cn-bf-sausage-egg-super-grain,Subway 赛百味中国,B,热心肠蛋料超能粒三明治,sausage egg super grain,早餐,热心肠蛋料超能粒三明治(早餐款),1,个,,,,,,,,unknown,,,,,,,,,official_menu,https://www.subway.com.cn/657909-657909.html,Subway赛百味中国官方菜单,2026-09-18,,官方早餐菜单在列;无中国官方营养数据→needs_estimation,U,,,,breakfast,needs_estimation,2026-09-18,single_item,,芝士; 蛋/肉份量; 酱料,,
subway-cn-bf-double-meat-egg-super-grain,Subway 赛百味中国,B,双拼肉肉蛋料超能粒三明治,double meat egg super grain,早餐,双拼肉肉蛋料超能粒三明治(早餐款),1,个,,,,,,,,unknown,,,,,,,,,official_menu,https://www.subway.com.cn/657909-657909.html,Subway赛百味中国官方菜单,2026-09-18,,官方早餐菜单在列;无中国官方营养数据→needs_estimation,U,,,,breakfast,needs_estimation,2026-09-18,single_item,,芝士; 蛋/肉份量; 酱料,,
subway-cn-bf-tuna-egg-super-grain,Subway 赛百味中国,B,金枪鱼蛋料超能粒三明治,tuna egg super grain,早餐,金枪鱼蛋料超能粒三明治(早餐款),1,个,,,,,,,,unknown,,,,,,,,,official_menu,https://www.subway.com.cn/657909-657909.html,Subway赛百味中国官方菜单,2026-09-18,,官方早餐菜单在列;无中国官方营养数据→needs_estimation,U,,,,breakfast,needs_estimation,2026-09-18,single_item,,芝士; 蛋/肉份量; 酱料,,
subway-cn-bf-egg-cheese-super-grain,Subway 赛百味中国,B,蛋料芝士超能粒三明治,egg cheese super grain,早餐,蛋料芝士超能粒三明治(早餐款),1,个,,,,,,,,unknown,,,,,,,,,official_menu,https://www.subway.com.cn/657909-657909.html,Subway赛百味中国官方菜单,2026-09-18,,官方早餐菜单在列;无中国官方营养数据→needs_estimation,U,,,,breakfast,needs_estimation,2026-09-18,single_item,,芝士; 蛋/肉份量; 酱料,,
subway-cn-bf-sausage-egg-cheese-roll,Subway 赛百味中国,B,热心肠芝香蛋焙卷,sausage egg cheese roll,早餐,热心肠芝香蛋焙卷(早餐款),1,个,,,,,,,,unknown,,,,,,,,,official_menu,https://www.subway.com.cn/657909-657909.html,Subway赛百味中国官方菜单,2026-09-18,,官方早餐菜单在列;无中国官方营养数据→needs_estimation,U,,,,breakfast,needs_estimation,2026-09-18,single_item,,芝士; 蛋/肉份量; 酱料,,
subway-cn-bf-teriyaki-egg-cheese-roll,Subway 赛百味中国,B,芝香照烧鸡蛋焙卷,teriyaki egg cheese roll,早餐,芝香照烧鸡蛋焙卷(早餐款),1,个,,,,,,,,unknown,,,,,,,,,official_menu,https://www.subway.com.cn/657909-657909.html,Subway赛百味中国官方菜单,2026-09-18,,官方早餐菜单在列;无中国官方营养数据→needs_estimation,U,,,,breakfast,needs_estimation,2026-09-18,single_item,,芝士; 蛋/肉份量; 酱料,,
subway-cn-bf-ham-egg-cheese-roll,Subway 赛百味中国,B,芝香火腿蛋焙卷,ham egg cheese roll,早餐,芝香火腿蛋焙卷(早餐款),1,个,,,,,,,,unknown,,,,,,,,,official_menu,https://www.subway.com.cn/657909-657909.html,Subway赛百味中国官方菜单,2026-09-18,,官方早餐菜单在列;无中国官方营养数据→needs_estimation,U,,,,breakfast,needs_estimation,2026-09-18,single_item,,芝士; 蛋/肉份量; 酱料,,
subway-cn-bf-farm-egg-roll,Subway 赛百味中国,B,农夫蛋焙卷,farm egg roll,早餐,农夫蛋焙卷(早餐款),1,个,,,,,,,,unknown,,,,,,,,,official_menu,https://www.subway.com.cn/657909-657909.html,Subway赛百味中国官方菜单,2026-09-18,,官方早餐菜单在列;无中国官方营养数据→needs_estimation,U,,,,breakfast,needs_estimation,2026-09-18,single_item,,芝士; 蛋/肉份量; 酱料,,
subway-cn-side-honey-mustard-chicken-balls,Subway 赛百味中国,B,桂香蜜芥夹心鸡球,honey mustard chicken balls,小食,桂香蜜芥夹心鸡球(小食),1,个,,,,,,,,unknown,,,,,,,,,official_menu,https://www.subway.com.cn/657909-657909.html,Subway赛百味中国官方菜单,2026-09-18,,官方小食菜单在列;无中国官方营养数据→needs_estimation,U,,,,side,needs_estimation,2026-09-18,single_item,,油炸/烤制方式; 酱料; 份量,,
subway-cn-side-snack-box,Subway 赛百味中国,B,赛赛小食盒,snack box,小食,赛赛小食盒(小食),1,个,,,,,,,,unknown,,,,,,,,,official_menu,https://www.subway.com.cn/657909-657909.html,Subway赛百味中国官方菜单,2026-09-18,,官方小食菜单在列;无中国官方营养数据→needs_estimation,U,,,,side,needs_estimation,2026-09-18,single_item,,油炸/烤制方式; 酱料; 份量,,
subway-cn-side-roasted-wings,Subway 赛百味中国,B,赛赛香烤伴翅,roasted wings,小食,赛赛香烤伴翅(小食),1,个,,,,,,,,unknown,,,,,,,,,official_menu,https://www.subway.com.cn/657909-657909.html,Subway赛百味中国官方菜单,2026-09-18,,官方小食菜单在列;无中国官方营养数据→needs_estimation,U,,,,side,needs_estimation,2026-09-18,single_item,,油炸/烤制方式; 酱料; 份量,,
subway-cn-side-hash-brown,Subway 赛百味中国,B,赛赛烤薯饼,hash brown,小食,赛赛烤薯饼(小食),1,个,,,,,,,,unknown,,,,,,,,,official_menu,https://www.subway.com.cn/657909-657909.html,Subway赛百味中国官方菜单,2026-09-18,,官方小食菜单在列;无中国官方营养数据→needs_estimation,U,,,,side,needs_estimation,2026-09-18,single_item,,油炸/烤制方式; 酱料; 份量,,
subway-cn-side-juicy-chicken-pieces,Subway 赛百味中国,B,赛赛多汁原块鸡,juicy chicken pieces,小食,赛赛多汁原块鸡(小食),1,个,,,,,,,,unknown,,,,,,,,,official_menu,https://www.subway.com.cn/657909-657909.html,Subway赛百味中国官方菜单,2026-09-18,,官方小食菜单在列;无中国官方营养数据→needs_estimation,U,,,,side,needs_estimation,2026-09-18,single_item,,油炸/烤制方式; 酱料; 份量,,
subway-cn-side-western-style-wings,Subway 赛百味中国,B,西域风情烤翅,western style wings,小食,西域风情烤翅(小食),1,个,,,,,,,,unknown,,,,,,,,,official_menu,https://www.subway.com.cn/657909-657909.html,Subway赛百味中国官方菜单,2026-09-18,,官方小食菜单在列;无中国官方营养数据→needs_estimation,U,,,,side,needs_estimation,2026-09-18,single_item,,油炸/烤制方式; 酱料; 份量,,
subway-cn-side-corn-cup,Subway 赛百味中国,B,玉米杯,corn cup,小食,玉米杯(小食),1,个,,,,,,,,unknown,,,,,,,,,official_menu,https://www.subway.com.cn/657909-657909.html,Subway赛百味中国官方菜单,2026-09-18,,官方小食菜单在列;无中国官方营养数据→needs_estimation,U,,,,side,needs_estimation,2026-09-18,single_item,,油炸/烤制方式; 酱料; 份量,,
subway-cn-cookie-pea-walnut-cookie,Subway 赛百味中国,B,豌豆核桃曲奇,pea walnut cookie,曲奇/甜品,"豌豆核桃曲奇(曲奇,单块)",1,个,,,,,,,,unknown,,,,,,,,,official_menu,https://www.subway.com.cn/657909-657909.html,Subway赛百味中国官方菜单,2026-09-18,,"官方曲奇菜单在列;Subway曲奇单块通常高糖高脂(经验~200kcal级,但无中国官方数值)→needs_estimation,不填数",U,,,,dessert; cookie; high_calorie,needs_estimation,2026-09-18,single_item,,,,
subway-cn-cookie-chocolate-chip-cookie,Subway 赛百味中国,B,巧克力风味曲奇,chocolate chip cookie,曲奇/甜品,"巧克力风味曲奇(曲奇,单块)",1,个,,,,,,,,unknown,,,,,,,,,official_menu,https://www.subway.com.cn/657909-657909.html,Subway赛百味中国官方菜单,2026-09-18,,"官方曲奇菜单在列;Subway曲奇单块通常高糖高脂(经验~200kcal级,但无中国官方数值)→needs_estimation,不填数",U,,,,dessert; cookie; high_calorie,needs_estimation,2026-09-18,single_item,,,,
subway-cn-cookie-oat-raisin-cookie,Subway 赛百味中国,B,燕麦提子风味曲奇,oat raisin cookie,曲奇/甜品,"燕麦提子风味曲奇(曲奇,单块)",1,个,,,,,,,,unknown,,,,,,,,,official_menu,https://www.subway.com.cn/657909-657909.html,Subway赛百味中国官方菜单,2026-09-18,,"官方曲奇菜单在列;Subway曲奇单块通常高糖高脂(经验~200kcal级,但无中国官方数值)→needs_estimation,不填数",U,,,,dessert; cookie; high_calorie,needs_estimation,2026-09-18,single_item,,,,
subway-cn-kids-kids-teriyaki-chicken-meal,Subway 赛百味中国,B,照烧鸡三明治儿童餐,kids teriyaki chicken meal,儿童餐,照烧鸡三明治儿童餐(套餐),1,份,,,,,,,,unknown,,,,,,,,,official_menu,https://www.subway.com.cn/657909-657909.html,Subway赛百味中国官方菜单,2026-09-18,,"官方儿童餐/家庭餐套餐;套餐组成含小食+饮料,无中国官方营养→needs_estimation",U,,,,kids; combo,needs_estimation,2026-09-18,preset_combo,main=照烧鸡三明治; side=小食/曲奇(视门店); drink=饮料(视门店),,,
subway-cn-kids-kids-ham-egg-meal,Subway 赛百味中国,B,火腿蛋料三明治儿童餐,kids ham egg meal,儿童餐,火腿蛋料三明治儿童餐(套餐),1,份,,,,,,,,unknown,,,,,,,,,official_menu,https://www.subway.com.cn/657909-657909.html,Subway赛百味中国官方菜单,2026-09-18,,"官方儿童餐/家庭餐套餐;套餐组成含小食+饮料,无中国官方营养→needs_estimation",U,,,,kids; combo,needs_estimation,2026-09-18,preset_combo,main=火腿蛋料三明治; side=小食/曲奇(视门店); drink=饮料(视门店),,,
subway-cn-kids-parent-child-duo-meal,Subway 赛百味中国,B,亲子双人餐,parent child duo meal,儿童餐,亲子双人餐(套餐),1,份,,,,,,,,unknown,,,,,,,,,official_menu,https://www.subway.com.cn/657909-657909.html,Subway赛百味中国官方菜单,2026-09-18,,"官方儿童餐/家庭餐套餐;套餐组成含小食+饮料,无中国官方营养→needs_estimation",U,,,,kids; combo,needs_estimation,2026-09-18,preset_combo,main=亲子双人餐; side=小食/曲奇(视门店); drink=饮料(视门店),,,
subway-cn-kids-family-trio-meal,Subway 赛百味中国,B,家庭三人餐,family trio meal,儿童餐,家庭三人餐(套餐),1,份,,,,,,,,unknown,,,,,,,,,official_menu,https://www.subway.com.cn/657909-657909.html,Subway赛百味中国官方菜单,2026-09-18,,"官方儿童餐/家庭餐套餐;套餐组成含小食+饮料,无中国官方营养→needs_estimation",U,,,,kids; combo,needs_estimation,2026-09-18,preset_combo,main=家庭三人餐; side=小食/曲奇(视门店); drink=饮料(视门店),,,
subway-cn-drink-americano,Subway 赛百味中国,B,现磨美式,americano,现磨咖啡/饮品,现磨美式,1,个,,,,,,,,unknown,,,,,,,,,official_menu,https://www.subway.com.cn/657909-657909.html,Subway赛百味中国官方菜单,2026-09-18,,"官方饮品菜单在列;黑咖啡/美式≈0-15kcal,含奶/含糖款差异大;无中国官方营养→menu_only(排除瓶装水/普通汽水)",U,,,,drink; coffee,menu_only,2026-09-18,single_item,,,,
subway-cn-drink-latte,Subway 赛百味中国,B,现磨拿铁,latte,现磨咖啡/饮品,现磨拿铁,1,个,,,,,,,,unknown,,,,,,,,,official_menu,https://www.subway.com.cn/657909-657909.html,Subway赛百味中国官方菜单,2026-09-18,,"官方饮品菜单在列;黑咖啡/美式≈0-15kcal,含奶/含糖款差异大;无中国官方营养→menu_only(排除瓶装水/普通汽水)",U,,,,drink; coffee,menu_only,2026-09-18,single_item,,,,
subway-cn-drink-coconut-americano,Subway 赛百味中国,B,椰青美式,coconut americano,现磨咖啡/饮品,椰青美式,1,个,,,,,,,,unknown,,,,,,,,,official_menu,https://www.subway.com.cn/657909-657909.html,Subway赛百味中国官方菜单,2026-09-18,,"官方饮品菜单在列;黑咖啡/美式≈0-15kcal,含奶/含糖款差异大;无中国官方营养→menu_only(排除瓶装水/普通汽水)",U,,,,drink; coffee,menu_only,2026-09-18,single_item,,,,
subway-cn-drink-pear-soup-latte,Subway 赛百味中国,B,小吊梨汤拿铁,pear soup latte,现磨咖啡/饮品,小吊梨汤拿铁,1,个,,,,,,,,unknown,,,,,,,,,official_menu,https://www.subway.com.cn/657909-657909.html,Subway赛百味中国官方菜单,2026-09-18,,"官方饮品菜单在列;黑咖啡/美式≈0-15kcal,含奶/含糖款差异大;无中国官方营养→menu_only(排除瓶装水/普通汽水)",U,,,,drink; coffee,menu_only,2026-09-18,single_item,,,,
subway-cn-drink-coconut-water,Subway 赛百味中国,B,椰皇水,coconut water,现磨咖啡/饮品,椰皇水,1,个,,,,,,,,unknown,,,,,,,,,official_menu,https://www.subway.com.cn/657909-657909.html,Subway赛百味中国官方菜单,2026-09-18,,"官方饮品菜单在列;黑咖啡/美式≈0-15kcal,含奶/含糖款差异大;无中国官方营养→menu_only(排除瓶装水/普通汽水)",U,,,,drink; beverage,menu_only,2026-09-18,single_item,,,,
subway-cn-drink-soy-milk,Subway 赛百味中国,B,豆浆,soy milk,现磨咖啡/饮品,豆浆,1,个,,,,,,,,unknown,,,,,,,,,official_menu,https://www.subway.com.cn/657909-657909.html,Subway赛百味中国官方菜单,2026-09-18,,"官方饮品菜单在列;黑咖啡/美式≈0-15kcal,含奶/含糖款差异大;无中国官方营养→menu_only(排除瓶装水/普通汽水)",U,,,,drink; beverage,menu_only,2026-09-18,single_item,,,,
tastien-cn-xiang-la-ji-tui,塔斯汀中国汉堡,B,香辣鸡腿中国汉堡,spicy fried chicken thigh chinese burger,中国汉堡,品牌人气之王/核心 SKU：手擀现烤堡胚 + 现炸香辣鸡腿排 + 生菜 + 黄瓜片 + 沙拉酱。官方与门店均长期在售，团购单点价约 ¥12。,1,个,,,,,,,,estimated_range,426,533,22.5,28.7,39.2,49.8,14.7,18.7,third_party_analysis,https://www.fatsecret.cn/热量营养/塔斯汀/香辣鸡腿堡/1份,塔斯汀 香辣鸡腿堡的热量和营养成分 | fatsecret.cn,2026-09-18,https://post.m.smzdm.com/zz/p/a65poo2g/,能量：三个独立来源不一致（fatsecret 426 kcal/201g；吱吱热量日记 533；柚七七 501），按 SCHEMA 以 estimated_range 记录全距 426–533，不取单点。宏量：仅 fatsecret 一家给出（基准 1份201g），按 ±12% 展开为区间；钠/纤维/糖无任何来源，留空。本 SKU 是全品牌唯一有宏量数据的条目，故宏量口径完全依赖单一众包来源。,C,,塔斯汀 减脂; 塔斯汀 香辣鸡腿中国汉堡 热量; 塔斯汀 低卡点单,去酱（甜面酱/沙拉酱，UGC 口径约 -70~100 kcal）; 备注多菜（加生菜/番茄/黄瓜）; 炸鸡类去鸡皮; 去掉一半堡胚或换薄胚（UGC 口径约 -200 kcal 碳水）; 配无糖冰柠可乐替代含糖饮料; 单点不配小食饮料,burger; fried_chicken; spicy; core_sku,complete,2026-09-18,single_item,,酱料份量（甜面酱/沙拉酱/特调酱，UGC 口径 -70~100 kcal）; 手擀现烤堡胚大小与厚度批次差异（门店现擀，非标准化）; 油炸鸡排裹粉与吸油率（同款不同锅次差异大）; 门店装配份量不标准（肉块数/蔬菜量）; 三源能量分歧未裁定（见 conflicting_sources）,fatsecret.cn 众包：香辣鸡腿堡 1份(201克) = 426 kcal / F16.7 / C44.5 / P25.6 | 小红书 UGC（吱吱热量日记，smzdm 转载）533 kcal（去酱 449）；另一篇（柚七七）501 kcal；怡宝不渴 去酱 440 | 标准版能量相差 426 vs 501/533（约 18%–25%）；且 UGC 的『去酱版』440–449 kcal 高于 fatsecret 的『标准版』426 kcal，逻辑上矛盾 | 口径不同：fatsecret 201g 可能对应去酱或较小份量/较早配方；UGC 值多为估算且未披露方法；门店现做份量与吸油率波动；smzdm 转载页为 AI 摘要，数字可能转录偏差,标准版最可能落在 500–535 kcal（两篇互不相关的 UGC 给 501/533，且各自的『去酱版』440–449 与之自洽）；fatsecret 的 426 kcal/201g 视为偏低口径（疑为去酱或小份），保留在区间下限。宏量以 fatsecret 唯一值为中值 ±12%。建议以官方小程序营养信息或实物称重裁定——目前塔斯汀未公开任何官方营养表。
tastien-cn-teng-jiao-ji-tui,塔斯汀中国汉堡,B,藤椒鸡腿中国汉堡,sichuan green-pepper fried chicken thigh burger,中国汉堡,官方经典双堡之二：现炸鸡腿排 + 四川藤椒清新麻香 + 生菜。,1,个,481,,,,,,,estimated_point,423,539,,,,,,,third_party_analysis,https://post.m.smzdm.com/zz/p/a65poo2g/,塔斯汀全系列汉堡热量分解测评大合集（吱吱热量日记，来自小红书）,2026-09-18,,能量取『吱吱热量日记』标准版 481 kcal，按 SCHEMA §2 estimated_point 附 ±12% 区间。同一来源给出改造口径：去鸡腿皮+去酱 289 kcal（-192 kcal，说明鸡皮与酱是主要能量来源）；另一来源（怡宝不渴）去酱版约 410 kcal。宏量无任何来源，留空。,C,,塔斯汀 减脂; 塔斯汀 藤椒鸡腿中国汉堡 热量; 塔斯汀 低卡点单,去酱（甜面酱/沙拉酱，UGC 口径约 -70~100 kcal）; 备注多菜（加生菜/番茄/黄瓜）; 炸鸡类去鸡皮; 去掉一半堡胚或换薄胚（UGC 口径约 -200 kcal 碳水）; 配无糖冰柠可乐替代含糖饮料,burger; fried_chicken; spicy; core_sku,nutrition_missing,2026-09-18,single_item,,酱料份量（甜面酱/沙拉酱/特调酱，UGC 口径 -70~100 kcal）; 手擀现烤堡胚大小与厚度批次差异（门店现擀，非标准化）; 油炸鸡排裹粉与吸油率（同款不同锅次差异大）; 门店装配份量不标准（肉块数/蔬菜量）; 去/留鸡皮造成的能量差极大（481→289 kcal）,吱吱热量日记：藤椒鸡腿堡 481 kcal（去鸡腿皮去酱 289） | 怡宝不渴：藤椒鸡腿汉堡 去酱约 410 kcal | 去酱口径相差 121 kcal（410 vs 由 481 推得的去酱值） | 两篇均未披露方法；『去酱』是否同时去皮、门店份量差异、AI 摘要转录偏差,标准版 423–539 kcal（点值 481）；减脂场景取『去皮+去酱』口径 ≈289–410 kcal 更有参考价值。
tastien-cn-bei-jing-kao-ya,塔斯汀中国汉堡,B,北京烤鸭中国汉堡,peking duck chinese burger,中国汉堡,招牌国味内馅：大块烤鸭肉 + 京式烤鸭酱（老北京酱/甜面酱）+ 黄瓜丝 + 葱丝，手擀现烤堡胚。,1,个,456,,,,,,,estimated_point,401,511,,,,,,,third_party_analysis,https://post.m.smzdm.com/zz/p/a65poo2g/,塔斯汀全系列汉堡热量分解测评大合集（吱吱热量日记，来自小红书）,2026-09-18,https://post.m.smzdm.com/zz/p/ax6oznm9/,能量取『吱吱热量日记』标准版 456 kcal（±12%）；同源『去肥肉去酱』405 kcal。交叉印证：『北京烤鸭汉堡+无糖冰柠可乐』组合 477 kcal（搞笑女的吃饭日常）——饮料 0 kcal，故组合值应≈单品值，477 vs 456 相差 4.6%，量级一致。酱料参考：甜面酱约 20 kcal/份（怡宝不渴），是本堡主要可削减项。宏量无来源，留空。,C,官方卖点『招牌国味内馅/传统中国风味』（营销表述，非营养事实）,塔斯汀 减脂; 塔斯汀 北京烤鸭中国汉堡 热量; 塔斯汀 低卡点单,去酱（甜面酱/沙拉酱，UGC 口径约 -70~100 kcal）; 备注多菜（加生菜/番茄/黄瓜）; 炸鸡类去鸡皮; 去掉一半堡胚或换薄胚（UGC 口径约 -200 kcal 碳水）; 配无糖冰柠可乐替代含糖饮料,burger; duck; core_sku; chinese_flavor,nutrition_missing,2026-09-18,single_item,,酱料份量（甜面酱/沙拉酱/特调酱，UGC 口径 -70~100 kcal）; 手擀现烤堡胚大小与厚度批次差异（门店现擀，非标准化）; 油炸鸡排裹粉与吸油率（同款不同锅次差异大）; 门店装配份量不标准（肉块数/蔬菜量）; 烤鸭肉肥瘦比与是否去皮; 甜面酱份量,,标准版 401–511 kcal（点值 456）；去肥肉+去酱 ≈405 kcal；配无糖饮料的整餐 ≈477 kcal。
tastien-cn-ban-shao-feng-li,塔斯汀中国汉堡,B,板烧凤梨中国汉堡,teppan-grilled chicken pineapple burger,中国汉堡,板烧（非油炸）鸡排 + 炙烤厚切凤梨 + 生菜 + 沙拉酱，官方与媒体均列为清爽向主力款。,1,个,500,,,,,,,estimated_point,440,560,,,,,,,third_party_analysis,https://post.m.smzdm.com/zz/p/a65poo2g/,塔斯汀全系列汉堡热量分解测评大合集（吱吱热量日记，来自小红书）,2026-09-18,https://post.smzdm.com/p/avvoonk9/,能量取『吱吱热量日记』标准版 500 kcal（±12%）；同源『去酱多菜』415 kcal；怡宝不渴『去酱』480 kcal。另有『板烧凤梨堡+蔬菜沙拉(低脂酱)≈500』组合值，但塔斯汀菜单各来源均未见『蔬菜沙拉』在售，该组合未采用。板烧为烤制非油炸，但因沙拉酱+凤梨糖分，标准版能量并不低于炸鸡堡。宏量无来源。,C,,塔斯汀 减脂; 塔斯汀 板烧凤梨中国汉堡 热量; 塔斯汀 低卡点单,去酱（甜面酱/沙拉酱，UGC 口径约 -70~100 kcal）; 备注多菜（加生菜/番茄/黄瓜）; 炸鸡类去鸡皮; 去掉一半堡胚或换薄胚（UGC 口径约 -200 kcal 碳水）; 配无糖冰柠可乐替代含糖饮料,burger; grilled_chicken; core_sku,nutrition_missing,2026-09-18,single_item,,酱料份量（甜面酱/沙拉酱/特调酱，UGC 口径 -70~100 kcal）; 手擀现烤堡胚大小与厚度批次差异（门店现擀，非标准化）; 油炸鸡排裹粉与吸油率（同款不同锅次差异大）; 门店装配份量不标准（肉块数/蔬菜量）; 沙拉酱份量（去酱可 -60~85 kcal）; 凤梨块数与糖分,吱吱热量日记：板烧凤梨堡 500 kcal（去酱多菜 415） | 怡宝不渴：板烧凤梨堡 去酱约 480 kcal | 去酱口径 415 vs 480 kcal（差 65 kcal） | 『去酱多菜』与『去酱』改造程度不同；两篇均未披露方法,标准版 440–560 kcal（点值 500）；减脂口径『去酱（+多菜）』415–480 kcal。
tastien-cn-pei-gen-jian-dan,塔斯汀中国汉堡,B,培根煎蛋中国汉堡,bacon fried-egg chinese burger,中国汉堡,煎培根 + 煎蛋 + 清甜酱料 + 生菜番茄，早午餐向；门店可加双培根。,1,个,567,,,,,,,estimated_point,499,635,,,,,,,third_party_analysis,https://post.m.smzdm.com/zz/p/a65poo2g/,塔斯汀全系列汉堡热量分解测评大合集（吱吱热量日记，来自小红书）,2026-09-18,,能量取『吱吱热量日记』标准版 567 kcal（±12%）；同源『去酱』484 kcal。另有组合值：培根煎蛋汉堡+欢喜全翅=520 kcal（搞笑女）、培根煎蛋堡(去一半酱)+无糖冰柠咖≈450 kcal（糕冷小美）——前者低于本品单堡值 567，逻辑矛盾，已记入 conflicting_sources，未据此改动单品值。宏量无来源。,C,,塔斯汀 减脂; 塔斯汀 培根煎蛋中国汉堡 热量; 塔斯汀 低卡点单,去酱（甜面酱/沙拉酱，UGC 口径约 -70~100 kcal）; 备注多菜（加生菜/番茄/黄瓜）; 炸鸡类去鸡皮; 去掉一半堡胚或换薄胚（UGC 口径约 -200 kcal 碳水）; 配无糖冰柠可乐替代含糖饮料; 不加双培根（加料会显著抬高脂肪）,burger; pork; egg; breakfast_style; high_calorie,nutrition_missing,2026-09-18,single_item,,酱料份量（甜面酱/沙拉酱/特调酱，UGC 口径 -70~100 kcal）; 手擀现烤堡胚大小与厚度批次差异（门店现擀，非标准化）; 油炸鸡排裹粉与吸油率（同款不同锅次差异大）; 门店装配份量不标准（肉块数/蔬菜量）; 培根片数（可加双培根）; 煎蛋用油,吱吱热量日记：培根煎蛋汉堡单品 567 kcal（去酱 484） | 搞笑女的吃饭日常：培根煎蛋汉堡+欢喜全翅 组合 520 kcal | 组合值(520) 低于单品值(567)，差 -47 kcal，逻辑不可能 | 两篇均为无方法 UGC 估算且经 AI 摘要转载；可能其一按较小份量/去酱口径计，或欢喜全翅按半对计,单品标准版 499–635 kcal（点值 567，本品牌汉堡中偏高）；去酱 ≈484 kcal。欢喜全翅能量待独立实测。
tastien-cn-zi-ran-jun-gu-niu-rou,塔斯汀中国汉堡,B,孜然菌菇牛肉中国汉堡,cumin mushroom beef chinese burger,中国汉堡,卤牛肉片 + 菌菇 + 孜然香气，官方描述『菌菇配嫩牛，山间孜然味』。,1,个,542,,,,,,,estimated_point,477,607,,,,,,,third_party_analysis,https://post.m.smzdm.com/zz/p/a65poo2g/,塔斯汀全系列汉堡热量分解测评大合集（吱吱热量日记，来自小红书）,2026-09-18,,能量取『吱吱热量日记』（记作『菌菇牛肉汉堡』）标准版 542 kcal（±12%）；同源去酱 458 kcal。组合值：孜然菌菇牛肉汉堡+啃定好鸭脖+无糖冰柠可乐=508 kcal（搞笑女）——低于单品值 542，逻辑矛盾，已记 conflicting_sources。宏量无来源。,C,,塔斯汀 减脂; 塔斯汀 孜然菌菇牛肉中国汉堡 热量; 塔斯汀 低卡点单,去酱（甜面酱/沙拉酱，UGC 口径约 -70~100 kcal）; 备注多菜（加生菜/番茄/黄瓜）; 炸鸡类去鸡皮; 去掉一半堡胚或换薄胚（UGC 口径约 -200 kcal 碳水）; 配无糖冰柠可乐替代含糖饮料,burger; beef,nutrition_missing,2026-09-18,single_item,,酱料份量（甜面酱/沙拉酱/特调酱，UGC 口径 -70~100 kcal）; 手擀现烤堡胚大小与厚度批次差异（门店现擀，非标准化）; 油炸鸡排裹粉与吸油率（同款不同锅次差异大）; 门店装配份量不标准（肉块数/蔬菜量）; 牛肉片份量与卤汁含糖; 菌菇吸油,吱吱热量日记：菌菇牛肉汉堡单品 542 kcal | 搞笑女的吃饭日常：孜然菌菇牛肉汉堡+啃定好鸭脖+无糖可乐 组合 508 kcal | 组合值低于单品值 34 kcal | 均为无方法 UGC 估算；品名对应或份量口径不一致,单品标准版 477–607 kcal（点值 542）；去酱 ≈458 kcal。
tastien-cn-you-zi-you-wei-ya,塔斯汀中国汉堡,B,有孜有味鸭中国汉堡,cumin roast duck chinese burger,中国汉堡,厚实鸭肉 + 浓香孜然，烧烤风味（官方卖点『香气四溢，解馋过瘾』）。UGC 口味评价分化。,1,个,,,,,,,,unknown,,,,,,,,,official_menu,https://www.tasiting.com/product/category/hamburg,塔斯汀官网「塔塔美食」中国汉堡分类页,2026-09-18,,仅有菜单事实（官方分类页 + 搜狐/快手测评提及），无任何营养数据；未据品类级模糊值（百度知道『汉堡约500大卡』）填数，避免假精确。,U,,塔斯汀 减脂; 塔斯汀 有孜有味鸭中国汉堡 热量; 塔斯汀 低卡点单; 塔斯汀 有孜有味鸭 测评,去酱（甜面酱/沙拉酱，UGC 口径约 -70~100 kcal）; 备注多菜（加生菜/番茄/黄瓜）; 炸鸡类去鸡皮; 去掉一半堡胚或换薄胚（UGC 口径约 -200 kcal 碳水）; 配无糖冰柠可乐替代含糖饮料,burger; duck; chinese_flavor,menu_only,2026-09-18,single_item,,酱料份量（甜面酱/沙拉酱/特调酱，UGC 口径 -70~100 kcal）; 手擀现烤堡胚大小与厚度批次差异（门店现擀，非标准化）; 油炸鸡排裹粉与吸油率（同款不同锅次差异大）; 门店装配份量不标准（肉块数/蔬菜量）; 鸭肉带皮脂肪高,,
tastien-cn-bi-feng-tang-xie-liu,塔斯汀中国汉堡,B,避风塘蟹味柳中国汉堡,typhoon-shelter crab-stick chicken burger,中国汉堡,现烤堡胚 + 多汁鸡排 + 3 根蟹味柳（外酥里嫩）+ 避风塘炒料（辛香微辣，含蒜香）。属双炸物叠加的高能量款。,1,个,615,,,,,,,estimated_point,541,689,,,,,,,third_party_analysis,https://post.m.smzdm.com/zz/p/a65poo2g/,塔斯汀全系列汉堡热量分解测评大合集（吱吱热量日记，来自小红书）,2026-09-18,https://k.sina.cn/article_7390874094_1b887c9ee00101mw86.html,能量取『吱吱热量日记』标准版 615 kcal（±12%），为本库已见塔斯汀汉堡最高值；同源『去酱去鸡腿皮』426 kcal（-189 kcal）。怡宝不渴未给数值，仅建议『去酱去鸡腿皮』。宏量无来源。,C,,塔斯汀 减脂; 塔斯汀 避风塘蟹味柳中国汉堡 热量; 塔斯汀 低卡点单,去酱（甜面酱/沙拉酱，UGC 口径约 -70~100 kcal）; 备注多菜（加生菜/番茄/黄瓜）; 炸鸡类去鸡皮; 去掉一半堡胚或换薄胚（UGC 口径约 -200 kcal 碳水）; 配无糖冰柠可乐替代含糖饮料,burger; fried_chicken; seafood; high_calorie,nutrition_missing,2026-09-18,single_item,,酱料份量（甜面酱/沙拉酱/特调酱，UGC 口径 -70~100 kcal）; 手擀现烤堡胚大小与厚度批次差异（门店现擀，非标准化）; 油炸鸡排裹粉与吸油率（同款不同锅次差异大）; 门店装配份量不标准（肉块数/蔬菜量）; 蟹味柳根数（3根）与炸物叠加; 避风塘炒料含油量,,标准版 541–689 kcal（点值 615）；减脂口径『去酱+去鸡腿皮』≈426 kcal，降幅约 31%。
tastien-cn-duo-zhi-niu-rou,塔斯汀中国汉堡,B,多汁牛肉中国汉堡,juicy beef chinese burger,中国汉堡,厚实多汁牛肉饼 + 番茄 + 炸洋葱圈（官方资讯稿明示组成）。,1,个,483,,,,,,,estimated_point,425,541,,,,,,,third_party_analysis,https://post.m.smzdm.com/zz/p/axdqkw44/,塔斯汀合集(带热量)·减脂期点单技巧（糕冷小美，来自抖音）,2026-09-18,https://post.m.smzdm.com/zz/p/a65p0k9o/,两篇 UGC 给出同一组合值『多汁牛肉堡(去洋葱圈)+无糖可乐 = 483 kcal』（糕冷小美 / 柚七七），无糖可乐≈0 kcal，故 483 近似等于『去洋葱圈版』单品能量，按 estimated_point 记录并 ±12%。重要口径限制：483 对应去洋葱圈版本；标准版含炸洋葱圈，能量应更高，本库不擅自加回差值（无来源），已在 best_current_estimate 说明。两条来源数值完全相同，疑为同源内容链（非两个独立证据），见品牌级 cross_source_validation_note。宏量无来源。,C,,塔斯汀 减脂; 塔斯汀 多汁牛肉中国汉堡 热量; 塔斯汀 低卡点单,去酱（甜面酱/沙拉酱，UGC 口径约 -70~100 kcal）; 备注多菜（加生菜/番茄/黄瓜）; 炸鸡类去鸡皮; 去掉一半堡胚或换薄胚（UGC 口径约 -200 kcal 碳水）; 配无糖冰柠可乐替代含糖饮料,burger; beef,nutrition_missing,2026-09-18,single_item,,酱料份量（甜面酱/沙拉酱/特调酱，UGC 口径 -70~100 kcal）; 手擀现烤堡胚大小与厚度批次差异（门店现擀，非标准化）; 油炸鸡排裹粉与吸油率（同款不同锅次差异大）; 门店装配份量不标准（肉块数/蔬菜量）; 炸洋葱圈（是否保留）; 牛肉饼厚度,,去洋葱圈版 ≈425–541 kcal（点值 483）；标准版（含炸洋葱圈）应高于该区间，但无来源可量化差值，故未上调。
tastien-cn-tao-tao-ang-si-niu,塔斯汀中国汉堡,B,桃桃安格斯牛中国汉堡,peach angus beef chinese burger,中国汉堡,2025-09 秋季新品：手擀现烤堡胚 + 安格斯牛肉饼 + 清甜黄桃（UGC 亦称『黄桃安格斯牛肉堡』，述其含 6 块黄桃 + 黑椒酱）。,1,个,,,,,,,,unknown,,,,,,,,,third_party_analysis,https://k.sina.cn/article_7390874094_1b887c9ee00101m4uu.html,塔斯汀汉堡上新！桃桃安格斯牛堡征服秋日味蕾,2025-09-09,,仅有菜单事实与组成（新浪新品稿 + B站测评摘要），无任何营养数据。别名冲突：官方/新浪称『桃桃安格斯牛堡』，B站测评称『黄桃安格斯牛肉堡』并述酱为黑椒酱，疑为同款不同叫法或同系列两版，本库合并为一条并保留别名。,U,媒体/宣发语境称『减脂党体重控制期专属餐』『备注多菜少酱更无负担』（营销话术，非营养事实，无任何数据支撑）,塔斯汀 减脂; 塔斯汀 桃桃安格斯牛中国汉堡 热量; 塔斯汀 低卡点单; 塔斯汀 桃桃安格斯牛堡; 塔斯汀 黄桃安格斯牛肉堡,去酱（甜面酱/沙拉酱，UGC 口径约 -70~100 kcal）; 备注多菜（加生菜/番茄/黄瓜）; 炸鸡类去鸡皮; 去掉一半堡胚或换薄胚（UGC 口径约 -200 kcal 碳水）; 配无糖冰柠可乐替代含糖饮料,burger; beef; new_2025; fruit,needs_estimation,2026-09-18,single_item,,酱料份量（甜面酱/沙拉酱/特调酱，UGC 口径 -70~100 kcal）; 手擀现烤堡胚大小与厚度批次差异（门店现擀，非标准化）; 油炸鸡排裹粉与吸油率（同款不同锅次差异大）; 门店装配份量不标准（肉块数/蔬菜量）; 黄桃块数与糖浆; 黑椒酱/桃桃风味酱份量,新浪新品稿（2025-09-09）：桃桃安格斯牛中国汉堡，牛肉饼 + 清甜黄桃 | B站测评（smzdm 转载）：黄桃安格斯牛肉堡，6 块黄桃 + 安格斯牛肉 + 黑椒酱 | 品名与酱料描述不一致 | 同款不同叫法，或秋季『桃桃』与后续『黄桃』为两个批次/版本,
tastien-cn-xin-jiang-la-pi-zi-ji-pai,塔斯汀中国汉堡,B,新疆辣皮子鸡排中国汉堡,xinjiang chili-crust chicken steak burger,中国汉堡,新疆本地辣皮子腌制鸡排（辣香浓郁）+ 现烤堡胚 + 沙拉酱。媒体列为地域风味款。,1,个,,,,,,,,unknown,,,,,,,,,third_party_analysis,https://k.sina.cn/article_7390874094_1b887c9ee00101mw86.html,塔斯汀汉堡：经典双堡为基，解锁国风风味全景图（新浪新闻自媒体）,2025-11-14,,仅有菜单事实与组成（新浪盘点 + 快手测评：表面似脆香米、辣皮子偏咸、配炸鸡排与沙拉酱），无营养数据。,U,,塔斯汀 减脂; 塔斯汀 新疆辣皮子鸡排中国汉堡 热量; 塔斯汀 低卡点单,去酱（甜面酱/沙拉酱，UGC 口径约 -70~100 kcal）; 备注多菜（加生菜/番茄/黄瓜）; 炸鸡类去鸡皮; 去掉一半堡胚或换薄胚（UGC 口径约 -200 kcal 碳水）; 配无糖冰柠可乐替代含糖饮料,burger; fried_chicken; spicy; regional,needs_estimation,2026-09-18,single_item,,酱料份量（甜面酱/沙拉酱/特调酱，UGC 口径 -70~100 kcal）; 手擀现烤堡胚大小与厚度批次差异（门店现擀，非标准化）; 油炸鸡排裹粉与吸油率（同款不同锅次差异大）; 门店装配份量不标准（肉块数/蔬菜量）; 辣皮子辣油吸附量,,
tastien-cn-huo-bao-you-yu,塔斯汀中国汉堡,B,火爆鱿鱼中国汉堡,sizzling squid chinese burger,中国汉堡,铁板鱿鱼风味鱿鱼须（软嫩不柴）+ 辣意，海鲜向创新款。,1,个,,,,,,,,unknown,,,,,,,,,third_party_analysis,https://k.sina.cn/article_7390874094_1b887c9ee00101mw86.html,塔斯汀汉堡：经典双堡为基，解锁国风风味全景图（新浪新闻自媒体）,2025-11-14,,仅有菜单事实与组成（新浪 2025-11 盘点），无营养数据；当前在售状态未核实（塔斯汀 SKU 汰换率高）。,U,,塔斯汀 减脂; 塔斯汀 火爆鱿鱼中国汉堡 热量; 塔斯汀 低卡点单,去酱（甜面酱/沙拉酱，UGC 口径约 -70~100 kcal）; 备注多菜（加生菜/番茄/黄瓜）; 炸鸡类去鸡皮; 去掉一半堡胚或换薄胚（UGC 口径约 -200 kcal 碳水）; 配无糖冰柠可乐替代含糖饮料,burger; seafood; spicy; uncertain_current,menu_only,2026-09-18,single_item,,酱料份量（甜面酱/沙拉酱/特调酱，UGC 口径 -70~100 kcal）; 手擀现烤堡胚大小与厚度批次差异（门店现擀，非标准化）; 油炸鸡排裹粉与吸油率（同款不同锅次差异大）; 门店装配份量不标准（肉块数/蔬菜量）; 鱿鱼须份量与铁板用油,,
tastien-cn-huo-bao-la-zi-ji,塔斯汀中国汉堡,B,火爆辣子鸡中国汉堡,chongqing chili chicken chinese burger,中国汉堡,鲜嫩鸡肉丁 + 香酥干辣椒（官方资讯稿明示组成）。,1,个,,,,,,,,unknown,,,,,,,,,official_menu,https://www.tasiting.com/article/119,开胃美食717 | 塔斯汀夏日食欲拯救计划！（官网资讯）,2024-05-15,,仅有菜单事实（官方 2024-05 资讯稿），无营养数据；当前在售状态未核实。,U,,塔斯汀 减脂; 塔斯汀 火爆辣子鸡中国汉堡 热量; 塔斯汀 低卡点单,去酱（甜面酱/沙拉酱，UGC 口径约 -70~100 kcal）; 备注多菜（加生菜/番茄/黄瓜）; 炸鸡类去鸡皮; 去掉一半堡胚或换薄胚（UGC 口径约 -200 kcal 碳水）; 配无糖冰柠可乐替代含糖饮料,burger; fried_chicken; spicy; uncertain_current,menu_only,2026-09-18,single_item,,酱料份量（甜面酱/沙拉酱/特调酱，UGC 口径 -70~100 kcal）; 手擀现烤堡胚大小与厚度批次差异（门店现擀，非标准化）; 油炸鸡排裹粉与吸油率（同款不同锅次差异大）; 门店装配份量不标准（肉块数/蔬菜量）; 鸡肉丁裹粉与油炸吸油,,
tastien-cn-tian-yuan-cui-ji,塔斯汀中国汉堡,B,田园脆鸡中国汉堡,garden crispy chicken chinese burger,中国汉堡,炸鸡排 + 田园蔬菜（生菜等），门店在售款（携程门店页『本店特色美食』字段）。,1,个,,,,,,,,unknown,,,,,,,,,third_party_analysis,https://you.ctrip.com/food/shenzhen26/136231880.html,塔斯汀中国汉堡(龙岗坂田店·深圳) - 携程美食「本店特色美食」,2026-09-18,,仅有菜单事实（携程门店页），官方分类页未列；无营养数据、无组成明细。,U,,塔斯汀 减脂; 塔斯汀 田园脆鸡中国汉堡 热量; 塔斯汀 低卡点单,去酱（甜面酱/沙拉酱，UGC 口径约 -70~100 kcal）; 备注多菜（加生菜/番茄/黄瓜）; 炸鸡类去鸡皮; 去掉一半堡胚或换薄胚（UGC 口径约 -200 kcal 碳水）; 配无糖冰柠可乐替代含糖饮料,burger; fried_chicken,menu_only,2026-09-18,single_item,,酱料份量（甜面酱/沙拉酱/特调酱，UGC 口径 -70~100 kcal）; 手擀现烤堡胚大小与厚度批次差异（门店现擀，非标准化）; 油炸鸡排裹粉与吸油率（同款不同锅次差异大）; 门店装配份量不标准（肉块数/蔬菜量）,,
tastien-cn-ta-ta-ji-tui-xiao-bao,塔斯汀中国汉堡,B,塔塔鸡腿中国小堡,mini chicken thigh burger,中国汉堡,小份规格鸡腿堡（『中国小堡』），门店在售款（携程门店页）。,1,个,,,,,,,,unknown,,,,,,,,,third_party_analysis,https://you.ctrip.com/food/shenzhen26/136231880.html,塔斯汀中国汉堡(龙岗坂田店·深圳) - 携程美食「本店特色美食」,2026-09-18,,仅有菜单事实（携程门店页），无营养数据；小堡规格能量应低于标准堡，但无来源可量化，未推算。,U,,塔斯汀 减脂; 塔斯汀 塔塔鸡腿中国小堡 热量; 塔斯汀 低卡点单,去酱（甜面酱/沙拉酱，UGC 口径约 -70~100 kcal）; 备注多菜（加生菜/番茄/黄瓜）; 炸鸡类去鸡皮; 去掉一半堡胚或换薄胚（UGC 口径约 -200 kcal 碳水）; 配无糖冰柠可乐替代含糖饮料,burger; fried_chicken; small_size,needs_estimation,2026-09-18,single_item,,酱料份量（甜面酱/沙拉酱/特调酱，UGC 口径 -70~100 kcal）; 手擀现烤堡胚大小与厚度批次差异（门店现擀，非标准化）; 油炸鸡排裹粉与吸油率（同款不同锅次差异大）; 门店装配份量不标准（肉块数/蔬菜量）; 小堡堡胚与鸡排规格（较标准款小）,,
tastien-cn-xiang-la-nen-ji-rou,塔斯汀中国汉堡,B,湘辣嫩鸡肉中国汉堡,hunan-spicy tender chicken burger,中国汉堡,湘辣风味嫩鸡肉馅汉堡；UGC 减脂攻略中列为塔斯汀能量最低的去酱选项（去酱约 325 kcal）。,1,个,,,,,,,,estimated_range,325,425,,,,,,,third_party_analysis,https://post.smzdm.com/p/avvoonk9/,塔斯汀汉堡500kcal以内低卡吃法（源自小红薯：怡宝不渴）,2026-02-05,https://post.m.smzdm.com/zz/p/axdqkw44/,来源仅给『去酱后约 325 kcal』，未给标准版值。按 SCHEMA 以 estimated_range 记录：下限=去酱版实测口径 325；上限=325 + 酱料差值 70~100 kcal（同源 UGC 与『糕冷小美』篇一致的口径：去酱料甜面酱/沙拉酱可减 70–100 kcal）→ 约 425。标准版真实值无直接来源，故不写点值。宏量无来源。,C,,塔斯汀 减脂; 塔斯汀 湘辣嫩鸡肉中国汉堡 热量; 塔斯汀 低卡点单,去酱（甜面酱/沙拉酱，UGC 口径约 -70~100 kcal）; 备注多菜（加生菜/番茄/黄瓜）; 炸鸡类去鸡皮; 去掉一半堡胚或换薄胚（UGC 口径约 -200 kcal 碳水）; 配无糖冰柠可乐替代含糖饮料,burger; chicken; spicy; low_calorie_option,nutrition_missing,2026-09-18,single_item,,酱料份量（甜面酱/沙拉酱/特调酱，UGC 口径 -70~100 kcal）; 手擀现烤堡胚大小与厚度批次差异（门店现擀，非标准化）; 油炸鸡排裹粉与吸油率（同款不同锅次差异大）; 门店装配份量不标准（肉块数/蔬菜量）; 是否为烤制或油炸鸡肉（来源未说明）,,去酱版 ≈325 kcal（本库所见塔斯汀汉堡最低值）；标准版 325–425 kcal。
tastien-cn-ga-ga-shuang-liao-ya,塔斯汀中国汉堡,B,嘎嘎双料鸭中国汉堡,double-duck chinese burger,中国汉堡,双份鸭肉内馅的秋季新品（2024 秋季『赶走鸭力』主题），UGC 热量表列 516 kcal/个。,1,个,516,,,,,,,estimated_point,454,578,,,,,,,third_party_analysis,https://post.m.smzdm.com/zz/p/a65p0k9o/,塔斯汀热量评测|附低卡万能点单攻略（🌟柚七七，来自小红书）,2026-09-18,,能量取『柚七七』热量表 516 kcal/个（±12%）。菜单事实仅见于该 UGC 与 2024 秋季头条号宣发，官方分类页未列，当前在售状态未核实。宏量无来源。,C,,塔斯汀 减脂; 塔斯汀 嘎嘎双料鸭中国汉堡 热量; 塔斯汀 低卡点单,去酱（甜面酱/沙拉酱，UGC 口径约 -70~100 kcal）; 备注多菜（加生菜/番茄/黄瓜）; 炸鸡类去鸡皮; 去掉一半堡胚或换薄胚（UGC 口径约 -200 kcal 碳水）; 配无糖冰柠可乐替代含糖饮料,burger; duck; lto_2024; uncertain_current,nutrition_missing,2026-09-18,single_item,,酱料份量（甜面酱/沙拉酱/特调酱，UGC 口径 -70~100 kcal）; 手擀现烤堡胚大小与厚度批次差异（门店现擀，非标准化）; 油炸鸡排裹粉与吸油率（同款不同锅次差异大）; 门店装配份量不标准（肉块数/蔬菜量）; 『双料』鸭肉份量; 鸭皮脂肪,,
tastien-cn-xu-fu-niu-bao,塔斯汀中国汉堡,B,徐福牛堡,xu-fu beef burger (2026 movie tie-in),中国汉堡,2026-08 电影《欢迎来龙餐馆》联名限定新品：手擀现烤堡胚（撒白芝麻）+ 铁板现煎厚牛肉饼 + 整片芝士 + 生菜 + 洋葱碎 + 甜咸特调酱汁。单点正价 17–18 元，券后常见约 12 元；官方称热销 427 万份。,1,个,,,,,,,,unknown,,,,,,,,,third_party_analysis,https://www.sina.cn/news/detail/5337744410941138.html,塔斯汀联名电影《欢迎来龙餐馆》推广（徐福牛堡与联名套餐配置）,2026-08-30,,仅有菜单事实与组成（新浪号软文 + smzdm AIGC 口碑聚合，两者配方描述一致），无任何营养数据。组成含整片芝士与牛肉饼，方向上属较高能量款，但无来源可量化，未填任何数值。,U,联名限定宣传语『扎实可口的徐福牛堡』（营销表述）,塔斯汀 减脂; 塔斯汀 徐福牛堡 热量; 塔斯汀 低卡点单; 塔斯汀 徐福牛堡; 徐福牛堡 热量; 塔斯汀 龙餐馆联名,去酱（甜面酱/沙拉酱，UGC 口径约 -70~100 kcal）; 备注多菜（加生菜/番茄/黄瓜）; 炸鸡类去鸡皮; 去掉一半堡胚或换薄胚（UGC 口径约 -200 kcal 碳水）; 配无糖冰柠可乐替代含糖饮料,burger; beef; cheese; new_2026; lto,needs_estimation,2026-09-18,single_item,,酱料份量（甜面酱/沙拉酱/特调酱，UGC 口径 -70~100 kcal）; 手擀现烤堡胚大小与厚度批次差异（门店现擀，非标准化）; 油炸鸡排裹粉与吸油率（同款不同锅次差异大）; 门店装配份量不标准（肉块数/蔬菜量）; 整片芝士; 牛肉饼厚度门店差异大（UGC 实测反馈『薄薄一片』到『超级厚』并存）,,
tastien-cn-xiao-long-xia-bao,塔斯汀中国汉堡,B,小龙虾中国汉堡,crayfish chinese burger (2026 summer LTO),中国汉堡,2026-06 官方微博发布的夏季限定：手擀现烤堡胚夹满小龙虾虾肉。,1,个,,,,,,,,unknown,,,,,,,,,official_menu,https://www.sina.cn/news/detail/5307217843849887.html,塔斯汀中国汉堡官方微博：小龙虾季打开方式：直接炫个龙虾堡！,2026-06-07,,菜单事实来自品牌官方微博（2026-06-07），无官方营养数据。唯一相关数值为 UGC 组合值『龙虾堡+鸡脖 = 461 kcal』（柚七七），未拆分到单品，故不填单品数值，仅登记为 best_current_estimate。,U,,塔斯汀 减脂; 塔斯汀 小龙虾中国汉堡 热量; 塔斯汀 低卡点单,去酱（甜面酱/沙拉酱，UGC 口径约 -70~100 kcal）; 备注多菜（加生菜/番茄/黄瓜）; 炸鸡类去鸡皮; 去掉一半堡胚或换薄胚（UGC 口径约 -200 kcal 碳水）; 配无糖冰柠可乐替代含糖饮料,burger; seafood; lto_2026; seasonal,needs_estimation,2026-09-18,single_item,,酱料份量（甜面酱/沙拉酱/特调酱，UGC 口径 -70~100 kcal）; 手擀现烤堡胚大小与厚度批次差异（门店现擀，非标准化）; 油炸鸡排裹粉与吸油率（同款不同锅次差异大）; 门店装配份量不标准（肉块数/蔬菜量）; 虾肉份量与炒制用油; 限定款门店供应不稳定,,组合『龙虾堡+啃定好鸡脖』≈461 kcal（单一 UGC 来源，无方法披露）；单品无数据。
tastien-cn-ma-po-dou-fu,塔斯汀中国汉堡,B,麻婆豆腐中国汉堡,mapo tofu chinese burger,中国汉堡,中式创新口味：麻婆豆腐内馅。2023 年港媒报道时受网民力荐；当前在售状态未核实。,1,个,,,,,,,,unknown,,,,,,,,,third_party_analysis,https://www.stheadline.com/zh-hans/travel/3264523/,港人大赞内地快餐店「塔斯汀」超抵食！极推麻婆豆腐汉堡,2023-08-21,,仅有 2023-08-21 媒体菜单事实，无营养数据；塔斯汀汉堡 SKU 汰换率高（快手测评称门店在售约 8 款、多款已下架），本条标记 uncertain_current。,U,,塔斯汀 减脂; 塔斯汀 麻婆豆腐中国汉堡 热量; 塔斯汀 低卡点单,去酱（甜面酱/沙拉酱，UGC 口径约 -70~100 kcal）; 备注多菜（加生菜/番茄/黄瓜）; 炸鸡类去鸡皮; 去掉一半堡胚或换薄胚（UGC 口径约 -200 kcal 碳水）; 配无糖冰柠可乐替代含糖饮料,burger; vegetarian_filling; chinese_flavor; uncertain_current,menu_only,2026-09-18,single_item,,酱料份量（甜面酱/沙拉酱/特调酱，UGC 口径 -70~100 kcal）; 手擀现烤堡胚大小与厚度批次差异（门店现擀，非标准化）; 油炸鸡排裹粉与吸油率（同款不同锅次差异大）; 门店装配份量不标准（肉块数/蔬菜量）; 豆腐内馅含油量（麻婆豆腐传统做法油重）,,
tastien-cn-cu-shu,塔斯汀中国汉堡,B,粗薯,thick-cut french fries,塔塔小食,官方小食：粗切薯条（『薯香更浓郁，酥脆更过瘾』），团购价常与汉堡组成 4 件套。,1,份,210,,,,,,,estimated_point,185,235,,,,,,,third_party_analysis,https://post.m.smzdm.com/zz/p/axdqkw44/,塔斯汀合集(带热量)·减脂期点单技巧（糕冷小美，来自抖音）,2026-09-18,,能量取『糕冷小美』210 kcal/份（±12%）。来源未给克重，『份』的实际规格未知 → 区间为主要不确定来源。宏量无来源。,C,,塔斯汀 减脂; 塔斯汀 粗薯 热量; 塔斯汀 低卡点单,不蘸酱; 配无糖饮料; 与小食拼盘分食,side; fried; potato,nutrition_missing,2026-09-18,single_item,,油炸吸油率与复炸次数; 实际份数/克重（门店按份舀取，非称重）; 是否蘸酱（番茄酱/甜辣酱）; 『份』的克重未标注,,
tastien-cn-gan-mei-hong-xin-shu-tiao,塔斯汀中国汉堡,B,甘梅红心薯条,plum-sweetened red-heart sweet potato fries,塔塔小食,红心番薯条 + 甘梅粉，门店在售款（携程门店页）。,1,份,,,,,,,,unknown,,,,,,,,,third_party_analysis,https://you.ctrip.com/food/243/130488384.html,塔斯汀中国汉堡(丰泽街店·泉州) - 携程美食「本店特色美食」,2026-09-18,,仅有菜单事实（携程门店页『本店特色美食』），无营养数据；甘梅粉含糖、油炸薯条吸油，方向上不低于粗薯，但无来源可量化。,U,,塔斯汀 减脂; 塔斯汀 甘梅红心薯条 热量; 塔斯汀 低卡点单,不蘸酱; 配无糖饮料; 与小食拼盘分食,side; fried; sweet_potato,needs_estimation,2026-09-18,single_item,,油炸吸油率与复炸次数; 实际份数/克重（门店按份舀取，非称重）; 是否蘸酱（番茄酱/甜辣酱）; 甘梅粉糖量,,
tastien-cn-yan-su-ji-mi-hua,塔斯汀中国汉堡,B,盐酥鸡米花,salt-and-pepper popcorn chicken,塔塔小食,官方小食：盐酥口味鸡米花（『外酥里嫩，颗颗入味』）。,1,份,,,,,,,,unknown,,,,,,,,,official_menu,https://www.tasiting.com/product/category/snack,塔斯汀官网「塔塔美食」塔塔小食分类页,2026-09-18,,仅有菜单事实（官方分类页），无营养数据。门店另有『脆米鸡米花』『劲爆鸡米花』等变体（后者疑为他品牌命名混入聚合数据，未建 SKU）。,U,,塔斯汀 减脂; 塔斯汀 盐酥鸡米花 热量; 塔斯汀 低卡点单,不蘸酱; 配无糖饮料; 与小食拼盘分食,side; fried_chicken; high_calorie,needs_estimation,2026-09-18,single_item,,油炸吸油率与复炸次数; 实际份数/克重（门店按份舀取，非称重）; 是否蘸酱（番茄酱/甜辣酱）,,
tastien-cn-cui-mi-ji-mi-hua,塔斯汀中国汉堡,B,脆米鸡米花,crispy-rice popcorn chicken,塔塔小食,2025-09 同期新品：鸡米花外层裹脆米（米香），微辣。UGC 亦称『米香鸡米花』。,1,份,,,,,,,,unknown,,,,,,,,,third_party_analysis,https://k.sina.cn/article_7390874094_1b887c9ee00101m4uu.html,塔斯汀汉堡上新！桃桃安格斯牛堡征服秋日味蕾,2025-09-09,,仅有菜单事实（新浪新品稿 + B站测评），无营养数据。外层脆米为额外碳水+油炸，能量应高于普通鸡米花，但无来源可量化。,U,,塔斯汀 减脂; 塔斯汀 脆米鸡米花 热量; 塔斯汀 低卡点单,不蘸酱; 配无糖饮料; 与小食拼盘分食,side; fried_chicken; new_2025,needs_estimation,2026-09-18,single_item,,油炸吸油率与复炸次数; 实际份数/克重（门店按份舀取，非称重）; 是否蘸酱（番茄酱/甜辣酱）; 脆米外衣吸油率,,
tastien-cn-ta-ta-ji-kuai,塔斯汀中国汉堡,B,塔塔鸡块,chicken nuggets,塔塔小食,官方小食：鸡块（团购口径 3 块 ¥4.8）。,1,份,218,,,,,,,estimated_point,192,244,,,,,,,third_party_analysis,https://post.m.smzdm.com/zz/p/ax6oznm9/,谁说减脂不能吃汉堡！塔斯汀9款低卡搭配！（搞笑女的吃饭日常，来自小红书）,2026-09-18,https://post.m.smzdm.com/zz/p/axdqkw44/,无直接单品值。由同一来源（搞笑女的吃饭日常）的两个数值推得：『塔塔鸡块+奥尔良烤翅+无糖冰柠可乐=380 kcal』，另篇（糕冷小美）『奥尔良烤翅=162 kcal/对』，无糖可乐≈0 → 塔塔鸡块 ≈ 380-162 = 218 kcal，按 estimated_point ±12% 记录。推导跨两个来源、且两份来源均未披露方法与份数（团购口径为 3 块），不确定度高，故定为 C 级下限并明确标注推导过程。宏量无来源。,C,,塔斯汀 减脂; 塔斯汀 塔塔鸡块 热量; 塔斯汀 低卡点单,不蘸酱; 配无糖饮料; 与小食拼盘分食,side; fried_chicken; derived_value,nutrition_missing,2026-09-18,single_item,,油炸吸油率与复炸次数; 实际份数/克重（门店按份舀取，非称重）; 是否蘸酱（番茄酱/甜辣酱）; 块数（团购口径 3 块/份，门店可能不同）; 本值由两来源相减推导，误差会叠加,,≈218 kcal（推导值，192–244 kcal）；建议以实物称重替代。
tastien-cn-xiang-la-ji-chi,塔斯汀中国汉堡,B,香辣鸡翅,spicy chicken wings,塔塔小食,官方小食：香辣鸡翅（『酥脆多汁，香辣过瘾』），港媒报道的单人套餐标配之一。,1,对,,,,,,,,unknown,,,,,,,,,official_menu,https://www.tasiting.com/product/category/snack,塔斯汀官网「塔塔美食」塔塔小食分类页,2026-09-18,,仅有菜单事实（官方分类页 + 携程门店页 + 2023 港媒套餐描述），无营养数据、无每份只数口径。,U,,塔斯汀 减脂; 塔斯汀 香辣鸡翅 热量; 塔斯汀 低卡点单,不蘸酱; 配无糖饮料; 与小食拼盘分食; 去皮,side; fried_chicken; high_calorie,needs_estimation,2026-09-18,single_item,,油炸吸油率与复炸次数; 实际份数/克重（门店按份舀取，非称重）; 是否蘸酱（番茄酱/甜辣酱）; 每份只数未标注,,
tastien-cn-shuang-xiang-chi-gen,塔斯汀中国汉堡,B,双享翅根,chicken wingettes (drumettes) for two,塔塔小食,官方小食：香辣翅根（『香辣翅根，好味成双』），团购口径 1 只 ¥4。,1,只,,,,,,,,unknown,,,,,,,,,official_menu,https://www.tasiting.com/product/category/snack,塔斯汀官网「塔塔美食」塔塔小食分类页,2026-09-18,,仅有菜单事实（官方分类页 + 美团团购 TG1096 选区A『双享翅根1只¥4』），无营养数据。,U,,塔斯汀 减脂; 塔斯汀 双享翅根 热量; 塔斯汀 低卡点单,不蘸酱; 配无糖饮料; 与小食拼盘分食; 去皮,side; fried_chicken,needs_estimation,2026-09-18,single_item,,油炸吸油率与复炸次数; 实际份数/克重（门店按份舀取，非称重）; 是否蘸酱（番茄酱/甜辣酱）; 翅根单只重量差异,,
tastien-cn-ao-er-liang-kao-chi,塔斯汀中国汉堡,B,奥尔良烤翅,new-orleans roasted wings,塔塔小食,官方小食：奥尔良风味烤翅（『肉嫩多汁』）——烤制非油炸，UGC 减脂攻略中列为高蛋白小食首选。,1,对,162,,,,,,,estimated_point,143,181,,,,,,,third_party_analysis,https://post.m.smzdm.com/zz/p/axdqkw44/,塔斯汀合集(带热量)·减脂期点单技巧（糕冷小美，来自抖音）,2026-09-18,,能量取『糕冷小美』162 kcal/对（±12%），来源未披露方法与单只克重。该值与『塔塔鸡块+奥尔良烤翅+无糖可乐=380』组合值在同一 UGC 体系内自洽（见塔塔鸡块推导）。宏量无来源。烤制工艺使其成为本品牌小食中减脂友好度最高的选项之一（属工艺判断，非营养数值）。,C,,塔斯汀 减脂; 塔斯汀 奥尔良烤翅 热量; 塔斯汀 低卡点单,不蘸酱; 去皮可进一步降脂,side; roasted; high_protein; lower_calorie_option,nutrition_missing,2026-09-18,single_item,,每对翅的实际克重; 腌料含糖量; 是否蘸酱,,
tastien-cn-huan-xi-quan-chi,塔斯汀中国汉堡,B,欢喜全翅,whole chicken wings (orleans),塔塔小食,官方小食：卤香全翅（『卤香全翅，过瘾入味』）。,1,份,,,,,,,,unknown,,,,,,,,,official_menu,https://www.tasiting.com/product/category/snack,塔斯汀官网「塔塔美食」塔塔小食分类页,2026-09-18,,无可用单品数值。相关 UGC 组合值『培根煎蛋汉堡+欢喜全翅=520 kcal』低于另一来源的培根煎蛋堡单品值 567 kcal，两者矛盾（见该汉堡 conflicting_sources），故本 SKU 不填任何数值，进 needs_estimation。,U,,塔斯汀 减脂; 塔斯汀 欢喜全翅 热量; 塔斯汀 低卡点单,不蘸酱; 配无糖饮料; 与小食拼盘分食; 去皮,side; chicken_wing; conflicting_evidence,needs_estimation,2026-09-18,single_item,,油炸吸油率与复炸次数; 实际份数/克重（门店按份舀取，非称重）; 是否蘸酱（番茄酱/甜辣酱）; 每份只数未标注; 现有 UGC 组合值互相矛盾,搞笑女的吃饭日常：培根煎蛋汉堡+欢喜全翅 = 520 kcal | 吱吱热量日记：培根煎蛋汉堡单品 = 567 kcal | 组合值低于其中单品值，无法反推欢喜全翅能量（会得到负值） | 两篇均为无方法 UGC 估算并经 AI 摘要转载；份量口径不一致,
tastien-cn-jing-chu-jian-jiao-chi-jian,塔斯汀中国汉堡,B,荆楚尖叫翅尖,jingchu-style spicy wing tips,塔塔小食,官方小食：荆楚风味翅尖（『外皮酥香』），团购口径 5 个 ¥5.5（美团 TG1096 选区A，标注网友推荐 TOP4）。,5,份(5个),,,,,,,,unknown,,,,,,,,,official_menu,https://www.tasiting.com/product/category/snack,塔斯汀官网「塔塔美食」塔塔小食分类页,2026-09-18,,仅有菜单事实（官方分类页 + 美团团购 TG1096 规格），无营养数据。,U,,塔斯汀 减脂; 塔斯汀 荆楚尖叫翅尖 热量; 塔斯汀 低卡点单,不蘸酱; 配无糖饮料; 与小食拼盘分食,side; fried_chicken; spicy,needs_estimation,2026-09-18,single_item,,油炸吸油率与复炸次数; 实际份数/克重（门店按份舀取，非称重）; 是否蘸酱（番茄酱/甜辣酱）; 翅尖可食部比例低、裹粉吸油高,,
tastien-cn-ken-ding-hao-ji-bo,塔斯汀中国汉堡,B,啃定好鸡脖,braised spicy chicken neck,塔塔小食,官方小食：荆楚风味卤鸡脖（『外皮酥香』）。UGC 减脂组合中常作为高蛋白低卡搭子（『板烧凤梨堡+啃定好鸭脖』『龙虾堡+鸡脖』）。,1,份,,,,,,,,unknown,,,,,,,,,official_menu,https://www.tasiting.com/product/category/snack,塔斯汀官网「塔塔美食」塔塔小食分类页,2026-09-18,,无单品数值。相关组合值：『板烧凤梨汉堡+啃定好鸭脖=481 kcal』（搞笑女），但另一来源板烧凤梨堡单品即 500 kcal，组合值反而更低，矛盾；『龙虾堡+鸡脖=461 kcal』（柚七七）无法拆分。故本 SKU 不填值，进 needs_estimation。注意 UGC 中『啃定好鸭脖』与官方品名『啃定好鸡脖』不一致，疑为笔误或另有鸭脖 SKU，未据此建条目。,U,,塔斯汀 减脂; 塔斯汀 啃定好鸡脖 热量; 塔斯汀 低卡点单,卤味相对非油炸，可优先于炸物,side; braised; high_protein; conflicting_evidence,needs_estimation,2026-09-18,single_item,,卤制含糖/含油量; 每份根数与克重未标注; 现有 UGC 组合值互相矛盾,搞笑女的吃饭日常：板烧凤梨汉堡+啃定好鸭脖 = 481 kcal | 吱吱热量日记：板烧凤梨堡单品 = 500 kcal | 组合值(481) 低于单品值(500)，无法反推鸡脖能量 | 无方法 UGC 估算 + AI 摘要转载；品名（鸡脖/鸭脖）不一致也提示口径混乱,
tastien-cn-ta-ta-xiang-ji-tui,塔斯汀中国汉堡,B,塔塔香鸡腿,seasoned fried chicken leg,塔塔小食,官方小食：塔塔香鸡腿（『经典小零嘴，椒香肉劲道』）。,1,只,,,,,,,,unknown,,,,,,,,,official_menu,https://www.tasiting.com/product/category/snack,塔斯汀官网「塔塔美食」塔塔小食分类页,2026-09-18,,无确切单品数值。『糕冷小美』篇给出『去皮鸡腿 166 kcal』，但未指明对应本项还是吃鸡系列的开熏火焰鸡腿，品名映射不确定 → 按 SCHEMA『不假精确/不编造』原则不填数值，仅登记该线索，进 needs_estimation。,U,,塔斯汀 减脂; 塔斯汀 塔塔香鸡腿 热量; 塔斯汀 低卡点单,不蘸酱; 配无糖饮料; 与小食拼盘分食; 去皮（UGC 口径去皮鸡腿约 166 kcal，品名对应待确认）,side; fried_chicken; high_protein,needs_estimation,2026-09-18,single_item,,油炸吸油率与复炸次数; 实际份数/克重（门店按份舀取，非称重）; 是否蘸酱（番茄酱/甜辣酱）; 带骨重量导致可食部不确定; UGC 数值品名映射不明,,
tastien-cn-huang-jin-ma-ti-xia-qiu,塔斯汀中国汉堡,B,黄金马蹄虾球,golden water-chestnut shrimp balls,塔塔小食,炸虾球，内馅含完整虾肉与马蹄颗粒（媒体红榜款）。,1,份,,,,,,,,unknown,,,,,,,,,third_party_analysis,https://m.sohu.com/a/947941232_121678045/,塔斯汀小食饮品红榜：老粉亲测不踩雷,2025-10-27,,仅有菜单事实（搜狐红榜 2025-10 + 未在官方分类页出现），无营养数据、无每份颗数。,U,,塔斯汀 减脂; 塔斯汀 黄金马蹄虾球 热量; 塔斯汀 低卡点单,不蘸酱; 配无糖饮料; 与小食拼盘分食,side; fried; seafood,needs_estimation,2026-09-18,single_item,,油炸吸油率与复炸次数; 实际份数/克重（门店按份舀取，非称重）; 是否蘸酱（番茄酱/甜辣酱）,,
tastien-cn-chuan-xiang-xiang-gu-ji,塔斯汀中国汉堡,B,川香香骨鸡,sichuan-style fried chicken on the bone,塔塔小食,川香酱汁调味的带骨炸鸡（『咸甜微辣』），媒体红榜款。,1,份,,,,,,,,unknown,,,,,,,,,third_party_analysis,https://m.sohu.com/a/947941232_121678045/,塔斯汀小食饮品红榜：老粉亲测不踩雷,2025-10-27,,仅有菜单事实（搜狐红榜 2025-10 + 携程门店页），无营养数据。带骨+酱汁双重不确定。,U,,塔斯汀 减脂; 塔斯汀 川香香骨鸡 热量; 塔斯汀 低卡点单,不蘸酱; 配无糖饮料; 与小食拼盘分食; 去皮; 少蘸酱汁,side; fried_chicken; high_calorie,needs_estimation,2026-09-18,single_item,,油炸吸油率与复炸次数; 实际份数/克重（门店按份舀取，非称重）; 是否蘸酱（番茄酱/甜辣酱）; 带骨重量; 酱汁含糖量,,
tastien-cn-chuan-shi-xiang-cai-rou-rou-chang,塔斯汀中国汉堡,B,川式香菜肉肉肠,sichuan cilantro sausage,塔塔小食,川式香菜风味肉肠，门店在售款（携程门店页）。,1,份,,,,,,,,unknown,,,,,,,,,third_party_analysis,https://you.ctrip.com/food/2663/152049335.html,塔斯汀中国汉堡(罗源府前街店) - 携程美食「本店特色美食」,2026-09-18,,仅有菜单事实（携程罗源店页），官方分类页未列；无营养数据。加工肉肠钠/脂肪通常偏高，但无来源不填值。,U,,塔斯汀 减脂; 塔斯汀 川式香菜肉肉肠 热量; 塔斯汀 低卡点单,,side; processed_meat,menu_only,2026-09-18,single_item,,肉肠克重与肥肉比; 是否为油炸/煎制,,
tastien-cn-tiao-tiao-tang-tu-dou-ni,塔斯汀中国汉堡,B,跳跳糖土豆泥,popping-candy mashed potato,塔塔小食,土豆泥 + 跳跳糖（甜口小食），门店在售款（携程门店页）。,1,份,,,,,,,,unknown,,,,,,,,,third_party_analysis,https://you.ctrip.com/food/2663/152049335.html,塔斯汀中国汉堡(罗源府前街店) - 携程美食「本店特色美食」,2026-09-18,,仅有菜单事实（携程罗源店页），无营养数据。,U,,塔斯汀 减脂; 塔斯汀 跳跳糖土豆泥 热量; 塔斯汀 低卡点单,不加酱/少酱,side; potato; sweet,menu_only,2026-09-18,single_item,,土豆泥是否含奶油/沙拉酱; 跳跳糖与糖浆份量,,
tastien-cn-hu-la-tang-tu-dou-ni,塔斯汀中国汉堡,B,胡辣汤土豆泥,hot-and-sour-soup mashed potato,塔塔小食,胡辣汤风味土豆泥（中式风味小食），门店在售款（携程门店页）。,1,份,,,,,,,,unknown,,,,,,,,,third_party_analysis,https://you.ctrip.com/food/shenzhen26/136231880.html,塔斯汀中国汉堡(龙岗坂田店·深圳) - 携程美食「本店特色美食」,2026-09-18,,仅有菜单事实（携程深圳龙岗坂田店页），无营养数据。与『跳跳糖土豆泥』并存，说明土豆泥为多变体小食线。,U,,塔斯汀 减脂; 塔斯汀 胡辣汤土豆泥 热量; 塔斯汀 低卡点单,不加酱/少酱,side; potato; chinese_flavor,menu_only,2026-09-18,single_item,,土豆泥是否含奶油/沙拉酱; 胡辣汤酱汁油量,,
tastien-cn-gui-hua-jiu-niang-ci-ba,塔斯汀中国汉堡,B,桂花酒酿糍粑,osmanthus rice-wine mochi,甜品/甜口小食,2025-09 新品：爆浆糍粑 + 桂花酒酿糖浆，外层裹米香脆粒（媒体/UGC 均作为餐后甜点定位）。团购编号 TG1169。,1,份,,,,,,,,unknown,,,,,,,,,third_party_analysis,https://k.sina.cn/article_7390874094_1b887c9ee00101m4uu.html,塔斯汀汉堡上新！桃桃安格斯牛堡征服秋日味蕾,2025-09-09,,菜单事实来自新浪新品稿 + 搜狐红榜 + B站测评 + smzdm 团购券名。无营养数据。分类说明：塔斯汀官网未单列『甜品』分类，官方仅 4 类（中国汉堡/塔塔小食/饮品系列/吃鸡系列）；本条 menu_category 依媒体与团购券的甜品定位归类，已在 source_notes 标明为库内归类而非官方分类。,U,,塔斯汀 减脂; 塔斯汀 桂花酒酿糍粑 热量; 塔斯汀 低卡点单,,dessert; sweet; new_2025; high_sugar,needs_estimation,2026-09-18,single_item,,糍粑克重与糖浆份量; 外层脆米是否油炸,,
tastien-cn-qiao-ke-li-hong-dou-nai-xiang-juan,塔斯汀中国汉堡,B,巧克力红豆奶香卷,chocolate red-bean creamy roll,甜品/甜口小食,甜口卷类：外皮酥脆含巧克力，内夹红豆泥（UGC 亦称『爆浆巧克力卷』）。,1,个,,,,,,,,unknown,,,,,,,,,third_party_analysis,https://post.m.smzdm.com/zz/p/a5078vxx/,塔斯汀新品测评！黄桃安格斯牛肉堡｜爆浆巧克力卷｜拉丝糍粑｜米香鸡米花（C柚爱喝柠檬茶，来自哔哩哔哩）,2026-09-18,,仅有菜单事实（B站测评摘要 + smzdm 转载标题『爆浆巧克力卷』），无营养数据；官方分类页未列。品名两版（巧克力红豆奶香卷/爆浆巧克力卷）疑同款，已合并。,U,,塔斯汀 减脂; 塔斯汀 巧克力红豆奶香卷 热量; 塔斯汀 低卡点单,,dessert; sweet; roll; high_sugar; high_calorie,needs_estimation,2026-09-18,single_item,,巧克力与红豆泥糖油量; 单个克重,,
tastien-cn-mi-zhi-shou-ba-ji,塔斯汀中国汉堡,B,秘汁手扒鸡,secret-sauce hand-torn roast chicken,吃鸡系列,官方『吃鸡系列』：甜辣多汁整鸡/半只装手扒鸡（『吮指好味道』）。UGC 亦写作『蜜汁手扒鸡』。,1,半只,,,,,,,,unknown,,,,,,,,,official_menu,https://www.tasiting.com/product/category/chicken,塔斯汀官网「塔塔美食」吃鸡系列分类页,2026-09-18,,官方未标规格（整只/半只）；UGC 组合值『蜜汁手扒鸡半只+玉米=413 kcal』（搞笑女）中『玉米』未见于塔斯汀任何菜单来源，组合可靠性存疑且无法拆分到单品，故不填值，进 needs_estimation。品名『秘汁/蜜汁』两种写法并存。,U,,塔斯汀 减脂; 塔斯汀 秘汁手扒鸡 热量; 塔斯汀 低卡点单,去皮（主要脂肪来源）; 只吃鸡肉不蘸甜辣汁,chicken; high_protein; share_size,needs_estimation,2026-09-18,single_item,,整只/半只规格未明; 带骨重量与可食部比例; 甜辣酱汁糖油量,搞笑女的吃饭日常：蜜汁手扒鸡半只+玉米 = 413 kcal | 官方吃鸡系列分类页仅列『秘汁手扒鸡』，未标规格；各菜单来源未见『玉米』在售 | 组合中含未见于菜单的组件，无法据此推单品值 | UGC 可能混入他品牌组件或为『秘汁手扒鸡+玉米杯』的他店搭配,
tastien-cn-teng-jiao-ban-bian-ji,塔斯汀中国汉堡,B,藤椒半边鸡,green-pepper half roast chicken,吃鸡系列,官方『吃鸡系列』：藤椒风味半边鸡（『藤椒过瘾，表皮酥脆』）。,1,半只,,,,,,,,unknown,,,,,,,,,official_menu,https://www.tasiting.com/product/category/chicken,塔斯汀官网「塔塔美食」吃鸡系列分类页,2026-09-18,,仅有菜单事实（官方分类页 + 携程两家门店页），无营养数据。,U,,塔斯汀 减脂; 塔斯汀 藤椒半边鸡 热量; 塔斯汀 低卡点单,去皮,chicken; fried_chicken; spicy; share_size,needs_estimation,2026-09-18,single_item,,带骨重量与可食部比例; 表皮是否油炸; 藤椒腌料含糖,,
tastien-cn-kai-xun-huo-yan-ji-tui,塔斯汀中国汉堡,B,开熏火焰鸡腿,smoked flame-grilled chicken leg,吃鸡系列,官方『吃鸡系列』：果木烟熏风味烤鸡腿（『果木留香，烟熏风味』）——烤制非油炸。,1,只,,,,,,,,unknown,,,,,,,,,official_menu,https://www.tasiting.com/product/category/chicken,塔斯汀官网「塔塔美食」吃鸡系列分类页,2026-09-18,,仅有菜单事实（官方分类页 + 携程门店页），无营养数据。『糕冷小美』篇的『去皮鸡腿 166 kcal』可能对应本项（烤鸡腿去皮），但来源未指明品名，映射不确定 → 不填值。,U,,塔斯汀 减脂; 塔斯汀 开熏火焰鸡腿 热量; 塔斯汀 低卡点单,去皮（UGC 口径去皮鸡腿约 166 kcal，品名对应待确认）,chicken; roasted; high_protein; lower_calorie_option,needs_estimation,2026-09-18,single_item,,单只克重; 带骨可食部比例; 烟熏/蜜汁涂层含糖,,
tastien-cn-wu-tang-bing-ning-ke-le,塔斯汀中国汉堡,B,无糖冰柠可乐,sugar-free iced lemon cola,饮品系列,官方饮品：无糖可乐 + 柠檬片。塔斯汀减脂 UGC 组合中的默认『0 卡』搭配。,1,杯,,,,,,,,estimated_range,0,5,,,,,,,semantic_estimate,https://www.tasiting.com/product/category/drink,塔斯汀官网「塔塔美食」饮品系列分类页,2026-09-18,,无官方营养数据。按 SCHEMA D 级 semantic estimate：品名『无糖』决定其为代糖碳酸饮料，能量按 0–5 kcal/杯 记录为区间而非 0 点值，因官方未公布容量与柠檬片糖分，且门店糖浆/柠檬处理可能引入微量糖。多篇 UGC 组合计算均把该饮品按 0 kcal 处理（间接印证）。宏量留空。含糖汽水（冰柠可乐/冰柠七喜）与瓶装水按任务要求未建 SKU。,D,,塔斯汀 减脂; 塔斯汀 无糖冰柠可乐 热量; 塔斯汀 低卡点单,默认即无糖；如门店提供可要求不加糖浆,drink; zero_sugar; low_calorie_option,nutrition_missing,2026-09-18,single_item,,杯型容量未标注; 柠檬片与可能的糖浆添加,,
tastien-cn-ning-meng-hong-cha,塔斯汀中国汉堡,B,柠檬红茶,lemon black tea,饮品系列,官方饮品：清新红茶 + 柠檬（『酸甜解渴』）。糖度规格未公开。,1,杯,,,,,,,,unknown,,,,,,,,,official_menu,https://www.tasiting.com/product/category/drink,塔斯汀官网「塔塔美食」饮品系列分类页,2026-09-18,,仅有菜单事实（官方分类页），无营养数据；未公开糖度选项与容量，能量高度取决于加糖量，故不填值。,U,,塔斯汀 减脂; 塔斯汀 柠檬红茶 热量; 塔斯汀 低卡点单,要求无糖/少糖,drink; tea,needs_estimation,2026-09-18,single_item,,糖浆/糖度份量（未公开规格）; 杯型容量,,
tastien-cn-wang-chun-shan-zha-wu-mei-zhi,塔斯汀中国汉堡,B,望春山楂乌梅汁,hawthorn smoked-plum juice,饮品系列,官方饮品：山楂乌梅汁（『入口生津，消渴解腻』），媒体红榜首选解腻饮。含糖果汁类，能量不低但无数据。,1,杯,,,,,,,,unknown,,,,,,,,,official_menu,https://www.tasiting.com/product/category/drink,塔斯汀官网「塔塔美食」饮品系列分类页,2026-09-18,,仅有菜单事实（官方分类页 + 搜狐红榜），无营养数据。果汁类含糖量通常可观，但无来源不填值。,U,,塔斯汀 减脂; 塔斯汀 望春山楂乌梅汁 热量; 塔斯汀 低卡点单,要求少糖/稀释,drink; juice; sweet,needs_estimation,2026-09-18,single_item,,含糖量与容量未公开,,
tastien-cn-zi-yu-hong-zao-hei-mi-jiang,塔斯汀中国汉堡,B,紫玉红枣黑米浆（热）,purple-date black-rice warm drink,饮品系列,官方饮品：红枣碎 + 黑米浆（热），『甜度适中，饱腹有口感』，秋冬早餐向。,1,杯,,,,,,,,unknown,,,,,,,,,official_menu,https://www.tasiting.com/product/category/drink,塔斯汀官网「塔塔美食」饮品系列分类页,2026-09-18,,仅有菜单事实（官方分类页 + 搜狐红榜），无营养数据。属含碳水的谷物饮品（非零卡），减脂场景需计入主食口径，但无来源不填值。,U,,塔斯汀 减脂; 塔斯汀 紫玉红枣黑米浆（热） 热量; 塔斯汀 低卡点单,要求少糖,drink; grain; sweet; hot,needs_estimation,2026-09-18,single_item,,黑米/红枣份量与加糖量,,
tastien-cn-ta-ta-feng-wei-nai,塔斯汀中国汉堡,B,塔塔风味奶（热）,tastien-style flavoured milk (hot),饮品系列,官方饮品：热风味奶（『清甜顺滑，乳香融融』）。,1,杯,,,,,,,,unknown,,,,,,,,,official_menu,https://www.tasiting.com/product/category/drink,塔斯汀官网「塔塔美食」饮品系列分类页,2026-09-18,,仅有菜单事实（官方分类页），无营养数据；风味奶通常含添加糖，无来源不填值。,U,,塔斯汀 减脂; 塔斯汀 塔塔风味奶（热） 热量; 塔斯汀 低卡点单,要求无糖/少糖,drink; milk; sweet; hot,needs_estimation,2026-09-18,single_item,,是否含添加糖与容量,,
tastien-cn-hua-sheng-jiang,塔斯汀中国汉堡,B,花生浆,peanut drink,饮品系列,花生浆（门店在售饮品，携程门店页列出），官方分类页未展示。,1,杯,,,,,,,,unknown,,,,,,,,,third_party_analysis,https://you.ctrip.com/food/243/130488384.html,塔斯汀中国汉堡(丰泽街店·泉州) - 携程美食「本店特色美食」,2026-09-18,,仅有菜单事实（携程泉州丰泽街店页），官方分类页未列；无营养数据。花生浆能量密度通常较高，但无来源不填值。,U,,塔斯汀 减脂; 塔斯汀 花生浆 热量; 塔斯汀 低卡点单,要求少糖,drink; nut; sweet,needs_estimation,2026-09-18,single_item,,花生固形物比例与加糖量,,
tastien-cn-hai-yan-feng-li-feng-wei-yin,塔斯汀中国汉堡,B,海盐凤梨风味饮,sea-salt pineapple flavoured drink,饮品系列,2026-08《欢迎来龙餐馆》联名限定饮品：凤梨果香 + 微咸海盐，徐福牛堡套餐标配。,1,杯,,,,,,,,unknown,,,,,,,,,third_party_analysis,https://www.sina.cn/news/detail/5337744410941138.html,塔斯汀联名电影《欢迎来龙餐馆》推广（徐福牛堡与联名套餐配置）,2026-08-30,,仅有菜单事实（新浪联名稿 + smzdm AIGC 聚合），无营养数据；限定款，当前在售状态随联名档期变化。,U,,塔斯汀 减脂; 塔斯汀 海盐凤梨风味饮 热量; 塔斯汀 低卡点单,要求少糖,drink; fruit; lto_2026; sweet,menu_only,2026-09-18,single_item,,果酱/糖浆份量与容量,,
tastien-cn-qing-mei-jian-xi-qi-pao-yin,塔斯汀中国汉堡,B,青梅见喜气泡饮,green-plum sparkling drink,饮品系列,2024 夏日限定：永泰腌渍青梅果粒 + 七喜气泡（官方资讯稿）。当前在售状态未核实。,1,杯,,,,,,,,unknown,,,,,,,,,official_menu,https://www.tasiting.com/article/119,开胃美食717 | 塔斯汀夏日食欲拯救计划！（官网资讯）,2024-05-15,,仅有 2024-05 官方资讯稿菜单事实，无营养数据。含七喜（含糖汽水基底）+ 青梅果粒，能量不低但无来源不填值。,U,,塔斯汀 减脂; 塔斯汀 青梅见喜气泡饮 热量; 塔斯汀 低卡点单,,drink; sparkling; seasonal; lto_2024; uncertain_current; sweet,menu_only,2026-09-18,single_item,,含糖汽水基底 + 果粒糖浆,,
tastien-cn-wu-tang-bing-ning-ka,塔斯汀中国汉堡,B,无糖冰柠咖,sugar-free iced lemon coffee,饮品系列,无糖冰柠檬咖啡（仅见于 UGC 减脂组合『培根煎蛋堡(去一半酱)+无糖冰柠咖≈450 kcal』），官方分类页未列。,1,杯,,,,,,,,unknown,,,,,,,,,third_party_analysis,https://post.m.smzdm.com/zz/p/axdqkw44/,塔斯汀合集(带热量)·减脂期点单技巧（糕冷小美，来自抖音）,2026-09-18,,菜单存在性仅由单篇 UGC（AI 摘要转载）间接证明，官方分类页未见；品名与在售状态均未核实。无营养数据（组合值 450 属汉堡+饮品合计，无法拆分）。,U,,塔斯汀 减脂; 塔斯汀 无糖冰柠咖 热量; 塔斯汀 低卡点单,,drink; coffee; zero_sugar; uncertain_current,menu_only,2026-09-18,single_item,,品名/在售状态未核实; 奶或糖浆添加情况未知,,
tastien-cn-taocan-tg1096-3pc,塔斯汀中国汉堡,B,单人3件套 TG1096（买一送二）,single 3-piece combo TG1096,套餐,美团在售团购：主食香辣鸡腿堡中国汉堡 1 份（¥12）+ 选区A 3选2（可重复选）：双享翅根 1只(¥4)/塔塔鸡块 3块(¥4.8)/荆楚尖叫翅尖 5个(¥5.5)；原价 23 元、现价 12.8 元，覆盖 1146 城。,1,份,,,,,,,,unknown,,,,,,,,,third_party_analysis,https://guangdiu.com/detail.php?id=29554002,美团 塔斯汀中国汉堡【买一送二】单人3件套 TG1096（原价23元/现价12.8元）,2026-09-18,,套餐组成来自美团团购『商品介绍』逐字引用（逛丢镜像，2026-09-18 在售）。无官方营养数据。组件级数据可得：香辣鸡腿堡 426–533 kcal、塔塔鸡块 ≈218 kcal（推导），双享翅根/尖叫翅尖无数据 → 套餐总值无法可靠合成，按 SCHEMA 不假精确，留 unknown。,U,,塔斯汀 减脂; 塔斯汀 单人3件套 TG1096（买一送二） 热量; 塔斯汀 低卡点单,饮品换无糖冰柠可乐（UGC 默认 0 kcal 搭配）; 汉堡备注去酱/多菜; 小食选奥尔良烤翅（162 kcal/对）替代油炸翅根/鸡米花; 炸鸡类去皮,combo; single_serving; meituan_deal,needs_estimation,2026-09-18,preset_combo,burger=香辣鸡腿中国汉堡 1个; side=选区A 3选2（可重复）：双享翅根1只 / 塔塔鸡块3块 / 荆楚尖叫翅尖5个; drink=无（本档不含饮品）,套餐能量=各组件之和，组件可自选时组合方差极大; 汉堡酱料与是否去皮（UGC 口径 -70~190 kcal）; 饮品是否含糖（含糖可乐/七喜 vs 无糖）; 小食选择（烤翅 vs 油炸鸡米花/薯条）; 门店份量与团购规格差异; 选区A 可重复选（如 2 份鸡块）导致能量差异大,,组件可得部分：汉堡 426–533 + 塔塔鸡块 ≈218/份；翅根与翅尖缺数据，总值待组件补齐后合成。
tastien-cn-taocan-tg1915-4pc,塔斯汀中国汉堡,B,单人四件套 TG1915,single 4-piece combo TG1915,套餐,美团到店在售团购档位（原价 30.8 元，2026-09 促销 14.29–14.8 元），覆盖约 1124 城；具体组件未公开披露。,1,份,,,,,,,,unknown,,,,,,,,,third_party_analysis,https://guangdiu.com/search.php?q=%E5%A1%94%E6%96%AF%E6%B1%80,逛丢『塔斯汀』搜索结果：美团在售团购档位清单（TG005/TG1915/TG2215/TG022/TG1769/TG1545/TG1542/TG2082/双人8件套）,2026-09-18,,仅有档位名称/价格/覆盖城市（逛丢同步美团，2026-09-15~17 多条）；详情页触发滑块安全验证，商品介绍未取得 → 组件未知，无法拆 combo_components，也无营养数据。,U,,塔斯汀 减脂; 塔斯汀 单人四件套 TG1915 热量; 塔斯汀 低卡点单,饮品换无糖冰柠可乐（UGC 默认 0 kcal 搭配）; 汉堡备注去酱/多菜; 小食选奥尔良烤翅（162 kcal/对）替代油炸翅根/鸡米花; 炸鸡类去皮,combo; single_serving; meituan_deal; composition_unknown,menu_only,2026-09-18,preset_combo,,套餐能量=各组件之和，组件可自选时组合方差极大; 汉堡酱料与是否去皮（UGC 口径 -70~190 kcal）; 饮品是否含糖（含糖可乐/七喜 vs 无糖）; 小食选择（烤翅 vs 油炸鸡米花/薯条）; 门店份量与团购规格差异,,
tastien-cn-taocan-tg005-double-burger,塔斯汀中国汉堡,B,百万爆款双堡 TG005,double-burger combo TG005,套餐,美团在售团购：双堡组合（2026-09 价 13.7–13.9 元），主打两款经典堡；具体堡款未在公开镜像中披露。,1,份,,,,,,,,unknown,,,,,,,,,third_party_analysis,https://guangdiu.com/search.php?q=%E5%A1%94%E6%96%AF%E6%B1%80,逛丢『塔斯汀』搜索结果：美团在售团购档位清单（TG005/TG1915/TG2215/TG022/TG1769/TG1545/TG1542/TG2082/双人8件套）,2026-09-18,,档位名称与价格可得（逛丢同步美团，2026-09-16/17），商品介绍未取得；参考同类『双堡 3+2』活动 A 区含香辣鸡腿堡、藤椒鸡腿堡。无营养数据。,U,,塔斯汀 减脂; 塔斯汀 百万爆款双堡 TG005 热量; 塔斯汀 低卡点单,饮品换无糖冰柠可乐（UGC 默认 0 kcal 搭配）; 汉堡备注去酱/多菜; 小食选奥尔良烤翅（162 kcal/对）替代油炸翅根/鸡米花; 炸鸡类去皮,combo; burger_pair; meituan_deal; composition_unknown,menu_only,2026-09-18,preset_combo,burger=2 个中国汉堡（堡款未披露，同类活动 A 区含香辣/藤椒鸡腿堡）,套餐能量=各组件之和，组件可自选时组合方差极大; 汉堡酱料与是否去皮（UGC 口径 -70~190 kcal）; 饮品是否含糖（含糖可乐/七喜 vs 无糖）; 小食选择（烤翅 vs 油炸鸡米花/薯条）; 门店份量与团购规格差异,,
tastien-cn-taocan-tg2215-3plus2,塔斯汀中国汉堡,B,3+2 随心配 TG2215,build-your-own 3+2 combo TG2215,套餐,美团在售团购：3 款汉堡 + 2 份小食随心配（2026-09 价 28.9 元）。同类『开学季双堡 3+2』活动口径为 A 区 8 款汉堡选 3、B 区 9 款小食选 2，支持外送。,1,份,,,,,,,,unknown,,,,,,,,,third_party_analysis,https://guangdiu.com/search.php?q=%E5%A1%94%E6%96%AF%E6%B1%80,逛丢『塔斯汀』搜索结果：美团在售团购档位清单（TG005/TG1915/TG2215/TG022/TG1769/TG1545/TG1542/TG2082/双人8件套）,2026-09-18,,档位名/价格来自逛丢同步美团（2026-09-12/09-16）；A区8款/B区9款的可选规模来自搜狐转载抖音团购达人帖（2026-09-12）。无官方营养数据；因组件完全自选，能量方差极大，按 SCHEMA 不做合成估算。,U,,塔斯汀 减脂; 塔斯汀 3+2 随心配 TG2215 热量; 塔斯汀 低卡点单,饮品换无糖冰柠可乐（UGC 默认 0 kcal 搭配）; 汉堡备注去酱/多菜; 小食选奥尔良烤翅（162 kcal/对）替代油炸翅根/鸡米花; 炸鸡类去皮,combo; custom_choice; meituan_deal; share_size,needs_estimation,2026-09-18,custom_combo,burger=A 区 8 款中国汉堡任选 3（含香辣鸡腿堡、藤椒鸡腿堡）; side=B 区 9 款小食任选 2; drink=未含（依券档）,套餐能量=各组件之和，组件可自选时组合方差极大; 汉堡酱料与是否去皮（UGC 口径 -70~190 kcal）; 饮品是否含糖（含糖可乐/七喜 vs 无糖）; 小食选择（烤翅 vs 油炸鸡米花/薯条）; 门店份量与团购规格差异; 3 堡 + 2 小食为多人/大份量组合，单餐食用易超 1500 kcal,,
tastien-cn-taocan-3-3-3,塔斯汀中国汉堡,B,中国汉堡自选套餐（3汉堡+3小食+3饮品）,self-select 3+3+3 combo voucher,套餐,美团/淘宝闪购在售兑换券：自选汉堡×3 + 自选小食×3 + 自选饮品×3（2026-06 券后 43.30 元；另有 17.9–19.9 元档『自选汉堡+小食×2+饮品』）。,1,份,,,,,,,,unknown,,,,,,,,,third_party_analysis,https://youhui.bacaoo.com/p/435129,塔斯汀中国汉堡自选套餐：3份汉堡+3份小食+3份饮品（专享兑换券，券后43.30元）,2026-06-29,,券档结构来自拔草哦同步的美团券页（2026-06-29）。无营养数据；饮品可选含糖汽水，是套餐能量的主要可变项。,U,,塔斯汀 减脂; 塔斯汀 中国汉堡自选套餐（3汉堡+3小食+3饮品） 热量; 塔斯汀 低卡点单,饮品换无糖冰柠可乐（UGC 默认 0 kcal 搭配）; 汉堡备注去酱/多菜; 小食选奥尔良烤翅（162 kcal/对）替代油炸翅根/鸡米花; 炸鸡类去皮,combo; custom_choice; share_size; voucher,needs_estimation,2026-09-18,custom_combo,burger=自选中国汉堡 ×3; side=自选小食 ×3; drink=自选饮品 ×3,套餐能量=各组件之和，组件可自选时组合方差极大; 汉堡酱料与是否去皮（UGC 口径 -70~190 kcal）; 饮品是否含糖（含糖可乐/七喜 vs 无糖）; 小食选择（烤翅 vs 油炸鸡米花/薯条）; 门店份量与团购规格差异,,
tastien-cn-taocan-4pc-snack,塔斯汀中国汉堡,B,中国汉堡小食4件套（汉堡+粗薯+鸡米花+可乐）,burger + fries + popcorn chicken + cola 4-piece combo,套餐,团购券：汉堡 1 + 粗薯 1 + 鸡米花 1 + 可乐 1（识货聚合页明示组成，购买后 15 天有效，堂食外带均可）。,1,份,,,,,,,,unknown,,,,,,,,,third_party_analysis,http://m.shihuo.cn/page/supplierList/1505250536?id=5367401&sku_id=1505250536,塔斯汀 中国汉堡小食4件套（汉堡+粗薯+鸡米花+可乐）团购券,2026-09-18,,组成为券名明示。组件级数据：粗薯 ≈210 kcal/份（UGC）；鸡米花与可乐（含糖）无数据 → 总值不合成。若把可乐换为无糖冰柠可乐（0–5 kcal），是本品最直接的减脂改造。,U,,塔斯汀 减脂; 塔斯汀 中国汉堡小食4件套（汉堡+粗薯+鸡米花+可乐） 热量; 塔斯汀 低卡点单,饮品换无糖冰柠可乐（UGC 默认 0 kcal 搭配）; 汉堡备注去酱/多菜; 小食选奥尔良烤翅（162 kcal/对）替代油炸翅根/鸡米花; 炸鸡类去皮; 可乐换无糖冰柠可乐,combo; single_serving; voucher; high_calorie,needs_estimation,2026-09-18,preset_combo,burger=中国汉堡 1（堡款未指定）; side=粗薯 1 + 鸡米花 1; drink=可乐 1（含糖）,套餐能量=各组件之和，组件可自选时组合方差极大; 汉堡酱料与是否去皮（UGC 口径 -70~190 kcal）; 饮品是否含糖（含糖可乐/七喜 vs 无糖）; 小食选择（烤翅 vs 油炸鸡米花/薯条）; 门店份量与团购规格差异; 堡款未指定（不同堡差 325–615 kcal）,,
tastien-cn-taocan-xiang-la-ji-tui-danren,塔斯汀中国汉堡,B,香辣鸡腿中国汉堡套餐,spicy chicken thigh burger single combo,套餐,团购单人套餐：含香辣鸡腿中国汉堡 1 个（识货聚合：京东外卖 ¥7 / 天猫 ¥8 / 拼多多 ¥8）；其余组件未披露。港媒 2023 报道的同类单人套餐为『香辣鸡腿堡+香辣鸡翅+冰柠可乐』¥19.9。,1,份,,,,,,,,unknown,,,,,,,,,third_party_analysis,http://m.shihuo.cn/page/supplierList/2935593793?id=5350701&sku_id=2935593793,塔斯汀 香辣鸡腿中国汉堡套餐（含香辣鸡腿中国汉堡1个）,2026-09-18,,组成仅确认含汉堡 1 个，其余组件未披露（识货页）；2023 港媒给出同期典型配置可作参考但非当前口径。无营养数据。,U,,塔斯汀 减脂; 塔斯汀 香辣鸡腿中国汉堡套餐 热量; 塔斯汀 低卡点单,饮品换无糖冰柠可乐（UGC 默认 0 kcal 搭配）; 汉堡备注去酱/多菜; 小食选奥尔良烤翅（162 kcal/对）替代油炸翅根/鸡米花; 炸鸡类去皮,combo; single_serving; voucher; core_sku,menu_only,2026-09-18,preset_combo,burger=香辣鸡腿中国汉堡 1个; side=未披露（2023 同类套餐为香辣鸡翅）; drink=未披露（2023 同类套餐为冰柠可乐）,套餐能量=各组件之和，组件可自选时组合方差极大; 汉堡酱料与是否去皮（UGC 口径 -70~190 kcal）; 饮品是否含糖（含糖可乐/七喜 vs 无糖）; 小食选择（烤翅 vs 油炸鸡米花/薯条）; 门店份量与团购规格差异,,
tastien-cn-taocan-tg022-wing-trio,塔斯汀中国汉堡,B,超值翅根三重奏 TG022 / 塔塔翅根桶,wingette trio combo TG022,套餐,美团在售团购：翅根类组合（原价 24 元，2026-09 促销 13.9 元；另有『塔塔翅根桶』同编号档位）。,1,份,,,,,,,,unknown,,,,,,,,,third_party_analysis,https://guangdiu.com/search.php?q=%E5%A1%94%E6%96%AF%E6%B1%80,逛丢『塔斯汀』搜索结果：美团在售团购档位清单（TG005/TG1915/TG2215/TG022/TG1769/TG1545/TG1542/TG2082/双人8件套）,2026-09-18,,档位名/价格可得（逛丢同步美团，2026-09-10），商品介绍未取得（滑块验证）→ 组件数量未知。无营养数据。翅根为油炸带骨小食，能量密度高。,U,,塔斯汀 减脂; 塔斯汀 超值翅根三重奏 TG022 / 塔塔翅根桶 热量; 塔斯汀 低卡点单,饮品换无糖冰柠可乐（UGC 默认 0 kcal 搭配）; 汉堡备注去酱/多菜; 小食选奥尔良烤翅（162 kcal/对）替代油炸翅根/鸡米花; 炸鸡类去皮; 去皮,combo; fried_chicken; share_size; high_calorie; composition_unknown,menu_only,2026-09-18,preset_combo,side=双享翅根组合（数量未披露）,套餐能量=各组件之和，组件可自选时组合方差极大; 汉堡酱料与是否去皮（UGC 口径 -70~190 kcal）; 饮品是否含糖（含糖可乐/七喜 vs 无糖）; 小食选择（烤翅 vs 油炸鸡米花/薯条）; 门店份量与团购规格差异,,
tastien-cn-taocan-tg1769-fries-trio,塔斯汀中国汉堡,B,薯薯三重奏 TG1769,fries trio combo TG1769,套餐,美团在售团购：薯类小食三重组合（粗薯/甘梅红心薯条等）。,1,份,,,,,,,,unknown,,,,,,,,,third_party_analysis,https://guangdiu.com/search.php?q=%E5%A1%94%E6%96%AF%E6%B1%80,逛丢『塔斯汀』搜索结果：美团在售团购档位清单（TG005/TG1915/TG2215/TG022/TG1769/TG1545/TG1542/TG2082/双人8件套）,2026-09-18,,档位名可得（逛丢同步美团，2026-09），商品介绍未取得；组件与份量未知。无营养数据。组件中仅粗薯有 UGC 值（≈210 kcal/份）。,U,,塔斯汀 减脂; 塔斯汀 薯薯三重奏 TG1769 热量; 塔斯汀 低卡点单,饮品换无糖冰柠可乐（UGC 默认 0 kcal 搭配）; 汉堡备注去酱/多菜; 小食选奥尔良烤翅（162 kcal/对）替代油炸翅根/鸡米花; 炸鸡类去皮; 不蘸酱,combo; fried; potato; share_size; high_calorie,menu_only,2026-09-18,preset_combo,side=薯类小食 ×3（品类未披露）,套餐能量=各组件之和，组件可自选时组合方差极大; 汉堡酱料与是否去皮（UGC 口径 -70~190 kcal）; 饮品是否含糖（含糖可乐/七喜 vs 无糖）; 小食选择（烤翅 vs 油炸鸡米花/薯条）; 门店份量与团购规格差异,,
tastien-cn-taocan-tg1545-snack-n1,塔斯汀中国汉堡,B,塔粉专享热销小吃 N选1 TG1545,member snack pick-1 combo TG1545,套餐,美团会员档团购：热销小吃 N 选 1。,1,份,,,,,,,,unknown,,,,,,,,,third_party_analysis,https://guangdiu.com/search.php?q=%E5%A1%94%E6%96%AF%E6%B1%80,逛丢『塔斯汀』搜索结果：美团在售团购档位清单（TG005/TG1915/TG2215/TG022/TG1769/TG1545/TG1542/TG2082/双人8件套）,2026-09-18,,档位名可得（逛丢同步美团，2026-08），可选清单未取得。无营养数据。,U,,塔斯汀 减脂; 塔斯汀 塔粉专享热销小吃 N选1 TG1545 热量; 塔斯汀 低卡点单,饮品换无糖冰柠可乐（UGC 默认 0 kcal 搭配）; 汉堡备注去酱/多菜; 小食选奥尔良烤翅（162 kcal/对）替代油炸翅根/鸡米花; 炸鸡类去皮,combo; custom_choice; member_deal,menu_only,2026-09-18,custom_combo,side=热销小吃 N 选 1（清单未披露）,套餐能量=各组件之和，组件可自选时组合方差极大; 汉堡酱料与是否去皮（UGC 口径 -70~190 kcal）; 饮品是否含糖（含糖可乐/七喜 vs 无糖）; 小食选择（烤翅 vs 油炸鸡米花/薯条）; 门店份量与团购规格差异,,
tastien-cn-taocan-tg1542-snack-n2,塔斯汀中国汉堡,B,热销小吃 N选2 TG1542,snack pick-2 combo TG1542,套餐,美团在售团购：热销小吃 N 选 2。,1,份,,,,,,,,unknown,,,,,,,,,third_party_analysis,https://guangdiu.com/search.php?q=%E5%A1%94%E6%96%AF%E6%B1%80,逛丢『塔斯汀』搜索结果：美团在售团购档位清单（TG005/TG1915/TG2215/TG022/TG1769/TG1545/TG1542/TG2082/双人8件套）,2026-09-18,,档位名可得（逛丢同步美团，2026-08），可选清单未取得。无营养数据。,U,,塔斯汀 减脂; 塔斯汀 热销小吃 N选2 TG1542 热量; 塔斯汀 低卡点单,饮品换无糖冰柠可乐（UGC 默认 0 kcal 搭配）; 汉堡备注去酱/多菜; 小食选奥尔良烤翅（162 kcal/对）替代油炸翅根/鸡米花; 炸鸡类去皮,combo; custom_choice,menu_only,2026-09-18,custom_combo,side=热销小吃 N 选 2（清单未披露）,套餐能量=各组件之和，组件可自选时组合方差极大; 汉堡酱料与是否去皮（UGC 口径 -70~190 kcal）; 饮品是否含糖（含糖可乐/七喜 vs 无糖）; 小食选择（烤翅 vs 油炸鸡米花/薯条）; 门店份量与团购规格差异,,
tastien-cn-taocan-tg2082-5items,塔斯汀中国汉堡,B,塔粉专享 5 样美食 TG2082,member 5-item combo TG2082,套餐,美团会员档团购：5 样美食组合（堡/小食搭配，具体清单未公开）。,1,份,,,,,,,,unknown,,,,,,,,,third_party_analysis,https://guangdiu.com/search.php?q=%E5%A1%94%E6%96%AF%E6%B1%80,逛丢『塔斯汀』搜索结果：美团在售团购档位清单（TG005/TG1915/TG2215/TG022/TG1769/TG1545/TG1542/TG2082/双人8件套）,2026-09-18,,档位名可得（逛丢同步美团，2026-08），商品介绍未取得。无营养数据。,U,,塔斯汀 减脂; 塔斯汀 塔粉专享 5 样美食 TG2082 热量; 塔斯汀 低卡点单,饮品换无糖冰柠可乐（UGC 默认 0 kcal 搭配）; 汉堡备注去酱/多菜; 小食选奥尔良烤翅（162 kcal/对）替代油炸翅根/鸡米花; 炸鸡类去皮,combo; share_size; member_deal; composition_unknown,menu_only,2026-09-18,preset_combo,,套餐能量=各组件之和，组件可自选时组合方差极大; 汉堡酱料与是否去皮（UGC 口径 -70~190 kcal）; 饮品是否含糖（含糖可乐/七喜 vs 无糖）; 小食选择（烤翅 vs 油炸鸡米花/薯条）; 门店份量与团购规格差异,,
tastien-cn-taocan-double-8pc,塔斯汀中国汉堡,B,精选双人8件套,duo 8-piece combo,套餐,团购兑换券：双人 8 件组合（堡+小食+饮品搭配，具体清单未公开）。,1,份,,,,,,,,unknown,,,,,,,,,third_party_analysis,https://guangdiu.com/search.php?q=%E5%A1%94%E6%96%AF%E6%B1%80,逛丢『塔斯汀』搜索结果：美团在售团购档位清单（TG005/TG1915/TG2215/TG022/TG1769/TG1545/TG1542/TG2082/双人8件套）,2026-09-18,,档位名可得（逛丢同步美团，2026-08），商品介绍未取得。无营养数据。,U,,塔斯汀 减脂; 塔斯汀 精选双人8件套 热量; 塔斯汀 低卡点单,饮品换无糖冰柠可乐（UGC 默认 0 kcal 搭配）; 汉堡备注去酱/多菜; 小食选奥尔良烤翅（162 kcal/对）替代油炸翅根/鸡米花; 炸鸡类去皮,combo; share_size; voucher; composition_unknown,menu_only,2026-09-18,preset_combo,,套餐能量=各组件之和，组件可自选时组合方差极大; 汉堡酱料与是否去皮（UGC 口径 -70~190 kcal）; 饮品是否含糖（含糖可乐/七喜 vs 无糖）; 小食选择（烤翅 vs 油炸鸡米花/薯条）; 门店份量与团购规格差异,,
tastien-cn-taocan-guo-wei-kao-ya-pin-pan,塔斯汀中国汉堡,B,国味烤鸭堡拼盘餐,peking duck burger platter meal,套餐,门店在售套餐：以北京烤鸭中国汉堡为主的拼盘餐（携程门店页『本店特色美食』字段列出）。,1,份,,,,,,,,unknown,,,,,,,,,third_party_analysis,https://you.ctrip.com/food/shenzhen26/136231880.html,塔斯汀中国汉堡(龙岗坂田店·深圳) - 携程美食「本店特色美食」,2026-09-18,,仅有套餐名（携程深圳龙岗坂田店页），组件与份量未披露；无营养数据。组件中北京烤鸭堡有 UGC 值 456 kcal（±12%）。,U,,塔斯汀 减脂; 塔斯汀 国味烤鸭堡拼盘餐 热量; 塔斯汀 低卡点单,饮品换无糖冰柠可乐（UGC 默认 0 kcal 搭配）; 汉堡备注去酱/多菜; 小食选奥尔良烤翅（162 kcal/对）替代油炸翅根/鸡米花; 炸鸡类去皮,combo; duck; share_size,menu_only,2026-09-18,preset_combo,burger=北京烤鸭中国汉堡（其余组件未披露）,套餐能量=各组件之和，组件可自选时组合方差极大; 汉堡酱料与是否去皮（UGC 口径 -70~190 kcal）; 饮品是否含糖（含糖可乐/七喜 vs 无糖）; 小食选择（烤翅 vs 油炸鸡米花/薯条）; 门店份量与团购规格差异,,
tastien-cn-taocan-xufu-3pc,塔斯汀中国汉堡,B,徐福美味精选三件套（龙餐馆联名）,xu-fu tie-in single 3-piece combo,套餐,2026-08《欢迎来龙餐馆》联名单人套餐：徐福牛堡 1 + 风味小食 1（薯条或鸡块）+ 限定海盐凤梨风味饮 1；联名档 24.9 元起（含周边）。,1,份,,,,,,,,unknown,,,,,,,,,third_party_analysis,https://www.sina.cn/news/detail/5337744410941138.html,塔斯汀联名电影《欢迎来龙餐馆》推广（徐福牛堡与联名套餐配置）,2026-08-30,,组成来自新浪联名稿（2026-08-30），与 smzdm AIGC 聚合一致。无营养数据；三个组件均无单品数值，无法合成。,U,,塔斯汀 减脂; 塔斯汀 徐福美味精选三件套（龙餐馆联名） 热量; 塔斯汀 低卡点单,饮品换无糖冰柠可乐（UGC 默认 0 kcal 搭配）; 汉堡备注去酱/多菜; 小食选奥尔良烤翅（162 kcal/对）替代油炸翅根/鸡米花; 炸鸡类去皮,combo; single_serving; lto_2026; beef,needs_estimation,2026-09-18,preset_combo,burger=徐福牛堡 1个; side=风味小食 1（薯条或鸡块）; drink=海盐凤梨风味饮 1杯（含糖）,套餐能量=各组件之和，组件可自选时组合方差极大; 汉堡酱料与是否去皮（UGC 口径 -70~190 kcal）; 饮品是否含糖（含糖可乐/七喜 vs 无糖）; 小食选择（烤翅 vs 油炸鸡米花/薯条）; 门店份量与团购规格差异; 联名限定档期与赠品规则变化,,
tastien-cn-taocan-xufu-6pc,塔斯汀中国汉堡,B,薯牛欢享双人六件套（龙餐馆联名）,xu-fu tie-in duo 6-piece combo,套餐,2026-08 联名双人套餐：徐福牛堡 2 + 定制饮品 2 + 双份人气小食拼盘，含高规格联名赠品。,1,份,,,,,,,,unknown,,,,,,,,,third_party_analysis,https://www.sina.cn/news/detail/5337744410941138.html,塔斯汀联名电影《欢迎来龙餐馆》推广（徐福牛堡与联名套餐配置）,2026-08-30,,组成来自新浪联名稿（2026-08-30）。无营养数据；小食拼盘内容未披露。,U,,塔斯汀 减脂; 塔斯汀 薯牛欢享双人六件套（龙餐馆联名） 热量; 塔斯汀 低卡点单,饮品换无糖冰柠可乐（UGC 默认 0 kcal 搭配）; 汉堡备注去酱/多菜; 小食选奥尔良烤翅（162 kcal/对）替代油炸翅根/鸡米花; 炸鸡类去皮,combo; share_size; lto_2026; beef,menu_only,2026-09-18,preset_combo,burger=徐福牛堡 2个; side=双份人气小食拼盘（内容未披露）; drink=定制饮品 2杯,套餐能量=各组件之和，组件可自选时组合方差极大; 汉堡酱料与是否去皮（UGC 口径 -70~190 kcal）; 饮品是否含糖（含糖可乐/七喜 vs 无糖）; 小食选择（烤翅 vs 油炸鸡米花/薯条）; 门店份量与团购规格差异,,
tastien-cn-taocan-taotao-ciba-kele,塔斯汀中国汉堡,B,桃桃安格斯牛堡+桂花酒酿糍粑+冰柠可乐（兑换券）,peach-angus burger + mochi + cola voucher combo,套餐,团购兑换券套餐：桃桃安格斯牛堡 1 + 桂花酒酿糍粑 1 + 冰柠可乐 1（smzdm 好价券名，2025 秋季档）。,1,份,,,,,,,,unknown,,,,,,,,,third_party_analysis,https://post.m.smzdm.com/zz/p/a5078vxx/,塔斯汀新品测评！黄桃安格斯牛肉堡｜爆浆巧克力卷｜拉丝糍粑｜米香鸡米花（C柚爱喝柠檬茶，来自哔哩哔哩）,2026-09-18,,券名即组成（smzdm 好价页标题；详情页触发 202 反爬未取到正文，组成以标题为准）。无营养数据。三个组件均无单品数值。注意饮品为含糖『冰柠可乐』，减脂改造首选换无糖版。,U,,塔斯汀 减脂; 塔斯汀 桃桃安格斯牛堡+桂花酒酿糍粑+冰柠可乐（兑换券） 热量; 塔斯汀 低卡点单,饮品换无糖冰柠可乐（UGC 默认 0 kcal 搭配）; 汉堡备注去酱/多菜; 小食选奥尔良烤翅（162 kcal/对）替代油炸翅根/鸡米花; 炸鸡类去皮; 冰柠可乐换无糖冰柠可乐,combo; single_serving; voucher; new_2025,menu_only,2026-09-18,preset_combo,burger=桃桃安格斯牛中国汉堡 1个; side=桂花酒酿糍粑 1份; drink=冰柠可乐 1杯（含糖）,套餐能量=各组件之和，组件可自选时组合方差极大; 汉堡酱料与是否去皮（UGC 口径 -70~190 kcal）; 饮品是否含糖（含糖可乐/七喜 vs 无糖）; 小食选择（烤翅 vs 油炸鸡米花/薯条）; 门店份量与团购规格差异,,
tastien-cn-taocan-burger3-cuimi-ciba,塔斯汀中国汉堡,B,汉堡3选1+脆米鸡米花+桂花酒酿糍粑（兑换券）,pick-1 burger + crispy popcorn chicken + mochi voucher combo,套餐,团购兑换券套餐：汉堡 3 选 1 + 脆米鸡米花 1 + 桂花酒酿糍粑 1（smzdm 好价券名）。,1,份,,,,,,,,unknown,,,,,,,,,third_party_analysis,https://post.m.smzdm.com/zz/p/a5078vxx/,塔斯汀新品测评！黄桃安格斯牛肉堡｜爆浆巧克力卷｜拉丝糍粑｜米香鸡米花（C柚爱喝柠檬茶，来自哔哩哔哩）,2026-09-18,,券名即组成（smzdm 好价页标题，详情页 202 反爬未取得正文）。无营养数据；可选堡款清单未披露 → 能量方差大。,U,,塔斯汀 减脂; 塔斯汀 汉堡3选1+脆米鸡米花+桂花酒酿糍粑（兑换券） 热量; 塔斯汀 低卡点单,饮品换无糖冰柠可乐（UGC 默认 0 kcal 搭配）; 汉堡备注去酱/多菜; 小食选奥尔良烤翅（162 kcal/对）替代油炸翅根/鸡米花; 炸鸡类去皮,combo; single_serving; voucher; custom_choice,menu_only,2026-09-18,custom_combo,burger=汉堡 3 选 1（清单未披露）; side=脆米鸡米花 1 + 桂花酒酿糍粑 1; drink=无,套餐能量=各组件之和，组件可自选时组合方差极大; 汉堡酱料与是否去皮（UGC 口径 -70~190 kcal）; 饮品是否含糖（含糖可乐/七喜 vs 无糖）; 小食选择（烤翅 vs 油炸鸡米花/薯条）; 门店份量与团购规格差异,,
tastien-cn-taocan-mb42-duo-ren,塔斯汀中国汉堡,B,汉堡多人套餐系列 MB42（香辣/藤椒鸡腿堡2选1 + 七喜/冰柠可乐2选1）,multi-person burger combo MB42,套餐,团购券档 MB42：香辣鸡腿堡/藤椒鸡腿堡 2 选 1 + 七喜/冰柠可乐 2 选 1（识货聚合页规格字段逐字）。同系列另有小吃券档 MB40（粗薯/双享翅根/尖叫翅尖 三选一）、MB12（鸡米花/塔塔鸡块/粗薯 三选二）、mt289（2 份尖叫翅尖），本库未逐一建 SKU。,1,份,,,,,,,,unknown,,,,,,,,,third_party_analysis,https://www.shihuo.cn/page/goodsDetail?goodsId=6435674,塔斯汀 汉堡多人套餐系列（MB42/MB40/MB12 等券档）,2026-09-18,,券档规格来自识货商品页字段（2026-09-18）。无营养数据；饮品两个选项均为含糖汽水（按任务要求未单独建 SKU）。,U,,塔斯汀 减脂; 塔斯汀 汉堡多人套餐系列 MB42（香辣/藤椒鸡腿堡2选1 + 七喜/冰柠可乐2选1） 热量; 塔斯汀 低卡点单,饮品换无糖冰柠可乐（UGC 默认 0 kcal 搭配）; 汉堡备注去酱/多菜; 小食选奥尔良烤翅（162 kcal/对）替代油炸翅根/鸡米花; 炸鸡类去皮; 汽水换无糖冰柠可乐（若门店支持）,combo; voucher; burger_pair,menu_only,2026-09-18,preset_combo,burger=香辣鸡腿中国汉堡 / 藤椒鸡腿中国汉堡 2 选 1; drink=七喜 / 冰柠可乐 2 选 1（均含糖）,套餐能量=各组件之和，组件可自选时组合方差极大; 汉堡酱料与是否去皮（UGC 口径 -70~190 kcal）; 饮品是否含糖（含糖可乐/七喜 vs 无糖）; 小食选择（烤翅 vs 油炸鸡米花/薯条）; 门店份量与团购规格差异,,
