source_id,sku_id,brand,product_name,source_type,source_url,source_title,source_author,source_date,method_notes,is_official,confidence_grade,values_reported,notes
src-pick-mcd,pick-mcd-01,麦当劳,板烧鸡腿堡(去酱)+苹果片+无糖可乐,xiaohongshu_claim,https://post.smzdm.com/p/az60v5po//,麦当劳=减脂餐·减脂期搭配分享,什么值得买转载UGC,2026-09-18,无称重方法·仅点值·故C级区间,False,C,energy≈392kcal,
src-pick-mcd2,pick-mcd-02,麦当劳,原味板烧鸡腿堡+玉米杯+零度可乐,xiaohongshu_claim,https://post.smzdm.com/zz/p/ako777nr/,麦当劳减脂终极攻略400/500/600大卡套餐,什么值得买转载UGC,2026-09-18,无称重方法·仅点值,False,C,energy≈462kcal,
src-pick-kfc,pick-kfc-01,肯德基,新奥尔良烤鸡腿堡(无酱)+玉米杯+无糖可乐,xiaohongshu_claim,https://post.smzdm.com/p/a3rq7k6r/,减脂人肯德基点单攻略,什么值得买转载UGC,2026-09-18,无称重方法·仅点值,False,C,energy≈470kcal,
src-pick-lxj,pick-lxj-01,老乡鸡,小份糙米饭+卤鸡腿+青椒炒豆芽+白菜炖豆腐,xiaohongshu_claim,https://post.smzdm.com/p/a3m6v66r/,老乡鸡轻养四部曲·用户真实反馈,什么值得买转载UGC,2026-09-18,无称重方法·但单品可用官方4+1 per-100g复核,False,C,energy≈587kcal,
src-pick-micun,pick-micun-01,米村拌饭,石锅拌饭(去酱+去海苔碎),xiaohongshu_claim,https://post.smzdm.com/zz/p/akoekgv9/,米村拌饭全测评·500大卡怎么吃,什么值得买转载UGC,2026-09-18,给出逐项delta(去酱/去海苔碎/米饭份)·接近B但无称重照片·保守C,False,C,energy 709→635→576kcal,
src-pick-tastien,pick-tastien-01,塔斯汀,湘辣嫩鸡肉汉堡(去酱多菜),xiaohongshu_claim,https://post.smzdm.com/p/avvoonk9/,塔斯汀汉堡500kcal以内低卡吃法,什么值得买转载UGC,2026-09-18,无称重方法·仅点值,False,C,energy≈325kcal,
src-pick-shaxian,pick-shaxian-01,沙县小吃,去皮鸡腿饭(米饭减半),xiaohongshu_claim,https://post.smzdm.com/p/a95e3ko7/,沙县减脂必点清单·去皮鸡腿饭500大卡,什么值得买转载UGC,2026-09-18,无称重方法·门店非标准化,False,C,energy≈500-525kcal,
src-fm-xsw-570736,familymart-cn-haixian-shuangwei-sanjiao-fantuan,全家便利店,全家海鲜双味三角饭团,third_party_analysis,https://www.xuanshiwu.com/foods/570736.html,选食物网 · 全家海鲜双味三角饭团,选食物网(众包营养库),2024-10-22,选食物网(众包食品营养库)转录商品包装营养成分表(GB28050 '1+4')，数值为每100g基准；来源未附包装照片/净含量/钠值，纤维素字段多为0.00占位。本条宏量经Atwater(4/4/9)反算与所标能量自洽，判为可信的标签转录。,False,B,energy=194kcal/100g; protein=5.8g/100g; carbs=33.3g/100g; fat=4.2g/100g,每100g基准；净含量/钠未披露
src-fm-xsw-1059818,familymart-cn-aoerliang-kaoji-dakou-fantuan,全家便利店,奥尔良风味烤鸡大口饭团,third_party_analysis,https://www.xuanshiwu.com/foods/1059818.html,选食物网 · 奥尔良风味烤鸡大口饭团,选食物网(众包营养库),2024-12-11,选食物网(众包食品营养库)转录商品包装营养成分表(GB28050 '1+4')，数值为每100g基准；来源未附包装照片/净含量/钠值，纤维素字段多为0.00占位。本条宏量经Atwater(4/4/9)反算与所标能量自洽，判为可信的标签转录。,False,B,energy=176kcal/100g; protein=5.4g/100g; carbs=28.8g/100g; fat=4.1g/100g,每100g基准；净含量/钠未披露
src-fm-xsw-700132,familymart-cn-xianshu-huotui-sanmingzhi,全家便利店,鲜蔬火腿三明治,third_party_analysis,https://www.xuanshiwu.com/foods/700132.html,选食物网 · 鲜蔬火腿三明治,选食物网(众包营养库),2024-10-22,选食物网(众包食品营养库)转录商品包装营养成分表(GB28050 '1+4')，数值为每100g基准；来源未附包装照片/净含量/钠值，纤维素字段多为0.00占位。本条宏量经Atwater(4/4/9)反算与所标能量自洽，判为可信的标签转录。,False,B,energy=201kcal/100g; protein=9.0g/100g; carbs=21.0g/100g; fat=9.0g/100g,每100g基准；净含量/钠未披露
src-fm-xsw-400273,familymart-cn-quanmai-huotui-dan-shala-sanmingzhi,全家便利店,全麦火腿蛋沙拉三明治,third_party_analysis,https://www.xuanshiwu.com/foods/400273.html,选食物网 · 全麦火腿蛋沙拉三明治,选食物网(众包营养库),2024-10-20,选食物网(众包食品营养库)转录商品包装营养成分表(GB28050 '1+4')，数值为每100g基准；来源未附包装照片/净含量/钠值，纤维素字段多为0.00占位。本条宏量经Atwater(4/4/9)反算与所标能量自洽，判为可信的标签转录。,False,B,energy=243kcal/100g; protein=9.6g/100g; carbs=29.1g/100g; fat=9.5g/100g,每100g基准；净含量/钠未披露
src-fm-xsw-377491,familymart-cn-jinqiangyu-shucai-shala,全家便利店,金枪鱼蔬菜沙拉,third_party_analysis,https://www.xuanshiwu.com/foods/377491.html,选食物网 · 金枪鱼蔬菜沙拉,选食物网(众包营养库),2024-10-20,选食物网(众包食品营养库)转录商品包装营养成分表(GB28050 '1+4')，数值为每100g基准；来源未附包装照片/净含量/钠值，纤维素字段多为0.00占位。本条宏量经Atwater(4/4/9)反算与所标能量自洽，判为可信的标签转录。,False,B,energy=138kcal/100g; protein=4.4g/100g; carbs=10.5g/100g; fat=8.8g/100g,每100g基准；净含量/钠未披露
src-fm-xsw-745722,familymart-cn-rishi-jinqiangyu-shuangshuni-shala,全家便利店,日式金枪鱼双薯泥沙拉,third_party_analysis,https://www.xuanshiwu.com/foods/745722.html,选食物网 · 日式金枪鱼双薯泥沙拉,选食物网(众包营养库),2024-10-23,选食物网(众包食品营养库)转录商品包装营养成分表(GB28050 '1+4')，数值为每100g基准；来源未附包装照片/净含量/钠值，纤维素字段多为0.00占位。本条宏量经Atwater(4/4/9)反算与所标能量自洽，判为可信的标签转录。,False,B,energy=65kcal/100g; protein=2.8g/100g; carbs=10.9g/100g; fat=1.1g/100g,每100g基准；净含量/钠未披露
src-fm-xsw-520325,familymart-cn-nangua-rulao-mianbao,全家便利店,南瓜乳酪面包,third_party_analysis,https://www.xuanshiwu.com/foods/520325.html,选食物网 · 南瓜乳酪面包,选食物网(众包营养库),2024-10-21,选食物网(众包食品营养库)转录商品包装营养成分表(GB28050 '1+4')，数值为每100g基准；来源未附包装照片/净含量/钠值，纤维素字段多为0.00占位。本条宏量经Atwater(4/4/9)反算与所标能量自洽，判为可信的标签转录。,False,B,energy=312kcal/100g; protein=7.8g/100g; carbs=49.1g/100g; fat=9.2g/100g,每100g基准；净含量/钠未披露
src-fm-xsw-525637,familymart-cn-rishi-hongdou-shao-mianbao,全家便利店,日式红豆烧面包,third_party_analysis,https://www.xuanshiwu.com/foods/525637.html,选食物网 · 日式红豆烧面包,选食物网(众包营养库),2024-10-21,选食物网(众包食品营养库)转录商品包装营养成分表(GB28050 '1+4')，数值为每100g基准；来源未附包装照片/净含量/钠值，纤维素字段多为0.00占位。本条宏量经Atwater(4/4/9)反算与所标能量自洽，判为可信的标签转录。,False,B,energy=271kcal/100g; protein=6.7g/100g; carbs=55.1g/100g; fat=2.3g/100g,每100g基准；净含量/钠未披露
src-fm-xsw-521528,familymart-cn-maomaochong-mianbao,全家便利店,毛毛虫面包,third_party_analysis,https://www.xuanshiwu.com/foods/521528.html,选食物网 · 毛毛虫面包,选食物网(众包营养库),2024-10-21,选食物网(众包食品营养库)转录商品包装营养成分表(GB28050 '1+4')，数值为每100g基准；来源未附包装照片/净含量/钠值，纤维素字段多为0.00占位。本条宏量经Atwater(4/4/9)反算与所标能量自洽，判为可信的标签转录。,False,B,energy=360kcal/100g; protein=8.8g/100g; carbs=48.6g/100g; fat=14.4g/100g,每100g基准；净含量/钠未披露
src-fm-xsw-482559,familymart-cn-bingpi-yueliang-dangao,全家便利店,冰皮月亮蛋糕,third_party_analysis,https://www.xuanshiwu.com/foods/482559.html,选食物网 · 冰皮月亮蛋糕,选食物网(众包营养库),2024-10-21,选食物网(众包食品营养库)转录商品包装营养成分表(GB28050 '1+4')，数值为每100g基准；来源未附包装照片/净含量/钠值，纤维素字段多为0.00占位。本条宏量经Atwater(4/4/9)反算与所标能量自洽，判为可信的标签转录。,False,B,energy=159kcal/100g; protein=4.3g/100g; carbs=17.2g/100g; fat=8.1g/100g,每100g基准；净含量/钠未披露
src-fm-106-huotui-zonghe-sanmingzhi,familymart-cn-huotui-zonghe-sanmingzhi,全家便利店,火腿综合三明治,third_party_analysis,https://post.smzdm.com/p/av7o8nv7/,吃光106个三明治和饭团·便利店早餐报告,魔都食鉴局(什么值得买),2020-08-14,实地购买四大便利店106款三明治/饭团，逐款读取并转录商品包装营养标签(净含量/能量KJ·100g/热量Kcal·份),False,B,net=139g; energy=1063KJ/100g(≈254.1kcal/100g); 352.6kcal/份; price见原文,仅能量被转录，无宏量；2020年数据
src-fm-106-quanmai-xunji-shala-sanmingzhi,familymart-cn-quanmai-xunji-shala-sanmingzhi,全家便利店,全麦熏鸡沙拉三明治,third_party_analysis,https://post.smzdm.com/p/av7o8nv7/,吃光106个三明治和饭团·便利店早餐报告,魔都食鉴局(什么值得买),2020-08-14,实地购买四大便利店106款三明治/饭团，逐款读取并转录商品包装营养标签(净含量/能量KJ·100g/热量Kcal·份),False,B,net=108g; energy=983KJ/100g(≈234.9kcal/100g); 253.4kcal/份; price见原文,仅能量被转录，无宏量；2020年数据
src-fm-106-houqie-zhupai-sanmingzhi,familymart-cn-houqie-zhupai-sanmingzhi,全家便利店,厚切猪排三明治,third_party_analysis,https://post.smzdm.com/p/av7o8nv7/,吃光106个三明治和饭团·便利店早餐报告,魔都食鉴局(什么值得买),2020-08-14,实地购买四大便利店106款三明治/饭团，逐款读取并转录商品包装营养标签(净含量/能量KJ·100g/热量Kcal·份),False,B,net=136g; energy=1682KJ/100g(≈402.0kcal/100g); 545.9kcal/份; price见原文,仅能量被转录，无宏量；2020年数据
src-fm-106-houshao-tusi-zhishi-zhaji-sanmingzhi,familymart-cn-houshao-tusi-zhishi-zhaji-sanmingzhi,全家便利店,厚烧吐司芝士炸鸡三明治,third_party_analysis,https://post.smzdm.com/p/av7o8nv7/,吃光106个三明治和饭团·便利店早餐报告,魔都食鉴局(什么值得买),2020-08-14,实地购买四大便利店106款三明治/饭团，逐款读取并转录商品包装营养标签(净含量/能量KJ·100g/热量Kcal·份),False,B,net=178g; energy=1110KJ/100g(≈265.3kcal/100g); 471.6kcal/份; price见原文,仅能量被转录，无宏量；2020年数据
src-fm-106-ludan-xiangchang-zimi-cifantuan,familymart-cn-ludan-xiangchang-zimi-cifantuan,全家便利店,卤蛋香肠紫米粢饭团,third_party_analysis,https://post.smzdm.com/p/av7o8nv7/,吃光106个三明治和饭团·便利店早餐报告,魔都食鉴局(什么值得买),2020-08-14,实地购买四大便利店106款三明治/饭团，逐款读取并转录商品包装营养标签(净含量/能量KJ·100g/热量Kcal·份),False,B,net=176g; energy=805KJ/100g(≈192.4kcal/100g); 338.1kcal/份; price见原文,仅能量被转录，无宏量；2020年数据
src-fm-lazy-tunnayu-shala-sanjiao-fantuan,familymart-cn-tunnayu-shala-sanjiao-fantuan,全家便利店,吞拿鱼沙拉三角饭团,third_party_analysis,https://post.m.smzdm.com/zz/p/a9kvqxl0/,懒人速食！全家便利店减脂餐怎么吃？,瘦吃老行家bot(小红书) / smzdm转载(AI总结),,"小红书攻略口径:直接给出商品名+净含量(g)+每份热量(大卡),未附称重方法或包装标签照片",False,C,201kcal/107g,仅能量;无宏量;AI总结口径
src-fm-lazy-quanmai-xunji-tudou-shala-sanmingzhi,familymart-cn-quanmai-xunji-tudou-shala-sanmingzhi,全家便利店,全麦熏鸡土豆沙拉三明治,third_party_analysis,https://post.m.smzdm.com/zz/p/a9kvqxl0/,懒人速食！全家便利店减脂餐怎么吃？,瘦吃老行家bot(小红书) / smzdm转载(AI总结),,"小红书攻略口径:直接给出商品名+净含量(g)+每份热量(大卡),未附称重方法或包装标签照片",False,C,201kcal/98g,仅能量;无宏量;AI总结口径
src-fm-lazy-dizhi-jixiong-rouwan,familymart-cn-dizhi-jixiong-rouwan,全家便利店,低脂鸡胸肉丸,third_party_analysis,https://post.m.smzdm.com/zz/p/a9kvqxl0/,懒人速食！全家便利店减脂餐怎么吃？,瘦吃老行家bot(小红书) / smzdm转载(AI总结),,"小红书攻略口径:直接给出商品名+净含量(g)+每份热量(大卡),未附称重方法或包装标签照片",False,C,56kcal/60g,仅能量;无宏量;AI总结口径
src-fm-lazy-jixiong-rou-qiepian,familymart-cn-jixiong-rou-qiepian,全家便利店,鸡胸肉切片,third_party_analysis,https://post.m.smzdm.com/zz/p/a9kvqxl0/,懒人速食！全家便利店减脂餐怎么吃？,瘦吃老行家bot(小红书) / smzdm转载(AI总结),,"小红书攻略口径:直接给出商品名+净含量(g)+每份热量(大卡),未附称重方法或包装标签照片",False,C,74kcal/60g,仅能量;无宏量;AI总结口径
src-fm-lazy-yanxun-jirou-shucai-shala,familymart-cn-yanxun-jirou-shucai-shala,全家便利店,烟熏鸡肉蔬菜沙拉,third_party_analysis,https://post.m.smzdm.com/zz/p/a9kvqxl0/,懒人速食！全家便利店减脂餐怎么吃？,瘦吃老行家bot(小红书) / smzdm转载(AI总结),,"小红书攻略口径:直接给出商品名+净含量(g)+每份热量(大卡),未附称重方法或包装标签照片",False,C,~80–160kcal/130g,仅能量;无宏量;AI总结口径
src-fm-lazy-heijiao-niurou-shala,familymart-cn-heijiao-niurou-shala,全家便利店,黑椒牛肉沙拉,third_party_analysis,https://post.m.smzdm.com/zz/p/a9kvqxl0/,懒人速食！全家便利店减脂餐怎么吃？,瘦吃老行家bot(小红书) / smzdm转载(AI总结),,"小红书攻略口径:直接给出商品名+净含量(g)+每份热量(大卡),未附称重方法或包装标签照片",False,C,117kcal/180g,仅能量;无宏量;AI总结口径
src-fm-lazy-huorun-qingshi-bei,familymart-cn-huorun-qingshi-bei,全家便利店,活润0添加蔗糖轻食杯,third_party_analysis,https://post.m.smzdm.com/zz/p/a9kvqxl0/,懒人速食！全家便利店减脂餐怎么吃？,瘦吃老行家bot(小红书) / smzdm转载(AI总结),,"小红书攻略口径:直接给出商品名+净含量(g)+每份热量(大卡),未附称重方法或包装标签照片",False,C,~150–200kcal/340g,仅能量;无宏量;AI总结口径
src-fm-lazy-rishi-tangxin-dan,familymart-cn-rishi-tangxin-dan,全家便利店,日式唐心蛋(溏心蛋),third_party_analysis,https://post.m.smzdm.com/zz/p/a9kvqxl0/,懒人速食！全家便利店减脂餐怎么吃？,瘦吃老行家bot(小红书) / smzdm转载(AI总结),,"小红书攻略口径:直接给出商品名+净含量(g)+每份热量(大卡),未附称重方法或包装标签照片",False,C,73kcal/48g,仅能量;无宏量;AI总结口径
src-fm-lazy-manao-lvdoushui,familymart-cn-manao-lvdoushui,全家便利店,慢熬绿豆水,third_party_analysis,https://post.m.smzdm.com/zz/p/a9kvqxl0/,懒人速食！全家便利店减脂餐怎么吃？,瘦吃老行家bot(小红书) / smzdm转载(AI总结),,"小红书攻略口径:直接给出商品名+净含量(g)+每份热量(大卡),未附称重方法或包装标签照片",False,C,95kcal/400g,仅能量;无宏量;AI总结口径
src-fm-oden-oden-bailuobo,familymart-cn-oden-bailuobo,全家便利店,关东煮 白萝卜,third_party_analysis,https://post.smzdm.com/p/arz2z2z7/,便利店关东煮热量测评,14位全网作者/smzdm AI聚合,2025-06-23,"AI聚合攻略,给品类级定性(清汤底整碗<200大卡;蛋白1+蔬菜2+魔芋公式;丸类偏高),无全家逐品数值与方法",False,D,关东煮:清汤底整碗常<200大卡;调味料14大卡/热辣24大卡;鸡蛋约116大卡/100g(罗森口径),"仅作菜单事实/线索,不作营养数值"
src-fm-oden-oden-moyusi,familymart-cn-oden-moyusi,全家便利店,关东煮 魔芋丝/魔芋结,third_party_analysis,https://post.smzdm.com/p/arz2z2z7/,便利店关东煮热量测评,14位全网作者/smzdm AI聚合,2025-06-23,"AI聚合攻略,给品类级定性(清汤底整碗<200大卡;蛋白1+蔬菜2+魔芋公式;丸类偏高),无全家逐品数值与方法",False,D,关东煮:清汤底整碗常<200大卡;调味料14大卡/热辣24大卡;鸡蛋约116大卡/100g(罗森口径),"仅作菜单事实/线索,不作营养数值"
src-fm-oden-oden-haidaijie,familymart-cn-oden-haidaijie,全家便利店,关东煮 海带结,third_party_analysis,https://post.smzdm.com/p/arz2z2z7/,便利店关东煮热量测评,14位全网作者/smzdm AI聚合,2025-06-23,"AI聚合攻略,给品类级定性(清汤底整碗<200大卡;蛋白1+蔬菜2+魔芋公式;丸类偏高),无全家逐品数值与方法",False,D,关东煮:清汤底整碗常<200大卡;调味料14大卡/热辣24大卡;鸡蛋约116大卡/100g(罗森口径),"仅作菜单事实/线索,不作营养数值"
src-fm-oden-oden-jidan,familymart-cn-oden-jidan,全家便利店,关东煮 鸡蛋,third_party_analysis,https://post.smzdm.com/p/arz2z2z7/,便利店关东煮热量测评,14位全网作者/smzdm AI聚合,2025-06-23,"AI聚合攻略,给品类级定性(清汤底整碗<200大卡;蛋白1+蔬菜2+魔芋公式;丸类偏高),无全家逐品数值与方法",False,D,关东煮:清汤底整碗常<200大卡;调味料14大卡/热辣24大卡;鸡蛋约116大卡/100g(罗森口径),"仅作菜单事实/线索,不作营养数值"
src-fm-oden-oden-yudoufu,familymart-cn-oden-yudoufu,全家便利店,关东煮 鱼豆腐,third_party_analysis,https://post.smzdm.com/p/arz2z2z7/,便利店关东煮热量测评,14位全网作者/smzdm AI聚合,2025-06-23,"AI聚合攻略,给品类级定性(清汤底整碗<200大卡;蛋白1+蔬菜2+魔芋公式;丸类偏高),无全家逐品数值与方法",False,D,关东煮:清汤底整碗常<200大卡;调味料14大卡/热辣24大卡;鸡蛋约116大卡/100g(罗森口径),"仅作菜单事实/线索,不作营养数值"
src-fm-oden-oden-jirouwan,familymart-cn-oden-jirouwan,全家便利店,关东煮 鸡肉丸,third_party_analysis,https://post.smzdm.com/p/arz2z2z7/,便利店关东煮热量测评,14位全网作者/smzdm AI聚合,2025-06-23,"AI聚合攻略,给品类级定性(清汤底整碗<200大卡;蛋白1+蔬菜2+魔芋公式;丸类偏高),无全家逐品数值与方法",False,D,关东煮:清汤底整碗常<200大卡;调味料14大卡/热辣24大卡;鸡蛋约116大卡/100g(罗森口径),"仅作菜单事实/线索,不作营养数值"
src-fm-oden-oden-saniaoniuwan,familymart-cn-oden-saniaoniuwan,全家便利店,关东煮 撒尿牛丸,third_party_analysis,https://post.smzdm.com/p/arz2z2z7/,便利店关东煮热量测评,14位全网作者/smzdm AI聚合,2025-06-23,"AI聚合攻略,给品类级定性(清汤底整碗<200大卡;蛋白1+蔬菜2+魔芋公式;丸类偏高),无全家逐品数值与方法",False,D,关东煮:清汤底整碗常<200大卡;调味料14大卡/热辣24大卡;鸡蛋约116大卡/100g(罗森口径),"仅作菜单事实/线索,不作营养数值"
src-fm-ai-zhaoshao-jipai-fantuan,familymart-cn-zhaoshao-jipai-fantuan,全家便利店,照烧鸡排饭团,xiaohongshu_claim,https://post.smzdm.com/p/arln4k9z/,全家热量大测评(AI生成),庙行万渡汇(小红薯)/smzdm AI聚合,2025-01-24,"AI生成测评,给出部分饭团每份大卡但无包装照片/称重方法,数值不采信",False,D,"照烧鸡排饭团≈380–390大卡;酥松蛋黄酱三角饭团≈255大卡;金枪鱼沙拉三角饭团≈513大卡(均AI口径,未采信)","仅作菜单事实/线索,不作营养数值"
src-fm-ai-susong-danhuangjiang-sanjiao-fantuan,familymart-cn-susong-danhuangjiang-sanjiao-fantuan,全家便利店,酥松蛋黄酱三角饭团,xiaohongshu_claim,https://post.smzdm.com/p/arln4k9z/,全家热量大测评(AI生成),庙行万渡汇(小红薯)/smzdm AI聚合,2025-01-24,"AI生成测评,给出部分饭团每份大卡但无包装照片/称重方法,数值不采信",False,D,"照烧鸡排饭团≈380–390大卡;酥松蛋黄酱三角饭团≈255大卡;金枪鱼沙拉三角饭团≈513大卡(均AI口径,未采信)","仅作菜单事实/线索,不作营养数值"
src-foodbowl-001,,超级碗 FOODBOWL,全菜单（菜单事实 / 品牌口径）,official_menu,http://www.foodbowl.cn/,超级碗FOODBOWL 官网 · Product Display（中国风味 热烹轻食）,超级碗 FOODBOWL（北京麦和餐饮管理有限公司）,2026-09-18,官网 Product Display 逐项列出2款产品的组成、克重与能量（三文鱼多蛋白热烹沙拉 440g/510Kcal；蜜汁鸡腿超级碗 473g/550Kcal）；Brand Story 确认「中国风味 热烹轻食」「全国100多家直营门店」「季度换新」。官网未提供完整菜单列表与逐项宏量表。,True,A,"三文鱼多蛋白热烹沙拉: 约440克/份, 510Kcal/份, 6蔬菜(西蓝花/杏鲍菇/红彩椒/黄彩椒/西葫芦/番茄)+3碳水(烤南瓜/芝士玉米/三色藜麦)+3蛋白(半颗溏心蛋/彩椒三文鱼/七味豆腐) || 蜜汁鸡腿超级碗: 约473克/份, 550Kcal/份, 食材=鸡腿肉/烤蔬菜/番茄/玉米等 || 全国100多家直营门店",官网为唯一 A 级来源，但仅覆盖2个SKU且只有能量+克重（无蛋白/碳水/脂肪）。按项目规则，官方标称 kcal 记入各SKU merchant_claims，不填入营养数值字段；provenance 完整保留于此。官网为 Strikingly 建站，无公开营养表下载页。
src-foodbowl-002,,超级碗 FOODBOWL,全组件与 preset 碗（能量表）,third_party_analysis,https://guanguanida.github.io/Superbowl-Calculation/,超级碗热量记录器（第三方开源热量计算器，含全组件kcal表）,Ida Guan（个人开发者，GitHub: guanguanida/Superbowl-Calculation）,2026-09-18,开源网页计算器，页面声明「食材热量基于官方数据」。内嵌 JS 常量表覆盖：主菜/碗25项、碳水7项、辅助碳水5项、植物纤维6项、莎莎3项、碎碎5项、酱料12项、小食7项、饮料7项。未公开逐项计算方法、份量口径与数据抓取时间；仅能量、无宏量。经交叉验证（蜜汁鸡腿超级碗230 vs 门店官方标注蜜汁鸡腿肉100g/240kcal）判定「XX超级碗」条目为【蛋白主菜槽】值而非整碗值。,False,C,见 components[] 与各 SKU source_notes；关键值：果木烟熏鸡胸105 / 番茄牛腩140 / 亚麻籽油烤虾54 / 金枪鱼132 / 香煎三文鱼134 / 日本七味豆腐187 / 蜜汁鸡腿230；6种谷物饭335 / 意式蔬菜烩饭345 / 夏日菠菜荞麦面368 / 混合沙拉叶14 / 半半175 / 双色胡萝卜焖饭332；主厨凯撒酱138 / 焙煎芝麻酱86 / 牛油果酱76 / 橄榄油黑醋汁57 / 凤梨欧芹辣青酱56 / 招牌牛肉辣酱54 / 川味辣椒粉40 / 博洛尼亚牛肉酱32 / 坚果彩椒酱25 / 青瓜莳萝酸奶酱20 / 融合油醋汁14 / 云南树番茄烧椒酱12；冬阴功鸡肉锅317(不含汤)/493(含汤)；冬阴功牛肉锅405/677；新疆番茄鸡肉锅317；新疆番茄牛肉锅405；热烤甜椒鸡腿卷289；奶香菠菜三文鱼卷335；咬春鲜笋鸡肉菜饭550；半半鸡肉时蔬拌面361；半半鸡丝时蔬拌面432；海陆多蛋白热烹沙拉489；彩椒鸡胸双蛋白热烹沙拉390；三文鱼多蛋白热烹沙拉482；地中海夏日沙拉337；海陆双蛋白地中海348；果木烟熏鸡胸地中海337；三文鱼双蛋白地中海432,本品牌 component model 的主要骨架来源。C 级：基于菜单写明组成的 component estimate，仅能量、无宏量、无公开方法学。碳水槽数值(332-368)与官方标注(180g/208)及fatsecret(180g/203)存在约60-70%系统性偏高，已在相关SKU记入 conflicting_sources，未擅自取舍。
src-foodbowl-003,,超级碗 FOODBOWL,7项单品（能量+宏量）,third_party_analysis,https://www.fatsecret.cn/%E7%83%AD%E9%87%8F%E8%90%A5%E5%85%BB/%E8%B6%85%E7%BA%A7%E7%A2%97,fatsecret.cn 超级碗 品牌页（第三方聚合，源: fatsecret Platform API，非官方）,fatsecret（第三方食物数据库，页面标注「源: fatsecret Platform API」）,2026-09-18,第三方聚合数据库，条目含官方口径份量与能量+脂肪+碳水+蛋白。品牌页仅收录7项（鸡肉时蔬饼/热烤甜椒鸡腿卷/意式蔬菜烩饭/奶香菠菜三文鱼卷/四好时蔬/蜜汁鸡腿肉/日式七味豆腐），存档页显示无已下架条目。非品牌官方发布，无纤维/钠/糖。,False,C,鸡肉时蔬饼 20g: 24kcal P2.6 C0.4 F1.4 || 热烤甜椒鸡腿卷 130g: 291-292kcal P17.1 C26.1 F13.9 || 意式蔬菜烩饭 180g: 203kcal P4.68 C38.7 F1.8 || 奶香菠菜三文鱼卷 130g: 330kcal P16.3 C22.2 F19.5 || 四好时蔬 90g: 48kcal P2.8 C5.0 F2.5 || 蜜汁鸡腿肉 100g: 200kcal P15.4 C0.47 F19.58 || 日式七味豆腐 100g: 142kcal P17.82 C11.77 F3.96,本品牌唯一提供宏量的第三方来源。与第三方计算器在卷类上高度一致（289 vs 292；335 vs 330），在七味豆腐(142 vs 187)与烩饭(203 vs 345)上冲突，均记入 conflicting_sources。
src-foodbowl-004,,超级碗 FOODBOWL,门店官方标签转录 + 点单模型,third_party_analysis,https://www.foodaily.com/articles/36405,潮生TIDE《黄人饭打败白人饭，北京白领开始吃盖浇饭减脂了》（Foodaily转载，2024-04-25）,潮生TIDE（yoyumi、杨柳）；Foodaily每日食品转载,2024-04-25,记者实地探访并转录门店标注的重量+卡路里（B级：给出克重与数值、有实拍照片依据）。同时记录完整点单模型：六个部分依次为「碳水或沙拉 → 辅助碳水 → 植物纤维 → 莎莎(salsa) → 碎碎 → 酱料」，每个种类任意搭配，详情页标注具体重量和卡路里。,False,B,蜜汁鸡腿肉 100g = 240 kcal || 混合谷物饭 180g = 208 kcal || 番茄辣酱 30g（kcal未转录） || 品牌数据：2015年创立于北京三里屯；2024年北京/上海/成都近100家门店；门店年增速100%；热食占比>95%（沙拉<5%）；80%用户为泛健康人群；价格35-45元（GOOODS另记）,最有价值的第三方来源：既给官方标签数值，又给完整点单结构，是 component model 的结构性依据。
src-foodbowl-005,,超级碗 FOODBOWL,黄柿子鲜蔬锅（官方文案全宏量）,third_party_analysis,https://m.anxjm.com/busInfo/392622.html,安心加盟网·超级碗foodbowl（转载FOODBOWL官方产品文案，含鲜蔬锅全宏量）,安心加盟网（转载 FOODBOWL 官方产品文案与品牌故事）,2026-09-18,该页逐字转载 FOODBOWL 官网 Brand Story（「没想到超级碗8年了」…「因为你们，所以碗门」）与官方产品文案，判定其鲜蔬锅营养数据来自官方产品页。同页「476家门店数」与官方「100多家直营」明显矛盾，说明该站为聚合抓取，数据需逐项校验，故 is_official=False、grade B。,False,B,"黄柿子牛肉鲜蔬锅: 含汤约800g/份, 620卡, 蛋白28g, 脂肪42g, 碳水29g；配料=牛胸肉片+6种蔬菜(西兰花/娃娃菜/小番茄/白玉菇/甜玉米/冬瓜)+两大块北豆腐+两个蛋饺+半颗温泉蛋 || 黄柿子鸡肉鲜蔬锅: 含汤约780g/份, 435卡, 蛋白35g, 脂肪19g, 碳水33g；配料=鸡肉片+同6种蔬菜+北豆腐+蛋饺+半颗温泉蛋",本品牌唯一可得的全宏量「官方口径」数据。按项目规则记入 merchant_claims + sources，未填入 SKU 营养数值字段。牛肉款宏量自洽性偏差（P28/F42/C29 折算610 vs 标称620，且含汤锅脂肪42g偏高），鸡肉款自洽（折算443 vs 435）。
src-foodbowl-006,,超级碗 FOODBOWL,门店结构与菜单形态（2022）,third_party_analysis,https://3g.163.com/news/article/H3PMRPAV0552956F.html,明亮公司《探访轻食餐厅Foodbowl超级碗：烹饪过的热沙拉，可视化的健康数据》（2022-03-31，网易转载）,明亮Company（俞菁菁）；网易/哔哩哔哩/B站转载,2022-03-31,实地探店。关键事实：①「每种菜品旁都标注了卡路里含量，让摄入热量可视化」→ 确认逐项官方热量标注的存在；②可选「搭配好的六种超级碗」（蜜汁鸡腿/韩式泡菜鸡胸肉/番茄牛腩等，35-57元）或自主搭配（碳水化合物+蛋白质+植物纤维+配料+饮料五部分）；③线上渠道=公众号小程序+美团+饿了么，线下搭配选择多于线上；④2021年11月推出早餐线，上新美式咖啡、豆浆、燕麦早餐饮、优格酸奶；⑤店里只卖无糖饮料，有自营饮品（百香果水）与「麦子和麦」燕麦饮合作；⑥2021年4月与植物肉品牌珍肉合作咖喱肉丸；⑦客单价50-60元。,False,C,预设碗6款价格35-57元；DIY示例（黑米饭+日式豆腐+咖喱肉丸+口蘑+芥兰+坚果碎+牛油果酱+百香果水）=47元；加苹果与鸡胸肉后=67元；30天复购率约37%；每季至少3-4款新品,2022年数据，菜单命名（黑米饭/口蘑/芥兰/坚果碎）与当前（谷物饭/植物纤维6项/碎碎）已有变化 → 部分组件标记为 legacy。
src-foodbowl-007,,超级碗 FOODBOWL,门店在售品项清单（菜单存在性）,third_party_analysis,https://you.ctrip.com/food/beijing1/136334182.html,携程美食·超级碗FOODBOWL(悠唐店) 本店特色美食列表 / 携程美食·超级碗FOODBOWL(金地中心店) 本店特色美食列表 / 携程美食·超级碗FOODBOWL(盈科中心店) 本店特色美食列表,携程美食（聚合大众点评数据）,2026-09-18,三家北京门店的「本店特色美食」列表，用于确认SKU存在性与命名。该列表由用户点评聚合而成，可能含已下架项与旧命名（如盈科中心店的「超级鸡胸肉碗/超级鲷鱼碗」系列），故仅用于菜单事实，不用于营养推断。点评时间跨度2023-2026。,False,C,悠唐店: 蜜汁鸡腿超级碗/果木烟熏鸡胸超级碗/香煎三文鱼超级碗/番茄牛腩超级碗/泰辣虾仁超级碗/正大溏心蛋/牛油果酱/日式七味豆腐超级碗/零糖低卡冻柠茶/黄柿子牛肉汤/厚蛋烧/冬阴功汤鸡肉鲜蔬锅/金枪鱼温泉蛋超级碗/蜂蜜红枣茶/黄柿子牛肉鲜蔬锅/冬阴功牛肉鲜蔬锅/热烤甜椒鸡腿卷/暖香南瓜粥/三文鱼菠菜卷/冬阴功牛肉蔬菜汤 || 金地中心店: 蜜汁鸡腿超级碗/日式豆腐超级碗/番茄牛腩超级碗/柠檬鸡胸肉超级碗/牛油果酱/蔓越莓干/羽衣甘蓝/西兰花/暖暖的南瓜汤/泰式白虾超级碗/泰辣虾仁超级碗/花生碎/黑豆酱/香煎三文鱼超级碗/混合烤蔬菜/番茄莎莎/果木烟熏鸡胸超级碗/苹果莎莎/玉米片碎/墨西哥红米饭 || 盈科中心店: 超级鸡胸肉碗/超级鸡腿肉碗/超级豆腐碗/超级三文鱼碗/牛油女神酱/番茄莎莎/蔓越莓干/超级牛肉碗/超级沙拉碗/混合烤蔬菜/超级鲷鱼碗/黑豆酱/泰式白虾超级碗/迷雾紫薯燕麦奶/羽衣甘蓝/糙米饭/番茄牛腩超级碗/玉米粒/西蓝花/暖暖南瓜汤 || 人均¥37,三店列表差异反映了菜单迭代与命名变化；组件名（黑豆酱/蔓越莓干/羽衣甘蓝/混合烤蔬菜/番茄莎莎/苹果莎莎/玉米粒/糙米饭/花生碎/玉米片碎/牛油果酱）与第三方计算器组件表高度吻合，互相印证。
src-foodbowl-008,,超级碗 FOODBOWL,品牌规模与菜单线（2025）,third_party_analysis,http://www.ce.cn/xwzx/gnsz/gdxw/202508/t20250805_2431159.shtml,中国经济网/《中国企业家》《人大物理系高材生创业十年卖轻食，年入4亿》（2025-08-05）,《中国企业家》记者 李欣；中国经济网转载,2025-08-05,创始人高松专访。用于品牌事实与菜单线确认：「在超级碗的点单页上，既能点到香煎三文鱼、金枪鱼这些传统轻食，亦有番茄牛腩、菜饭、七味豆腐、鲜蔬锅等看似『离经叛道』的中式菜品」。,False,B,2015年创立于北京；门店扩展至成都/上海/深圳/杭州；截至2025年8月直营门店超100家；单店日均营业额超1万元；年营收超4亿元；完成3轮融资（2021.12天使/2023.10 A轮近亿元，启承资本参与A轮）；价格带37-40元；预计2025年底门店达150家；深圳/杭州开始联营；品牌定位语「中国风味，热烹轻食」；经典产品「日式七味豆腐」用鸡蛋豆腐，先煎→裹粉→挂汁→慢炖,权威媒体来源，品牌级事实的主依据。
src-foodbowl-009,,超级碗 FOODBOWL,产品线与热量标注确认（2025）,third_party_analysis,https://www.sohu.com/a/904263156_286549,Foodaily/GOOODS《从Wagas到超级碗，「健康版盖浇饭」正掀起健康饮食新浪潮》（2025-06-14）,GOOODS；Foodaily每日食品/搜狐转载,2025-06-14,行业分析文章，含 FOODBOWL 热量标注实拍图说明「Foodbowl超级碗的热量标注」。,False,C,超级碗研发了汤饭、菜饭、卷类等产品，并在产品上标注热量；价格区间35-45元（对比 Wagas 75-85元/碗）；碳水+蛋白质+膳食纤维结构借鉴 Chipotle；用户购买动机多为「吃得健康、营养」而非减重,确认「卷类」为独立菜单线（本文件 menu_category=卷类）与官方热量标注这一事实。
src-foodbowl-010,,超级碗 FOODBOWL,鲜蔬锅上新与工艺（2025-11）,third_party_analysis,https://www.biwuke.com/211/zixuninfo/6.html,闵行凯德龙之梦《FOODBOWL超级碗｜番茄鲜蔬锅，汤也放心喝～》（2025-11-23，商场官方通稿）,闵行凯德龙之梦租赁部（商场官方通稿，内容源自超级碗品牌小报）,2025-11-23,商场通稿转载品牌方新品文案，用于确认「新疆番茄鲜蔬锅」为2025年上新（接替2024年内蒙古五原黄柿子溯源款），及小程序渠道存在。,False,C,新疆日光番茄（日照>3000小时、180天生长期）；采摘到加工6小时内完成、低温浓缩保留89%番茄红素；配菜=低脂高蛋白鸡胸及牛肉片+8种新鲜食材+美玉子溏心蛋；减油减盐、天然果胶成汤、无额外增味剂；下单渠道=超级碗小程序（尝鲜券立减5元）；2025年为「溯源计划」第二年（2024=内蒙古黄柿子）,证实小程序为主要线上点单渠道（需微信登录，本次无法直接抓取菜单）。
src-foodbowl-011,,超级碗 FOODBOWL,品牌沿革与主要菜品,third_party_analysis,https://www.baike.com/wikiid/7534644250094239782,快懂百科·FOODBOWL 词条,快懂百科,2026-09-18,百科词条，用于交叉验证品牌事实与菜品线。,False,C,2015年北京创办；创始人高松；隶属北京麦和餐饮管理有限公司；2016年6月首店（北京CBD环球金融中心）；2021年12月天使轮；2023年10月A轮近亿元；截至2025年8月直营门店超100家，覆盖北京/成都/上海/深圳/杭州，单店日均营业额超1万元，年营收超4亿元；主要菜品：冬阴功、黄柿子牛肉鲜蔬锅、黄柿子鸡肉鲜锅,与《中国企业家》报道一致。
src-foodbowl-012,,超级碗 FOODBOWL,「400-600大卡」笼统宣称与组合估算（AIGC）,semantic_estimate,https://www.sina.cn/news/article/comos_nisaieu9623686.html,新浪新闻(街巷巡游记/AIGC)《减脂期轻食餐厅怎么选？超级碗实测：400-600大卡》（2026-09-17）,街巷巡游记（新浪新闻聚合，页面标注「本文由AI生成」）,2026-09-17,AIGC 稿件，无称重、无实测、无计算方法。文中「数据来源：超级碗官方营养信息及用户实测汇总」未给出可核查链接。仅用于记录 merchant_claim 与 UGC 口径，不作为任何营养数值来源。,False,D,宣称：一份常规碗400-600大卡；组合估算「荞麦面+鸡胸+油醋汁≈420」「糙米饭+虾仁+柠檬汁≈480」「糙米饭+牛腩+芝麻酱≈580」；标准搭配（蔬菜+蛋白100-150g+半份主食80-100g糙米饭+油醋汁）≈450大卡、蛋白约25g、纤维约8g；单价30-40元；热食占比>95%；一份提供25-30g蛋白质,D级。同题另有 https://k.sina.com.cn/article_7879777059_1d5abdb2306801qpb4.html 与 https://www.sina.cn/gc/article/nisaiep4443387.html（探店新声，同为AIGC）内容高度雷同，属同源洗稿，不重复计入。
src-foodbowl-013,,超级碗 FOODBOWL,酱料热量对照（AIGC，通用非品牌专属）,semantic_estimate,https://www.sina.cn/news/article/comos_nirnxpu7088979.html,新浪新闻(街巷小札/AIGC)《轻食沙拉外卖推荐：减脂餐的3个避坑法则+FAQ》,街巷小札（页面标注AI生成；引用博主@果冻肥波、@小九Cindy_）,2026-09-12,AIGC 稿，酱料表为通用30g口径，非超级碗品牌专属份量。仅用于交叉检验焙煎芝麻酱/凯撒酱的量级，未作为品牌组件数值来源。,False,D,30g口径：千岛酱200大卡(脂18/糖6) / 凯撒酱190(脂17/糖4) / 焙煎芝麻酱210(脂19/糖5) / 油醋汁80(脂7/糖2)；称超级碗「部分菜品钠含量偏高」；推荐「番茄炖牛腩糙米饭，蛋白质约25g」,与第三方计算器的超级碗酱料值（焙煎芝麻酱86、主厨凯撒酱138、融合油醋汁14）在30g口径下相差约144%/38%/471% → 份量口径不同是主因，已记入 sauce 组件的 uncertainty_note。
src-foodbowl-014,,超级碗 FOODBOWL,微博用户实测转述（蜜汁鸡腿肉碗）,xiaohongshu_claim,https://www.sina.cn/gc/article/niqyeui0587282.html,新浪新闻(AIGC)《三明治超赞的轻食店有哪些?》（转述微博用户实测：蜜汁鸡腿肉碗约500大卡）,新浪新闻(AIGC)转述微博用户 @四个圆儿、@干饭大王野原新之助,2026-09-18,UGC 体感描述，无称重、无拆解、无照片份量依据 → 非 B 级实测。,False,D,foodbowl超级碗蜜汁鸡腿肉碗「约500大卡」，附赠无糖柠檬茶；用户描述「烤制工艺有烧烤感，番茄西葫芦清爽」,与官网标称550Kcal相差约10%，已记入该SKU conflicting_sources。
src-foodbowl-015,,超级碗 FOODBOWL,投资机构资料页产品描述（命名与实测菜单不符）,semantic_estimate,https://www.innohere.com/ir/104430/product.html,innoHere英诺嘿呀·Foodbowl超级碗 产品介绍（投资机构资料页，非菜单原文）,innoHere英诺嘿呀（企业资料库）,2026-09-18,该页「产品介绍」列出藜麦豆腐碗/炙烤鸡胸肉碗/超级牛肉碗/超级三文鱼碗四款，附蛋白/纤维/热量，但配料描述（紫甘蓝、芥末芝麻酱、香菜酸奶酱、柠檬油醋酱、黑米基底）与实际菜单组件命名（羽衣甘蓝、焙煎芝麻酱、青瓜莳萝酸奶酱、橄榄油黑醋汁、6种谷物饭）不匹配，判定为投资资料库的AI/编辑改写文本，非菜单原文。,False,D,藜麦豆腐碗≈400卡/蛋白20g/纤维9g；炙烤鸡胸肉碗≈450卡/蛋白28g/纤维7g；超级牛肉碗≈480卡/蛋白30g/纤维10g；超级三文鱼碗<500卡/蛋白25g/纤维8g || 公司：北京麦和餐饮管理有限公司，成立2015-09-09，法定代表人高松，官网 http://www.foodbowl.cn/,仅用于公司主体信息核对与「碗类约400-500卡」量级参考（merchant_claim口径），未作为任何SKU或组件的数值来源。四款命名与携程盈科中心店的「超级鸡胸肉碗/超级豆腐碗/超级牛肉碗/超级三文鱼碗」部分对应，疑为早期菜单命名。
src-foodbowl-016,,超级碗 FOODBOWL,外卖平台逐项在售菜单与价格（未取得）,meituan_menu,,美团外卖 / 饿了么 / 微信小程序「超级碗」 / 小红书 / 大众点评 —— 均需App或登录会话，未绕过,,2026-09-18,美团外卖 waimai.meituan.com 搜索「超级碗」被重定向至 App 下载页；饿了么 h5.ele.me 搜索页需 JS+登录会话；微信小程序「超级碗」需微信登录（官方主渠道，逐项标注重量与卡路里的完整菜单在此）；小红书搜索页需登录；大众点评需登录且反爬。以上均未绕过、未使用任何会话注入手段。,False,D,,BLOCKED。这是本品牌最大的数据缺口：官方逐项「重量+卡路里(+可能含宏量)」标注完整存在于小程序点单页与门店菜单牌，但无法在无登录会话下抓取。建议后续用门店实拍或授权小程序截图补全 A 级数据。
src-kfc-cn-0001,kfc-cn-xiang-la-ji-tui-bao,肯德基,香辣鸡腿堡,third_party_analysis,https://www.fatsecret.cn/热量营养/肯德基/香辣鸡腿堡/1个,香辣鸡腿堡 - 肯德基 热量与营养 | fatsecret.cn,fatsecret.cn（众包/品牌提交）,2026-09-18,无方法披露。页面标注『源: fatsecret Platform API』，为用户/品牌提交数据；无菜单日期或版本；无钠字段。,False,C,basis=1个; energy=513 kcal; fat=26.3g; carbs=44.4g; protein=23.9g,非官方。与中国食物成分表数据在部分条目上完全一致（疑同源），在劲爆鸡米花上相差约27%（见该 SKU conflicting_sources）。
src-kfc-cn-0002,kfc-cn-jin-cui-ji-tui-bao,肯德基,劲脆鸡腿堡,third_party_analysis,https://www.fatsecret.cn/热量营养/肯德基/劲脆鸡腿堡/1个,劲脆鸡腿堡 - 肯德基 热量与营养 | fatsecret.cn,fatsecret.cn（众包/品牌提交）,2026-09-18,无方法披露。页面标注『源: fatsecret Platform API』，为用户/品牌提交数据；无菜单日期或版本；无钠字段。,False,C,basis=1个; energy=533 kcal; fat=28.3g; carbs=43.8g; protein=24.9g,非官方。与中国食物成分表数据在部分条目上完全一致（疑同源），在劲爆鸡米花上相差约27%（见该 SKU conflicting_sources）。
src-kfc-cn-0003,kfc-cn-xin-orlean-kao-ji-tui-bao,肯德基,新奥尔良烤鸡腿堡,third_party_analysis,https://www.fatsecret.cn/热量营养/肯德基/新奥尔良烤鸡腿堡/1个,新奥尔良烤鸡腿堡 - 肯德基 热量与营养 | fatsecret.cn,fatsecret.cn（众包/品牌提交）,2026-09-18,无方法披露。页面标注『源: fatsecret Platform API』，为用户/品牌提交数据；无菜单日期或版本；无钠字段。,False,C,basis=1个; energy=405 kcal; fat=16.3g; carbs=37.8g; protein=25.6g,非官方。与中国食物成分表数据在部分条目上完全一致（疑同源），在劲爆鸡米花上相差约27%（见该 SKU conflicting_sources）。
src-kfc-cn-0004,kfc-cn-orlean-jin-cui-kao-ji-tui-bao,肯德基,奥尔良劲脆烤鸡腿堡,official_menu,https://bk.taobao.com/k/xishikuaican_10241/,西式快餐百科索引（逐字引用肯德基 App『套餐类型』字段）+ 5iKFC 2026-09 券档 + 成都本地宝疯四页,淘宝百科/5iKFC/成都本地宝（转引肯德基官方促销与 App 套餐字段）,2026-09-17,,False,D,无营养数值，仅菜单事实：品名/分类/套餐组成,菜单事实来源，非营养来源。官方 order.kfc.com.cn API 需签名+登录，未绕过。
src-kfc-cn-0005,kfc-cn-zizi-yes-kao-ji-tui-bao,肯德基,滋滋YES烤鸡腿堡,third_party_analysis,https://www.fatsecret.cn/热量营养/肯德基/滋滋YES烤鸡腿堡/1份,滋滋YES烤鸡腿堡 - 肯德基 热量与营养 | fatsecret.cn,fatsecret.cn（众包/品牌提交）,2026-09-18,无方法披露。页面标注『源: fatsecret Platform API』，为用户/品牌提交数据；无菜单日期或版本；无钠字段。,False,C,basis=1份(162克); energy=377 kcal; fat=20.0g; carbs=29.0g; protein=21.0g,非官方。与中国食物成分表数据在部分条目上完全一致（疑同源），在劲爆鸡米花上相差约27%（见该 SKU conflicting_sources）。
src-kfc-cn-0006,kfc-cn-jin-cui-chao-ba-bao,肯德基,劲脆超霸堡,semantic_estimate,https://post.smzdm.com/p/a5r5008x/,肯德基减脂点单攻略（转载）,小红书博主（经 smzdm AI 转载，页面标注『内容由AI生成』）,2026-02-27,无称重、无拆解、无计算过程；仅文字断言。属 D 级语义估计，已按 ±15% 展开为区间。,False,D,energy≈450 kcal（区间 382–518）；无宏量,页面自述『内容由AI生成』，可信度低；仅作方向性参考，不得当作事实。
src-kfc-cn-0007,kfc-cn-zhi-zhi-hou-zuo-shuang-ceng-he-niu-bao,肯德基,汁汁厚作双层和牛堡,third_party_analysis,https://www.fatsecret.cn/热量营养/肯德基/汁汁厚作双层和牛堡/1份,汁汁厚作双层和牛堡 - 肯德基 热量与营养 | fatsecret.cn,fatsecret.cn（众包/品牌提交）,2026-09-18,无方法披露。页面标注『源: fatsecret Platform API』，为用户/品牌提交数据；无菜单日期或版本；无钠字段。,False,C,basis=1份; energy=884 kcal; fat=56.5g; carbs=51.2g; protein=43.2g,非官方。与中国食物成分表数据在部分条目上完全一致（疑同源），在劲爆鸡米花上相差约27%（见该 SKU conflicting_sources）。
src-kfc-cn-0008,kfc-cn-zhi-zhi-shuang-ceng-nen-niu-bao,肯德基,汁汁双层嫩牛堡,third_party_analysis,https://www.fatsecret.cn/热量营养/肯德基/汁汁双层嫩牛堡/1份,汁汁双层嫩牛堡 - 肯德基 热量与营养 | fatsecret.cn,fatsecret.cn（众包/品牌提交）,2026-09-18,无方法披露。页面标注『源: fatsecret Platform API』，为用户/品牌提交数据；无菜单日期或版本；无钠字段。,False,C,basis=1份(176.8克); energy=476 kcal; fat=26.8g; carbs=39.1g; protein=19.8g,非官方。与中国食物成分表数据在部分条目上完全一致（疑同源），在劲爆鸡米花上相差约27%（见该 SKU conflicting_sources）。
src-kfc-cn-0009,kfc-cn-zhi-zhi-he-niu-bao-zhi-shi-yan-xun,肯德基,汁汁和牛堡（芝士烟熏）,official_menu,https://bk.taobao.com/k/xishikuaican_10241/,西式快餐百科索引（逐字引用肯德基 App『套餐类型』字段）+ 5iKFC 2026-09 券档 + 成都本地宝疯四页,淘宝百科/5iKFC/成都本地宝（转引肯德基官方促销与 App 套餐字段）,2026-09-17,,False,D,无营养数值，仅菜单事实：品名/分类/套餐组成,菜单事实来源，非营养来源。官方 order.kfc.com.cn API 需签名+登录，未绕过。
src-kfc-cn-0010,kfc-cn-zhi-shi-zhi-zhi-nen-niu-bao,肯德基,芝士汁汁嫩牛堡,official_menu,https://bk.taobao.com/k/xishikuaican_10241/,西式快餐百科索引（逐字引用肯德基 App『套餐类型』字段）+ 5iKFC 2026-09 券档 + 成都本地宝疯四页,淘宝百科/5iKFC/成都本地宝（转引肯德基官方促销与 App 套餐字段）,2026-09-17,,False,D,无营养数值，仅菜单事实：品名/分类/套餐组成,菜单事实来源，非营养来源。官方 order.kfc.com.cn API 需签名+登录，未绕过。
src-kfc-cn-0011,kfc-cn-yi-shi-rou-jiang-zhi-zhi-nen-niu-bao,肯德基,意式肉酱汁汁嫩牛堡,official_menu,https://bk.taobao.com/k/xishikuaican_10241/,西式快餐百科索引（逐字引用肯德基 App『套餐类型』字段）+ 5iKFC 2026-09 券档 + 成都本地宝疯四页,淘宝百科/5iKFC/成都本地宝（转引肯德基官方促销与 App 套餐字段）,2026-09-17,,False,D,无营养数值，仅菜单事实：品名/分类/套餐组成,菜单事实来源，非营养来源。官方 order.kfc.com.cn API 需签名+登录，未绕过。
src-kfc-cn-0012,kfc-cn-ji-tui-rou-ba-bao,肯德基,鸡腿肉霸堡,official_menu,https://bk.taobao.com/k/xishikuaican_10241/,西式快餐百科索引（逐字引用肯德基 App『套餐类型』字段）+ 5iKFC 2026-09 券档 + 成都本地宝疯四页,淘宝百科/5iKFC/成都本地宝（转引肯德基官方促销与 App 套餐字段）,2026-09-17,,False,D,无营养数值，仅菜单事实：品名/分类/套餐组成,菜单事实来源，非营养来源。官方 order.kfc.com.cn API 需签名+登录，未绕过。
src-kfc-cn-0013,kfc-cn-wo-ai-yuan-wei-ji-rou-ba-bao,肯德基,我爱原味鸡肉霸堡,official_menu,https://bk.taobao.com/k/xishikuaican_10241/,西式快餐百科索引（逐字引用肯德基 App『套餐类型』字段）+ 5iKFC 2026-09 券档 + 成都本地宝疯四页,淘宝百科/5iKFC/成都本地宝（转引肯德基官方促销与 App 套餐字段）,2026-09-17,,False,D,无营养数值，仅菜单事实：品名/分类/套餐组成,菜单事实来源，非营养来源。官方 order.kfc.com.cn API 需签名+登录，未绕过。
src-kfc-cn-0014,kfc-cn-pei-gen-ji-tui-rou-ba-bao,肯德基,培根鸡腿肉霸堡,official_menu,https://bk.taobao.com/k/xishikuaican_10241/,西式快餐百科索引（逐字引用肯德基 App『套餐类型』字段）+ 5iKFC 2026-09 券档 + 成都本地宝疯四页,淘宝百科/5iKFC/成都本地宝（转引肯德基官方促销与 App 套餐字段）,2026-09-17,,False,D,无营养数值，仅菜单事实：品名/分类/套餐组成,菜单事实来源，非营养来源。官方 order.kfc.com.cn API 需签名+登录，未绕过。
src-kfc-cn-0015,kfc-cn-zhi-zhen-qi-xia-bao,肯德基,至珍七虾堡,third_party_analysis,https://www.fatsecret.cn/热量营养/肯德基/至珍七虾堡/1份,至珍七虾堡 - 肯德基 热量与营养 | fatsecret.cn,fatsecret.cn（众包/品牌提交）,2026-09-18,无方法披露。页面标注『源: fatsecret Platform API』，为用户/品牌提交数据；无菜单日期或版本；无钠字段。,False,C,basis=1份(194克); energy=494 kcal; fat=24.1g; carbs=48.5g; protein=21.6g,非官方。与中国食物成分表数据在部分条目上完全一致（疑同源），在劲爆鸡米花上相差约27%（见该 SKU conflicting_sources）。
src-kfc-cn-0016,kfc-cn-huang-jin-spa-ji-pai-bao,肯德基,黄金SPA鸡排堡（藤椒风味）,official_menu,https://bk.taobao.com/k/xishikuaican_10241/,西式快餐百科索引（逐字引用肯德基 App『套餐类型』字段）+ 5iKFC 2026-09 券档 + 成都本地宝疯四页,淘宝百科/5iKFC/成都本地宝（转引肯德基官方促销与 App 套餐字段）,2026-09-17,,False,D,无营养数值，仅菜单事实：品名/分类/套餐组成,菜单事实来源，非营养来源。官方 order.kfc.com.cn API 需签名+登录，未绕过。
src-kfc-cn-0017,kfc-cn-tian-yuan-cui-ji-bao,肯德基,田园脆鸡堡,third_party_analysis,https://www.fatsecret.cn/热量营养/肯德基/田园脆鸡堡/1个,田园脆鸡堡 - 肯德基 热量与营养 | fatsecret.cn,fatsecret.cn（众包/品牌提交）,2026-09-18,无方法披露。页面标注『源: fatsecret Platform API』，为用户/品牌提交数据；无菜单日期或版本；无钠字段。,False,C,basis=1个; energy=350 kcal; fat=16.9g; carbs=38.8g; protein=10.0g,非官方。与中国食物成分表数据在部分条目上完全一致（疑同源），在劲爆鸡米花上相差约27%（见该 SKU conflicting_sources）。
src-kfc-cn-0018,kfc-cn-yuan-wei-ji-han-bao,肯德基,原味鸡汉堡,third_party_analysis,https://www.fatsecret.cn/热量营养/肯德基/原味鸡汉堡/1份,原味鸡汉堡 - 肯德基 热量与营养 | fatsecret.cn,fatsecret.cn（众包/品牌提交）,2026-09-18,无方法披露。页面标注『源: fatsecret Platform API』，为用户/品牌提交数据；无菜单日期或版本；无钠字段。,False,C,basis=1份(211克); energy=538 kcal; fat=25.0g; carbs=51.0g; protein=27.0g,非官方。与中国食物成分表数据在部分条目上完全一致（疑同源），在劲爆鸡米花上相差约27%（见该 SKU conflicting_sources）。
src-kfc-cn-0019,kfc-cn-san-chong-xiang-la-ji-tui-bao,肯德基,三重香辣鸡腿堡,official_menu,https://bk.taobao.com/k/xishikuaican_10241/,西式快餐百科索引（逐字引用肯德基 App『套餐类型』字段）+ 5iKFC 2026-09 券档 + 成都本地宝疯四页,淘宝百科/5iKFC/成都本地宝（转引肯德基官方促销与 App 套餐字段）,2026-09-17,,False,D,无营养数值，仅菜单事实：品名/分类/套餐组成,菜单事实来源，非营养来源。官方 order.kfc.com.cn API 需签名+登录，未绕过。
src-kfc-cn-0020,kfc-cn-ao-li-ao-yuan-wei-ji-han-bao,肯德基,奥利奥原味鸡汉堡,official_menu,https://bk.taobao.com/k/xishikuaican_10241/,西式快餐百科索引（逐字引用肯德基 App『套餐类型』字段）+ 5iKFC 2026-09 券档 + 成都本地宝疯四页,淘宝百科/5iKFC/成都本地宝（转引肯德基官方促销与 App 套餐字段）,2026-09-17,,False,D,无营养数值，仅菜单事实：品名/分类/套餐组成,菜单事实来源，非营养来源。官方 order.kfc.com.cn API 需签名+登录，未绕过。
src-kfc-cn-0021,kfc-cn-shou-bo-xiang-la-xiao-long-xia-kao-ji-tui-bao,肯德基,手剥香辣小龙虾烤鸡腿堡,official_menu,https://bk.taobao.com/k/xishikuaican_10241/,西式快餐百科索引（逐字引用肯德基 App『套餐类型』字段）+ 5iKFC 2026-09 券档 + 成都本地宝疯四页,淘宝百科/5iKFC/成都本地宝（转引肯德基官方促销与 App 套餐字段）,2026-09-17,,False,D,无营养数值，仅菜单事实：品名/分类/套餐组成,菜单事实来源，非营养来源。官方 order.kfc.com.cn API 需签名+登录，未绕过。
src-kfc-cn-0022,kfc-cn-lao-bei-jing-ji-rou-juan,肯德基,老北京鸡肉卷,third_party_analysis,https://nlc.chinanutri.cn/fq/foodinfo/1252.html,鸡肉卷(肯德基) - 食物营养成分查询平台,中国疾病预防控制中心营养与健康所 / 中国营养学会（中国食物成分表）,2026-09-18,实验室化学分析值，收录于《中国食物成分表》；平台按每100克可食部发布；可食部=100%；能量原值 1070kJ（÷4.184 得 256 kcal）。,True,A,energy=1070kJ(256kcal)/100g; protein=10.1g; fat=13.1g; carbs=25.2g; sodium=816.1mg; cholesterol=49.0mg,政府官方数据库，非品牌官方。LICENSE 限制：平台明示未经许可不得用于商业目的，商用须先取得中国CDC营养与健康所授权。
src-kfc-cn-0023,kfc-cn-nen-niu-wu-fang,肯德基,嫩牛五方,official_menu,https://bk.taobao.com/k/xishikuaican_10241/,西式快餐百科索引（逐字引用肯德基 App『套餐类型』字段）+ 5iKFC 2026-09 券档 + 成都本地宝疯四页,淘宝百科/5iKFC/成都本地宝（转引肯德基官方促销与 App 套餐字段）,2026-09-17,,False,D,无营养数值，仅菜单事实：品名/分类/套餐组成,菜单事实来源，非营养来源。官方 order.kfc.com.cn API 需签名+登录，未绕过。
src-kfc-cn-0024,kfc-cn-gong-cai-nen-niu-wu-fang,肯德基,贡菜嫩牛五方,official_menu,https://bk.taobao.com/k/xishikuaican_10241/,西式快餐百科索引（逐字引用肯德基 App『套餐类型』字段）+ 5iKFC 2026-09 券档 + 成都本地宝疯四页,淘宝百科/5iKFC/成都本地宝（转引肯德基官方促销与 App 套餐字段）,2026-09-17,,False,D,无营养数值，仅菜单事实：品名/分类/套餐组成,菜单事实来源，非营养来源。官方 order.kfc.com.cn API 需签名+登录，未绕过。
src-kfc-cn-0025,kfc-cn-hong-yun-nen-niu-wu-fang,肯德基,红运嫩牛五方,official_menu,https://bk.taobao.com/k/xishikuaican_10241/,西式快餐百科索引（逐字引用肯德基 App『套餐类型』字段）+ 5iKFC 2026-09 券档 + 成都本地宝疯四页,淘宝百科/5iKFC/成都本地宝（转引肯德基官方促销与 App 套餐字段）,2026-09-17,,False,D,无营养数值，仅菜单事实：品名/分类/套餐组成,菜单事实来源，非营养来源。官方 order.kfc.com.cn API 需签名+登录，未绕过。
src-kfc-cn-0026,kfc-cn-chuan-la-nen-niu-bu-fang,肯德基,川辣嫩牛不方(K萨),third_party_analysis,https://www.fatsecret.cn/热量营养/肯德基/川辣嫩牛五方/100克,川辣嫩牛五方 - 肯德基 热量与营养 | fatsecret.cn,fatsecret.cn（众包/品牌提交）,2026-09-18,无方法披露。页面标注『源: fatsecret Platform API』，为用户/品牌提交数据；无菜单日期或版本；无钠字段。,False,C,basis=100克; energy=251 kcal; fat=11.0g; carbs=27.2g; protein=9.6g,非官方。与中国食物成分表数据在部分条目上完全一致（疑同源），在劲爆鸡米花上相差约27%（见该 SKU conflicting_sources）。
src-kfc-cn-0027,kfc-cn-chuan-xiang-bo-bo-ji-da-xia-ta-ke,肯德基,川香钵钵鸡风味大虾塔可,official_menu,https://bk.taobao.com/k/xishikuaican_10241/,西式快餐百科索引（逐字引用肯德基 App『套餐类型』字段）+ 5iKFC 2026-09 券档 + 成都本地宝疯四页,淘宝百科/5iKFC/成都本地宝（转引肯德基官方促销与 App 套餐字段）,2026-09-17,,False,D,无营养数值，仅菜单事实：品名/分类/套餐组成,菜单事实来源，非营养来源。官方 order.kfc.com.cn API 需签名+登录，未绕过。
src-kfc-cn-0028,kfc-cn-shun-zhi-yuan-wei-ji,肯德基,吮指原味鸡,third_party_analysis,https://www.fatsecret.cn/热量营养/肯德基/吮指原味鸡/1块,吮指原味鸡 - 肯德基 热量与营养 | fatsecret.cn,fatsecret.cn（众包/品牌提交）,2026-09-18,无方法披露。页面标注『源: fatsecret Platform API』，为用户/品牌提交数据；无菜单日期或版本；无钠字段。,False,C,basis=1块(87克); energy=242 kcal; fat=14.9g; carbs=6.3g; protein=20.8g,非官方。与中国食物成分表数据在部分条目上完全一致（疑同源），在劲爆鸡米花上相差约27%（见该 SKU conflicting_sources）。
src-kfc-cn-0029,kfc-cn-huang-jin-cui-pi-ji,肯德基,黄金脆皮鸡,official_menu,https://bk.taobao.com/k/xishikuaican_10241/,西式快餐百科索引（逐字引用肯德基 App『套餐类型』字段）+ 5iKFC 2026-09 券档 + 成都本地宝疯四页,淘宝百科/5iKFC/成都本地宝（转引肯德基官方促销与 App 套餐字段）,2026-09-17,,False,D,无营养数值，仅菜单事实：品名/分类/套餐组成,菜单事实来源，非营养来源。官方 order.kfc.com.cn API 需签名+登录，未绕过。
src-kfc-cn-0030,kfc-cn-re-la-xiang-gu-ji,肯德基,热辣香骨鸡,third_party_analysis,https://www.fatsecret.cn/热量营养/肯德基/热辣香骨鸡/1份,热辣香骨鸡 - 肯德基 热量与营养 | fatsecret.cn,fatsecret.cn（众包/品牌提交）,2026-09-18,无方法披露。页面标注『源: fatsecret Platform API』，为用户/品牌提交数据；无菜单日期或版本；无钠字段。,False,C,basis=1份(87克); energy=226 kcal; fat=14.0g; carbs=8.5g; protein=16.4g,非官方。与中国食物成分表数据在部分条目上完全一致（疑同源），在劲爆鸡米花上相差约27%（见该 SKU conflicting_sources）。
src-kfc-cn-0031,kfc-cn-xiang-ju-zhi-bao-ji,肯德基,香焗纸包鸡,official_menu,https://bk.taobao.com/k/xishikuaican_10241/,西式快餐百科索引（逐字引用肯德基 App『套餐类型』字段）+ 5iKFC 2026-09 券档 + 成都本地宝疯四页,淘宝百科/5iKFC/成都本地宝（转引肯德基官方促销与 App 套餐字段）,2026-09-17,,False,D,无营养数值，仅菜单事实：品名/分类/套餐组成,菜单事实来源，非营养来源。官方 order.kfc.com.cn API 需签名+登录，未绕过。
src-kfc-cn-0032,kfc-cn-mi-zhi-quan-ji,肯德基,秘汁全鸡,official_menu,https://bk.taobao.com/k/xishikuaican_10241/,西式快餐百科索引（逐字引用肯德基 App『套餐类型』字段）+ 5iKFC 2026-09 券档 + 成都本地宝疯四页,淘宝百科/5iKFC/成都本地宝（转引肯德基官方促销与 App 套餐字段）,2026-09-17,,False,D,无营养数值，仅菜单事实：品名/分类/套餐组成,菜单事实来源，非营养来源。官方 order.kfc.com.cn API 需签名+登录，未绕过。
src-kfc-cn-0033,kfc-cn-guo-mu-yan-xun-shao-kao-zheng-ji-jia,肯德基,果木烟熏烧烤整鸡架,official_menu,https://bk.taobao.com/k/xishikuaican_10241/,西式快餐百科索引（逐字引用肯德基 App『套餐类型』字段）+ 5iKFC 2026-09 券档 + 成都本地宝疯四页,淘宝百科/5iKFC/成都本地宝（转引肯德基官方促销与 App 套餐字段）,2026-09-17,,False,D,无营养数值，仅菜单事实：品名/分类/套餐组成,菜单事实来源，非营养来源。官方 order.kfc.com.cn API 需签名+登录，未绕过。
src-kfc-cn-0034,kfc-cn-ma-la-da-ji-jia,肯德基,麻辣大鸡架,official_menu,https://bk.taobao.com/k/xishikuaican_10241/,西式快餐百科索引（逐字引用肯德基 App『套餐类型』字段）+ 5iKFC 2026-09 券档 + 成都本地宝疯四页,淘宝百科/5iKFC/成都本地宝（转引肯德基官方促销与 App 套餐字段）,2026-09-17,,False,D,无营养数值，仅菜单事实：品名/分类/套餐组成,菜单事实来源，非营养来源。官方 order.kfc.com.cn API 需签名+登录，未绕过。
src-kfc-cn-0035,kfc-cn-tang-ka-li-yuan-wei-ji,肯德基,汤咖喱原味鸡（含土豆泥）,official_menu,https://bk.taobao.com/k/xishikuaican_10241/,西式快餐百科索引（逐字引用肯德基 App『套餐类型』字段）+ 5iKFC 2026-09 券档 + 成都本地宝疯四页,淘宝百科/5iKFC/成都本地宝（转引肯德基官方促销与 App 套餐字段）,2026-09-17,,False,D,无营养数值，仅菜单事实：品名/分类/套餐组成,菜单事实来源，非营养来源。官方 order.kfc.com.cn API 需签名+登录，未绕过。
src-kfc-cn-0036,kfc-cn-jie-me-duo-hai-tai-re-la-cui-pi-ji,肯德基,芥么多海苔热辣脆皮鸡,official_menu,https://bk.taobao.com/k/xishikuaican_10241/,西式快餐百科索引（逐字引用肯德基 App『套餐类型』字段）+ 5iKFC 2026-09 券档 + 成都本地宝疯四页,淘宝百科/5iKFC/成都本地宝（转引肯德基官方促销与 App 套餐字段）,2026-09-17,,False,D,无营养数值，仅菜单事实：品名/分类/套餐组成,菜单事实来源，非营养来源。官方 order.kfc.com.cn API 需签名+登录，未绕过。
src-kfc-cn-0037,kfc-cn-bao-cui-ma-su-su-xiang-gu-ji,肯德基,薄脆麻酥酥香骨鸡,official_menu,https://bk.taobao.com/k/xishikuaican_10241/,西式快餐百科索引（逐字引用肯德基 App『套餐类型』字段）+ 5iKFC 2026-09 券档 + 成都本地宝疯四页,淘宝百科/5iKFC/成都本地宝（转引肯德基官方促销与 App 套餐字段）,2026-09-17,,False,D,无营养数值，仅菜单事实：品名/分类/套餐组成,菜单事实来源，非营养来源。官方 order.kfc.com.cn API 需签名+登录，未绕过。
src-kfc-cn-0038,kfc-cn-mi-zhi-xian-xiang-ji-pai,肯德基,秘制鲜香鸡排,third_party_analysis,https://www.fatsecret.cn/热量营养/肯德基/秘制鲜香鸡排/100克,秘制鲜香鸡排 - 肯德基 热量与营养 | fatsecret.cn,fatsecret.cn（众包/品牌提交）,2026-09-18,无方法披露。页面标注『源: fatsecret Platform API』，为用户/品牌提交数据；无菜单日期或版本；无钠字段。,False,C,basis=100克; energy=93 kcal; fat=1.8g; carbs=1.9g; protein=17.1g,非官方。与中国食物成分表数据在部分条目上完全一致（疑同源），在劲爆鸡米花上相差约27%（见该 SKU conflicting_sources）。
src-kfc-cn-0039,kfc-cn-zheng-qie-xi-leng-niu-pai,肯德基,整切西冷牛排,third_party_analysis,https://www.fatsecret.cn/热量营养/肯德基/整切西冷牛排/100克,整切西冷牛排 - 肯德基 热量与营养 | fatsecret.cn,fatsecret.cn（众包/品牌提交）,2026-09-18,无方法披露。页面标注『源: fatsecret Platform API』，为用户/品牌提交数据；无菜单日期或版本；无钠字段。,False,C,basis=100克; energy=122 kcal; fat=6.1g; carbs=1.2g; protein=15.5g,非官方。与中国食物成分表数据在部分条目上完全一致（疑同源），在劲爆鸡米花上相差约27%（见该 SKU conflicting_sources）。
src-kfc-cn-0040,kfc-cn-xiang-la-ji-chi,肯德基,香辣鸡翅,third_party_analysis,https://nlc.chinanutri.cn/fq/foodinfo/1254.html,辣鸡翅(肯德基) - 食物营养成分查询平台,中国疾病预防控制中心营养与健康所 / 中国营养学会（中国食物成分表）,2026-09-18,实验室化学分析值，收录于《中国食物成分表》；平台按每100克可食部发布；可食部=67%；能量原值 1412kJ（÷4.184 得 337 kcal）。,True,A,energy=1412kJ(337kcal)/100g; protein=19.4g; fat=23.6g; carbs=12.8g; sodium=499.3mg,政府官方数据库，非品牌官方。LICENSE 限制：平台明示未经许可不得用于商业目的，商用须先取得中国CDC营养与健康所授权。
src-kfc-cn-0041,kfc-cn-xin-orlean-kao-chi,肯德基,新奥尔良烤翅,third_party_analysis,https://nlc.chinanutri.cn/fq/foodinfo/1255.html,新奥尔良鸡翅(肯德基) - 食物营养成分查询平台,中国疾病预防控制中心营养与健康所 / 中国营养学会（中国食物成分表）,2026-09-18,实验室化学分析值，收录于《中国食物成分表》；平台按每100克可食部发布；可食部=70%；能量原值 1002kJ（÷4.184 得 239 kcal）。,True,A,energy=1002kJ(239kcal)/100g; protein=22.1g; fat=13.8g; carbs=6.8g; sodium=1263.3mg; cholesterol=125.0mg,政府官方数据库，非品牌官方。LICENSE 限制：平台明示未经许可不得用于商业目的，商用须先取得中国CDC营养与健康所授权。
src-kfc-cn-0042,kfc-cn-bao-cui-jin-sha-ji-chi,肯德基,薄脆金沙鸡翅,official_menu,https://bk.taobao.com/k/xishikuaican_10241/,西式快餐百科索引（逐字引用肯德基 App『套餐类型』字段）+ 5iKFC 2026-09 券档 + 成都本地宝疯四页,淘宝百科/5iKFC/成都本地宝（转引肯德基官方促销与 App 套餐字段）,2026-09-17,,False,D,无营养数值，仅菜单事实：品名/分类/套餐组成,菜单事实来源，非营养来源。官方 order.kfc.com.cn API 需签名+登录，未绕过。
src-kfc-cn-0043,kfc-cn-bao-cui-chi,肯德基,薄脆翅,official_menu,https://bk.taobao.com/k/xishikuaican_10241/,西式快餐百科索引（逐字引用肯德基 App『套餐类型』字段）+ 5iKFC 2026-09 券档 + 成都本地宝疯四页,淘宝百科/5iKFC/成都本地宝（转引肯德基官方促销与 App 套餐字段）,2026-09-17,,False,D,无营养数值，仅菜单事实：品名/分类/套餐组成,菜单事实来源，非营养来源。官方 order.kfc.com.cn API 需签名+登录，未绕过。
src-kfc-cn-0044,kfc-cn-te-da-hao-re-la-chi-gen,肯德基,特大号热辣翅根,official_menu,https://bk.taobao.com/k/xishikuaican_10241/,西式快餐百科索引（逐字引用肯德基 App『套餐类型』字段）+ 5iKFC 2026-09 券档 + 成都本地宝疯四页,淘宝百科/5iKFC/成都本地宝（转引肯德基官方促销与 App 套餐字段）,2026-09-17,,False,D,无营养数值，仅菜单事实：品名/分类/套餐组成,菜单事实来源，非营养来源。官方 order.kfc.com.cn API 需签名+登录，未绕过。
src-kfc-cn-0045,kfc-cn-xin-orlean-kao-chi-gen-tong,肯德基,新奥尔良烤翅根桶（十根）,official_menu,https://bk.taobao.com/k/xishikuaican_10241/,西式快餐百科索引（逐字引用肯德基 App『套餐类型』字段）+ 5iKFC 2026-09 券档 + 成都本地宝疯四页,淘宝百科/5iKFC/成都本地宝（转引肯德基官方促销与 App 套餐字段）,2026-09-17,,False,D,无营养数值，仅菜单事实：品名/分类/套餐组成,菜单事实来源，非营养来源。官方 order.kfc.com.cn API 需签名+登录，未绕过。
src-kfc-cn-0046,kfc-cn-shu-tiao,肯德基,薯条,third_party_analysis,https://nlc.chinanutri.cn/fq/foodinfo/1258.html,薯条(肯德基) - 食物营养成分查询平台,中国疾病预防控制中心营养与健康所 / 中国营养学会（中国食物成分表）,2026-09-18,实验室化学分析值，收录于《中国食物成分表》；平台按每100克可食部发布；可食部=100%；能量原值 1289kJ（÷4.184 得 308 kcal）。,True,A,energy=1289kJ(308kcal)/100g; protein=4.3g; fat=15.5g; carbs=40.5g; sodium=58.2mg,政府官方数据库，非品牌官方。LICENSE 限制：平台明示未经许可不得用于商业目的，商用须先取得中国CDC营养与健康所授权。
src-kfc-cn-0047,kfc-cn-jin-bao-ji-mi-hua,肯德基,劲爆鸡米花,third_party_analysis,https://nlc.chinanutri.cn/fq/foodinfo/1256.html,劲爆鸡米花(肯德基) - 食物营养成分查询平台,中国疾病预防控制中心营养与健康所 / 中国营养学会（中国食物成分表）,2026-09-18,实验室化学分析值，收录于《中国食物成分表》；平台按每100克可食部发布；可食部=100%；能量原值 1272kJ（÷4.184 得 304 kcal）。,True,A,energy=1272kJ(304kcal)/100g; protein=18.4g; fat=18.9g; carbs=16.2g; sodium=895.3mg; cholesterol=68.0mg,政府官方数据库，非品牌官方。LICENSE 限制：平台明示未经许可不得用于商业目的，商用须先取得中国CDC营养与健康所授权。
src-kfc-cn-0048,kfc-cn-huang-jin-ji-kuai,肯德基,黄金鸡块（5块）,third_party_analysis,https://nlc.chinanutri.cn/fq/foodinfo/1253.html,上校鸡块(肯德基) - 食物营养成分查询平台,中国疾病预防控制中心营养与健康所 / 中国营养学会（中国食物成分表）,2026-09-18,实验室化学分析值，收录于《中国食物成分表》；平台按每100克可食部发布；可食部=100%；能量原值 1100kJ（÷4.184 得 263 kcal）。,True,A,energy=1100kJ(263kcal)/100g; protein=16.9g; fat=12.5g; carbs=21.1g; sodium=370.6mg,政府官方数据库，非品牌官方。LICENSE 限制：平台明示未经许可不得用于商业目的，商用须先取得中国CDC营养与健康所授权。
src-kfc-cn-0049,kfc-cn-li-li-zi-ran-ji-kuai,肯德基,粒粒孜然鸡块,official_menu,https://bk.taobao.com/k/xishikuaican_10241/,西式快餐百科索引（逐字引用肯德基 App『套餐类型』字段）+ 5iKFC 2026-09 券档 + 成都本地宝疯四页,淘宝百科/5iKFC/成都本地宝（转引肯德基官方促销与 App 套餐字段）,2026-09-17,,False,D,无营养数值，仅菜单事实：品名/分类/套餐组成,菜单事实来源，非营养来源。官方 order.kfc.com.cn API 需签名+登录，未绕过。
src-kfc-cn-0050,kfc-cn-xiang-cui-bei-bei-ji-kuai,肯德基,香脆贝贝鸡块,official_menu,https://bk.taobao.com/k/xishikuaican_10241/,西式快餐百科索引（逐字引用肯德基 App『套餐类型』字段）+ 5iKFC 2026-09 券档 + 成都本地宝疯四页,淘宝百科/5iKFC/成都本地宝（转引肯德基官方促销与 App 套餐字段）,2026-09-17,,False,D,无营养数值，仅菜单事实：品名/分类/套餐组成,菜单事实来源，非营养来源。官方 order.kfc.com.cn API 需签名+登录，未绕过。
src-kfc-cn-0051,kfc-cn-chun-xiang-tu-dou-ni,肯德基,醇香土豆泥,third_party_analysis,https://www.fatsecret.cn/热量营养/肯德基/土豆泥/1份,土豆泥 - 肯德基 热量与营养 | fatsecret.cn,fatsecret.cn（众包/品牌提交）,2026-09-18,无方法披露。页面标注『源: fatsecret Platform API』，为用户/品牌提交数据；无菜单日期或版本；无钠字段。,False,C,basis=1份; energy=65 kcal; fat=0.6g; carbs=12.8g; protein=1.4g,非官方。与中国食物成分表数据在部分条目上完全一致（疑同源），在劲爆鸡米花上相差约27%（见该 SKU conflicting_sources）。
src-kfc-cn-0052,kfc-cn-yuan-wei-ji-ban-tu-dou-ni,肯德基,原味鸡拌土豆泥,official_menu,https://bk.taobao.com/k/xishikuaican_10241/,西式快餐百科索引（逐字引用肯德基 App『套餐类型』字段）+ 5iKFC 2026-09 券档 + 成都本地宝疯四页,淘宝百科/5iKFC/成都本地宝（转引肯德基官方促销与 App 套餐字段）,2026-09-17,,False,D,无营养数值，仅菜单事实：品名/分类/套餐组成,菜单事实来源，非营养来源。官方 order.kfc.com.cn API 需签名+登录，未绕过。
src-kfc-cn-0053,kfc-cn-xiang-tian-yu-mi-bei,肯德基,香甜玉米杯,third_party_analysis,https://nlc.chinanutri.cn/fq/foodinfo/1257.html,甜玉米籽粒(肯德基) - 食物营养成分查询平台,中国疾病预防控制中心营养与健康所 / 中国营养学会（中国食物成分表）,2026-09-18,实验室化学分析值，收录于《中国食物成分表》；平台按每100克可食部发布；可食部=100%；能量原值 525kJ（÷4.184 得 125 kcal）。,True,A,energy=525kJ(125kcal)/100g; protein=3.2g; fat=0.2g; carbs=28.6g; sodium=11.5mg,政府官方数据库，非品牌官方。LICENSE 限制：平台明示未经许可不得用于商业目的，商用须先取得中国CDC营养与健康所授权。
src-kfc-cn-0054,kfc-cn-xiang-tian-su-mi-bang,肯德基,香甜粟米棒,official_menu,https://bk.taobao.com/k/xishikuaican_10241/,西式快餐百科索引（逐字引用肯德基 App『套餐类型』字段）+ 5iKFC 2026-09 券档 + 成都本地宝疯四页,淘宝百科/5iKFC/成都本地宝（转引肯德基官方促销与 App 套餐字段）,2026-09-17,,False,D,无营养数值，仅菜单事实：品名/分类/套餐组成,菜单事实来源，非营养来源。官方 order.kfc.com.cn API 需签名+登录，未绕过。
src-kfc-cn-0055,kfc-cn-si-wei-xiao-shi-pin-pan,肯德基,四味小食拼盘,official_menu,https://bk.taobao.com/k/xishikuaican_10241/,西式快餐百科索引（逐字引用肯德基 App『套餐类型』字段）+ 5iKFC 2026-09 券档 + 成都本地宝疯四页,淘宝百科/5iKFC/成都本地宝（转引肯德基官方促销与 App 套餐字段）,2026-09-17,,False,D,无营养数值，仅菜单事实：品名/分类/套餐组成,菜单事实来源，非营养来源。官方 order.kfc.com.cn API 需签名+登录，未绕过。
src-kfc-cn-0056,kfc-cn-wu-ke-dan-sha-la-cui-cui-chang-k-sa,肯德基,五颗蛋沙拉脆脆肠K萨,official_menu,https://bk.taobao.com/k/xishikuaican_10241/,西式快餐百科索引（逐字引用肯德基 App『套餐类型』字段）+ 5iKFC 2026-09 券档 + 成都本地宝疯四页,淘宝百科/5iKFC/成都本地宝（转引肯德基官方促销与 App 套餐字段）,2026-09-17,,False,D,无营养数值，仅菜单事实：品名/分类/套餐组成,菜单事实来源，非营养来源。官方 order.kfc.com.cn API 需签名+登录，未绕过。
src-kfc-cn-0057,kfc-cn-pu-shi-dan-ta,肯德基,葡式蛋挞,third_party_analysis,https://www.fatsecret.cn/热量营养/肯德基/蛋挞/1个,蛋挞 - 肯德基 热量与营养 | fatsecret.cn,fatsecret.cn（众包/品牌提交）,2026-09-18,无方法披露。页面标注『源: fatsecret Platform API』，为用户/品牌提交数据；无菜单日期或版本；无钠字段。,False,C,basis=1个; energy=196 kcal; fat=14.3g; carbs=14.5g; protein=2.5g,非官方。与中国食物成分表数据在部分条目上完全一致（疑同源），在劲爆鸡米花上相差约27%（见该 SKU conflicting_sources）。
src-kfc-cn-0058,kfc-cn-hong-dou-pai,肯德基,红豆派,semantic_estimate,https://www.fatsecret.cn/热量营养/肯德基/红豆派/1份,肯德基减脂点单攻略（转载）,小红书博主（经 smzdm AI 转载，页面标注『内容由AI生成』）,2026-02-27,无称重、无拆解、无计算过程；仅文字断言。属 D 级语义估计，已按 ±15% 展开为区间。,False,D,energy≈280 kcal（区间 238–322）；无宏量,页面自述『内容由AI生成』，可信度低；仅作方向性参考，不得当作事实。
src-kfc-cn-0059,kfc-cn-hong-dou-nai-huang-dan-ta,肯德基,红豆奶皇蛋挞,official_menu,https://bk.taobao.com/k/xishikuaican_10241/,西式快餐百科索引（逐字引用肯德基 App『套餐类型』字段）+ 5iKFC 2026-09 券档 + 成都本地宝疯四页,淘宝百科/5iKFC/成都本地宝（转引肯德基官方促销与 App 套餐字段）,2026-09-17,,False,D,无营养数值，仅菜单事实：品名/分类/套餐组成,菜单事实来源，非营养来源。官方 order.kfc.com.cn API 需签名+登录，未绕过。
src-kfc-cn-0060,kfc-cn-yuan-wei-bing-qi-lin-hua-tong,肯德基,原味冰淇淋花筒,third_party_analysis,https://www.fatsecret.cn/热量营养/肯德基/甜筒/1个,甜筒 - 肯德基 热量与营养 | fatsecret.cn,fatsecret.cn（众包/品牌提交）,2026-09-18,无方法披露。页面标注『源: fatsecret Platform API』，为用户/品牌提交数据；无菜单日期或版本；无钠字段。,False,C,basis=1个; energy=150 kcal; fat=4.5g; carbs=27.0g; protein=4.5g,非官方。与中国食物成分表数据在部分条目上完全一致（疑同源），在劲爆鸡米花上相差约27%（见该 SKU conflicting_sources）。
src-kfc-cn-0061,kfc-cn-qian-mu-mo-cha-hua-tong,肯德基,千目抹茶花筒,official_menu,https://bk.taobao.com/k/xishikuaican_10241/,西式快餐百科索引（逐字引用肯德基 App『套餐类型』字段）+ 5iKFC 2026-09 券档 + 成都本地宝疯四页,淘宝百科/5iKFC/成都本地宝（转引肯德基官方促销与 App 套餐字段）,2026-09-17,,False,D,无营养数值，仅菜单事实：品名/分类/套餐组成,菜单事实来源，非营养来源。官方 order.kfc.com.cn API 需签名+登录，未绕过。
src-kfc-cn-0062,kfc-cn-yuan-wei-sheng-dai,肯德基,原味圣代,official_menu,https://bk.taobao.com/k/xishikuaican_10241/,西式快餐百科索引（逐字引用肯德基 App『套餐类型』字段）+ 5iKFC 2026-09 券档 + 成都本地宝疯四页,淘宝百科/5iKFC/成都本地宝（转引肯德基官方促销与 App 套餐字段）,2026-09-17,,False,D,无营养数值，仅菜单事实：品名/分类/套餐组成,菜单事实来源，非营养来源。官方 order.kfc.com.cn API 需签名+登录，未绕过。
src-kfc-cn-0063,kfc-cn-jing-dian-cao-mei-sheng-dai,肯德基,经典草莓圣代,third_party_analysis,https://www.fatsecret.cn/热量营养/肯德基/草莓圣代/100克,草莓圣代 - 肯德基 热量与营养 | fatsecret.cn,fatsecret.cn（众包/品牌提交）,2026-09-18,无方法披露。页面标注『源: fatsecret Platform API』，为用户/品牌提交数据；无菜单日期或版本；无钠字段。,False,C,basis=100克; energy=189 kcal; fat=4.36g; carbs=30.93g; protein=5.86g,非官方。与中国食物成分表数据在部分条目上完全一致（疑同源），在劲爆鸡米花上相差约27%（见该 SKU conflicting_sources）。
src-kfc-cn-0064,kfc-cn-qiao-ke-li-sheng-dai,肯德基,巧克力圣代,third_party_analysis,https://www.fatsecret.cn/热量营养/肯德基/巧克力圣代/100克,巧克力圣代 - 肯德基 热量与营养 | fatsecret.cn,fatsecret.cn（众包/品牌提交）,2026-09-18,无方法披露。页面标注『源: fatsecret Platform API』，为用户/品牌提交数据；无菜单日期或版本；无钠字段。,False,C,basis=100克; energy=222 kcal; fat=6.43g; carbs=33.79g; protein=6.43g,非官方。与中国食物成分表数据在部分条目上完全一致（疑同源），在劲爆鸡米花上相差约27%（见该 SKU conflicting_sources）。
src-kfc-cn-0065,kfc-cn-hei-tang-zhen-zhu-sheng-dai,肯德基,黑糖珍珠圣代,official_menu,https://bk.taobao.com/k/xishikuaican_10241/,西式快餐百科索引（逐字引用肯德基 App『套餐类型』字段）+ 5iKFC 2026-09 券档 + 成都本地宝疯四页,淘宝百科/5iKFC/成都本地宝（转引肯德基官方促销与 App 套餐字段）,2026-09-17,,False,D,无营养数值，仅菜单事实：品名/分类/套餐组成,菜单事实来源，非营养来源。官方 order.kfc.com.cn API 需签名+登录，未绕过。
src-kfc-cn-0066,kfc-cn-chao-nuo-nuo-ma-shu-sheng-dai,肯德基,超糯糯麻薯圣代,official_menu,https://bk.taobao.com/k/xishikuaican_10241/,西式快餐百科索引（逐字引用肯德基 App『套餐类型』字段）+ 5iKFC 2026-09 券档 + 成都本地宝疯四页,淘宝百科/5iKFC/成都本地宝（转引肯德基官方促销与 App 套餐字段）,2026-09-17,,False,D,无营养数值，仅菜单事实：品名/分类/套餐组成,菜单事实来源，非营养来源。官方 order.kfc.com.cn API 需签名+登录，未绕过。
src-kfc-cn-0067,kfc-cn-nong-nong-mo-cha-sheng-dai,肯德基,浓浓抹茶圣代,official_menu,https://bk.taobao.com/k/xishikuaican_10241/,西式快餐百科索引（逐字引用肯德基 App『套餐类型』字段）+ 5iKFC 2026-09 券档 + 成都本地宝疯四页,淘宝百科/5iKFC/成都本地宝（转引肯德基官方促销与 App 套餐字段）,2026-09-17,,False,D,无营养数值，仅菜单事实：品名/分类/套餐组成,菜单事实来源，非营养来源。官方 order.kfc.com.cn API 需签名+登录，未绕过。
src-kfc-cn-0068,kfc-cn-xue-ding-ka-fei,肯德基,雪顶咖啡,third_party_analysis,https://www.fatsecret.cn/热量营养/肯德基/雪顶咖啡/100毫升,雪顶咖啡 - 肯德基 热量与营养 | fatsecret.cn,fatsecret.cn（众包/品牌提交）,2026-09-18,无方法披露。页面标注『源: fatsecret Platform API』，为用户/品牌提交数据；无菜单日期或版本；无钠字段。,False,C,basis=100毫升; energy=97 kcal; fat=3.73g; carbs=11.5g; protein=3.9g,非官方。与中国食物成分表数据在部分条目上完全一致（疑同源），在劲爆鸡米花上相差约27%（见该 SKU conflicting_sources）。
src-kfc-cn-0069,kfc-cn-pi-dan-shou-rou-zhou,肯德基,皮蛋瘦肉粥,third_party_analysis,https://www.fatsecret.cn/热量营养/肯德基/皮蛋瘦肉粥/100克,皮蛋瘦肉粥 - 肯德基 热量与营养 | fatsecret.cn,fatsecret.cn（众包/品牌提交）,2026-09-18,无方法披露。页面标注『源: fatsecret Platform API』，为用户/品牌提交数据；无菜单日期或版本；无钠字段。,False,C,basis=100克; energy=41 kcal; fat=0.53g; carbs=7.33g; protein=1.5g,非官方。与中国食物成分表数据在部分条目上完全一致（疑同源），在劲爆鸡米花上相差约27%（见该 SKU conflicting_sources）。
src-kfc-cn-0070,kfc-cn-xiang-gu-ji-rou-zhou,肯德基,香菇鸡肉粥,third_party_analysis,https://www.fatsecret.cn/热量营养/肯德基/香菇鸡肉粥/100克,香菇鸡肉粥 - 肯德基 热量与营养 | fatsecret.cn,fatsecret.cn（众包/品牌提交）,2026-09-18,无方法披露。页面标注『源: fatsecret Platform API』，为用户/品牌提交数据；无菜单日期或版本；无钠字段。,False,C,basis=100克; energy=38 kcal; fat=0.7g; carbs=6.7g; protein=1.3g,非官方。与中国食物成分表数据在部分条目上完全一致（疑同源），在劲爆鸡米花上相差约27%（见该 SKU conflicting_sources）。
src-kfc-cn-0071,kfc-cn-niu-rou-dan-hua-zhou,肯德基,牛肉蛋花粥,third_party_analysis,https://www.fatsecret.cn/热量营养/肯德基/牛肉蛋花粥/100克,牛肉蛋花粥 - 肯德基 热量与营养 | fatsecret.cn,fatsecret.cn（众包/品牌提交）,2026-09-18,无方法披露。页面标注『源: fatsecret Platform API』，为用户/品牌提交数据；无菜单日期或版本；无钠字段。,False,C,basis=100克; energy=46 kcal; fat=0.8g; carbs=7.1g; protein=2.4g,非官方。与中国食物成分表数据在部分条目上完全一致（疑同源），在劲爆鸡米花上相差约27%（见该 SKU conflicting_sources）。
src-kfc-cn-0072,kfc-cn-xue-cai-sun-ding-ji-rou-zhou,肯德基,雪菜笋丁鸡肉粥,official_menu,https://bk.taobao.com/k/xishikuaican_10241/,西式快餐百科索引（逐字引用肯德基 App『套餐类型』字段）+ 5iKFC 2026-09 券档 + 成都本地宝疯四页,淘宝百科/5iKFC/成都本地宝（转引肯德基官方促销与 App 套餐字段）,2026-09-17,,False,D,无营养数值，仅菜单事实：品名/分类/套餐组成,菜单事实来源，非营养来源。官方 order.kfc.com.cn API 需签名+登录，未绕过。
src-kfc-cn-0073,kfc-cn-jin-tang-chong-cao-hua-ji-huang-zhou,肯德基,金汤虫草花鸡煌粥,official_menu,https://bk.taobao.com/k/xishikuaican_10241/,西式快餐百科索引（逐字引用肯德基 App『套餐类型』字段）+ 5iKFC 2026-09 券档 + 成都本地宝疯四页,淘宝百科/5iKFC/成都本地宝（转引肯德基官方促销与 App 套餐字段）,2026-09-17,,False,D,无营养数值，仅菜单事实：品名/分类/套餐组成,菜单事实来源，非营养来源。官方 order.kfc.com.cn API 需签名+登录，未绕过。
src-kfc-cn-0074,kfc-cn-sheng-gun-niu-rou-zhou,肯德基,生滚牛肉粥,official_menu,https://bk.taobao.com/k/xishikuaican_10241/,西式快餐百科索引（逐字引用肯德基 App『套餐类型』字段）+ 5iKFC 2026-09 券档 + 成都本地宝疯四页,淘宝百科/5iKFC/成都本地宝（转引肯德基官方促销与 App 套餐字段）,2026-09-17,,False,D,无营养数值，仅菜单事实：品名/分类/套餐组成,菜单事实来源，非营养来源。官方 order.kfc.com.cn API 需签名+登录，未绕过。
src-kfc-cn-0075,kfc-cn-zhi-shi-ji-rou-pa-ni-ni,肯德基,芝士鸡肉帕尼尼,third_party_analysis,https://www.fatsecret.cn/热量营养/肯德基/芝士鸡肉帕尼尼/100克,芝士鸡肉帕尼尼 - 肯德基 热量与营养 | fatsecret.cn,fatsecret.cn（众包/品牌提交）,2026-09-18,无方法披露。页面标注『源: fatsecret Platform API』，为用户/品牌提交数据；无菜单日期或版本；无钠字段。,False,C,basis=100克; energy=193 kcal; fat=4.5g; carbs=26.6g; protein=11.1g,非官方。与中国食物成分表数据在部分条目上完全一致（疑同源），在劲爆鸡米花上相差约27%（见该 SKU conflicting_sources）。
src-kfc-cn-0076,kfc-cn-pa-ni-ni-qing-ying-ban,肯德基,帕尼尼轻盈版,third_party_analysis,https://www.fatsecret.cn/热量营养/肯德基/帕尼尼轻盈版/1份,帕尼尼轻盈版 - 肯德基 热量与营养 | fatsecret.cn,fatsecret.cn（众包/品牌提交）,2026-09-18,无方法披露。页面标注『源: fatsecret Platform API』，为用户/品牌提交数据；无菜单日期或版本；无钠字段。,False,C,basis=1份(120克); energy=293 kcal; fat=13.1g; carbs=26.8g; protein=15.7g,非官方。与中国食物成分表数据在部分条目上完全一致（疑同源），在劲爆鸡米花上相差约27%（见该 SKU conflicting_sources）。
src-kfc-cn-0077,kfc-cn-zhi-shi-zhu-liu-dan-pa-ni-ni,肯德基,芝士猪柳蛋帕尼尼,third_party_analysis,https://www.fatsecret.cn/热量营养/肯德基/芝士猪柳蛋帕尼尼/1份,芝士猪柳蛋帕尼尼 - 肯德基 热量与营养 | fatsecret.cn,fatsecret.cn（众包/品牌提交）,2026-09-18,无方法披露。页面标注『源: fatsecret Platform API』，为用户/品牌提交数据；无菜单日期或版本；无钠字段。,False,C,basis=1份(158克); energy=443 kcal; fat=31.0g; carbs=23.0g; protein=18.0g,非官方。与中国食物成分表数据在部分条目上完全一致（疑同源），在劲爆鸡米花上相差约27%（见该 SKU conflicting_sources）。
src-kfc-cn-0078,kfc-cn-zhi-shi-hou-dan-shao-pa-ni-ni,肯德基,芝士厚蛋烧帕尼尼,official_menu,https://bk.taobao.com/k/xishikuaican_10241/,西式快餐百科索引（逐字引用肯德基 App『套餐类型』字段）+ 5iKFC 2026-09 券档 + 成都本地宝疯四页,淘宝百科/5iKFC/成都本地宝（转引肯德基官方促销与 App 套餐字段）,2026-09-17,,False,D,无营养数值，仅菜单事实：品名/分类/套餐组成,菜单事实来源，非营养来源。官方 order.kfc.com.cn API 需签名+登录，未绕过。
src-kfc-cn-0079,kfc-cn-zhi-shi-niu-rou-dan-pa-ni-ni,肯德基,芝士牛肉蛋帕尼尼,official_menu,https://bk.taobao.com/k/xishikuaican_10241/,西式快餐百科索引（逐字引用肯德基 App『套餐类型』字段）+ 5iKFC 2026-09 券档 + 成都本地宝疯四页,淘宝百科/5iKFC/成都本地宝（转引肯德基官方促销与 App 套餐字段）,2026-09-17,,False,D,无营养数值，仅菜单事实：品名/分类/套餐组成,菜单事实来源，非营养来源。官方 order.kfc.com.cn API 需签名+登录，未绕过。
src-kfc-cn-0080,kfc-cn-luo-le-qing-jiang-nen-ji-pa-ni-ni,肯德基,罗勒青酱嫩鸡帕尼尼,official_menu,https://bk.taobao.com/k/xishikuaican_10241/,西式快餐百科索引（逐字引用肯德基 App『套餐类型』字段）+ 5iKFC 2026-09 券档 + 成都本地宝疯四页,淘宝百科/5iKFC/成都本地宝（转引肯德基官方促销与 App 套餐字段）,2026-09-17,,False,D,无营养数值，仅菜单事实：品名/分类/套餐组成,菜单事实来源，非营养来源。官方 order.kfc.com.cn API 需签名+登录，未绕过。
src-kfc-cn-0081,kfc-cn-huo-tui-dan-bao,肯德基,火腿蛋堡,third_party_analysis,https://www.fatsecret.cn/热量营养/肯德基/火腿蛋堡/1份,火腿蛋堡 - 肯德基 热量与营养 | fatsecret.cn,fatsecret.cn（众包/品牌提交）,2026-09-18,无方法披露。页面标注『源: fatsecret Platform API』，为用户/品牌提交数据；无菜单日期或版本；无钠字段。,False,C,basis=1份; energy=257 kcal; fat=10.1g; carbs=27.0g; protein=13.7g,非官方。与中国食物成分表数据在部分条目上完全一致（疑同源），在劲爆鸡米花上相差约27%（见该 SKU conflicting_sources）。
src-kfc-cn-0082,kfc-cn-zhi-shi-zhu-liu-dan-bao,肯德基,芝士猪柳蛋堡,third_party_analysis,https://www.fatsecret.cn/热量营养/肯德基/芝士猪柳蛋堡/1个,芝士猪柳蛋堡 - 肯德基 热量与营养 | fatsecret.cn,fatsecret.cn（众包/品牌提交）,2026-09-18,无方法披露。页面标注『源: fatsecret Platform API』，为用户/品牌提交数据；无菜单日期或版本；无钠字段。,False,C,basis=1个(300克); energy=414 kcal; fat=26.4g; carbs=24.09g; protein=19.29g,非官方。与中国食物成分表数据在部分条目上完全一致（疑同源），在劲爆鸡米花上相差约27%（见该 SKU conflicting_sources）。
src-kfc-cn-0083,kfc-cn-rou-su-you-tiao-fan-tuan,肯德基,肉酥油条饭团,official_menu,https://bk.taobao.com/k/xishikuaican_10241/,西式快餐百科索引（逐字引用肯德基 App『套餐类型』字段）+ 5iKFC 2026-09 券档 + 成都本地宝疯四页,淘宝百科/5iKFC/成都本地宝（转引肯德基官方促销与 App 套餐字段）,2026-09-17,,False,D,无营养数值，仅菜单事实：品名/分类/套餐组成,菜单事实来源，非营养来源。官方 order.kfc.com.cn API 需签名+登录，未绕过。
src-kfc-cn-0084,kfc-cn-da-bing-juan-xiang-kao-ji-pa-dan,肯德基,大饼卷香烤鸡扒蛋,official_menu,https://bk.taobao.com/k/xishikuaican_10241/,西式快餐百科索引（逐字引用肯德基 App『套餐类型』字段）+ 5iKFC 2026-09 券档 + 成都本地宝疯四页,淘宝百科/5iKFC/成都本地宝（转引肯德基官方促销与 App 套餐字段）,2026-09-17,,False,D,无营养数值，仅菜单事实：品名/分类/套餐组成,菜单事实来源，非营养来源。官方 order.kfc.com.cn API 需签名+登录，未绕过。
src-kfc-cn-0085,kfc-cn-hei-jiao-niu-rou-dan-da-bing-juan,肯德基,黑椒牛肉蛋大饼卷,official_menu,https://bk.taobao.com/k/xishikuaican_10241/,西式快餐百科索引（逐字引用肯德基 App『套餐类型』字段）+ 5iKFC 2026-09 券档 + 成都本地宝疯四页,淘宝百科/5iKFC/成都本地宝（转引肯德基官方促销与 App 套餐字段）,2026-09-17,,False,D,无营养数值，仅菜单事实：品名/分类/套餐组成,菜单事实来源，非营养来源。官方 order.kfc.com.cn API 需签名+登录，未绕过。
src-kfc-cn-0086,kfc-cn-k-ji-fa-mian-xiao-long-bao,肯德基,K记发面小笼包（5只）,official_menu,https://bk.taobao.com/k/xishikuaican_10241/,西式快餐百科索引（逐字引用肯德基 App『套餐类型』字段）+ 5iKFC 2026-09 券档 + 成都本地宝疯四页,淘宝百科/5iKFC/成都本地宝（转引肯德基官方促销与 App 套餐字段）,2026-09-17,,False,D,无营养数值，仅菜单事实：品名/分类/套餐组成,菜单事实来源，非营养来源。官方 order.kfc.com.cn API 需签名+登录，未绕过。
src-kfc-cn-0087,kfc-cn-an-xin-da-you-tiao,肯德基,安心大油条,third_party_analysis,https://www.fatsecret.cn/热量营养/肯德基/油条/100克,油条 - 肯德基 热量与营养 | fatsecret.cn,fatsecret.cn（众包/品牌提交）,2026-09-18,无方法披露。页面标注『源: fatsecret Platform API』，为用户/品牌提交数据；无菜单日期或版本；无钠字段。,False,C,basis=100克; energy=386 kcal; fat=17.6g; carbs=51.0g; protein=6.9g,非官方。与中国食物成分表数据在部分条目上完全一致（疑同源），在劲爆鸡米花上相差约27%（见该 SKU conflicting_sources）。
src-kfc-cn-0088,kfc-cn-xiang-cui-shu-bing,肯德基,香脆薯饼,official_menu,https://bk.taobao.com/k/xishikuaican_10241/,西式快餐百科索引（逐字引用肯德基 App『套餐类型』字段）+ 5iKFC 2026-09 券档 + 成都本地宝疯四页,淘宝百科/5iKFC/成都本地宝（转引肯德基官方促销与 App 套餐字段）,2026-09-17,,False,D,无营养数值，仅菜单事实：品名/分类/套餐组成,菜单事实来源，非营养来源。官方 order.kfc.com.cn API 需签名+登录，未绕过。
src-kfc-cn-0089,kfc-cn-cha-ye-dan,肯德基,茶叶蛋,official_menu,https://bk.taobao.com/k/xishikuaican_10241/,西式快餐百科索引（逐字引用肯德基 App『套餐类型』字段）+ 5iKFC 2026-09 券档 + 成都本地宝疯四页,淘宝百科/5iKFC/成都本地宝（转引肯德基官方促销与 App 套餐字段）,2026-09-17,,False,D,无营养数值，仅菜单事实：品名/分类/套餐组成,菜单事实来源，非营养来源。官方 order.kfc.com.cn API 需签名+登录，未绕过。
src-kfc-cn-0090,kfc-cn-tai-yang-dan,肯德基,太阳蛋,official_menu,https://bk.taobao.com/k/xishikuaican_10241/,西式快餐百科索引（逐字引用肯德基 App『套餐类型』字段）+ 5iKFC 2026-09 券档 + 成都本地宝疯四页,淘宝百科/5iKFC/成都本地宝（转引肯德基官方促销与 App 套餐字段）,2026-09-17,,False,D,无营养数值，仅菜单事实：品名/分类/套餐组成,菜单事实来源，非营养来源。官方 order.kfc.com.cn API 需签名+登录，未绕过。
src-kfc-cn-0091,kfc-cn-hou-dan-shao,肯德基,厚蛋烧,official_menu,https://bk.taobao.com/k/xishikuaican_10241/,西式快餐百科索引（逐字引用肯德基 App『套餐类型』字段）+ 5iKFC 2026-09 券档 + 成都本地宝疯四页,淘宝百科/5iKFC/成都本地宝（转引肯德基官方促销与 App 套餐字段）,2026-09-17,,False,D,无营养数值，仅菜单事实：品名/分类/套餐组成,菜单事实来源，非营养来源。官方 order.kfc.com.cn API 需签名+登录，未绕过。
src-kfc-cn-0092,kfc-cn-xun-ji-fa-feng-shao-bing,肯德基,熏鸡法风烧饼,third_party_analysis,https://www.fatsecret.cn/热量营养/肯德基/法风烧饼/100克,法风烧饼 - 肯德基 热量与营养 | fatsecret.cn,fatsecret.cn（众包/品牌提交）,2026-09-18,无方法披露。页面标注『源: fatsecret Platform API』，为用户/品牌提交数据；无菜单日期或版本；无钠字段。,False,C,basis=100克; energy=355 kcal; fat=24.92g; carbs=19.75g; protein=12.33g,非官方。与中国食物成分表数据在部分条目上完全一致（疑同源），在劲爆鸡米花上相差约27%（见该 SKU conflicting_sources）。
src-kfc-cn-0093,kfc-cn-hu-luo-bo-hua-sheng-yun-duo-tu-si,肯德基,乳酪花生云朵吐司,official_menu,https://bk.taobao.com/k/xishikuaican_10241/,西式快餐百科索引（逐字引用肯德基 App『套餐类型』字段）+ 5iKFC 2026-09 券档 + 成都本地宝疯四页,淘宝百科/5iKFC/成都本地宝（转引肯德基官方促销与 App 套餐字段）,2026-09-17,,False,D,无营养数值，仅菜单事实：品名/分类/套餐组成,菜单事实来源，非营养来源。官方 order.kfc.com.cn API 需签名+登录，未绕过。
src-kfc-cn-0094,kfc-cn-xiang-kao-su-pi-niu-rou-xian-bing,肯德基,香烤酥皮牛肉馅饼,official_menu,https://bk.taobao.com/k/xishikuaican_10241/,西式快餐百科索引（逐字引用肯德基 App『套餐类型』字段）+ 5iKFC 2026-09 券档 + 成都本地宝疯四页,淘宝百科/5iKFC/成都本地宝（转引肯德基官方促销与 App 套餐字段）,2026-09-17,,False,D,无营养数值，仅菜单事实：品名/分类/套餐组成,菜单事实来源，非营养来源。官方 order.kfc.com.cn API 需签名+登录，未绕过。
src-kfc-cn-0095,kfc-cn-re-dou-jiang,肯德基,热豆浆,third_party_analysis,https://www.fatsecret.cn/热量营养/肯德基/豆浆/100毫升,豆浆 - 肯德基 热量与营养 | fatsecret.cn,fatsecret.cn（众包/品牌提交）,2026-09-18,无方法披露。页面标注『源: fatsecret Platform API』，为用户/品牌提交数据；无菜单日期或版本；无钠字段。,False,C,basis=100毫升; energy=49 kcal; fat=1.2g; carbs=7.44g; protein=2.16g,非官方。与中国食物成分表数据在部分条目上完全一致（疑同源），在劲爆鸡米花上相差约27%（见该 SKU conflicting_sources）。
src-kfc-cn-0096,kfc-cn-re-niu-nai,肯德基,热牛奶,official_menu,https://bk.taobao.com/k/xishikuaican_10241/,西式快餐百科索引（逐字引用肯德基 App『套餐类型』字段）+ 5iKFC 2026-09 券档 + 成都本地宝疯四页,淘宝百科/5iKFC/成都本地宝（转引肯德基官方促销与 App 套餐字段）,2026-09-17,,False,D,无营养数值，仅菜单事实：品名/分类/套餐组成,菜单事实来源，非营养来源。官方 order.kfc.com.cn API 需签名+登录，未绕过。
src-kfc-cn-0097,kfc-cn-shun-zhi-yuan-wei-ji-men-ban-fan,肯德基,吮指原味鸡焖拌饭,official_menu,https://bk.taobao.com/k/xishikuaican_10241/,西式快餐百科索引（逐字引用肯德基 App『套餐类型』字段）+ 5iKFC 2026-09 券档 + 成都本地宝疯四页,淘宝百科/5iKFC/成都本地宝（转引肯德基官方促销与 App 套餐字段）,2026-09-17,,False,D,无营养数值，仅菜单事实：品名/分类/套餐组成,菜单事实来源，非营养来源。官方 order.kfc.com.cn API 需签名+登录，未绕过。
src-kfc-cn-0098,kfc-cn-zha-ji-men-ban-fan,肯德基,炸鸡焖拌饭,official_menu,https://bk.taobao.com/k/xishikuaican_10241/,西式快餐百科索引（逐字引用肯德基 App『套餐类型』字段）+ 5iKFC 2026-09 券档 + 成都本地宝疯四页,淘宝百科/5iKFC/成都本地宝（转引肯德基官方促销与 App 套餐字段）,2026-09-17,,False,D,无营养数值，仅菜单事实：品名/分类/套餐组成,菜单事实来源，非营养来源。官方 order.kfc.com.cn API 需签名+登录，未绕过。
src-kfc-cn-0099,kfc-cn-gang-shi-shao-wei-cui-pi-da-ji-tui-fan,肯德基,港式烧味脆皮大鸡腿饭,official_menu,https://bk.taobao.com/k/xishikuaican_10241/,西式快餐百科索引（逐字引用肯德基 App『套餐类型』字段）+ 5iKFC 2026-09 券档 + 成都本地宝疯四页,淘宝百科/5iKFC/成都本地宝（转引肯德基官方促销与 App 套餐字段）,2026-09-17,,False,D,无营养数值，仅菜单事实：品名/分类/套餐组成,菜单事实来源，非营养来源。官方 order.kfc.com.cn API 需签名+登录，未绕过。
src-kfc-cn-0100,kfc-cn-lv-dou-yi-ren-qing-yang-zhou,肯德基,绿豆薏仁轻养粥（常温版）,official_menu,https://bk.taobao.com/k/xishikuaican_10241/,西式快餐百科索引（逐字引用肯德基 App『套餐类型』字段）+ 5iKFC 2026-09 券档 + 成都本地宝疯四页,淘宝百科/5iKFC/成都本地宝（转引肯德基官方促销与 App 套餐字段）,2026-09-17,,False,D,无营养数值，仅菜单事实：品名/分类/套餐组成,菜单事实来源，非营养来源。官方 order.kfc.com.cn API 需签名+登录，未绕过。
src-kfc-cn-0101,kfc-cn-hai-tai-yan-shao-da-ji-tui-fan,肯德基,海苔岩烧大鸡腿饭,official_menu,https://bk.taobao.com/k/xishikuaican_10241/,西式快餐百科索引（逐字引用肯德基 App『套餐类型』字段）+ 5iKFC 2026-09 券档 + 成都本地宝疯四页,淘宝百科/5iKFC/成都本地宝（转引肯德基官方促销与 App 套餐字段）,2026-09-17,,False,D,无营养数值，仅菜单事实：品名/分类/套餐组成,菜单事实来源，非营养来源。官方 order.kfc.com.cn API 需签名+登录，未绕过。
src-kfc-cn-0102,kfc-cn-xin-orlean-kao-ji-tui-fan,肯德基,新奥尔良烤鸡腿饭,official_menu,https://bk.taobao.com/k/xishikuaican_10241/,西式快餐百科索引（逐字引用肯德基 App『套餐类型』字段）+ 5iKFC 2026-09 券档 + 成都本地宝疯四页,淘宝百科/5iKFC/成都本地宝（转引肯德基官方促销与 App 套餐字段）,2026-09-17,,False,D,无营养数值，仅菜单事实：品名/分类/套餐组成,菜单事实来源，非营养来源。官方 order.kfc.com.cn API 需签名+登录，未绕过。
src-kfc-cn-0103,kfc-cn-xiang-la-ji-liu-fan,肯德基,香辣鸡柳饭,official_menu,https://bk.taobao.com/k/xishikuaican_10241/,西式快餐百科索引（逐字引用肯德基 App『套餐类型』字段）+ 5iKFC 2026-09 券档 + 成都本地宝疯四页,淘宝百科/5iKFC/成都本地宝（转引肯德基官方促销与 App 套餐字段）,2026-09-17,,False,D,无营养数值，仅菜单事实：品名/分类/套餐组成,菜单事实来源，非营养来源。官方 order.kfc.com.cn API 需签名+登录，未绕过。
src-kfc-cn-0104,kfc-cn-ri-shi-ka-li-ji-rou-fan,肯德基,日式咖喱鸡饭,official_menu,https://bk.taobao.com/k/xishikuaican_10241/,西式快餐百科索引（逐字引用肯德基 App『套餐类型』字段）+ 5iKFC 2026-09 券档 + 成都本地宝疯四页,淘宝百科/5iKFC/成都本地宝（转引肯德基官方促销与 App 套餐字段）,2026-09-17,,False,D,无营养数值，仅菜单事实：品名/分类/套餐组成,菜单事实来源，非营养来源。官方 order.kfc.com.cn API 需签名+登录，未绕过。
src-kfc-cn-0105,kfc-cn-tai-shi-lu-rou-fan,肯德基,台式卤肉饭,official_menu,https://bk.taobao.com/k/xishikuaican_10241/,西式快餐百科索引（逐字引用肯德基 App『套餐类型』字段）+ 5iKFC 2026-09 券档 + 成都本地宝疯四页,淘宝百科/5iKFC/成都本地宝（转引肯德基官方促销与 App 套餐字段）,2026-09-17,,False,D,无营养数值，仅菜单事实：品名/分类/套餐组成,菜单事实来源，非营养来源。官方 order.kfc.com.cn API 需签名+登录，未绕过。
src-kfc-cn-0106,kfc-cn-tian-fu-jiao-ma-xiang-la-fen,肯德基,天府椒麻香辣粉,third_party_analysis,https://www.fatsecret.cn/热量营养/肯德基/天府椒麻香辣粉/100克,天府椒麻香辣粉 - 肯德基 热量与营养 | fatsecret.cn,fatsecret.cn（众包/品牌提交）,2026-09-18,无方法披露。页面标注『源: fatsecret Platform API』，为用户/品牌提交数据；无菜单日期或版本；无钠字段。,False,C,basis=100克; energy=409 kcal; fat=11.8g; carbs=56.0g; protein=19.1g,非官方。与中国食物成分表数据在部分条目上完全一致（疑同源），在劲爆鸡米花上相差约27%（见该 SKU conflicting_sources）。
src-kfc-cn-0107,kfc-cn-sheng-zha-da-ji-tui-chuan,肯德基,生炸大鸡腿串,official_menu,https://bk.taobao.com/k/xishikuaican_10241/,西式快餐百科索引（逐字引用肯德基 App『套餐类型』字段）+ 5iKFC 2026-09 券档 + 成都本地宝疯四页,淘宝百科/5iKFC/成都本地宝（转引肯德基官方促销与 App 套餐字段）,2026-09-17,,False,D,无营养数值，仅菜单事实：品名/分类/套餐组成,菜单事实来源，非营养来源。官方 order.kfc.com.cn API 需签名+登录，未绕过。
src-kfc-cn-0108,kfc-cn-zha-ji-jia-he,肯德基,炸鸡架盒（川香麻辣/秘制飘香）,official_menu,https://bk.taobao.com/k/xishikuaican_10241/,西式快餐百科索引（逐字引用肯德基 App『套餐类型』字段）+ 5iKFC 2026-09 券档 + 成都本地宝疯四页,淘宝百科/5iKFC/成都本地宝（转引肯德基官方促销与 App 套餐字段）,2026-09-17,,False,D,无营养数值，仅菜单事实：品名/分类/套餐组成,菜单事实来源，非营养来源。官方 order.kfc.com.cn API 需签名+登录，未绕过。
src-kfc-cn-0109,kfc-cn-ji-rou-duo-duo-shou-ba-chuan,肯德基,鸡肉多多手把串（20串）,official_menu,https://bk.taobao.com/k/xishikuaican_10241/,西式快餐百科索引（逐字引用肯德基 App『套餐类型』字段）+ 5iKFC 2026-09 券档 + 成都本地宝疯四页,淘宝百科/5iKFC/成都本地宝（转引肯德基官方促销与 App 套餐字段）,2026-09-17,,False,D,无营养数值，仅菜单事实：品名/分类/套餐组成,菜单事实来源，非营养来源。官方 order.kfc.com.cn API 需签名+登录，未绕过。
src-kfc-cn-0110,kfc-cn-chao-su-da-you-yu-chuan,肯德基,超酥大鱿鱼串,official_menu,https://bk.taobao.com/k/xishikuaican_10241/,西式快餐百科索引（逐字引用肯德基 App『套餐类型』字段）+ 5iKFC 2026-09 券档 + 成都本地宝疯四页,淘宝百科/5iKFC/成都本地宝（转引肯德基官方促销与 App 套餐字段）,2026-09-17,,False,D,无营养数值，仅菜单事实：品名/分类/套餐组成,菜单事实来源，非营养来源。官方 order.kfc.com.cn API 需签名+登录，未绕过。
src-kfc-cn-0111,kfc-cn-xiang-you-honey-tea,肯德基,香柚蜂蜜茶,third_party_analysis,https://www.fatsecret.cn/热量营养/肯德基/香柚蜂蜜茶/1杯,香柚蜂蜜茶 - 肯德基 热量与营养 | fatsecret.cn,fatsecret.cn（众包/品牌提交）,2026-09-18,无方法披露。页面标注『源: fatsecret Platform API』，为用户/品牌提交数据；无菜单日期或版本；无钠字段。,False,C,basis=1杯(300毫升); energy=25 kcal; fat=0.13g; carbs=5.6g; protein=0.03g,非官方。与中国食物成分表数据在部分条目上完全一致（疑同源），在劲爆鸡米花上相差约27%（见该 SKU conflicting_sources）。
src-kfc-cn-0112,kfc-cn-jiu-zhen-guo-zhi,肯德基,九珍果汁饮料,third_party_analysis,https://www.fatsecret.cn/热量营养/肯德基/九珍果汁/1杯,九珍果汁 - 肯德基 热量与营养 | fatsecret.cn,fatsecret.cn（众包/品牌提交）,2026-09-18,无方法披露。页面标注『源: fatsecret Platform API』，为用户/品牌提交数据；无菜单日期或版本；无钠字段。,False,C,basis=1杯(500毫升); energy=156 kcal; fat=1.5g; carbs=34.6g; protein=0.3g,非官方。与中国食物成分表数据在部分条目上完全一致（疑同源），在劲爆鸡米花上相差约27%（见该 SKU conflicting_sources）。
src-kfc-cn-0113,kfc-cn-bao-zhi-san-ning-cha,肯德基,爆汁三柠茶,official_menu,https://bk.taobao.com/k/xishikuaican_10241/,西式快餐百科索引（逐字引用肯德基 App『套餐类型』字段）+ 5iKFC 2026-09 券档 + 成都本地宝疯四页,淘宝百科/5iKFC/成都本地宝（转引肯德基官方促销与 App 套餐字段）,2026-09-17,,False,D,无营养数值，仅菜单事实：品名/分类/套餐组成,菜单事实来源，非营养来源。官方 order.kfc.com.cn API 需签名+登录，未绕过。
src-kfc-cn-0114,kfc-cn-gui-hua-suan-mei-tang,肯德基,桂花酸梅汤,official_menu,https://bk.taobao.com/k/xishikuaican_10241/,西式快餐百科索引（逐字引用肯德基 App『套餐类型』字段）+ 5iKFC 2026-09 券档 + 成都本地宝疯四页,淘宝百科/5iKFC/成都本地宝（转引肯德基官方促销与 App 套餐字段）,2026-09-17,,False,D,无营养数值，仅菜单事实：品名/分类/套餐组成,菜单事实来源，非营养来源。官方 order.kfc.com.cn API 需签名+登录，未绕过。
src-kfc-cn-0115,kfc-cn-qing-liang-lv-dou-yin,肯德基,清凉绿豆饮,official_menu,https://bk.taobao.com/k/xishikuaican_10241/,西式快餐百科索引（逐字引用肯德基 App『套餐类型』字段）+ 5iKFC 2026-09 券档 + 成都本地宝疯四页,淘宝百科/5iKFC/成都本地宝（转引肯德基官方促销与 App 套餐字段）,2026-09-17,,False,D,无营养数值，仅菜单事实：品名/分类/套餐组成,菜单事实来源，非营养来源。官方 order.kfc.com.cn API 需签名+登录，未绕过。
src-kfc-cn-0116,kfc-cn-jiu-long-jin-yu-qing-ru-cha,肯德基,九龙金玉轻乳茶,official_menu,https://bk.taobao.com/k/xishikuaican_10241/,西式快餐百科索引（逐字引用肯德基 App『套餐类型』字段）+ 5iKFC 2026-09 券档 + 成都本地宝疯四页,淘宝百科/5iKFC/成都本地宝（转引肯德基官方促销与 App 套餐字段）,2026-09-17,,False,D,无营养数值，仅菜单事实：品名/分类/套餐组成,菜单事实来源，非营养来源。官方 order.kfc.com.cn API 需签名+登录，未绕过。
src-kfc-cn-0117,kfc-cn-yang-zhi-gan-lu,肯德基,杨枝甘露,official_menu,https://bk.taobao.com/k/xishikuaican_10241/,西式快餐百科索引（逐字引用肯德基 App『套餐类型』字段）+ 5iKFC 2026-09 券档 + 成都本地宝疯四页,淘宝百科/5iKFC/成都本地宝（转引肯德基官方促销与 App 套餐字段）,2026-09-17,,False,D,无营养数值，仅菜单事实：品名/分类/套餐组成,菜单事实来源，非营养来源。官方 order.kfc.com.cn API 需签名+登录，未绕过。
src-kfc-cn-0118,kfc-cn-nong-cui-mei-shi,肯德基,浓萃美式,official_menu,https://bk.taobao.com/k/xishikuaican_10241/,西式快餐百科索引（逐字引用肯德基 App『套餐类型』字段）+ 5iKFC 2026-09 券档 + 成都本地宝疯四页,淘宝百科/5iKFC/成都本地宝（转引肯德基官方促销与 App 套餐字段）,2026-09-17,,False,D,无营养数值，仅菜单事实：品名/分类/套餐组成,菜单事实来源，非营养来源。官方 order.kfc.com.cn API 需签名+登录，未绕过。
src-kfc-cn-0119,kfc-cn-nong-cui-na-tie,肯德基,浓萃拿铁,official_menu,https://bk.taobao.com/k/xishikuaican_10241/,西式快餐百科索引（逐字引用肯德基 App『套餐类型』字段）+ 5iKFC 2026-09 券档 + 成都本地宝疯四页,淘宝百科/5iKFC/成都本地宝（转引肯德基官方促销与 App 套餐字段）,2026-09-17,,False,D,无营养数值，仅菜单事实：品名/分类/套餐组成,菜单事实来源，非营养来源。官方 order.kfc.com.cn API 需签名+登录，未绕过。
src-kfc-cn-0120,kfc-cn-gui-xia-mei-shi,肯德基,瑰夏美式,official_menu,https://bk.taobao.com/k/xishikuaican_10241/,西式快餐百科索引（逐字引用肯德基 App『套餐类型』字段）+ 5iKFC 2026-09 券档 + 成都本地宝疯四页,淘宝百科/5iKFC/成都本地宝（转引肯德基官方促销与 App 套餐字段）,2026-09-17,,False,D,无营养数值，仅菜单事实：品名/分类/套餐组成,菜单事实来源，非营养来源。官方 order.kfc.com.cn API 需签名+登录，未绕过。
src-kfc-cn-0121,kfc-cn-gui-xia-na-tie,肯德基,瑰夏拿铁,official_menu,https://bk.taobao.com/k/xishikuaican_10241/,西式快餐百科索引（逐字引用肯德基 App『套餐类型』字段）+ 5iKFC 2026-09 券档 + 成都本地宝疯四页,淘宝百科/5iKFC/成都本地宝（转引肯德基官方促销与 App 套餐字段）,2026-09-17,,False,D,无营养数值，仅菜单事实：品名/分类/套餐组成,菜单事实来源，非营养来源。官方 order.kfc.com.cn API 需签名+登录，未绕过。
src-kfc-cn-0122,kfc-cn-man-bei-sheng-ye-na-tie,肯德基,满杯生椰拿铁,official_menu,https://bk.taobao.com/k/xishikuaican_10241/,西式快餐百科索引（逐字引用肯德基 App『套餐类型』字段）+ 5iKFC 2026-09 券档 + 成都本地宝疯四页,淘宝百科/5iKFC/成都本地宝（转引肯德基官方促销与 App 套餐字段）,2026-09-17,,False,D,无营养数值，仅菜单事实：品名/分类/套餐组成,菜单事实来源，非营养来源。官方 order.kfc.com.cn API 需签名+登录，未绕过。
src-kfc-cn-0123,kfc-cn-qi-pao-mei-shi,肯德基,气泡美式,official_menu,https://bk.taobao.com/k/xishikuaican_10241/,西式快餐百科索引（逐字引用肯德基 App『套餐类型』字段）+ 5iKFC 2026-09 券档 + 成都本地宝疯四页,淘宝百科/5iKFC/成都本地宝（转引肯德基官方促销与 App 套餐字段）,2026-09-17,,False,D,无营养数值，仅菜单事实：品名/分类/套餐组成,菜单事实来源，非营养来源。官方 order.kfc.com.cn API 需签名+登录，未绕过。
src-kfc-cn-0124,kfc-cn-mei-shi,肯德基,美式,official_menu,https://bk.taobao.com/k/xishikuaican_10241/,西式快餐百科索引（逐字引用肯德基 App『套餐类型』字段）+ 5iKFC 2026-09 券档 + 成都本地宝疯四页,淘宝百科/5iKFC/成都本地宝（转引肯德基官方促销与 App 套餐字段）,2026-09-17,,False,D,无营养数值，仅菜单事实：品名/分类/套餐组成,菜单事实来源，非营养来源。官方 order.kfc.com.cn API 需签名+登录，未绕过。
src-kfc-cn-0125,kfc-cn-na-tie,肯德基,拿铁,official_menu,https://bk.taobao.com/k/xishikuaican_10241/,西式快餐百科索引（逐字引用肯德基 App『套餐类型』字段）+ 5iKFC 2026-09 券档 + 成都本地宝疯四页,淘宝百科/5iKFC/成都本地宝（转引肯德基官方促销与 App 套餐字段）,2026-09-17,,False,D,无营养数值，仅菜单事实：品名/分类/套餐组成,菜单事实来源，非营养来源。官方 order.kfc.com.cn API 需签名+登录，未绕过。
src-kfc-cn-0126,kfc-cn-mo-ka,肯德基,摩卡,official_menu,https://bk.taobao.com/k/xishikuaican_10241/,西式快餐百科索引（逐字引用肯德基 App『套餐类型』字段）+ 5iKFC 2026-09 券档 + 成都本地宝疯四页,淘宝百科/5iKFC/成都本地宝（转引肯德基官方促销与 App 套餐字段）,2026-09-17,,False,D,无营养数值，仅菜单事实：品名/分类/套餐组成,菜单事实来源，非营养来源。官方 order.kfc.com.cn API 需签名+登录，未绕过。
src-kfc-cn-0127,kfc-cn-ka-bu-qi-nuo,肯德基,卡布奇诺,official_menu,https://bk.taobao.com/k/xishikuaican_10241/,西式快餐百科索引（逐字引用肯德基 App『套餐类型』字段）+ 5iKFC 2026-09 券档 + 成都本地宝疯四页,淘宝百科/5iKFC/成都本地宝（转引肯德基官方促销与 App 套餐字段）,2026-09-17,,False,D,无营养数值，仅菜单事实：品名/分类/套餐组成,菜单事实来源，非营养来源。官方 order.kfc.com.cn API 需签名+登录，未绕过。
src-kfc-cn-0128,kfc-cn-jiao-tang-ma-qi-duo,肯德基,焦糖玛奇朵,official_menu,https://bk.taobao.com/k/xishikuaican_10241/,西式快餐百科索引（逐字引用肯德基 App『套餐类型』字段）+ 5iKFC 2026-09 券档 + 成都本地宝疯四页,淘宝百科/5iKFC/成都本地宝（转引肯德基官方促销与 App 套餐字段）,2026-09-17,,False,D,无营养数值，仅菜单事实：品名/分类/套餐组成,菜单事实来源，非营养来源。官方 order.kfc.com.cn API 需签名+登录，未绕过。
src-kfc-cn-0129,kfc-cn-kpro-kao-ji-tui-rou-gu-wu-neng-liang-wan,肯德基,烤鸡腿肉烤蔬谷物能量碗（黑椒香草）,official_menu,https://bk.taobao.com/k/xishikuaican_10241/,西式快餐百科索引（逐字引用肯德基 App『套餐类型』字段）+ 5iKFC 2026-09 券档 + 成都本地宝疯四页,淘宝百科/5iKFC/成都本地宝（转引肯德基官方促销与 App 套餐字段）,2026-09-17,,False,D,无营养数值，仅菜单事实：品名/分类/套餐组成,菜单事实来源，非营养来源。官方 order.kfc.com.cn API 需签名+登录，未绕过。
src-kfc-cn-0130,kfc-cn-kpro-hei-jiao-niu-rou-neng-liang-wan,肯德基,黑椒牛肉能量碗,official_menu,https://bk.taobao.com/k/xishikuaican_10241/,西式快餐百科索引（逐字引用肯德基 App『套餐类型』字段）+ 5iKFC 2026-09 券档 + 成都本地宝疯四页,淘宝百科/5iKFC/成都本地宝（转引肯德基官方促销与 App 套餐字段）,2026-09-17,,False,D,无营养数值，仅菜单事实：品名/分类/套餐组成,菜单事实来源，非营养来源。官方 order.kfc.com.cn API 需签名+登录，未绕过。
src-kfc-cn-0131,kfc-cn-kpro-xiang-kao-san-wen-yu-neng-liang-wan,肯德基,香烤三文鱼能量碗,official_menu,https://bk.taobao.com/k/xishikuaican_10241/,西式快餐百科索引（逐字引用肯德基 App『套餐类型』字段）+ 5iKFC 2026-09 券档 + 成都本地宝疯四页,淘宝百科/5iKFC/成都本地宝（转引肯德基官方促销与 App 套餐字段）,2026-09-17,,False,D,无营养数值，仅菜单事实：品名/分类/套餐组成,菜单事实来源，非营养来源。官方 order.kfc.com.cn API 需签名+登录，未绕过。
src-kfc-cn-0132,kfc-cn-kpro-niu-you-guo-sha-la,肯德基,牛油果沙拉,official_menu,https://bk.taobao.com/k/xishikuaican_10241/,西式快餐百科索引（逐字引用肯德基 App『套餐类型』字段）+ 5iKFC 2026-09 券档 + 成都本地宝疯四页,淘宝百科/5iKFC/成都本地宝（转引肯德基官方促销与 App 套餐字段）,2026-09-17,,False,D,无营养数值，仅菜单事实：品名/分类/套餐组成,菜单事实来源，非营养来源。官方 order.kfc.com.cn API 需签名+登录，未绕过。
src-kfc-cn-0133,kfc-cn-jing-dian-quan-jia-tong,肯德基,经典全家桶,official_menu,https://bk.taobao.com/k/xishikuaican_10241/,西式快餐百科索引（逐字引用肯德基 App『套餐类型』字段）+ 5iKFC 2026-09 券档 + 成都本地宝疯四页,淘宝百科/5iKFC/成都本地宝（转引肯德基官方促销与 App 套餐字段）,2026-09-17,,False,D,无营养数值，仅菜单事实：品名/分类/套餐组成,菜单事实来源，非营养来源。官方 order.kfc.com.cn API 需签名+登录，未绕过。
src-kfc-cn-0134,kfc-cn-dan-ren-si-jian-tao,肯德基,单人四件套,official_menu,https://bk.taobao.com/k/xishikuaican_10241/,西式快餐百科索引（逐字引用肯德基 App『套餐类型』字段）+ 5iKFC 2026-09 券档 + 成都本地宝疯四页,淘宝百科/5iKFC/成都本地宝（转引肯德基官方促销与 App 套餐字段）,2026-09-17,,False,D,无营养数值，仅菜单事实：品名/分类/套餐组成,菜单事实来源，非营养来源。官方 order.kfc.com.cn API 需签名+登录，未绕过。
src-kfc-cn-0135,kfc-cn-san-jia-san-tao-can,肯德基,3+3套餐,official_menu,https://bk.taobao.com/k/xishikuaican_10241/,西式快餐百科索引（逐字引用肯德基 App『套餐类型』字段）+ 5iKFC 2026-09 券档 + 成都本地宝疯四页,淘宝百科/5iKFC/成都本地宝（转引肯德基官方促销与 App 套餐字段）,2026-09-17,,False,D,无营养数值，仅菜单事实：品名/分类/套餐组成,菜单事实来源，非营养来源。官方 order.kfc.com.cn API 需签名+登录，未绕过。
src-kfc-cn-0136,kfc-cn-zhou-mo-feng-kuang-pin-3-plus-1,肯德基,周末疯狂拼 3+1,official_menu,https://bk.taobao.com/k/xishikuaican_10241/,西式快餐百科索引（逐字引用肯德基 App『套餐类型』字段）+ 5iKFC 2026-09 券档 + 成都本地宝疯四页,淘宝百科/5iKFC/成都本地宝（转引肯德基官方促销与 App 套餐字段）,2026-09-17,,False,D,无营养数值，仅菜单事实：品名/分类/套餐组成,菜单事实来源，非营养来源。官方 order.kfc.com.cn API 需签名+登录，未绕过。
src-kfc-cn-0137,kfc-cn-re-la-xiang-gu-ji-san-jian-tao,肯德基,热辣香骨鸡三件套,official_menu,https://bk.taobao.com/k/xishikuaican_10241/,西式快餐百科索引（逐字引用肯德基 App『套餐类型』字段）+ 5iKFC 2026-09 券档 + 成都本地宝疯四页,淘宝百科/5iKFC/成都本地宝（转引肯德基官方促销与 App 套餐字段）,2026-09-17,,False,D,无营养数值，仅菜单事实：品名/分类/套餐组成,菜单事实来源，非营养来源。官方 order.kfc.com.cn API 需签名+登录，未绕过。
src-kfc-cn-0138,kfc-cn-xin-orlean-kao-chi-san-jian-tao,肯德基,新奥尔良烤翅三件套,official_menu,https://bk.taobao.com/k/xishikuaican_10241/,西式快餐百科索引（逐字引用肯德基 App『套餐类型』字段）+ 5iKFC 2026-09 券档 + 成都本地宝疯四页,淘宝百科/5iKFC/成都本地宝（转引肯德基官方促销与 App 套餐字段）,2026-09-17,,False,D,无营养数值，仅菜单事实：品名/分类/套餐组成,菜单事实来源，非营养来源。官方 order.kfc.com.cn API 需签名+登录，未绕过。
src-kfc-cn-0139,kfc-cn-han-bao-dan-ren-can,肯德基,汉堡单人餐,official_menu,https://bk.taobao.com/k/xishikuaican_10241/,西式快餐百科索引（逐字引用肯德基 App『套餐类型』字段）+ 5iKFC 2026-09 券档 + 成都本地宝疯四页,淘宝百科/5iKFC/成都本地宝（转引肯德基官方促销与 App 套餐字段）,2026-09-17,,False,D,无营养数值，仅菜单事实：品名/分类/套餐组成,菜单事实来源，非营养来源。官方 order.kfc.com.cn API 需签名+登录，未绕过。
src-kfc-cn-0140,kfc-cn-xia-wu-cha-san-jian-tao,肯德基,下午茶三件套,official_menu,https://bk.taobao.com/k/xishikuaican_10241/,西式快餐百科索引（逐字引用肯德基 App『套餐类型』字段）+ 5iKFC 2026-09 券档 + 成都本地宝疯四页,淘宝百科/5iKFC/成都本地宝（转引肯德基官方促销与 App 套餐字段）,2026-09-17,,False,D,无营养数值，仅菜单事实：品名/分类/套餐组成,菜单事实来源，非营养来源。官方 order.kfc.com.cn API 需签名+登录，未绕过。
src-kfc-cn-0141,kfc-cn-zao-can-san-jian-tao,肯德基,早餐三件套,official_menu,https://bk.taobao.com/k/xishikuaican_10241/,西式快餐百科索引（逐字引用肯德基 App『套餐类型』字段）+ 5iKFC 2026-09 券档 + 成都本地宝疯四页,淘宝百科/5iKFC/成都本地宝（转引肯德基官方促销与 App 套餐字段）,2026-09-17,,False,D,无营养数值，仅菜单事实：品名/分类/套餐组成,菜单事实来源，非营养来源。官方 order.kfc.com.cn API 需签名+登录，未绕过。
src-kfc-cn-0142,kfc-cn-shi-chi-yi-tong,肯德基,十翅一桶,official_menu,https://bk.taobao.com/k/xishikuaican_10241/,西式快餐百科索引（逐字引用肯德基 App『套餐类型』字段）+ 5iKFC 2026-09 券档 + 成都本地宝疯四页,淘宝百科/5iKFC/成都本地宝（转引肯德基官方促销与 App 套餐字段）,2026-09-17,,False,D,无营养数值，仅菜单事实：品名/分类/套餐组成,菜单事实来源，非营养来源。官方 order.kfc.com.cn API 需签名+登录，未绕过。
src-kfc-cn-0143,kfc-cn-wang-lin-tong-kuan-tao-can,肯德基,王林同款套餐（仙逆联名）,official_menu,https://bk.taobao.com/k/xishikuaican_10241/,西式快餐百科索引（逐字引用肯德基 App『套餐类型』字段）+ 5iKFC 2026-09 券档 + 成都本地宝疯四页,淘宝百科/5iKFC/成都本地宝（转引肯德基官方促销与 App 套餐字段）,2026-09-17,,False,D,无营养数值，仅菜单事实：品名/分类/套餐组成,菜单事实来源，非营养来源。官方 order.kfc.com.cn API 需签名+登录，未绕过。
src-kfc-cn-0144,kfc-cn-kuang-huan-chang-xuan-tong,肯德基,狂欢畅选桶,official_menu,https://bk.taobao.com/k/xishikuaican_10241/,西式快餐百科索引（逐字引用肯德基 App『套餐类型』字段）+ 5iKFC 2026-09 券档 + 成都本地宝疯四页,淘宝百科/5iKFC/成都本地宝（转引肯德基官方促销与 App 套餐字段）,2026-09-17,,False,D,无营养数值，仅菜单事实：品名/分类/套餐组成,菜单事实来源，非营养来源。官方 order.kfc.com.cn API 需签名+登录，未绕过。
src-lxj-001,laoxiangji-cn-001-boluogulaorou,老乡鸡,菠萝咕咾肉,official_label,https://lxjchina.com.cn/upload/2026-05/177828991193340300.pdf,《老乡鸡菜品溯源报告2.0》菜品营养成分信息表（每100g，序号1）,老乡鸡（食品安全部/研发部等；第三方检测机构检测）,2026-04-30,官方委托第三方检测机构对191款在售产品检测营养成分4+1(热量/蛋白质/脂肪/碳水/钠)，每100g基准；报告830页32.2万字，2026-04-30发布，官网可下载。,True,A,energy=228kcal/100g; protein=7.2g; fat=12.0g; carbs=22.8g; sodium=319mg,
src-lxj-002,laoxiangji-cn-002-gongbaojiding,老乡鸡,宫保鸡丁,official_label,https://lxjchina.com.cn/upload/2026-05/177828991193340300.pdf,《老乡鸡菜品溯源报告2.0》菜品营养成分信息表（每100g，序号2）,老乡鸡（食品安全部/研发部等；第三方检测机构检测）,2026-04-30,官方委托第三方检测机构对191款在售产品检测营养成分4+1(热量/蛋白质/脂肪/碳水/钠)，每100g基准；报告830页32.2万字，2026-04-30发布，官网可下载。,True,A,energy=244kcal/100g; protein=13.8g; fat=17.2g; carbs=8.7g; sodium=657mg,
src-lxj-003,laoxiangji-cn-003-hetangxiaochao,老乡鸡,荷塘小炒,official_label,https://lxjchina.com.cn/upload/2026-05/177828991193340300.pdf,《老乡鸡菜品溯源报告2.0》菜品营养成分信息表（每100g，序号3）,老乡鸡（食品安全部/研发部等；第三方检测机构检测）,2026-04-30,官方委托第三方检测机构对191款在售产品检测营养成分4+1(热量/蛋白质/脂肪/碳水/钠)，每100g基准；报告830页32.2万字，2026-04-30发布，官网可下载。,True,A,energy=71kcal/100g; protein=1.4g; fat=3.7g; carbs=8.1g; sodium=420mg,
src-lxj-004,laoxiangji-cn-004-jiachangchaodonggua,老乡鸡,家常炒冬瓜,official_label,https://lxjchina.com.cn/upload/2026-05/177828991193340300.pdf,《老乡鸡菜品溯源报告2.0》菜品营养成分信息表（每100g，序号4）,老乡鸡（食品安全部/研发部等；第三方检测机构检测）,2026-04-30,官方委托第三方检测机构对191款在售产品检测营养成分4+1(热量/蛋白质/脂肪/碳水/钠)，每100g基准；报告830页32.2万字，2026-04-30发布，官网可下载。,True,A,energy=48kcal/100g; protein=0.9g; fat=3.6g; carbs=3.2g; sodium=435mg,
src-lxj-005,laoxiangji-cn-005-jiachangtudoupian,老乡鸡,家常土豆片,official_label,https://lxjchina.com.cn/upload/2026-05/177828991193340300.pdf,《老乡鸡菜品溯源报告2.0》菜品营养成分信息表（每100g，序号5）,老乡鸡（食品安全部/研发部等；第三方检测机构检测）,2026-04-30,官方委托第三方检测机构对191款在售产品检测营养成分4+1(热量/蛋白质/脂肪/碳水/钠)，每100g基准；报告830页32.2万字，2026-04-30发布，官网可下载。,True,A,energy=80kcal/100g; protein=1.6g; fat=3.3g; carbs=11.0g; sodium=517mg,
src-lxj-006,laoxiangji-cn-006-nongjiaxiaochaorou-jidangan,老乡鸡,农家小炒肉（鸡蛋干版）,official_label,https://lxjchina.com.cn/upload/2026-05/177828991193340300.pdf,《老乡鸡菜品溯源报告2.0》菜品营养成分信息表（每100g，序号6）,老乡鸡（食品安全部/研发部等；第三方检测机构检测）,2026-04-30,官方委托第三方检测机构对191款在售产品检测营养成分4+1(热量/蛋白质/脂肪/碳水/钠)，每100g基准；报告830页32.2万字，2026-04-30发布，官网可下载。,True,A,energy=191kcal/100g; protein=11.5g; fat=14.5g; carbs=4.0g; sodium=754mg,
src-lxj-007,laoxiangji-cn-007-qincaichaoxianggan,老乡鸡,芹菜炒香干,official_label,https://lxjchina.com.cn/upload/2026-05/177828991193340300.pdf,《老乡鸡菜品溯源报告2.0》菜品营养成分信息表（每100g，序号7）,老乡鸡（食品安全部/研发部等；第三方检测机构检测）,2026-04-30,官方委托第三方检测机构对191款在售产品检测营养成分4+1(热量/蛋白质/脂肪/碳水/钠)，每100g基准；报告830页32.2万字，2026-04-30发布，官网可下载。,True,A,energy=140kcal/100g; protein=9.5g; fat=9.3g; carbs=4.8g; sodium=850mg,
src-lxj-008,laoxiangji-cn-008-qingcaijiaochaodouya,老乡鸡,青菜椒炒豆芽,official_label,https://lxjchina.com.cn/upload/2026-05/177828991193340300.pdf,《老乡鸡菜品溯源报告2.0》菜品营养成分信息表（每100g，序号8）,老乡鸡（食品安全部/研发部等；第三方检测机构检测）,2026-04-30,官方委托第三方检测机构对191款在售产品检测营养成分4+1(热量/蛋白质/脂肪/碳水/钠)，每100g基准；报告830页32.2万字，2026-04-30发布，官网可下载。,True,A,energy=123kcal/100g; protein=1.6g; fat=11.2g; carbs=4.3g; sodium=768mg,
src-lxj-009,laoxiangji-cn-009-qingjiaochaojidan,老乡鸡,青椒炒鸡蛋,official_label,https://lxjchina.com.cn/upload/2026-05/177828991193340300.pdf,《老乡鸡菜品溯源报告2.0》菜品营养成分信息表（每100g，序号9）,老乡鸡（食品安全部/研发部等；第三方检测机构检测）,2026-04-30,官方委托第三方检测机构对191款在售产品检测营养成分4+1(热量/蛋白质/脂肪/碳水/钠)，每100g基准；报告830页32.2万字，2026-04-30发布，官网可下载。,True,A,energy=165kcal/100g; protein=4.6g; fat=14.7g; carbs=3.9g; sodium=525mg,
src-lxj-010,laoxiangji-cn-010-qingjiaochaoqianzhang,老乡鸡,青椒炒千张,official_label,https://lxjchina.com.cn/upload/2026-05/177828991193340300.pdf,《老乡鸡菜品溯源报告2.0》菜品营养成分信息表（每100g，序号10）,老乡鸡（食品安全部/研发部等；第三方检测机构检测）,2026-04-30,官方委托第三方检测机构对191款在售产品检测营养成分4+1(热量/蛋白质/脂肪/碳水/钠)，每100g基准；报告830页32.2万字，2026-04-30发布，官网可下载。,True,A,energy=177kcal/100g; protein=12.4g; fat=12.7g; carbs=3.6g; sodium=457mg,
src-lxj-011,laoxiangji-cn-011-suanlabaocai,老乡鸡,酸辣包菜,official_label,https://lxjchina.com.cn/upload/2026-05/177828991193340300.pdf,《老乡鸡菜品溯源报告2.0》菜品营养成分信息表（每100g，序号11）,老乡鸡（食品安全部/研发部等；第三方检测机构检测）,2026-04-30,官方委托第三方检测机构对191款在售产品检测营养成分4+1(热量/蛋白质/脂肪/碳水/钠)，每100g基准；报告830页32.2万字，2026-04-30发布，官网可下载。,True,A,energy=95kcal/100g; protein=1.5g; fat=8.0g; carbs=4.5g; sodium=491mg,
src-lxj-012,laoxiangji-cn-012-suanlatudousi,老乡鸡,酸辣土豆丝,official_label,https://lxjchina.com.cn/upload/2026-05/177828991193340300.pdf,《老乡鸡菜品溯源报告2.0》菜品营养成分信息表（每100g，序号12）,老乡鸡（食品安全部/研发部等；第三方检测机构检测）,2026-04-30,官方委托第三方检测机构对191款在售产品检测营养成分4+1(热量/蛋白质/脂肪/碳水/钠)，每100g基准；报告830页32.2万字，2026-04-30发布，官网可下载。,True,A,energy=103kcal/100g; protein=1.6g; fat=5.3g; carbs=12.2g; sodium=550mg,
src-lxj-013,laoxiangji-cn-013-suantaichaomuer,老乡鸡,蒜苔炒木耳,official_label,https://lxjchina.com.cn/upload/2026-05/177828991193340300.pdf,《老乡鸡菜品溯源报告2.0》菜品营养成分信息表（每100g，序号13）,老乡鸡（食品安全部/研发部等；第三方检测机构检测）,2026-04-30,官方委托第三方检测机构对191款在售产品检测营养成分4+1(热量/蛋白质/脂肪/碳水/钠)，每100g基准；报告830页32.2万字，2026-04-30发布，官网可下载。,True,A,energy=129kcal/100g; protein=2.1g; fat=8.8g; carbs=10.5g; sodium=1120mg,
src-lxj-014,laoxiangji-cn-014-waipocaichaojidan,老乡鸡,外婆菜炒鸡蛋,official_label,https://lxjchina.com.cn/upload/2026-05/177828991193340300.pdf,《老乡鸡菜品溯源报告2.0》菜品营养成分信息表（每100g，序号14）,老乡鸡（食品安全部/研发部等；第三方检测机构检测）,2026-04-30,官方委托第三方检测机构对191款在售产品检测营养成分4+1(热量/蛋白质/脂肪/碳水/钠)，每100g基准；报告830页32.2万字，2026-04-30发布，官网可下载。,True,A,energy=202kcal/100g; protein=6.4g; fat=15.6g; carbs=9.3g; sodium=876mg,
src-lxj-015,laoxiangji-cn-015-xihongshichaojidan,老乡鸡,西红柿炒鸡蛋,official_label,https://lxjchina.com.cn/upload/2026-05/177828991193340300.pdf,《老乡鸡菜品溯源报告2.0》菜品营养成分信息表（每100g，序号15）,老乡鸡（食品安全部/研发部等；第三方检测机构检测）,2026-04-30,官方委托第三方检测机构对191款在售产品检测营养成分4+1(热量/蛋白质/脂肪/碳水/钠)，每100g基准；报告830页32.2万字，2026-04-30发布，官网可下载。,True,A,energy=139kcal/100g; protein=4.2g; fat=11.8g; carbs=4.4g; sodium=361mg,
src-lxj-015-tp,laoxiangji-cn-015-xihongshichaojidan,老乡鸡,西红柿炒鸡蛋,third_party_analysis,https://m.trfsz.com/newsview1316060.html,老乡鸡美食热量大揭秘(泰然健康网),泰然健康网,2025-05-23,第三方汇总的per-份能量，未披露称重/拆解方法，声称参考门店价目牌；仅作per-份量级参考，不用于修改官方每100g A级值。,False,C,泰然健康网 per-份 energy=163kcal；小红书云朵 per-份 energy=163kcal,per-份基准，与官方per-100g基准不同；两来源互相冲突时见SKU conflicting_sources。
src-lxj-016,laoxiangji-cn-016-xiaochaobaocai,老乡鸡,小炒包菜,official_label,https://lxjchina.com.cn/upload/2026-05/177828991193340300.pdf,《老乡鸡菜品溯源报告2.0》菜品营养成分信息表（每100g，序号16）,老乡鸡（食品安全部/研发部等；第三方检测机构检测）,2026-04-30,官方委托第三方检测机构对191款在售产品检测营养成分4+1(热量/蛋白质/脂肪/碳水/钠)，每100g基准；报告830页32.2万字，2026-04-30发布，官网可下载。,True,A,energy=97kcal/100g; protein=5.3g; fat=7.6g; carbs=2.0g; sodium=952mg,
src-lxj-017,laoxiangji-cn-017-xiaochaojiding,老乡鸡,小炒鸡丁,official_label,https://lxjchina.com.cn/upload/2026-05/177828991193340300.pdf,《老乡鸡菜品溯源报告2.0》菜品营养成分信息表（每100g，序号17）,老乡鸡（食品安全部/研发部等；第三方检测机构检测）,2026-04-30,官方委托第三方检测机构对191款在售产品检测营养成分4+1(热量/蛋白质/脂肪/碳水/钠)，每100g基准；报告830页32.2万字，2026-04-30发布，官网可下载。,True,A,energy=159kcal/100g; protein=10.8g; fat=10.7g; carbs=5.1g; sodium=763mg,
src-lxj-018,laoxiangji-cn-018-xiaochaoxianggan,老乡鸡,小炒香干,official_label,https://lxjchina.com.cn/upload/2026-05/177828991193340300.pdf,《老乡鸡菜品溯源报告2.0》菜品营养成分信息表（每100g，序号18）,老乡鸡（食品安全部/研发部等；第三方检测机构检测）,2026-04-30,官方委托第三方检测机构对191款在售产品检测营养成分4+1(热量/蛋白质/脂肪/碳水/钠)，每100g基准；报告830页32.2万字，2026-04-30发布，官网可下载。,True,A,energy=164kcal/100g; protein=15.4g; fat=8.9g; carbs=5.5g; sodium=688mg,
src-lxj-019,laoxiangji-cn-019-yuxiangrousi,老乡鸡,鱼香肉丝,official_label,https://lxjchina.com.cn/upload/2026-05/177828991193340300.pdf,《老乡鸡菜品溯源报告2.0》菜品营养成分信息表（每100g，序号19）,老乡鸡（食品安全部/研发部等；第三方检测机构检测）,2026-04-30,官方委托第三方检测机构对191款在售产品检测营养成分4+1(热量/蛋白质/脂肪/碳水/钠)，每100g基准；报告830页32.2万字，2026-04-30发布，官网可下载。,True,A,energy=162kcal/100g; protein=3.9g; fat=13.1g; carbs=7.4g; sodium=1040mg,
src-lxj-020,laoxiangji-cn-020-xilanhuachaojixiongrou,老乡鸡,西兰花炒鸡胸肉,official_label,https://lxjchina.com.cn/upload/2026-05/177828991193340300.pdf,《老乡鸡菜品溯源报告2.0》菜品营养成分信息表（每100g，序号20）,老乡鸡（食品安全部/研发部等；第三方检测机构检测）,2026-04-30,官方委托第三方检测机构对191款在售产品检测营养成分4+1(热量/蛋白质/脂肪/碳水/钠)，每100g基准；报告830页32.2万字，2026-04-30发布，官网可下载。,True,A,energy=94kcal/100g; protein=8.3g; fat=5.2g; carbs=3.5g; sodium=261mg,
src-lxj-021,laoxiangji-cn-021-sanbeiji,老乡鸡,三杯鸡,official_label,https://lxjchina.com.cn/upload/2026-05/177828991193340300.pdf,《老乡鸡菜品溯源报告2.0》菜品营养成分信息表（每100g，序号21）,老乡鸡（食品安全部/研发部等；第三方检测机构检测）,2026-04-30,官方委托第三方检测机构对191款在售产品检测营养成分4+1(热量/蛋白质/脂肪/碳水/钠)，每100g基准；报告830页32.2万字，2026-04-30发布，官网可下载。,True,A,energy=249kcal/100g; protein=14.5g; fat=16.7g; carbs=10.5g; sodium=589mg,
src-lxj-022,laoxiangji-cn-022-suantaichaojizhen,老乡鸡,蒜苔炒鸡胗,official_label,https://lxjchina.com.cn/upload/2026-05/177828991193340300.pdf,《老乡鸡菜品溯源报告2.0》菜品营养成分信息表（每100g，序号22）,老乡鸡（食品安全部/研发部等；第三方检测机构检测）,2026-04-30,官方委托第三方检测机构对191款在售产品检测营养成分4+1(热量/蛋白质/脂肪/碳水/钠)，每100g基准；报告830页32.2万字，2026-04-30发布，官网可下载。,True,A,energy=150kcal/100g; protein=9.7g; fat=8.9g; carbs=7.8g; sodium=733mg,
src-lxj-023,laoxiangji-cn-023-baochaoniurou,老乡鸡,爆炒牛肉,official_label,https://lxjchina.com.cn/upload/2026-05/177828991193340300.pdf,《老乡鸡菜品溯源报告2.0》菜品营养成分信息表（每100g，序号23）,老乡鸡（食品安全部/研发部等；第三方检测机构检测）,2026-04-30,官方委托第三方检测机构对191款在售产品检测营养成分4+1(热量/蛋白质/脂肪/碳水/钠)，每100g基准；报告830页32.2万字，2026-04-30发布，官网可下载。,True,A,energy=126kcal/100g; protein=6.8g; fat=8.1g; carbs=6.5g; sodium=844mg,
src-lxj-024,laoxiangji-cn-024-qingchaoxilanhua,老乡鸡,清炒西兰花,official_label,https://lxjchina.com.cn/upload/2026-05/177828991193340300.pdf,《老乡鸡菜品溯源报告2.0》菜品营养成分信息表（每100g，序号24）,老乡鸡（食品安全部/研发部等；第三方检测机构检测）,2026-04-30,官方委托第三方检测机构对191款在售产品检测营养成分4+1(热量/蛋白质/脂肪/碳水/钠)，每100g基准；报告830页32.2万字，2026-04-30发布，官网可下载。,True,A,energy=82kcal/100g; protein=3.1g; fat=5.6g; carbs=4.9g; sodium=346mg,
src-lxj-025,laoxiangji-cn-025-qingchaomaobaicai,老乡鸡,清炒毛白菜,official_label,https://lxjchina.com.cn/upload/2026-05/177828991193340300.pdf,《老乡鸡菜品溯源报告2.0》菜品营养成分信息表（每100g，序号25）,老乡鸡（食品安全部/研发部等；第三方检测机构检测）,2026-04-30,官方委托第三方检测机构对191款在售产品检测营养成分4+1(热量/蛋白质/脂肪/碳水/钠)，每100g基准；报告830页32.2万字，2026-04-30发布，官网可下载。,True,A,energy=89kcal/100g; protein=1.7g; fat=8.8g; carbs=1.0g; sodium=398mg,
src-lxj-026,laoxiangji-cn-026-suanlahaidaisi,老乡鸡,酸辣海带丝,official_label,https://lxjchina.com.cn/upload/2026-05/177828991193340300.pdf,《老乡鸡菜品溯源报告2.0》菜品营养成分信息表（每100g，序号26）,老乡鸡（食品安全部/研发部等；第三方检测机构检测）,2026-04-30,官方委托第三方检测机构对191款在售产品检测营养成分4+1(热量/蛋白质/脂肪/碳水/钠)，每100g基准；报告830页32.2万字，2026-04-30发布，官网可下载。,True,A,energy=92kcal/100g; protein=1.7g; fat=7.0g; carbs=5.8g; sodium=851mg,
src-lxj-027,laoxiangji-cn-027-qingchaooupian,老乡鸡,清炒藕片,official_label,https://lxjchina.com.cn/upload/2026-05/177828991193340300.pdf,《老乡鸡菜品溯源报告2.0》菜品营养成分信息表（每100g，序号27）,老乡鸡（食品安全部/研发部等；第三方检测机构检测）,2026-04-30,官方委托第三方检测机构对191款在售产品检测营养成分4+1(热量/蛋白质/脂肪/碳水/钠)，每100g基准；报告830页32.2万字，2026-04-30发布，官网可下载。,True,A,energy=101kcal/100g; protein=1.3g; fat=4.4g; carbs=14.0g; sodium=382mg,
src-lxj-028,laoxiangji-cn-028-qingjiaochaoqianzhang-xiaofen,老乡鸡,青椒炒千张（小份）,official_label,https://lxjchina.com.cn/upload/2026-05/177828991193340300.pdf,《老乡鸡菜品溯源报告2.0》菜品营养成分信息表（每100g，序号28）,老乡鸡（食品安全部/研发部等；第三方检测机构检测）,2026-04-30,官方委托第三方检测机构对191款在售产品检测营养成分4+1(热量/蛋白质/脂肪/碳水/钠)，每100g基准；报告830页32.2万字，2026-04-30发布，官网可下载。,True,A,energy=190kcal/100g; protein=13.8g; fat=13.9g; carbs=2.6g; sodium=416mg,
src-lxj-029,laoxiangji-cn-029-qingjiaotudousi,老乡鸡,青椒土豆丝,official_label,https://lxjchina.com.cn/upload/2026-05/177828991193340300.pdf,《老乡鸡菜品溯源报告2.0》菜品营养成分信息表（每100g，序号29）,老乡鸡（食品安全部/研发部等；第三方检测机构检测）,2026-04-30,官方委托第三方检测机构对191款在售产品检测营养成分4+1(热量/蛋白质/脂肪/碳水/钠)，每100g基准；报告830页32.2万字，2026-04-30发布，官网可下载。,True,A,energy=104kcal/100g; protein=1.4g; fat=7.3g; carbs=8.4g; sodium=4668mg,钠值异常偏高，照录未改
src-lxj-030,laoxiangji-cn-030-wosunsichaojidan,老乡鸡,莴笋丝炒鸡蛋,official_label,https://lxjchina.com.cn/upload/2026-05/177828991193340300.pdf,《老乡鸡菜品溯源报告2.0》菜品营养成分信息表（每100g，序号30）,老乡鸡（食品安全部/研发部等；第三方检测机构检测）,2026-04-30,官方委托第三方检测机构对191款在售产品检测营养成分4+1(热量/蛋白质/脂肪/碳水/钠)，每100g基准；报告830页32.2万字，2026-04-30发布，官网可下载。,True,A,energy=144kcal/100g; protein=4.4g; fat=13.5g; carbs=1.7g; sodium=665mg,
src-lxj-031,laoxiangji-cn-031-xiaochaocuisun,老乡鸡,小炒脆笋,official_label,https://lxjchina.com.cn/upload/2026-05/177828991193340300.pdf,《老乡鸡菜品溯源报告2.0》菜品营养成分信息表（每100g，序号31）,老乡鸡（食品安全部/研发部等；第三方检测机构检测）,2026-04-30,官方委托第三方检测机构对191款在售产品检测营养成分4+1(热量/蛋白质/脂肪/碳水/钠)，每100g基准；报告830页32.2万字，2026-04-30发布，官网可下载。,True,A,energy=144kcal/100g; protein=8.2g; fat=11.4g; carbs=2.5g; sodium=470mg,
src-lxj-032,laoxiangji-cn-032-doupimaobaicai,老乡鸡,豆皮毛白菜,official_label,https://lxjchina.com.cn/upload/2026-05/177828991193340300.pdf,《老乡鸡菜品溯源报告2.0》菜品营养成分信息表（每100g，序号32）,老乡鸡（食品安全部/研发部等；第三方检测机构检测）,2026-04-30,官方委托第三方检测机构对191款在售产品检测营养成分4+1(热量/蛋白质/脂肪/碳水/钠)，每100g基准；报告830页32.2万字，2026-04-30发布，官网可下载。,True,A,energy=113kcal/100g; protein=2.8g; fat=10.7g; carbs=1.7g; sodium=445mg,
src-lxj-033,laoxiangji-cn-033-duojiaomuerchaojidan,老乡鸡,剁椒木耳炒鸡蛋,official_label,https://lxjchina.com.cn/upload/2026-05/177828991193340300.pdf,《老乡鸡菜品溯源报告2.0》菜品营养成分信息表（每100g，序号33）,老乡鸡（食品安全部/研发部等；第三方检测机构检测）,2026-04-30,官方委托第三方检测机构对191款在售产品检测营养成分4+1(热量/蛋白质/脂肪/碳水/钠)，每100g基准；报告830页32.2万字，2026-04-30发布，官网可下载。,True,A,energy=179kcal/100g; protein=6.2g; fat=15.3g; carbs=4.5g; sodium=590mg,
src-lxj-034,laoxiangji-cn-034-guizhoufengweilaziji,老乡鸡,贵州风味辣子鸡,official_label,https://lxjchina.com.cn/upload/2026-05/177828991193340300.pdf,《老乡鸡菜品溯源报告2.0》菜品营养成分信息表（每100g，序号34）,老乡鸡（食品安全部/研发部等；第三方检测机构检测）,2026-04-30,官方委托第三方检测机构对191款在售产品检测营养成分4+1(热量/蛋白质/脂肪/碳水/钠)，每100g基准；报告830页32.2万字，2026-04-30发布，官网可下载。,True,A,energy=266kcal/100g; protein=16.1g; fat=20.9g; carbs=4.0g; sodium=1030mg,
src-lxj-035,laoxiangji-cn-035-qingchaowuxincai,老乡鸡,清炒乌心菜,official_label,https://lxjchina.com.cn/upload/2026-05/177828991193340300.pdf,《老乡鸡菜品溯源报告2.0》菜品营养成分信息表（每100g，序号35）,老乡鸡（食品安全部/研发部等；第三方检测机构检测）,2026-04-30,官方委托第三方检测机构对191款在售产品检测营养成分4+1(热量/蛋白质/脂肪/碳水/钠)，每100g基准；报告830页32.2万字，2026-04-30发布，官网可下载。,True,A,energy=110kcal/100g; protein=1.8g; fat=10.4g; carbs=2.7g; sodium=231mg,
src-lxj-036,laoxiangji-cn-036-jiachangxiaochao,老乡鸡,家常小炒,official_label,https://lxjchina.com.cn/upload/2026-05/177828991193340300.pdf,《老乡鸡菜品溯源报告2.0》菜品营养成分信息表（每100g，序号36）,老乡鸡（食品安全部/研发部等；第三方检测机构检测）,2026-04-30,官方委托第三方检测机构对191款在售产品检测营养成分4+1(热量/蛋白质/脂肪/碳水/钠)，每100g基准；报告830页32.2万字，2026-04-30发布，官网可下载。,True,A,energy=125kcal/100g; protein=6.0g; fat=8.9g; carbs=5.5g; sodium=503mg,
src-lxj-037,laoxiangji-cn-037-suanhuangchaojidan,老乡鸡,蒜黄炒鸡蛋,official_label,https://lxjchina.com.cn/upload/2026-05/177828991193340300.pdf,《老乡鸡菜品溯源报告2.0》菜品营养成分信息表（每100g，序号37）,老乡鸡（食品安全部/研发部等；第三方检测机构检测）,2026-04-30,官方委托第三方检测机构对191款在售产品检测营养成分4+1(热量/蛋白质/脂肪/碳水/钠)，每100g基准；报告830页32.2万字，2026-04-30发布，官网可下载。,True,A,energy=114kcal/100g; protein=4.2g; fat=9.4g; carbs=3.3g; sodium=475mg,
src-lxj-038,laoxiangji-cn-038-qingchaochuncai,老乡鸡,清炒春菜,official_label,https://lxjchina.com.cn/upload/2026-05/177828991193340300.pdf,《老乡鸡菜品溯源报告2.0》菜品营养成分信息表（每100g，序号38）,老乡鸡（食品安全部/研发部等；第三方检测机构检测）,2026-04-30,官方委托第三方检测机构对191款在售产品检测营养成分4+1(热量/蛋白质/脂肪/碳水/钠)，每100g基准；报告830页32.2万字，2026-04-30发布，官网可下载。,True,A,energy=36kcal/100g; protein=1.5g; fat=2.1g; carbs=2.9g; sodium=337mg,
src-lxj-039,laoxiangji-cn-039-qingchaocaixin,老乡鸡,清炒菜心,official_label,https://lxjchina.com.cn/upload/2026-05/177828991193340300.pdf,《老乡鸡菜品溯源报告2.0》菜品营养成分信息表（每100g，序号39）,老乡鸡（食品安全部/研发部等；第三方检测机构检测）,2026-04-30,官方委托第三方检测机构对191款在售产品检测营养成分4+1(热量/蛋白质/脂肪/碳水/钠)，每100g基准；报告830页32.2万字，2026-04-30发布，官网可下载。,True,A,energy=67kcal/100g; protein=2.5g; fat=4.5g; carbs=4.1g; sodium=861mg,
src-lxj-040,laoxiangji-cn-040-qingchaotacai,老乡鸡,清炒塔菜,official_label,https://lxjchina.com.cn/upload/2026-05/177828991193340300.pdf,《老乡鸡菜品溯源报告2.0》菜品营养成分信息表（每100g，序号40）,老乡鸡（食品安全部/研发部等；第三方检测机构检测）,2026-04-30,官方委托第三方检测机构对191款在售产品检测营养成分4+1(热量/蛋白质/脂肪/碳水/钠)，每100g基准；报告830页32.2万字，2026-04-30发布，官网可下载。,True,A,energy=52kcal/100g; protein=2.7g; fat=3.5g; carbs=2.5g; sodium=347mg,
src-lxj-041,laoxiangji-cn-041-baicaidundoufu,老乡鸡,白菜炖豆腐,official_label,https://lxjchina.com.cn/upload/2026-05/177828991193340300.pdf,《老乡鸡菜品溯源报告2.0》菜品营养成分信息表（每100g，序号41）,老乡鸡（食品安全部/研发部等；第三方检测机构检测）,2026-04-30,官方委托第三方检测机构对191款在售产品检测营养成分4+1(热量/蛋白质/脂肪/碳水/钠)，每100g基准；报告830页32.2万字，2026-04-30发布，官网可下载。,True,A,energy=70kcal/100g; protein=6.1g; fat=3.9g; carbs=2.7g; sodium=412mg,
src-lxj-041-tp,laoxiangji-cn-041-baicaidundoufu,老乡鸡,白菜炖豆腐,third_party_analysis,https://m.trfsz.com/newsview1316060.html,老乡鸡美食热量大揭秘(泰然健康网),泰然健康网,2025-05-23,第三方汇总的per-份能量，未披露称重/拆解方法，声称参考门店价目牌；仅作per-份量级参考，不用于修改官方每100g A级值。,False,C,泰然健康网 per-份 energy=100kcal；小红书云朵 per-份 energy=100kcal,per-份基准，与官方per-100g基准不同；两来源互相冲突时见SKU conflicting_sources。
src-lxj-042,laoxiangji-cn-042-jinqiubanlishaoji,老乡鸡,金秋板栗烧鸡,official_label,https://lxjchina.com.cn/upload/2026-05/177828991193340300.pdf,《老乡鸡菜品溯源报告2.0》菜品营养成分信息表（每100g，序号42）,老乡鸡（食品安全部/研发部等；第三方检测机构检测）,2026-04-30,官方委托第三方检测机构对191款在售产品检测营养成分4+1(热量/蛋白质/脂肪/碳水/钠)，每100g基准；报告830页32.2万字，2026-04-30发布，官网可下载。,True,A,energy=185kcal/100g; protein=14.6g; fat=9.2g; carbs=10.9g; sodium=702mg,
src-lxj-042-tp,laoxiangji-cn-042-jinqiubanlishaoji,老乡鸡,金秋板栗烧鸡,third_party_analysis,https://m.trfsz.com/newsview1316060.html,老乡鸡美食热量大揭秘(泰然健康网),泰然健康网,2025-05-23,第三方汇总的per-份能量，未披露称重/拆解方法，声称参考门店价目牌；仅作per-份量级参考，不用于修改官方每100g A级值。,False,C,泰然健康网 per-份 energy=400kcal,per-份基准，与官方per-100g基准不同；两来源互相冲突时见SKU conflicting_sources。
src-lxj-043,laoxiangji-cn-043-xiaojidunmogu,老乡鸡,小鸡炖蘑菇,official_label,https://lxjchina.com.cn/upload/2026-05/177828991193340300.pdf,《老乡鸡菜品溯源报告2.0》菜品营养成分信息表（每100g，序号43）,老乡鸡（食品安全部/研发部等；第三方检测机构检测）,2026-04-30,官方委托第三方检测机构对191款在售产品检测营养成分4+1(热量/蛋白质/脂肪/碳水/钠)，每100g基准；报告830页32.2万字，2026-04-30发布，官网可下载。,True,A,energy=131kcal/100g; protein=13.2g; fat=7.1g; carbs=3.6g; sodium=407mg,
src-lxj-044,laoxiangji-cn-044-jinpailaomujitang,老乡鸡,金牌老母鸡汤,official_label,https://lxjchina.com.cn/upload/2026-05/177828991193340300.pdf,《老乡鸡菜品溯源报告2.0》菜品营养成分信息表（每100g，序号44）,老乡鸡（食品安全部/研发部等；第三方检测机构检测）,2026-04-30,官方委托第三方检测机构对191款在售产品检测营养成分4+1(热量/蛋白质/脂肪/碳水/钠)，每100g基准；报告830页32.2万字，2026-04-30发布，官网可下载。,True,A,energy=38kcal/100g; protein=3.8g; fat=1.8g; carbs=1.4g; sodium=248mg,
src-lxj-045,laoxiangji-cn-045-shanyaolianzijitang,老乡鸡,山药莲子鸡汤,official_label,https://lxjchina.com.cn/upload/2026-05/177828991193340300.pdf,《老乡鸡菜品溯源报告2.0》菜品营养成分信息表（每100g，序号45）,老乡鸡（食品安全部/研发部等；第三方检测机构检测）,2026-04-30,官方委托第三方检测机构对191款在售产品检测营养成分4+1(热量/蛋白质/脂肪/碳水/钠)，每100g基准；报告830页32.2万字，2026-04-30发布，官网可下载。,True,A,energy=51kcal/100g; protein=4.2g; fat=2.0g; carbs=4.0g; sodium=473mg,
src-lxj-046,laoxiangji-cn-046-mizhiluroufan,老乡鸡,秘汁卤肉饭,official_label,https://lxjchina.com.cn/upload/2026-05/177828991193340300.pdf,《老乡鸡菜品溯源报告2.0》菜品营养成分信息表（每100g，序号46）,老乡鸡（食品安全部/研发部等；第三方检测机构检测）,2026-04-30,官方委托第三方检测机构对191款在售产品检测营养成分4+1(热量/蛋白质/脂肪/碳水/钠)，每100g基准；报告830页32.2万字，2026-04-30发布，官网可下载。,True,A,energy=157kcal/100g; protein=4.8g; fat=4.4g; carbs=24.1g; sodium=218mg,
src-lxj-047,laoxiangji-cn-047-sunzijidinggaifan-caitai,老乡鸡,笋子鸡丁盖饭（菜苔版）,official_label,https://lxjchina.com.cn/upload/2026-05/177828991193340300.pdf,《老乡鸡菜品溯源报告2.0》菜品营养成分信息表（每100g，序号47）,老乡鸡（食品安全部/研发部等；第三方检测机构检测）,2026-04-30,官方委托第三方检测机构对191款在售产品检测营养成分4+1(热量/蛋白质/脂肪/碳水/钠)，每100g基准；报告830页32.2万字，2026-04-30发布，官网可下载。,True,A,energy=172kcal/100g; protein=4.5g; fat=6.5g; carbs=23.8g; sodium=364mg,
src-lxj-048,laoxiangji-cn-048-yuxiangrousigaifan-caitai,老乡鸡,鱼香肉丝盖饭（菜苔版）,official_label,https://lxjchina.com.cn/upload/2026-05/177828991193340300.pdf,《老乡鸡菜品溯源报告2.0》菜品营养成分信息表（每100g，序号48）,老乡鸡（食品安全部/研发部等；第三方检测机构检测）,2026-04-30,官方委托第三方检测机构对191款在售产品检测营养成分4+1(热量/蛋白质/脂肪/碳水/钠)，每100g基准；报告830页32.2万字，2026-04-30发布，官网可下载。,True,A,energy=153kcal/100g; protein=4.2g; fat=5.1g; carbs=22.3g; sodium=256mg,
src-lxj-049,laoxiangji-cn-049-yuxiangrousigaifan-baocai,老乡鸡,鱼香肉丝盖饭（包菜版）,official_label,https://lxjchina.com.cn/upload/2026-05/177828991193340300.pdf,《老乡鸡菜品溯源报告2.0》菜品营养成分信息表（每100g，序号49）,老乡鸡（食品安全部/研发部等；第三方检测机构检测）,2026-04-30,官方委托第三方检测机构对191款在售产品检测营养成分4+1(热量/蛋白质/脂肪/碳水/钠)，每100g基准；报告830页32.2万字，2026-04-30发布，官网可下载。,True,A,energy=148kcal/100g; protein=4.3g; fat=4.1g; carbs=23.2g; sodium=232mg,
src-lxj-050,laoxiangji-cn-050-sunzijidinggaifan-baocai,老乡鸡,笋子鸡丁盖饭（包菜版）,official_label,https://lxjchina.com.cn/upload/2026-05/177828991193340300.pdf,《老乡鸡菜品溯源报告2.0》菜品营养成分信息表（每100g，序号50）,老乡鸡（食品安全部/研发部等；第三方检测机构检测）,2026-04-30,官方委托第三方检测机构对191款在售产品检测营养成分4+1(热量/蛋白质/脂肪/碳水/钠)，每100g基准；报告830页32.2万字，2026-04-30发布，官网可下载。,True,A,energy=171kcal/100g; protein=5.6g; fat=6.8g; carbs=21.7g; sodium=353mg,
src-lxj-051,laoxiangji-cn-051-xihongshichaojidangaifan,老乡鸡,西红柿炒鸡蛋盖饭,official_label,https://lxjchina.com.cn/upload/2026-05/177828991193340300.pdf,《老乡鸡菜品溯源报告2.0》菜品营养成分信息表（每100g，序号51）,老乡鸡（食品安全部/研发部等；第三方检测机构检测）,2026-04-30,官方委托第三方检测机构对191款在售产品检测营养成分4+1(热量/蛋白质/脂肪/碳水/钠)，每100g基准；报告830页32.2万字，2026-04-30发布，官网可下载。,True,A,energy=149kcal/100g; protein=5.0g; fat=4.8g; carbs=21.3g; sodium=334mg,
src-lxj-052,laoxiangji-cn-052-baopiqingjiao,老乡鸡,薄皮青椒,official_label,https://lxjchina.com.cn/upload/2026-05/177828991193340300.pdf,《老乡鸡菜品溯源报告2.0》菜品营养成分信息表（每100g，序号52）,老乡鸡（食品安全部/研发部等；第三方检测机构检测）,2026-04-30,官方委托第三方检测机构对191款在售产品检测营养成分4+1(热量/蛋白质/脂肪/碳水/钠)，每100g基准；报告830页32.2万字，2026-04-30发布，官网可下载。,True,A,energy=70kcal/100g; protein=1.2g; fat=5.7g; carbs=3.5g; sodium=98mg,
src-lxj-053,laoxiangji-cn-053-haidaijie,老乡鸡,海带结,official_label,https://lxjchina.com.cn/upload/2026-05/177828991193340300.pdf,《老乡鸡菜品溯源报告2.0》菜品营养成分信息表（每100g，序号53）,老乡鸡（食品安全部/研发部等；第三方检测机构检测）,2026-04-30,官方委托第三方检测机构对191款在售产品检测营养成分4+1(热量/蛋白质/脂肪/碳水/钠)，每100g基准；报告830页32.2万字，2026-04-30发布，官网可下载。,True,A,energy=44kcal/100g; protein=1.5g; fat=2.0g; carbs=5.0g; sodium=677mg,
src-lxj-054,laoxiangji-cn-054-luchigen,老乡鸡,卤翅根,official_label,https://lxjchina.com.cn/upload/2026-05/177828991193340300.pdf,《老乡鸡菜品溯源报告2.0》菜品营养成分信息表（每100g，序号54）,老乡鸡（食品安全部/研发部等；第三方检测机构检测）,2026-04-30,官方委托第三方检测机构对191款在售产品检测营养成分4+1(热量/蛋白质/脂肪/碳水/钠)，每100g基准；报告830页32.2万字，2026-04-30发布，官网可下载。,True,A,energy=187kcal/100g; protein=23.0g; fat=9.1g; carbs=3.1g; sodium=409mg,
src-lxj-054-tp,laoxiangji-cn-054-luchigen,老乡鸡,卤翅根,third_party_analysis,https://m.trfsz.com/newsview1316060.html,老乡鸡美食热量大揭秘(泰然健康网),泰然健康网,2025-05-23,第三方汇总的per-份能量，未披露称重/拆解方法，声称参考门店价目牌；仅作per-份量级参考，不用于修改官方每100g A级值。,False,C,泰然健康网 per-份 energy=108kcal,per-份基准，与官方per-100g基准不同；两来源互相冲突时见SKU conflicting_sources。
src-lxj-055,laoxiangji-cn-055-ludapai,老乡鸡,卤大排,official_label,https://lxjchina.com.cn/upload/2026-05/177828991193340300.pdf,《老乡鸡菜品溯源报告2.0》菜品营养成分信息表（每100g，序号55）,老乡鸡（食品安全部/研发部等；第三方检测机构检测）,2026-04-30,官方委托第三方检测机构对191款在售产品检测营养成分4+1(热量/蛋白质/脂肪/碳水/钠)，每100g基准；报告830页32.2万字，2026-04-30发布，官网可下载。,True,A,energy=190kcal/100g; protein=21.6g; fat=9.5g; carbs=4.4g; sodium=522mg,
src-lxj-056,laoxiangji-cn-056-lufanggan,老乡鸡,卤方干,official_label,https://lxjchina.com.cn/upload/2026-05/177828991193340300.pdf,《老乡鸡菜品溯源报告2.0》菜品营养成分信息表（每100g，序号56）,老乡鸡（食品安全部/研发部等；第三方检测机构检测）,2026-04-30,官方委托第三方检测机构对191款在售产品检测营养成分4+1(热量/蛋白质/脂肪/碳水/钠)，每100g基准；报告830页32.2万字，2026-04-30发布，官网可下载。,True,A,energy=222kcal/100g; protein=13.7g; fat=16.1g; carbs=5.9g; sodium=407mg,
src-lxj-057,laoxiangji-cn-057-lujitui,老乡鸡,卤鸡腿,official_label,https://lxjchina.com.cn/upload/2026-05/177828991193340300.pdf,《老乡鸡菜品溯源报告2.0》菜品营养成分信息表（每100g，序号57）,老乡鸡（食品安全部/研发部等；第三方检测机构检测）,2026-04-30,官方委托第三方检测机构对191款在售产品检测营养成分4+1(热量/蛋白质/脂肪/碳水/钠)，每100g基准；报告830页32.2万字，2026-04-30发布，官网可下载。,True,A,energy=175kcal/100g; protein=24.6g; fat=7.7g; carbs=1.7g; sodium=604mg,
src-lxj-057-tp,laoxiangji-cn-057-lujitui,老乡鸡,卤鸡腿,third_party_analysis,https://m.trfsz.com/newsview1316060.html,老乡鸡美食热量大揭秘(泰然健康网),泰然健康网,2025-05-23,第三方汇总的per-份能量，未披露称重/拆解方法，声称参考门店价目牌；仅作per-份量级参考，不用于修改官方每100g A级值。,False,C,泰然健康网 per-份 energy=129kcal；小红书云朵 per-份 energy=75kcal,per-份基准，与官方per-100g基准不同；两来源互相冲突时见SKU conflicting_sources。
src-lxj-058,laoxiangji-cn-058-lurouchang,老乡鸡,卤肉肠,official_label,https://lxjchina.com.cn/upload/2026-05/177828991193340300.pdf,《老乡鸡菜品溯源报告2.0》菜品营养成分信息表（每100g，序号58）,老乡鸡（食品安全部/研发部等；第三方检测机构检测）,2026-04-30,官方委托第三方检测机构对191款在售产品检测营养成分4+1(热量/蛋白质/脂肪/碳水/钠)，每100g基准；报告830页32.2万字，2026-04-30发布，官网可下载。,True,A,energy=303kcal/100g; protein=11.4g; fat=23.6g; carbs=11.7g; sodium=782mg,
src-lxj-058-tp,laoxiangji-cn-058-lurouchang,老乡鸡,卤肉肠,third_party_analysis,https://m.baidu.com/bh/m/detail/ar_5828449468476841931,老乡鸡菜品热量大揭秘(小红书/百度号 云朵裹着软晚风),云朵裹着软晚风(小红书/百度号),2026-09-18,第三方汇总的per-份能量，未披露称重/拆解方法，声称参考门店价目牌；仅作per-份量级参考，不用于修改官方每100g A级值。,False,C,小红书云朵 per-份 energy=173kcal,per-份基准，与官方per-100g基准不同；两来源互相冲突时见SKU conflicting_sources。
src-lxj-059,laoxiangji-cn-059-lusuji,老乡鸡,卤素鸡,official_label,https://lxjchina.com.cn/upload/2026-05/177828991193340300.pdf,《老乡鸡菜品溯源报告2.0》菜品营养成分信息表（每100g，序号59）,老乡鸡（食品安全部/研发部等；第三方检测机构检测）,2026-04-30,官方委托第三方检测机构对191款在售产品检测营养成分4+1(热量/蛋白质/脂肪/碳水/钠)，每100g基准；报告830页32.2万字，2026-04-30发布，官网可下载。,True,A,energy=219kcal/100g; protein=20.3g; fat=12.6g; carbs=6.2g; sodium=555mg,
src-lxj-060,laoxiangji-cn-060-bazirou,老乡鸡,把子肉,official_label,https://lxjchina.com.cn/upload/2026-05/177828991193340300.pdf,《老乡鸡菜品溯源报告2.0》菜品营养成分信息表（每100g，序号60）,老乡鸡（食品安全部/研发部等；第三方检测机构检测）,2026-04-30,官方委托第三方检测机构对191款在售产品检测营养成分4+1(热量/蛋白质/脂肪/碳水/钠)，每100g基准；报告830页32.2万字，2026-04-30发布，官网可下载。,True,A,energy=529kcal/100g; protein=14.7g; fat=53.1g; carbs=0.0g; sodium=518mg,
src-lxj-061,laoxiangji-cn-061-xiandanhuangshizitou,老乡鸡,咸蛋黄狮子头,official_label,https://lxjchina.com.cn/upload/2026-05/177828991193340300.pdf,《老乡鸡菜品溯源报告2.0》菜品营养成分信息表（每100g，序号61）,老乡鸡（食品安全部/研发部等；第三方检测机构检测）,2026-04-30,官方委托第三方检测机构对191款在售产品检测营养成分4+1(热量/蛋白质/脂肪/碳水/钠)，每100g基准；报告830页32.2万字，2026-04-30发布，官网可下载。,True,A,energy=224kcal/100g; protein=11.7g; fat=18.9g; carbs=2.2g; sodium=525mg,汇总表该行留空，值取自报告溯源卡明细经新京报转载
src-lxj-062,laoxiangji-cn-062-shaguobazirou,老乡鸡,砂锅把子肉,official_label,https://lxjchina.com.cn/upload/2026-05/177828991193340300.pdf,《老乡鸡菜品溯源报告2.0》菜品营养成分信息表（每100g，序号62）,老乡鸡（食品安全部/研发部等；第三方检测机构检测）,2026-04-30,官方委托第三方检测机构对191款在售产品检测营养成分4+1(热量/蛋白质/脂肪/碳水/钠)，每100g基准；报告830页32.2万字，2026-04-30发布，官网可下载。,True,A,energy=218kcal/100g; protein=7.5g; fat=19.9g; carbs=2.8g; sodium=432mg,
src-lxj-063,laoxiangji-cn-063-shaguodouhuaji,老乡鸡,砂锅豆花鸡,official_label,https://lxjchina.com.cn/upload/2026-05/177828991193340300.pdf,《老乡鸡菜品溯源报告2.0》菜品营养成分信息表（每100g，序号63）,老乡鸡（食品安全部/研发部等；第三方检测机构检测）,2026-04-30,官方委托第三方检测机构对191款在售产品检测营养成分4+1(热量/蛋白质/脂肪/碳水/钠)，每100g基准；报告830页32.2万字，2026-04-30发布，官网可下载。,True,A,energy=198kcal/100g; protein=11.2g; fat=16.0g; carbs=2.6g; sodium=501mg,
src-lxj-064,laoxiangji-cn-064-shaguorouzhisuji,老乡鸡,砂锅肉汁素鸡,official_label,https://lxjchina.com.cn/upload/2026-05/177828991193340300.pdf,《老乡鸡菜品溯源报告2.0》菜品营养成分信息表（每100g，序号64）,老乡鸡（食品安全部/研发部等；第三方检测机构检测）,2026-04-30,官方委托第三方检测机构对191款在售产品检测营养成分4+1(热量/蛋白质/脂肪/碳水/钠)，每100g基准；报告830页32.2万字，2026-04-30发布，官网可下载。,True,A,energy=157kcal/100g; protein=6.9g; fat=13.2g; carbs=3.1g; sodium=487mg,
src-lxj-065,laoxiangji-cn-065-shaguosuancaiyu,老乡鸡,砂锅酸菜鱼,official_label,https://lxjchina.com.cn/upload/2026-05/177828991193340300.pdf,《老乡鸡菜品溯源报告2.0》菜品营养成分信息表（每100g，序号65）,老乡鸡（食品安全部/研发部等；第三方检测机构检测）,2026-04-30,官方委托第三方检测机构对191款在售产品检测营养成分4+1(热量/蛋白质/脂肪/碳水/钠)，每100g基准；报告830页32.2万字，2026-04-30发布，官网可下载。,True,A,energy=72kcal/100g; protein=2.7g; fat=5.1g; carbs=3.8g; sodium=6164mg,钠值异常偏高，照录未改
src-lxj-066,laoxiangji-cn-066-shaguosuanrongfensixia,老乡鸡,砂锅蒜蓉粉丝虾,official_label,https://lxjchina.com.cn/upload/2026-05/177828991193340300.pdf,《老乡鸡菜品溯源报告2.0》菜品营养成分信息表（每100g，序号66）,老乡鸡（食品安全部/研发部等；第三方检测机构检测）,2026-04-30,官方委托第三方检测机构对191款在售产品检测营养成分4+1(热量/蛋白质/脂肪/碳水/钠)，每100g基准；报告830页32.2万字，2026-04-30发布，官网可下载。,True,A,energy=153kcal/100g; protein=1.5g; fat=7.8g; carbs=19.1g; sodium=599mg,
src-lxj-067,laoxiangji-cn-067-shaguolaotansuancaiyu,老乡鸡,砂锅老坛酸菜鱼,official_label,https://lxjchina.com.cn/upload/2026-05/177828991193340300.pdf,《老乡鸡菜品溯源报告2.0》菜品营养成分信息表（每100g，序号67）,老乡鸡（食品安全部/研发部等；第三方检测机构检测）,2026-04-30,官方委托第三方检测机构对191款在售产品检测营养成分4+1(热量/蛋白质/脂肪/碳水/钠)，每100g基准；报告830页32.2万字，2026-04-30发布，官网可下载。,True,A,energy=72kcal/100g; protein=2.9g; fat=3.5g; carbs=7.2g; sodium=752mg,
src-lxj-068,laoxiangji-cn-068-hongshaoqiezi,老乡鸡,红烧茄子,official_label,https://lxjchina.com.cn/upload/2026-05/177828991193340300.pdf,《老乡鸡菜品溯源报告2.0》菜品营养成分信息表（每100g，序号68）,老乡鸡（食品安全部/研发部等；第三方检测机构检测）,2026-04-30,官方委托第三方检测机构对191款在售产品检测营养成分4+1(热量/蛋白质/脂肪/碳水/钠)，每100g基准；报告830页32.2万字，2026-04-30发布，官网可下载。,True,A,energy=106kcal/100g; protein=1.3g; fat=6.2g; carbs=11.2g; sodium=532mg,
src-lxj-068-tp,laoxiangji-cn-068-hongshaoqiezi,老乡鸡,红烧茄子,third_party_analysis,https://m.trfsz.com/newsview1316060.html,老乡鸡美食热量大揭秘(泰然健康网),泰然健康网,2025-05-23,第三方汇总的per-份能量，未披露称重/拆解方法，声称参考门店价目牌；仅作per-份量级参考，不用于修改官方每100g A级值。,False,C,泰然健康网 per-份 energy=71kcal,per-份基准，与官方per-100g基准不同；两来源互相冲突时见SKU conflicting_sources。
src-lxj-069,laoxiangji-cn-069-suancaixuewangdoufu,老乡鸡,酸菜血旺豆腐,official_label,https://lxjchina.com.cn/upload/2026-05/177828991193340300.pdf,《老乡鸡菜品溯源报告2.0》菜品营养成分信息表（每100g，序号69）,老乡鸡（食品安全部/研发部等；第三方检测机构检测）,2026-04-30,官方委托第三方检测机构对191款在售产品检测营养成分4+1(热量/蛋白质/脂肪/碳水/钠)，每100g基准；报告830页32.2万字，2026-04-30发布，官网可下载。,True,A,energy=72kcal/100g; protein=5.4g; fat=4.1g; carbs=3.2g; sodium=623mg,
src-lxj-070,laoxiangji-cn-070-xianglajiza,老乡鸡,香辣鸡杂,official_label,https://lxjchina.com.cn/upload/2026-05/177828991193340300.pdf,《老乡鸡菜品溯源报告2.0》菜品营养成分信息表（每100g，序号70）,老乡鸡（食品安全部/研发部等；第三方检测机构检测）,2026-04-30,官方委托第三方检测机构对191款在售产品检测营养成分4+1(热量/蛋白质/脂肪/碳水/钠)，每100g基准；报告830页32.2万字，2026-04-30发布，官网可下载。,True,A,energy=140kcal/100g; protein=15.1g; fat=7.0g; carbs=4.0g; sodium=1201mg,
src-lxj-070-tp,laoxiangji-cn-070-xianglajiza,老乡鸡,香辣鸡杂,third_party_analysis,https://m.trfsz.com/newsview1316060.html,老乡鸡美食热量大揭秘(泰然健康网),泰然健康网,2025-05-23,第三方汇总的per-份能量，未披露称重/拆解方法，声称参考门店价目牌；仅作per-份量级参考，不用于修改官方每100g A级值。,False,C,泰然健康网 per-份 energy=340kcal；小红书云朵 per-份 energy=340kcal,per-份基准，与官方per-100g基准不同；两来源互相冲突时见SKU conflicting_sources。
src-lxj-071,laoxiangji-cn-071-anchundanhongshaorou,老乡鸡,鹌鹑蛋红烧肉,official_label,https://lxjchina.com.cn/upload/2026-05/177828991193340300.pdf,《老乡鸡菜品溯源报告2.0》菜品营养成分信息表（每100g，序号71）,老乡鸡（食品安全部/研发部等；第三方检测机构检测）,2026-04-30,官方委托第三方检测机构对191款在售产品检测营养成分4+1(热量/蛋白质/脂肪/碳水/钠)，每100g基准；报告830页32.2万字，2026-04-30发布，官网可下载。,True,A,energy=376kcal/100g; protein=17.0g; fat=31.6g; carbs=6.7g; sodium=448mg,
src-lxj-072,laoxiangji-cn-072-meigancaifengzhaochi,老乡鸡,梅干菜凤爪翅,official_label,https://lxjchina.com.cn/upload/2026-05/177828991193340300.pdf,《老乡鸡菜品溯源报告2.0》菜品营养成分信息表（每100g，序号72）,老乡鸡（食品安全部/研发部等；第三方检测机构检测）,2026-04-30,官方委托第三方检测机构对191款在售产品检测营养成分4+1(热量/蛋白质/脂肪/碳水/钠)，每100g基准；报告830页32.2万字，2026-04-30发布，官网可下载。,True,A,energy=189kcal/100g; protein=15.3g; fat=13.4g; carbs=2.0g; sodium=772mg,
src-lxj-073,laoxiangji-cn-073-tangcupaigu,老乡鸡,糖醋排骨,official_label,https://lxjchina.com.cn/upload/2026-05/177828991193340300.pdf,《老乡鸡菜品溯源报告2.0》菜品营养成分信息表（每100g，序号73）,老乡鸡（食品安全部/研发部等；第三方检测机构检测）,2026-04-30,官方委托第三方检测机构对191款在售产品检测营养成分4+1(热量/蛋白质/脂肪/碳水/钠)，每100g基准；报告830页32.2万字，2026-04-30发布，官网可下载。,True,A,energy=266kcal/100g; protein=20.5g; fat=15.5g; carbs=11.1g; sodium=841mg,
src-lxj-074,laoxiangji-cn-074-hongshaoluobo,老乡鸡,红烧萝卜,official_label,https://lxjchina.com.cn/upload/2026-05/177828991193340300.pdf,《老乡鸡菜品溯源报告2.0》菜品营养成分信息表（每100g，序号74）,老乡鸡（食品安全部/研发部等；第三方检测机构检测）,2026-04-30,官方委托第三方检测机构对191款在售产品检测营养成分4+1(热量/蛋白质/脂肪/碳水/钠)，每100g基准；报告830页32.2万字，2026-04-30发布，官网可下载。,True,A,energy=23kcal/100g; protein=0.9g; fat=0.0g; carbs=4.8g; sodium=403mg,
src-lxj-075,laoxiangji-cn-075-tudouniunan,老乡鸡,土豆牛腩,official_label,https://lxjchina.com.cn/upload/2026-05/177828991193340300.pdf,《老乡鸡菜品溯源报告2.0》菜品营养成分信息表（每100g，序号75）,老乡鸡（食品安全部/研发部等；第三方检测机构检测）,2026-04-30,官方委托第三方检测机构对191款在售产品检测营养成分4+1(热量/蛋白质/脂肪/碳水/钠)，每100g基准；报告830页32.2万字，2026-04-30发布，官网可下载。,True,A,energy=110kcal/100g; protein=7.3g; fat=6.7g; carbs=5.2g; sodium=520mg,
src-lxj-076,laoxiangji-cn-076-jingdianmaodoushaoji,老乡鸡,经典毛豆烧鸡,official_label,https://lxjchina.com.cn/upload/2026-05/177828991193340300.pdf,《老乡鸡菜品溯源报告2.0》菜品营养成分信息表（每100g，序号76）,老乡鸡（食品安全部/研发部等；第三方检测机构检测）,2026-04-30,官方委托第三方检测机构对191款在售产品检测营养成分4+1(热量/蛋白质/脂肪/碳水/钠)，每100g基准；报告830页32.2万字，2026-04-30发布，官网可下载。,True,A,energy=172kcal/100g; protein=15.6g; fat=9.2g; carbs=6.7g; sodium=663mg,
src-lxj-077,laoxiangji-cn-077-baizhuoqiukui,老乡鸡,白灼秋葵,official_label,https://lxjchina.com.cn/upload/2026-05/177828991193340300.pdf,《老乡鸡菜品溯源报告2.0》菜品营养成分信息表（每100g，序号77）,老乡鸡（食品安全部/研发部等；第三方检测机构检测）,2026-04-30,官方委托第三方检测机构对191款在售产品检测营养成分4+1(热量/蛋白质/脂肪/碳水/钠)，每100g基准；报告830页32.2万字，2026-04-30发布，官网可下载。,True,A,energy=73kcal/100g; protein=1.5g; fat=5.6g; carbs=4.4g; sodium=319mg,
src-lxj-078,laoxiangji-cn-078-baizhuoxia-8zhi,老乡鸡,白灼虾（8只）,official_label,https://lxjchina.com.cn/upload/2026-05/177828991193340300.pdf,《老乡鸡菜品溯源报告2.0》菜品营养成分信息表（每100g，序号78）,老乡鸡（食品安全部/研发部等；第三方检测机构检测）,2026-04-30,官方委托第三方检测机构对191款在售产品检测营养成分4+1(热量/蛋白质/脂肪/碳水/钠)，每100g基准；报告830页32.2万字，2026-04-30发布，官网可下载。,True,A,energy=107kcal/100g; protein=23.4g; fat=1.0g; carbs=0.7g; sodium=444mg,
src-lxj-079,laoxiangji-cn-079-congyoucaitai,老乡鸡,葱油菜苔,official_label,https://lxjchina.com.cn/upload/2026-05/177828991193340300.pdf,《老乡鸡菜品溯源报告2.0》菜品营养成分信息表（每100g，序号79）,老乡鸡（食品安全部/研发部等；第三方检测机构检测）,2026-04-30,官方委托第三方检测机构对191款在售产品检测营养成分4+1(热量/蛋白质/脂肪/碳水/钠)，每100g基准；报告830页32.2万字，2026-04-30发布，官网可下载。,True,A,energy=66kcal/100g; protein=3.1g; fat=3.6g; carbs=5.2g; sodium=481mg,
src-lxj-079-tp,laoxiangji-cn-079-congyoucaitai,老乡鸡,葱油菜苔,third_party_analysis,https://m.trfsz.com/newsview1316060.html,老乡鸡美食热量大揭秘(泰然健康网),泰然健康网,2025-05-23,第三方汇总的per-份能量，未披露称重/拆解方法，声称参考门店价目牌；仅作per-份量级参考，不用于修改官方每100g A级值。,False,C,泰然健康网 per-份 energy=141kcal；小红书云朵 per-份 energy=60kcal,per-份基准，与官方per-100g基准不同；两来源互相冲突时见SKU conflicting_sources。
src-lxj-080,laoxiangji-cn-080-tangqingcai,老乡鸡,烫青菜,official_label,https://lxjchina.com.cn/upload/2026-05/177828991193340300.pdf,《老乡鸡菜品溯源报告2.0》菜品营养成分信息表（每100g，序号80）,老乡鸡（食品安全部/研发部等；第三方检测机构检测）,2026-04-30,官方委托第三方检测机构对191款在售产品检测营养成分4+1(热量/蛋白质/脂肪/碳水/钠)，每100g基准；报告830页32.2万字，2026-04-30发布，官网可下载。,True,A,energy=41kcal/100g; protein=1.3g; fat=3.4g; carbs=1.5g; sodium=144mg,
src-lxj-081,laoxiangji-cn-081-jitangwawacai,老乡鸡,鸡汤娃娃菜,official_label,https://lxjchina.com.cn/upload/2026-05/177828991193340300.pdf,《老乡鸡菜品溯源报告2.0》菜品营养成分信息表（每100g，序号81）,老乡鸡（食品安全部/研发部等；第三方检测机构检测）,2026-04-30,官方委托第三方检测机构对191款在售产品检测营养成分4+1(热量/蛋白质/脂肪/碳水/钠)，每100g基准；报告830页32.2万字，2026-04-30发布，官网可下载。,True,A,energy=9kcal/100g; protein=0.8g; fat=0.0g; carbs=1.5g; sodium=290mg,
src-lxj-082,laoxiangji-cn-082-xiangcuimuer,老乡鸡,香脆木耳,official_label,https://lxjchina.com.cn/upload/2026-05/177828991193340300.pdf,《老乡鸡菜品溯源报告2.0》菜品营养成分信息表（每100g，序号82）,老乡鸡（食品安全部/研发部等；第三方检测机构检测）,2026-04-30,官方委托第三方检测机构对191款在售产品检测营养成分4+1(热量/蛋白质/脂肪/碳水/钠)，每100g基准；报告830页32.2万字，2026-04-30发布，官网可下载。,True,A,energy=51kcal/100g; protein=1.4g; fat=2.0g; carbs=6.8g; sodium=646mg,
src-lxj-082-tp,laoxiangji-cn-082-xiangcuimuer,老乡鸡,香脆木耳,third_party_analysis,https://m.trfsz.com/newsview1316060.html,老乡鸡美食热量大揭秘(泰然健康网),泰然健康网,2025-05-23,第三方汇总的per-份能量，未披露称重/拆解方法，声称参考门店价目牌；仅作per-份量级参考，不用于修改官方每100g A级值。,False,C,泰然健康网 per-份 energy=117kcal,per-份基准，与官方per-100g基准不同；两来源互相冲突时见SKU conflicting_sources。
src-lxj-083,laoxiangji-cn-083-tongguosuancaiyu,老乡鸡,铜锅酸菜鱼,official_label,https://lxjchina.com.cn/upload/2026-05/177828991193340300.pdf,《老乡鸡菜品溯源报告2.0》菜品营养成分信息表（每100g，序号83）,老乡鸡（食品安全部/研发部等；第三方检测机构检测）,2026-04-30,官方委托第三方检测机构对191款在售产品检测营养成分4+1(热量/蛋白质/脂肪/碳水/钠)，每100g基准；报告830页32.2万字，2026-04-30发布，官网可下载。,True,A,energy=75kcal/100g; protein=2.5g; fat=5.5g; carbs=4.1g; sodium=659mg,
src-lxj-084,laoxiangji-cn-084-tongguojiaomaji,老乡鸡,铜锅椒麻鸡,official_label,https://lxjchina.com.cn/upload/2026-05/177828991193340300.pdf,《老乡鸡菜品溯源报告2.0》菜品营养成分信息表（每100g，序号84）,老乡鸡（食品安全部/研发部等；第三方检测机构检测）,2026-04-30,官方委托第三方检测机构对191款在售产品检测营养成分4+1(热量/蛋白质/脂肪/碳水/钠)，每100g基准；报告830页32.2万字，2026-04-30发布，官网可下载。,True,A,energy=142kcal/100g; protein=8.8g; fat=10.7g; carbs=2.8g; sodium=481mg,
src-lxj-085,laoxiangji-cn-085-tongguofeiniu,老乡鸡,铜锅肥牛,official_label,https://lxjchina.com.cn/upload/2026-05/177828991193340300.pdf,《老乡鸡菜品溯源报告2.0》菜品营养成分信息表（每100g，序号85）,老乡鸡（食品安全部/研发部等；第三方检测机构检测）,2026-04-30,官方委托第三方检测机构对191款在售产品检测营养成分4+1(热量/蛋白质/脂肪/碳水/钠)，每100g基准；报告830页32.2万字，2026-04-30发布，官网可下载。,True,A,energy=158kcal/100g; protein=5.3g; fat=12.6g; carbs=6.1g; sodium=658mg,
src-lxj-086,laoxiangji-cn-086-tongguofanqiexiahua,老乡鸡,铜锅番茄虾滑,official_label,https://lxjchina.com.cn/upload/2026-05/177828991193340300.pdf,《老乡鸡菜品溯源报告2.0》菜品营养成分信息表（每100g，序号86）,老乡鸡（食品安全部/研发部等；第三方检测机构检测）,2026-04-30,官方委托第三方检测机构对191款在售产品检测营养成分4+1(热量/蛋白质/脂肪/碳水/钠)，每100g基准；报告830页32.2万字，2026-04-30发布，官网可下载。,True,A,energy=39kcal/100g; protein=2.6g; fat=1.2g; carbs=4.5g; sodium=269mg,
src-lxj-087,laoxiangji-cn-087-zhusunluronggujitang,老乡鸡,竹荪鹿茸菇鸡汤,official_label,https://lxjchina.com.cn/upload/2026-05/177828991193340300.pdf,《老乡鸡菜品溯源报告2.0》菜品营养成分信息表（每100g，序号87）,老乡鸡（食品安全部/研发部等；第三方检测机构检测）,2026-04-30,官方委托第三方检测机构对191款在售产品检测营养成分4+1(热量/蛋白质/脂肪/碳水/钠)，每100g基准；报告830页32.2万字，2026-04-30发布，官网可下载。,True,A,energy=30kcal/100g; protein=1.9g; fat=2.5g; carbs=0.0g; sodium=221mg,
src-lxj-087-tp,laoxiangji-cn-087-zhusunluronggujitang,老乡鸡,竹荪鹿茸菇鸡汤,third_party_analysis,https://m.trfsz.com/newsview1316060.html,老乡鸡美食热量大揭秘(泰然健康网),泰然健康网,2025-05-23,第三方汇总的per-份能量，未披露称重/拆解方法，声称参考门店价目牌；仅作per-份量级参考，不用于修改官方每100g A级值。,False,C,泰然健康网 per-份 energy=134kcal,per-份基准，与官方per-100g基准不同；两来源互相冲突时见SKU conflicting_sources。
src-lxj-088,laoxiangji-cn-088-baiyebaorou,老乡鸡,百叶包肉,official_label,https://lxjchina.com.cn/upload/2026-05/177828991193340300.pdf,《老乡鸡菜品溯源报告2.0》菜品营养成分信息表（每100g，序号88）,老乡鸡（食品安全部/研发部等；第三方检测机构检测）,2026-04-30,官方委托第三方检测机构对191款在售产品检测营养成分4+1(热量/蛋白质/脂肪/碳水/钠)，每100g基准；报告830页32.2万字，2026-04-30发布，官网可下载。,True,A,energy=189kcal/100g; protein=11.1g; fat=15.3g; carbs=2.2g; sodium=380mg,
src-lxj-089,laoxiangji-cn-089-shizhiyukuai,老乡鸡,豉汁鱼块,official_label,https://lxjchina.com.cn/upload/2026-05/177828991193340300.pdf,《老乡鸡菜品溯源报告2.0》菜品营养成分信息表（每100g，序号89）,老乡鸡（食品安全部/研发部等；第三方检测机构检测）,2026-04-30,官方委托第三方检测机构对191款在售产品检测营养成分4+1(热量/蛋白质/脂肪/碳水/钠)，每100g基准；报告830页32.2万字，2026-04-30发布，官网可下载。,True,A,energy=121kcal/100g; protein=12.7g; fat=7.3g; carbs=1.2g; sodium=927mg,
src-lxj-090,laoxiangji-cn-090-congyouji-xiaomuji,老乡鸡,葱油鸡（小母鸡版）,official_label,https://lxjchina.com.cn/upload/2026-05/177828991193340300.pdf,《老乡鸡菜品溯源报告2.0》菜品营养成分信息表（每100g，序号90）,老乡鸡（食品安全部/研发部等；第三方检测机构检测）,2026-04-30,官方委托第三方检测机构对191款在售产品检测营养成分4+1(热量/蛋白质/脂肪/碳水/钠)，每100g基准；报告830页32.2万字，2026-04-30发布，官网可下载。,True,A,energy=180kcal/100g; protein=20.7g; fat=9.9g; carbs=2.0g; sodium=1080mg,
src-lxj-091,laoxiangji-cn-091-congyouji-baiqieji,老乡鸡,葱油鸡（白切鸡版）,official_label,https://lxjchina.com.cn/upload/2026-05/177828991193340300.pdf,《老乡鸡菜品溯源报告2.0》菜品营养成分信息表（每100g，序号91）,老乡鸡（食品安全部/研发部等；第三方检测机构检测）,2026-04-30,官方委托第三方检测机构对191款在售产品检测营养成分4+1(热量/蛋白质/脂肪/碳水/钠)，每100g基准；报告830页32.2万字，2026-04-30发布，官网可下载。,True,A,energy=183kcal/100g; protein=15.0g; fat=13.3g; carbs=1.1g; sodium=812mg,
src-lxj-092,laoxiangji-cn-092-fenzhengrou,老乡鸡,粉蒸肉,official_label,https://lxjchina.com.cn/upload/2026-05/177828991193340300.pdf,《老乡鸡菜品溯源报告2.0》菜品营养成分信息表（每100g，序号92）,老乡鸡（食品安全部/研发部等；第三方检测机构检测）,2026-04-30,官方委托第三方检测机构对191款在售产品检测营养成分4+1(热量/蛋白质/脂肪/碳水/钠)，每100g基准；报告830页32.2万字，2026-04-30发布，官网可下载。,True,A,energy=193kcal/100g; protein=6.6g; fat=10.4g; carbs=18.3g; sodium=481mg,
src-lxj-093,laoxiangji-cn-093-fengzhaozhengdoumi,老乡鸡,凤爪蒸豆米,official_label,https://lxjchina.com.cn/upload/2026-05/177828991193340300.pdf,《老乡鸡菜品溯源报告2.0》菜品营养成分信息表（每100g，序号93）,老乡鸡（食品安全部/研发部等；第三方检测机构检测）,2026-04-30,官方委托第三方检测机构对191款在售产品检测营养成分4+1(热量/蛋白质/脂肪/碳水/钠)，每100g基准；报告830页32.2万字，2026-04-30发布，官网可下载。,True,A,energy=130kcal/100g; protein=10.9g; fat=6.1g; carbs=7.9g; sodium=960mg,
src-lxj-093-tp,laoxiangji-cn-093-fengzhaozhengdoumi,老乡鸡,凤爪蒸豆米,third_party_analysis,https://m.trfsz.com/newsview1316060.html,老乡鸡美食热量大揭秘(泰然健康网),泰然健康网,2025-05-23,第三方汇总的per-份能量，未披露称重/拆解方法，声称参考门店价目牌；仅作per-份量级参考，不用于修改官方每100g A级值。,False,C,泰然健康网 per-份 energy=306kcal；小红书云朵 per-份 energy=306kcal,per-份基准，与官方per-100g基准不同；两来源互相冲突时见SKU conflicting_sources。
src-lxj-094,laoxiangji-cn-094-jizhilayu,老乡鸡,鸡汁辣鱼,official_label,https://lxjchina.com.cn/upload/2026-05/177828991193340300.pdf,《老乡鸡菜品溯源报告2.0》菜品营养成分信息表（每100g，序号94）,老乡鸡（食品安全部/研发部等；第三方检测机构检测）,2026-04-30,官方委托第三方检测机构对191款在售产品检测营养成分4+1(热量/蛋白质/脂肪/碳水/钠)，每100g基准；报告830页32.2万字，2026-04-30发布，官网可下载。,True,A,energy=129kcal/100g; protein=11.8g; fat=8.5g; carbs=1.6g; sodium=818mg,
src-lxj-094-tp,laoxiangji-cn-094-jizhilayu,老乡鸡,鸡汁辣鱼,third_party_analysis,https://m.trfsz.com/newsview1316060.html,老乡鸡美食热量大揭秘(泰然健康网),泰然健康网,2025-05-23,第三方汇总的per-份能量，未披露称重/拆解方法，声称参考门店价目牌；仅作per-份量级参考，不用于修改官方每100g A级值。,False,C,泰然健康网 per-份 energy=279kcal；小红书云朵 per-份 energy=279kcal,per-份基准，与官方per-100g基准不同；两来源互相冲突时见SKU conflicting_sources。
src-lxj-095,laoxiangji-cn-095-jiaozhixilanhua,老乡鸡,浇汁西兰花,official_label,https://lxjchina.com.cn/upload/2026-05/177828991193340300.pdf,《老乡鸡菜品溯源报告2.0》菜品营养成分信息表（每100g，序号95）,老乡鸡（食品安全部/研发部等；第三方检测机构检测）,2026-04-30,官方委托第三方检测机构对191款在售产品检测营养成分4+1(热量/蛋白质/脂肪/碳水/钠)，每100g基准；报告830页32.2万字，2026-04-30发布，官网可下载。,True,A,energy=100kcal/100g; protein=3.0g; fat=7.2g; carbs=6.0g; sodium=324mg,
src-lxj-096,laoxiangji-cn-096-jintangsuancaiyu,老乡鸡,金汤酸菜鱼,official_label,https://lxjchina.com.cn/upload/2026-05/177828991193340300.pdf,《老乡鸡菜品溯源报告2.0》菜品营养成分信息表（每100g，序号96）,老乡鸡（食品安全部/研发部等；第三方检测机构检测）,2026-04-30,官方委托第三方检测机构对191款在售产品检测营养成分4+1(热量/蛋白质/脂肪/碳水/钠)，每100g基准；报告830页32.2万字，2026-04-30发布，官网可下载。,True,A,energy=131kcal/100g; protein=7.8g; fat=9.4g; carbs=3.9g; sodium=1696mg,
src-lxj-096-tp,laoxiangji-cn-096-jintangsuancaiyu,老乡鸡,金汤酸菜鱼,third_party_analysis,https://m.trfsz.com/newsview1316060.html,老乡鸡美食热量大揭秘(泰然健康网),泰然健康网,2025-05-23,第三方汇总的per-份能量，未披露称重/拆解方法，声称参考门店价目牌；仅作per-份量级参考，不用于修改官方每100g A级值。,False,C,泰然健康网 per-份 energy=270kcal；小红书云朵 per-份 energy=187kcal,per-份基准，与官方per-100g基准不同；两来源互相冲突时见SKU conflicting_sources。
src-lxj-097,laoxiangji-cn-097-lujizhao,老乡鸡,卤鸡爪,official_label,https://lxjchina.com.cn/upload/2026-05/177828991193340300.pdf,《老乡鸡菜品溯源报告2.0》菜品营养成分信息表（每100g，序号97）,老乡鸡（食品安全部/研发部等；第三方检测机构检测）,2026-04-30,官方委托第三方检测机构对191款在售产品检测营养成分4+1(热量/蛋白质/脂肪/碳水/钠)，每100g基准；报告830页32.2万字，2026-04-30发布，官网可下载。,True,A,energy=114kcal/100g; protein=14.4g; fat=5.2g; carbs=2.4g; sodium=727mg,
src-lxj-098,laoxiangji-cn-098-meicaikourou,老乡鸡,梅菜扣肉,official_label,https://lxjchina.com.cn/upload/2026-05/177828991193340300.pdf,《老乡鸡菜品溯源报告2.0》菜品营养成分信息表（每100g，序号98）,老乡鸡（食品安全部/研发部等；第三方检测机构检测）,2026-04-30,官方委托第三方检测机构对191款在售产品检测营养成分4+1(热量/蛋白质/脂肪/碳水/钠)，每100g基准；报告830页32.2万字，2026-04-30发布，官网可下载。,True,A,energy=246kcal/100g; protein=8.1g; fat=21.5g; carbs=5.5g; sodium=932mg,
src-lxj-098-tp,laoxiangji-cn-098-meicaikourou,老乡鸡,梅菜扣肉,third_party_analysis,https://m.trfsz.com/newsview1316060.html,老乡鸡美食热量大揭秘(泰然健康网),泰然健康网,2025-05-23,第三方汇总的per-份能量，未披露称重/拆解方法，声称参考门店价目牌；仅作per-份量级参考，不用于修改官方每100g A级值。,False,C,泰然健康网 per-份 energy=772kcal；小红书云朵 per-份 energy=772kcal,per-份基准，与官方per-100g基准不同；两来源互相冲突时见SKU conflicting_sources。
src-lxj-099,laoxiangji-cn-099-nongjiazhengdan,老乡鸡,农家蒸蛋,official_label,https://lxjchina.com.cn/upload/2026-05/177828991193340300.pdf,《老乡鸡菜品溯源报告2.0》菜品营养成分信息表（每100g，序号99）,老乡鸡（食品安全部/研发部等；第三方检测机构检测）,2026-04-30,官方委托第三方检测机构对191款在售产品检测营养成分4+1(热量/蛋白质/脂肪/碳水/钠)，每100g基准；报告830页32.2万字，2026-04-30发布，官网可下载。,True,A,energy=38kcal/100g; protein=3.3g; fat=2.4g; carbs=0.7g; sodium=471mg,
src-lxj-099-tp,laoxiangji-cn-099-nongjiazhengdan,老乡鸡,农家蒸蛋,third_party_analysis,https://m.baidu.com/bh/m/detail/ar_5828449468476841931,老乡鸡菜品热量大揭秘(小红书/百度号 云朵裹着软晚风),云朵裹着软晚风(小红书/百度号),2026-09-18,第三方汇总的per-份能量，未披露称重/拆解方法，声称参考门店价目牌；仅作per-份量级参考，不用于修改官方每100g A级值。,False,C,小红书云朵 per-份 energy=192kcal,per-份基准，与官方per-100g基准不同；两来源互相冲突时见SKU conflicting_sources。
src-lxj-100,laoxiangji-cn-100-roubingzhengdan-changgui,老乡鸡,肉饼蒸蛋（常规版）,official_label,https://lxjchina.com.cn/upload/2026-05/177828991193340300.pdf,《老乡鸡菜品溯源报告2.0》菜品营养成分信息表（每100g，序号100）,老乡鸡（食品安全部/研发部等；第三方检测机构检测）,2026-04-30,官方委托第三方检测机构对191款在售产品检测营养成分4+1(热量/蛋白质/脂肪/碳水/钠)，每100g基准；报告830页32.2万字，2026-04-30发布，官网可下载。,True,A,energy=142kcal/100g; protein=10.6g; fat=10.9g; carbs=0.7g; sodium=422mg,
src-lxj-101,laoxiangji-cn-101-suanrongfensixia,老乡鸡,蒜蓉粉丝虾,official_label,https://lxjchina.com.cn/upload/2026-05/177828991193340300.pdf,《老乡鸡菜品溯源报告2.0》菜品营养成分信息表（每100g，序号101）,老乡鸡（食品安全部/研发部等；第三方检测机构检测）,2026-04-30,官方委托第三方检测机构对191款在售产品检测营养成分4+1(热量/蛋白质/脂肪/碳水/钠)，每100g基准；报告830页32.2万字，2026-04-30发布，官网可下载。,True,A,energy=62kcal/100g; protein=5.0g; fat=0.9g; carbs=8.2g; sodium=616mg,
src-lxj-101-tp,laoxiangji-cn-101-suanrongfensixia,老乡鸡,蒜蓉粉丝虾,third_party_analysis,https://m.trfsz.com/newsview1316060.html,老乡鸡美食热量大揭秘(泰然健康网),泰然健康网,2025-05-23,第三方汇总的per-份能量，未披露称重/拆解方法，声称参考门店价目牌；仅作per-份量级参考，不用于修改官方每100g A级值。,False,C,泰然健康网 per-份 energy=213kcal,per-份基准，与官方per-100g基准不同；两来源互相冲突时见SKU conflicting_sources。
src-lxj-102,laoxiangji-cn-102-xiangchangzhengdougan,老乡鸡,香肠蒸豆干,official_label,https://lxjchina.com.cn/upload/2026-05/177828991193340300.pdf,《老乡鸡菜品溯源报告2.0》菜品营养成分信息表（每100g，序号102）,老乡鸡（食品安全部/研发部等；第三方检测机构检测）,2026-04-30,官方委托第三方检测机构对191款在售产品检测营养成分4+1(热量/蛋白质/脂肪/碳水/钠)，每100g基准；报告830页32.2万字，2026-04-30发布，官网可下载。,True,A,energy=220kcal/100g; protein=15.3g; fat=11.3g; carbs=14.2g; sodium=791mg,
src-lxj-103,laoxiangji-cn-103-zhenzhunuomirouwan,老乡鸡,珍珠糯米肉丸,official_label,https://lxjchina.com.cn/upload/2026-05/177828991193340300.pdf,《老乡鸡菜品溯源报告2.0》菜品营养成分信息表（每100g，序号103）,老乡鸡（食品安全部/研发部等；第三方检测机构检测）,2026-04-30,官方委托第三方检测机构对191款在售产品检测营养成分4+1(热量/蛋白质/脂肪/碳水/钠)，每100g基准；报告830页32.2万字，2026-04-30发布，官网可下载。,True,A,energy=204kcal/100g; protein=9.4g; fat=12.3g; carbs=14.1g; sodium=467mg,
src-lxj-104,laoxiangji-cn-104-zhusunzhengjichi,老乡鸡,竹笋蒸鸡翅,official_label,https://lxjchina.com.cn/upload/2026-05/177828991193340300.pdf,《老乡鸡菜品溯源报告2.0》菜品营养成分信息表（每100g，序号104）,老乡鸡（食品安全部/研发部等；第三方检测机构检测）,2026-04-30,官方委托第三方检测机构对191款在售产品检测营养成分4+1(热量/蛋白质/脂肪/碳水/钠)，每100g基准；报告830页32.2万字，2026-04-30发布，官网可下载。,True,A,energy=99kcal/100g; protein=6.5g; fat=6.3g; carbs=4.2g; sodium=1428mg,
src-lxj-104-tp,laoxiangji-cn-104-zhusunzhengjichi,老乡鸡,竹笋蒸鸡翅,third_party_analysis,https://m.trfsz.com/newsview1316060.html,老乡鸡美食热量大揭秘(泰然健康网),泰然健康网,2025-05-23,第三方汇总的per-份能量，未披露称重/拆解方法，声称参考门店价目牌；仅作per-份量级参考，不用于修改官方每100g A级值。,False,C,泰然健康网 per-份 energy=255kcal,per-份基准，与官方per-100g基准不同；两来源互相冲突时见SKU conflicting_sources。
src-lxj-105,laoxiangji-cn-105-qingjiaozhengdoumi,老乡鸡,青椒蒸豆米,official_label,https://lxjchina.com.cn/upload/2026-05/177828991193340300.pdf,《老乡鸡菜品溯源报告2.0》菜品营养成分信息表（每100g，序号105）,老乡鸡（食品安全部/研发部等；第三方检测机构检测）,2026-04-30,官方委托第三方检测机构对191款在售产品检测营养成分4+1(热量/蛋白质/脂肪/碳水/钠)，每100g基准；报告830页32.2万字，2026-04-30发布，官网可下载。,True,A,energy=172kcal/100g; protein=9.1g; fat=11.1g; carbs=9.0g; sodium=455mg,
src-lxj-106,laoxiangji-cn-106-zhengnangua,老乡鸡,蒸南瓜,official_label,https://lxjchina.com.cn/upload/2026-05/177828991193340300.pdf,《老乡鸡菜品溯源报告2.0》菜品营养成分信息表（每100g，序号106）,老乡鸡（食品安全部/研发部等；第三方检测机构检测）,2026-04-30,官方委托第三方检测机构对191款在售产品检测营养成分4+1(热量/蛋白质/脂肪/碳水/钠)，每100g基准；报告830页32.2万字，2026-04-30发布，官网可下载。,True,A,energy=65kcal/100g; protein=2.2g; fat=0.0g; carbs=13.7g; sodium=0mg,
src-lxj-107,laoxiangji-cn-107-zhengnendoufu,老乡鸡,蒸嫩豆腐,official_label,https://lxjchina.com.cn/upload/2026-05/177828991193340300.pdf,《老乡鸡菜品溯源报告2.0》菜品营养成分信息表（每100g，序号107）,老乡鸡（食品安全部/研发部等；第三方检测机构检测）,2026-04-30,官方委托第三方检测机构对191款在售产品检测营养成分4+1(热量/蛋白质/脂肪/碳水/钠)，每100g基准；报告830页32.2万字，2026-04-30发布，官网可下载。,True,A,energy=112kcal/100g; protein=7.2g; fat=4.5g; carbs=10.5g; sodium=529mg,
src-lxj-108,laoxiangji-cn-108-jungujitang,老乡鸡,菌菇鸡汤,official_label,https://lxjchina.com.cn/upload/2026-05/177828991193340300.pdf,《老乡鸡菜品溯源报告2.0》菜品营养成分信息表（每100g，序号108）,老乡鸡（食品安全部/研发部等；第三方检测机构检测）,2026-04-30,官方委托第三方检测机构对191款在售产品检测营养成分4+1(热量/蛋白质/脂肪/碳水/钠)，每100g基准；报告830页32.2万字，2026-04-30发布，官网可下载。,True,A,energy=20kcal/100g; protein=2.4g; fat=0.7g; carbs=1.0g; sodium=237mg,
src-lxj-109,laoxiangji-cn-109-fanqiejungurouwan,老乡鸡,番茄菌菇肉丸,official_label,https://lxjchina.com.cn/upload/2026-05/177828991193340300.pdf,《老乡鸡菜品溯源报告2.0》菜品营养成分信息表（每100g，序号109）,老乡鸡（食品安全部/研发部等；第三方检测机构检测）,2026-04-30,官方委托第三方检测机构对191款在售产品检测营养成分4+1(热量/蛋白质/脂肪/碳水/钠)，每100g基准；报告830页32.2万字，2026-04-30发布，官网可下载。,True,A,energy=71kcal/100g; protein=4.1g; fat=3.9g; carbs=4.9g; sodium=218mg,
src-lxj-110,laoxiangji-cn-110-laweihezheng,老乡鸡,腊味合蒸,official_label,https://lxjchina.com.cn/upload/2026-05/177828991193340300.pdf,《老乡鸡菜品溯源报告2.0》菜品营养成分信息表（每100g，序号110）,老乡鸡（食品安全部/研发部等；第三方检测机构检测）,2026-04-30,官方委托第三方检测机构对191款在售产品检测营养成分4+1(热量/蛋白质/脂肪/碳水/钠)，每100g基准；报告830页32.2万字，2026-04-30发布，官网可下载。,True,A,energy=242kcal/100g; protein=21.7g; fat=14.4g; carbs=6.5g; sodium=1510mg,
src-lxj-111,laoxiangji-cn-111-sunzijitang,老乡鸡,笋子鸡汤,official_label,https://lxjchina.com.cn/upload/2026-05/177828991193340300.pdf,《老乡鸡菜品溯源报告2.0》菜品营养成分信息表（每100g，序号111）,老乡鸡（食品安全部/研发部等；第三方检测机构检测）,2026-04-30,官方委托第三方检测机构对191款在售产品检测营养成分4+1(热量/蛋白质/脂肪/碳水/钠)，每100g基准；报告830页32.2万字，2026-04-30发布，官网可下载。,True,A,energy=14kcal/100g; protein=2.2g; fat=0.0g; carbs=1.2g; sodium=242mg,
src-lxj-112,laoxiangji-cn-112-sansexiaren,老乡鸡,三色虾仁,official_label,https://lxjchina.com.cn/upload/2026-05/177828991193340300.pdf,《老乡鸡菜品溯源报告2.0》菜品营养成分信息表（每100g，序号112）,老乡鸡（食品安全部/研发部等；第三方检测机构检测）,2026-04-30,官方委托第三方检测机构对191款在售产品检测营养成分4+1(热量/蛋白质/脂肪/碳水/钠)，每100g基准；报告830页32.2万字，2026-04-30发布，官网可下载。,True,A,energy=87kcal/100g; protein=4.4g; fat=3.0g; carbs=10.4g; sodium=422mg,
src-lxj-113,laoxiangji-cn-113-roubingzhengdan-mati,老乡鸡,肉饼蒸蛋（马蹄版）,official_label,https://lxjchina.com.cn/upload/2026-05/177828991193340300.pdf,《老乡鸡菜品溯源报告2.0》菜品营养成分信息表（每100g，序号113）,老乡鸡（食品安全部/研发部等；第三方检测机构检测）,2026-04-30,官方委托第三方检测机构对191款在售产品检测营养成分4+1(热量/蛋白质/脂肪/碳水/钠)，每100g基准；报告830页32.2万字，2026-04-30发布，官网可下载。,True,A,energy=131kcal/100g; protein=12.4g; fat=8.5g; carbs=1.4g; sodium=485mg,
src-lxj-114,laoxiangji-cn-114-duojiaoyutou-bailianyutou,老乡鸡,剁椒鱼头（白鲢鱼头版）,official_label,https://lxjchina.com.cn/upload/2026-05/177828991193340300.pdf,《老乡鸡菜品溯源报告2.0》菜品营养成分信息表（每100g，序号114）,老乡鸡（食品安全部/研发部等；第三方检测机构检测）,2026-04-30,官方委托第三方检测机构对191款在售产品检测营养成分4+1(热量/蛋白质/脂肪/碳水/钠)，每100g基准；报告830页32.2万字，2026-04-30发布，官网可下载。,True,A,energy=95kcal/100g; protein=6.4g; fat=5.1g; carbs=5.9g; sodium=1770mg,
src-lxj-115,laoxiangji-cn-115-duojiaoyutou-caoyutou,老乡鸡,剁椒鱼头（草鱼头版）,official_label,https://lxjchina.com.cn/upload/2026-05/177828991193340300.pdf,《老乡鸡菜品溯源报告2.0》菜品营养成分信息表（每100g，序号115）,老乡鸡（食品安全部/研发部等；第三方检测机构检测）,2026-04-30,官方委托第三方检测机构对191款在售产品检测营养成分4+1(热量/蛋白质/脂肪/碳水/钠)，每100g基准；报告830页32.2万字，2026-04-30发布，官网可下载。,True,A,energy=100kcal/100g; protein=9.8g; fat=4.9g; carbs=4.2g; sodium=1580mg,
src-lxj-116,laoxiangji-cn-116-huangguachaohongchang,老乡鸡,黄瓜炒红肠,official_label,https://lxjchina.com.cn/upload/2026-05/177828991193340300.pdf,《老乡鸡菜品溯源报告2.0》菜品营养成分信息表（每100g，序号116）,老乡鸡（食品安全部/研发部等；第三方检测机构检测）,2026-04-30,官方委托第三方检测机构对191款在售产品检测营养成分4+1(热量/蛋白质/脂肪/碳水/钠)，每100g基准；报告830页32.2万字，2026-04-30发布，官网可下载。,True,A,energy=104kcal/100g; protein=6.0g; fat=6.9g; carbs=4.6g; sodium=811mg,
src-lxj-117,laoxiangji-cn-117-shaguoxianglayouyu,老乡鸡,砂锅香辣鱿鱼,official_label,https://lxjchina.com.cn/upload/2026-05/177828991193340300.pdf,《老乡鸡菜品溯源报告2.0》菜品营养成分信息表（每100g，序号117）,老乡鸡（食品安全部/研发部等；第三方检测机构检测）,2026-04-30,官方委托第三方检测机构对191款在售产品检测营养成分4+1(热量/蛋白质/脂肪/碳水/钠)，每100g基准；报告830页32.2万字，2026-04-30发布，官网可下载。,True,A,energy=136kcal/100g; protein=8.2g; fat=6.5g; carbs=11.2g; sodium=372mg,
src-lxj-118,laoxiangji-cn-118-yinyupujidan,老乡鸡,银鱼浦鸡蛋,official_label,https://lxjchina.com.cn/upload/2026-05/177828991193340300.pdf,《老乡鸡菜品溯源报告2.0》菜品营养成分信息表（每100g，序号118）,老乡鸡（食品安全部/研发部等；第三方检测机构检测）,2026-04-30,官方委托第三方检测机构对191款在售产品检测营养成分4+1(热量/蛋白质/脂肪/碳水/钠)，每100g基准；报告830页32.2万字，2026-04-30发布，官网可下载。,True,A,energy=80kcal/100g; protein=6.9g; fat=5.1g; carbs=1.7g; sodium=330mg,
src-lxj-119,laoxiangji-cn-119-tongguoshuizhuroupian,老乡鸡,铜锅水煮肉片,official_label,https://lxjchina.com.cn/upload/2026-05/177828991193340300.pdf,《老乡鸡菜品溯源报告2.0》菜品营养成分信息表（每100g，序号119）,老乡鸡（食品安全部/研发部等；第三方检测机构检测）,2026-04-30,官方委托第三方检测机构对191款在售产品检测营养成分4+1(热量/蛋白质/脂肪/碳水/钠)，每100g基准；报告830页32.2万字，2026-04-30发布，官网可下载。,True,A,energy=78kcal/100g; protein=5.5g; fat=3.7g; carbs=5.6g; sodium=817mg,
src-lxj-120,laoxiangji-cn-120-hongsuantangfeiniumian,老乡鸡,红酸汤肥牛面,official_label,https://lxjchina.com.cn/upload/2026-05/177828991193340300.pdf,《老乡鸡菜品溯源报告2.0》菜品营养成分信息表（每100g，序号120）,老乡鸡（食品安全部/研发部等；第三方检测机构检测）,2026-04-30,官方委托第三方检测机构对191款在售产品检测营养成分4+1(热量/蛋白质/脂肪/碳水/钠)，每100g基准；报告830页32.2万字，2026-04-30发布，官网可下载。,True,A,energy=94kcal/100g; protein=4.1g; fat=4.3g; carbs=9.6g; sodium=466mg,
src-lxj-121,laoxiangji-cn-121-jizashouganmian,老乡鸡,鸡杂手擀面,official_label,https://lxjchina.com.cn/upload/2026-05/177828991193340300.pdf,《老乡鸡菜品溯源报告2.0》菜品营养成分信息表（每100g，序号121）,老乡鸡（食品安全部/研发部等；第三方检测机构检测）,2026-04-30,官方委托第三方检测机构对191款在售产品检测营养成分4+1(热量/蛋白质/脂肪/碳水/钠)，每100g基准；报告830页32.2万字，2026-04-30发布，官网可下载。,True,A,energy=95kcal/100g; protein=4.0g; fat=2.4g; carbs=14.0g; sodium=418mg,
src-lxj-121-tp,laoxiangji-cn-121-jizashouganmian,老乡鸡,鸡杂手擀面,third_party_analysis,https://m.trfsz.com/newsview1316060.html,老乡鸡美食热量大揭秘(泰然健康网),泰然健康网,2025-05-23,第三方汇总的per-份能量，未披露称重/拆解方法，声称参考门店价目牌；仅作per-份量级参考，不用于修改官方每100g A级值。,False,C,泰然健康网 per-份 energy=679kcal,per-份基准，与官方per-100g基准不同；两来源互相冲突时见SKU conflicting_sources。
src-lxj-122,laoxiangji-cn-122-jungujitangmian,老乡鸡,菌菇鸡汤面,official_label,https://lxjchina.com.cn/upload/2026-05/177828991193340300.pdf,《老乡鸡菜品溯源报告2.0》菜品营养成分信息表（每100g，序号122）,老乡鸡（食品安全部/研发部等；第三方检测机构检测）,2026-04-30,官方委托第三方检测机构对191款在售产品检测营养成分4+1(热量/蛋白质/脂肪/碳水/钠)，每100g基准；报告830页32.2万字，2026-04-30发布，官网可下载。,True,A,energy=83kcal/100g; protein=2.5g; fat=3.7g; carbs=9.9g; sodium=331mg,
src-lxj-123,laoxiangji-cn-123-laojiyangmimian,老乡鸡,老鸡扬米面,official_label,https://lxjchina.com.cn/upload/2026-05/177828991193340300.pdf,《老乡鸡菜品溯源报告2.0》菜品营养成分信息表（每100g，序号123）,老乡鸡（食品安全部/研发部等；第三方检测机构检测）,2026-04-30,官方委托第三方检测机构对191款在售产品检测营养成分4+1(热量/蛋白质/脂肪/碳水/钠)，每100g基准；报告830页32.2万字，2026-04-30发布，官网可下载。,True,A,energy=94kcal/100g; protein=3.3g; fat=3.2g; carbs=12.9g; sodium=221mg,
src-lxj-123-tp,laoxiangji-cn-123-laojiyangmimian,老乡鸡,老鸡扬米面,third_party_analysis,https://m.trfsz.com/newsview1316060.html,老乡鸡美食热量大揭秘(泰然健康网),泰然健康网,2025-05-23,第三方汇总的per-份能量，未披露称重/拆解方法，声称参考门店价目牌；仅作per-份量级参考，不用于修改官方每100g A级值。,False,C,泰然健康网 per-份 energy=468kcal,per-份基准，与官方per-100g基准不同；两来源互相冲突时见SKU conflicting_sources。
src-lxj-124,laoxiangji-cn-124-laomujitangmian,老乡鸡,老母鸡汤面,official_label,https://lxjchina.com.cn/upload/2026-05/177828991193340300.pdf,《老乡鸡菜品溯源报告2.0》菜品营养成分信息表（每100g，序号124）,老乡鸡（食品安全部/研发部等；第三方检测机构检测）,2026-04-30,官方委托第三方检测机构对191款在售产品检测营养成分4+1(热量/蛋白质/脂肪/碳水/钠)，每100g基准；报告830页32.2万字，2026-04-30发布，官网可下载。,True,A,energy=87kcal/100g; protein=4.3g; fat=3.6g; carbs=9.2g; sodium=310mg,
src-lxj-125,laoxiangji-cn-125-tesereganmian,老乡鸡,特色热干面,official_label,https://lxjchina.com.cn/upload/2026-05/177828991193340300.pdf,《老乡鸡菜品溯源报告2.0》菜品营养成分信息表（每100g，序号125）,老乡鸡（食品安全部/研发部等；第三方检测机构检测）,2026-04-30,官方委托第三方检测机构对191款在售产品检测营养成分4+1(热量/蛋白质/脂肪/碳水/钠)，每100g基准；报告830页32.2万字，2026-04-30发布，官网可下载。,True,A,energy=190kcal/100g; protein=5.8g; fat=6.5g; carbs=26.8g; sodium=585mg,
src-lxj-126,laoxiangji-cn-126-wucaijisibanmian,老乡鸡,五彩鸡丝拌面,official_label,https://lxjchina.com.cn/upload/2026-05/177828991193340300.pdf,《老乡鸡菜品溯源报告2.0》菜品营养成分信息表（每100g，序号126）,老乡鸡（食品安全部/研发部等；第三方检测机构检测）,2026-04-30,官方委托第三方检测机构对191款在售产品检测营养成分4+1(热量/蛋白质/脂肪/碳水/钠)，每100g基准；报告830页32.2万字，2026-04-30发布，官网可下载。,True,A,energy=149kcal/100g; protein=6.7g; fat=4.9g; carbs=19.3g; sodium=454mg,
src-lxj-127,laoxiangji-cn-127-xianggujitangmian,老乡鸡,香菇鸡汤面,official_label,https://lxjchina.com.cn/upload/2026-05/177828991193340300.pdf,《老乡鸡菜品溯源报告2.0》菜品营养成分信息表（每100g，序号127）,老乡鸡（食品安全部/研发部等；第三方检测机构检测）,2026-04-30,官方委托第三方检测机构对191款在售产品检测营养成分4+1(热量/蛋白质/脂肪/碳水/钠)，每100g基准；报告830页32.2万字，2026-04-30发布，官网可下载。,True,A,energy=77kcal/100g; protein=5.2g; fat=3.2g; carbs=6.7g; sodium=248mg,
src-lxj-127-tp,laoxiangji-cn-127-xianggujitangmian,老乡鸡,香菇鸡汤面,third_party_analysis,https://m.trfsz.com/newsview1316060.html,老乡鸡美食热量大揭秘(泰然健康网),泰然健康网,2025-05-23,第三方汇总的per-份能量，未披露称重/拆解方法，声称参考门店价目牌；仅作per-份量级参考，不用于修改官方每100g A级值。,False,C,泰然健康网 per-份 energy=394kcal,per-份基准，与官方per-100g基准不同；两来源互相冲突时见SKU conflicting_sources。
src-lxj-128,laoxiangji-cn-128-xianglaniunanmian,老乡鸡,香辣牛腩面,official_label,https://lxjchina.com.cn/upload/2026-05/177828991193340300.pdf,《老乡鸡菜品溯源报告2.0》菜品营养成分信息表（每100g，序号128）,老乡鸡（食品安全部/研发部等；第三方检测机构检测）,2026-04-30,官方委托第三方检测机构对191款在售产品检测营养成分4+1(热量/蛋白质/脂肪/碳水/钠)，每100g基准；报告830页32.2万字，2026-04-30发布，官网可下载。,True,A,energy=171kcal/100g; protein=4.8g; fat=11.7g; carbs=11.7g; sodium=358mg,
src-lxj-129,laoxiangji-cn-129-xianglaniuroumian,老乡鸡,香辣牛肉面,official_label,https://lxjchina.com.cn/upload/2026-05/177828991193340300.pdf,《老乡鸡菜品溯源报告2.0》菜品营养成分信息表（每100g，序号129）,老乡鸡（食品安全部/研发部等；第三方检测机构检测）,2026-04-30,官方委托第三方检测机构对191款在售产品检测营养成分4+1(热量/蛋白质/脂肪/碳水/钠)，每100g基准；报告830页32.2万字，2026-04-30发布，官网可下载。,True,A,energy=106kcal/100g; protein=3.5g; fat=5.1g; carbs=11.4g; sodium=341mg,
src-lxj-129-tp,laoxiangji-cn-129-xianglaniuroumian,老乡鸡,香辣牛肉面,third_party_analysis,https://m.trfsz.com/newsview1316060.html,老乡鸡美食热量大揭秘(泰然健康网),泰然健康网,2025-05-23,第三方汇总的per-份能量，未披露称重/拆解方法，声称参考门店价目牌；仅作per-份量级参考，不用于修改官方每100g A级值。,False,C,泰然健康网 per-份 energy=450kcal,per-份基准，与官方per-100g基准不同；两来源互相冲突时见SKU conflicting_sources。
src-lxj-130,laoxiangji-cn-130-yangchunmian,老乡鸡,阳春面,official_label,https://lxjchina.com.cn/upload/2026-05/177828991193340300.pdf,《老乡鸡菜品溯源报告2.0》菜品营养成分信息表（每100g，序号130）,老乡鸡（食品安全部/研发部等；第三方检测机构检测）,2026-04-30,官方委托第三方检测机构对191款在售产品检测营养成分4+1(热量/蛋白质/脂肪/碳水/钠)，每100g基准；报告830页32.2万字，2026-04-30发布，官网可下载。,True,A,energy=61kcal/100g; protein=2.3g; fat=0.8g; carbs=10.8g; sodium=501mg,
src-lxj-131,laoxiangji-cn-131-suansuanlalaniuroubanmian,老乡鸡,酸酸辣辣牛肉拌面,official_label,https://lxjchina.com.cn/upload/2026-05/177828991193340300.pdf,《老乡鸡菜品溯源报告2.0》菜品营养成分信息表（每100g，序号131）,老乡鸡（食品安全部/研发部等；第三方检测机构检测）,2026-04-30,官方委托第三方检测机构对191款在售产品检测营养成分4+1(热量/蛋白质/脂肪/碳水/钠)，每100g基准；报告830页32.2万字，2026-04-30发布，官网可下载。,True,A,energy=128kcal/100g; protein=5.4g; fat=3.6g; carbs=18.2g; sodium=358mg,
src-lxj-132,laoxiangji-cn-132-jisongrongjunzijitangmian,老乡鸡,姬松茸菌子鸡汤面,official_label,https://lxjchina.com.cn/upload/2026-05/177828991193340300.pdf,《老乡鸡菜品溯源报告2.0》菜品营养成分信息表（每100g，序号132）,老乡鸡（食品安全部/研发部等；第三方检测机构检测）,2026-04-30,官方委托第三方检测机构对191款在售产品检测营养成分4+1(热量/蛋白质/脂肪/碳水/钠)，每100g基准；报告830页32.2万字，2026-04-30发布，官网可下载。,True,A,energy=67kcal/100g; protein=2.8g; fat=0.7g; carbs=12.2g; sodium=310mg,
src-lxj-133,laoxiangji-cn-133-fanqiexiahuamian,老乡鸡,番茄虾滑面,official_label,https://lxjchina.com.cn/upload/2026-05/177828991193340300.pdf,《老乡鸡菜品溯源报告2.0》菜品营养成分信息表（每100g，序号133）,老乡鸡（食品安全部/研发部等；第三方检测机构检测）,2026-04-30,官方委托第三方检测机构对191款在售产品检测营养成分4+1(热量/蛋白质/脂肪/碳水/钠)，每100g基准；报告830页32.2万字，2026-04-30发布，官网可下载。,True,A,energy=76kcal/100g; protein=2.6g; fat=1.7g; carbs=12.5g; sodium=238mg,
src-lxj-134,laoxiangji-cn-134-tesejitanghuntun,老乡鸡,特色鸡汤馄饨,official_label,https://lxjchina.com.cn/upload/2026-05/177828991193340300.pdf,《老乡鸡菜品溯源报告2.0》菜品营养成分信息表（每100g，序号134）,老乡鸡（食品安全部/研发部等；第三方检测机构检测）,2026-04-30,官方委托第三方检测机构对191款在售产品检测营养成分4+1(热量/蛋白质/脂肪/碳水/钠)，每100g基准；报告830页32.2万字，2026-04-30发布，官网可下载。,True,A,energy=63kcal/100g; protein=2.8g; fat=3.5g; carbs=5.2g; sodium=368mg,
src-lxj-134-tp,laoxiangji-cn-134-tesejitanghuntun,老乡鸡,特色鸡汤馄饨,third_party_analysis,https://m.trfsz.com/newsview1316060.html,老乡鸡美食热量大揭秘(泰然健康网),泰然健康网,2025-05-23,第三方汇总的per-份能量，未披露称重/拆解方法，声称参考门店价目牌；仅作per-份量级参考，不用于修改官方每100g A级值。,False,C,泰然健康网 per-份 energy=234kcal,per-份基准，与官方per-100g基准不同；两来源互相冲突时见SKU conflicting_sources。
src-lxj-135,laoxiangji-cn-135-jitangchaoshou,老乡鸡,鸡汤抄手,official_label,https://lxjchina.com.cn/upload/2026-05/177828991193340300.pdf,《老乡鸡菜品溯源报告2.0》菜品营养成分信息表（每100g，序号135）,老乡鸡（食品安全部/研发部等；第三方检测机构检测）,2026-04-30,官方委托第三方检测机构对191款在售产品检测营养成分4+1(热量/蛋白质/脂肪/碳水/钠)，每100g基准；报告830页32.2万字，2026-04-30发布，官网可下载。,True,A,energy=88kcal/100g; protein=3.2g; fat=3.8g; carbs=10.2g; sodium=443mg,
src-lxj-136,laoxiangji-cn-136-jisishatang,老乡鸡,鸡丝沙汤,official_label,https://lxjchina.com.cn/upload/2026-05/177828991193340300.pdf,《老乡鸡菜品溯源报告2.0》菜品营养成分信息表（每100g，序号136）,老乡鸡（食品安全部/研发部等；第三方检测机构检测）,2026-04-30,官方委托第三方检测机构对191款在售产品检测营养成分4+1(热量/蛋白质/脂肪/碳水/钠)，每100g基准；报告830页32.2万字，2026-04-30发布，官网可下载。,True,A,energy=38kcal/100g; protein=2.4g; fat=1.3g; carbs=4.1g; sodium=362mg,
src-lxj-137,laoxiangji-cn-137-jitangmixian,老乡鸡,鸡汤米线,official_label,https://lxjchina.com.cn/upload/2026-05/177828991193340300.pdf,《老乡鸡菜品溯源报告2.0》菜品营养成分信息表（每100g，序号137）,老乡鸡（食品安全部/研发部等；第三方检测机构检测）,2026-04-30,官方委托第三方检测机构对191款在售产品检测营养成分4+1(热量/蛋白质/脂肪/碳水/钠)，每100g基准；报告830页32.2万字，2026-04-30发布，官网可下载。,True,A,energy=100kcal/100g; protein=2.3g; fat=2.7g; carbs=16.5g; sodium=263mg,
src-lxj-138,laoxiangji-cn-138-jitangpaofan,老乡鸡,鸡汤泡饭,official_label,https://lxjchina.com.cn/upload/2026-05/177828991193340300.pdf,《老乡鸡菜品溯源报告2.0》菜品营养成分信息表（每100g，序号138）,老乡鸡（食品安全部/研发部等；第三方检测机构检测）,2026-04-30,官方委托第三方检测机构对191款在售产品检测营养成分4+1(热量/蛋白质/脂肪/碳水/钠)，每100g基准；报告830页32.2万字，2026-04-30发布，官网可下载。,True,A,energy=80kcal/100g; protein=3.3g; fat=2.3g; carbs=11.3g; sodium=507mg,
src-lxj-139,laoxiangji-cn-139-culianghe,老乡鸡,粗粮盒,official_label,https://lxjchina.com.cn/upload/2026-05/177828991193340300.pdf,《老乡鸡菜品溯源报告2.0》菜品营养成分信息表（每100g，序号139）,老乡鸡（食品安全部/研发部等；第三方检测机构检测）,2026-04-30,官方委托第三方检测机构对191款在售产品检测营养成分4+1(热量/蛋白质/脂肪/碳水/钠)，每100g基准；报告830页32.2万字，2026-04-30发布，官网可下载。,True,A,energy=103kcal/100g; protein=2.1g; fat=0.0g; carbs=23.2g; sodium=33mg,
src-lxj-139-tp,laoxiangji-cn-139-culianghe,老乡鸡,粗粮盒,third_party_analysis,https://m.trfsz.com/newsview1316060.html,老乡鸡美食热量大揭秘(泰然健康网),泰然健康网,2025-05-23,第三方汇总的per-份能量，未披露称重/拆解方法，声称参考门店价目牌；仅作per-份量级参考，不用于修改官方每100g A级值。,False,C,泰然健康网 per-份 energy=172kcal,per-份基准，与官方per-100g基准不同；两来源互相冲突时见SKU conflicting_sources。
src-lxj-140,laoxiangji-cn-140-hongmicaomihongshufan,老乡鸡,红米糙米红薯饭,official_label,https://lxjchina.com.cn/upload/2026-05/177828991193340300.pdf,《老乡鸡菜品溯源报告2.0》菜品营养成分信息表（每100g，序号140）,老乡鸡（食品安全部/研发部等；第三方检测机构检测）,2026-04-30,官方委托第三方检测机构对191款在售产品检测营养成分4+1(热量/蛋白质/脂肪/碳水/钠)，每100g基准；报告830页32.2万字，2026-04-30发布，官网可下载。,True,A,energy=162kcal/100g; protein=3.1g; fat=1.1g; carbs=34.3g; sodium=0mg,
src-lxj-141,laoxiangji-cn-141-mifan,老乡鸡,米饭,official_label,https://lxjchina.com.cn/upload/2026-05/177828991193340300.pdf,《老乡鸡菜品溯源报告2.0》菜品营养成分信息表（每100g，序号141）,老乡鸡（食品安全部/研发部等；第三方检测机构检测）,2026-04-30,官方委托第三方检测机构对191款在售产品检测营养成分4+1(热量/蛋白质/脂肪/碳水/钠)，每100g基准；报告830页32.2万字，2026-04-30发布，官网可下载。,True,A,energy=178kcal/100g; protein=3.4g; fat=1.1g; carbs=38.1g; sodium=0mg,
src-lxj-141-tp,laoxiangji-cn-141-mifan,老乡鸡,米饭,third_party_analysis,https://m.trfsz.com/newsview1316060.html,老乡鸡美食热量大揭秘(泰然健康网),泰然健康网,2025-05-23,第三方汇总的per-份能量，未披露称重/拆解方法，声称参考门店价目牌；仅作per-份量级参考，不用于修改官方每100g A级值。,False,C,泰然健康网 per-份 energy=464kcal；小红书云朵 per-份 energy=139kcal,per-份基准，与官方per-100g基准不同；两来源互相冲突时见SKU conflicting_sources。
src-lxj-142,laoxiangji-cn-142-songgao,老乡鸡,松糕,official_label,https://lxjchina.com.cn/upload/2026-05/177828991193340300.pdf,《老乡鸡菜品溯源报告2.0》菜品营养成分信息表（每100g，序号142）,老乡鸡（食品安全部/研发部等；第三方检测机构检测）,2026-04-30,官方委托第三方检测机构对191款在售产品检测营养成分4+1(热量/蛋白质/脂肪/碳水/钠)，每100g基准；报告830页32.2万字，2026-04-30发布，官网可下载。,True,A,energy=251kcal/100g; protein=2.2g; fat=5.5g; carbs=47.6g; sodium=53mg,
src-lxj-142-tp,laoxiangji-cn-142-songgao,老乡鸡,松糕,third_party_analysis,https://m.trfsz.com/newsview1316060.html,老乡鸡美食热量大揭秘(泰然健康网),泰然健康网,2025-05-23,第三方汇总的per-份能量，未披露称重/拆解方法，声称参考门店价目牌；仅作per-份量级参考，不用于修改官方每100g A级值。,False,C,泰然健康网 per-份 energy=290kcal,per-份基准，与官方per-100g基准不同；两来源互相冲突时见SKU conflicting_sources。
src-lxj-143,laoxiangji-cn-143-paojiaojizamian,老乡鸡,泡椒鸡杂面,official_label,https://lxjchina.com.cn/upload/2026-05/177828991193340300.pdf,《老乡鸡菜品溯源报告2.0》菜品营养成分信息表（每100g，序号143）,老乡鸡（食品安全部/研发部等；第三方检测机构检测）,2026-04-30,官方委托第三方检测机构对191款在售产品检测营养成分4+1(热量/蛋白质/脂肪/碳水/钠)，每100g基准；报告830页32.2万字，2026-04-30发布，官网可下载。,True,A,energy=121kcal/100g; protein=4.5g; fat=5.0g; carbs=14.5g; sodium=393mg,
src-lxj-144,laoxiangji-cn-144-zishuzaliangfan,老乡鸡,紫薯杂粮饭,official_label,https://lxjchina.com.cn/upload/2026-05/177828991193340300.pdf,《老乡鸡菜品溯源报告2.0》菜品营养成分信息表（每100g，序号144）,老乡鸡（食品安全部/研发部等；第三方检测机构检测）,2026-04-30,官方委托第三方检测机构对191款在售产品检测营养成分4+1(热量/蛋白质/脂肪/碳水/钠)，每100g基准；报告830页32.2万字，2026-04-30发布，官网可下载。,True,A,energy=168kcal/100g; protein=3.1g; fat=1.4g; carbs=35.1g; sodium=0mg,
src-lxj-144-tp,laoxiangji-cn-144-zishuzaliangfan,老乡鸡,紫薯杂粮饭,third_party_analysis,https://m.trfsz.com/newsview1316060.html,老乡鸡美食热量大揭秘(泰然健康网),泰然健康网,2025-05-23,第三方汇总的per-份能量，未披露称重/拆解方法，声称参考门店价目牌；仅作per-份量级参考，不用于修改官方每100g A级值。,False,C,泰然健康网 per-份 energy=508kcal；小红书云朵 per-份 energy=300kcal,per-份基准，与官方per-100g基准不同；两来源互相冲突时见SKU conflicting_sources。
src-lxj-145,laoxiangji-cn-145-zizhixiancai,老乡鸡,自制咸菜,official_label,https://lxjchina.com.cn/upload/2026-05/177828991193340300.pdf,《老乡鸡菜品溯源报告2.0》菜品营养成分信息表（每100g，序号145）,老乡鸡（食品安全部/研发部等；第三方检测机构检测）,2026-04-30,官方委托第三方检测机构对191款在售产品检测营养成分4+1(热量/蛋白质/脂肪/碳水/钠)，每100g基准；报告830页32.2万字，2026-04-30发布，官网可下载。,True,A,energy=73kcal/100g; protein=1.8g; fat=4.8g; carbs=5.7g; sodium=2576mg,
src-lxj-146,laoxiangji-cn-146-shucaijidanjuanbing,老乡鸡,蔬菜鸡蛋卷饼,official_label,https://lxjchina.com.cn/upload/2026-05/177828991193340300.pdf,《老乡鸡菜品溯源报告2.0》菜品营养成分信息表（每100g，序号146）,老乡鸡（食品安全部/研发部等；第三方检测机构检测）,2026-04-30,官方委托第三方检测机构对191款在售产品检测营养成分4+1(热量/蛋白质/脂肪/碳水/钠)，每100g基准；报告830页32.2万字，2026-04-30发布，官网可下载。,True,A,energy=213kcal/100g; protein=5.5g; fat=8.2g; carbs=29.1g; sodium=366mg,
src-lxj-147,laoxiangji-cn-147-xihulujidanguo-6ge,老乡鸡,西葫芦鸡蛋锅（6个）,official_label,https://lxjchina.com.cn/upload/2026-05/177828991193340300.pdf,《老乡鸡菜品溯源报告2.0》菜品营养成分信息表（每100g，序号147）,老乡鸡（食品安全部/研发部等；第三方检测机构检测）,2026-04-30,官方委托第三方检测机构对191款在售产品检测营养成分4+1(热量/蛋白质/脂肪/碳水/钠)，每100g基准；报告830页32.2万字，2026-04-30发布，官网可下载。,True,A,energy=284kcal/100g; protein=8.2g; fat=16.6g; carbs=25.6g; sodium=292mg,
src-lxj-148,laoxiangji-cn-148-qincaizhurouguotie,老乡鸡,芹菜猪肉锅贴,official_label,https://lxjchina.com.cn/upload/2026-05/177828991193340300.pdf,《老乡鸡菜品溯源报告2.0》菜品营养成分信息表（每100g，序号148）,老乡鸡（食品安全部/研发部等；第三方检测机构检测）,2026-04-30,官方委托第三方检测机构对191款在售产品检测营养成分4+1(热量/蛋白质/脂肪/碳水/钠)，每100g基准；报告830页32.2万字，2026-04-30发布，官网可下载。,True,A,energy=255kcal/100g; protein=8.4g; fat=11.6g; carbs=29.2g; sodium=383mg,
src-lxj-149,laoxiangji-cn-149-qdanxiahuahuntun,老乡鸡,Q弹虾滑馄饨,official_label,https://lxjchina.com.cn/upload/2026-05/177828991193340300.pdf,《老乡鸡菜品溯源报告2.0》菜品营养成分信息表（每100g，序号149）,老乡鸡（食品安全部/研发部等；第三方检测机构检测）,2026-04-30,官方委托第三方检测机构对191款在售产品检测营养成分4+1(热量/蛋白质/脂肪/碳水/钠)，每100g基准；报告830页32.2万字，2026-04-30发布，官网可下载。,True,A,energy=59kcal/100g; protein=3.0g; fat=2.7g; carbs=5.7g; sodium=497mg,
src-lxj-150,laoxiangji-cn-150-jizhilahutang,老乡鸡,鸡汁辣糊汤,official_label,https://lxjchina.com.cn/upload/2026-05/177828991193340300.pdf,《老乡鸡菜品溯源报告2.0》菜品营养成分信息表（每100g，序号150）,老乡鸡（食品安全部/研发部等；第三方检测机构检测）,2026-04-30,官方委托第三方检测机构对191款在售产品检测营养成分4+1(热量/蛋白质/脂肪/碳水/钠)，每100g基准；报告830页32.2万字，2026-04-30发布，官网可下载。,True,A,energy=54kcal/100g; protein=2.7g; fat=3.2g; carbs=3.8g; sodium=358mg,
src-lxj-151,laoxiangji-cn-151-xianaodouzhou,老乡鸡,现熬豆粥,official_label,https://lxjchina.com.cn/upload/2026-05/177828991193340300.pdf,《老乡鸡菜品溯源报告2.0》菜品营养成分信息表（每100g，序号151）,老乡鸡（食品安全部/研发部等；第三方检测机构检测）,2026-04-30,官方委托第三方检测机构对191款在售产品检测营养成分4+1(热量/蛋白质/脂肪/碳水/钠)，每100g基准；报告830页32.2万字，2026-04-30发布，官网可下载。,True,A,energy=29kcal/100g; protein=0.8g; fat=0.0g; carbs=6.4g; sodium=0mg,
src-lxj-152,laoxiangji-cn-152-xiaominanguazhou,老乡鸡,小米南瓜粥,official_label,https://lxjchina.com.cn/upload/2026-05/177828991193340300.pdf,《老乡鸡菜品溯源报告2.0》菜品营养成分信息表（每100g，序号152）,老乡鸡（食品安全部/研发部等；第三方检测机构检测）,2026-04-30,官方委托第三方检测机构对191款在售产品检测营养成分4+1(热量/蛋白质/脂肪/碳水/钠)，每100g基准；报告830页32.2万字，2026-04-30发布，官网可下载。,True,A,energy=28kcal/100g; protein=0.7g; fat=0.0g; carbs=6.1g; sodium=0mg,
src-lxj-153,laoxiangji-cn-153-baimizhou,老乡鸡,白米粥,official_label,https://lxjchina.com.cn/upload/2026-05/177828991193340300.pdf,《老乡鸡菜品溯源报告2.0》菜品营养成分信息表（每100g，序号153）,老乡鸡（食品安全部/研发部等；第三方检测机构检测）,2026-04-30,官方委托第三方检测机构对191款在售产品检测营养成分4+1(热量/蛋白质/脂肪/碳水/钠)，每100g基准；报告830页32.2万字，2026-04-30发布，官网可下载。,True,A,energy=33kcal/100g; protein=0.8g; fat=0.0g; carbs=7.2g; sodium=0mg,
src-lxj-154,laoxiangji-cn-154-pidanshourouzhou,老乡鸡,皮蛋瘦肉粥,official_label,https://lxjchina.com.cn/upload/2026-05/177828991193340300.pdf,《老乡鸡菜品溯源报告2.0》菜品营养成分信息表（每100g，序号154）,老乡鸡（食品安全部/研发部等；第三方检测机构检测）,2026-04-30,官方委托第三方检测机构对191款在售产品检测营养成分4+1(热量/蛋白质/脂肪/碳水/钠)，每100g基准；报告830页32.2万字，2026-04-30发布，官网可下载。,True,A,energy=49kcal/100g; protein=1.4g; fat=0.8g; carbs=8.8g; sodium=213mg,
src-lxj-155,laoxiangji-cn-155-jiuniangdanhuatiangeng,老乡鸡,酒酿蛋花甜羹,official_label,https://lxjchina.com.cn/upload/2026-05/177828991193340300.pdf,《老乡鸡菜品溯源报告2.0》菜品营养成分信息表（每100g，序号155）,老乡鸡（食品安全部/研发部等；第三方检测机构检测）,2026-04-30,官方委托第三方检测机构对191款在售产品检测营养成分4+1(热量/蛋白质/脂肪/碳水/钠)，每100g基准；报告830页32.2万字，2026-04-30发布，官网可下载。,True,A,energy=37kcal/100g; protein=0.7g; fat=0.7g; carbs=7.0g; sodium=8mg,
src-lxj-156,laoxiangji-cn-156-xiaomizhou,老乡鸡,小米粥,official_label,https://lxjchina.com.cn/upload/2026-05/177828991193340300.pdf,《老乡鸡菜品溯源报告2.0》菜品营养成分信息表（每100g，序号156）,老乡鸡（食品安全部/研发部等；第三方检测机构检测）,2026-04-30,官方委托第三方检测机构对191款在售产品检测营养成分4+1(热量/蛋白质/脂肪/碳水/钠)，每100g基准；报告830页32.2万字，2026-04-30发布，官网可下载。,True,A,energy=35kcal/100g; protein=1.0g; fat=0.0g; carbs=7.7g; sodium=0mg,
src-lxj-157,laoxiangji-cn-157-caigenxiang,老乡鸡,菜根香,official_label,https://lxjchina.com.cn/upload/2026-05/177828991193340300.pdf,《老乡鸡菜品溯源报告2.0》菜品营养成分信息表（每100g，序号157）,老乡鸡（食品安全部/研发部等；第三方检测机构检测）,2026-04-30,官方委托第三方检测机构对191款在售产品检测营养成分4+1(热量/蛋白质/脂肪/碳水/钠)，每100g基准；报告830页32.2万字，2026-04-30发布，官网可下载。,True,A,energy=63kcal/100g; protein=1.3g; fat=4.4g; carbs=4.8g; sodium=785mg,
src-lxj-157-tp,laoxiangji-cn-157-caigenxiang,老乡鸡,菜根香,third_party_analysis,https://m.trfsz.com/newsview1316060.html,老乡鸡美食热量大揭秘(泰然健康网),泰然健康网,2025-05-23,第三方汇总的per-份能量，未披露称重/拆解方法，声称参考门店价目牌；仅作per-份量级参考，不用于修改官方每100g A级值。,False,C,泰然健康网 per-份 energy=50kcal,per-份基准，与官方per-100g基准不同；两来源互相冲突时见SKU conflicting_sources。
src-lxj-158,laoxiangji-cn-158-yuanweidoujiang-xianmoben,老乡鸡,原味豆浆（现磨版本）,official_label,https://lxjchina.com.cn/upload/2026-05/177828991193340300.pdf,《老乡鸡菜品溯源报告2.0》菜品营养成分信息表（每100g，序号158）,老乡鸡（食品安全部/研发部等；第三方检测机构检测）,2026-04-30,官方委托第三方检测机构对191款在售产品检测营养成分4+1(热量/蛋白质/脂肪/碳水/钠)，每100g基准；报告830页32.2万字，2026-04-30发布，官网可下载。,True,A,energy=14kcal/100g; protein=1.1g; fat=0.7g; carbs=0.9g; sodium=0mg,
src-lxj-159,laoxiangji-cn-159-yuanweidoujiang-chongdiaoben,老乡鸡,原味豆浆（冲调版本）,official_label,https://lxjchina.com.cn/upload/2026-05/177828991193340300.pdf,《老乡鸡菜品溯源报告2.0》菜品营养成分信息表（每100g，序号159）,老乡鸡（食品安全部/研发部等；第三方检测机构检测）,2026-04-30,官方委托第三方检测机构对191款在售产品检测营养成分4+1(热量/蛋白质/脂肪/碳水/钠)，每100g基准；报告830页32.2万字，2026-04-30发布，官网可下载。,True,A,energy=57kcal/100g; protein=2.7g; fat=1.3g; carbs=8.5g; sodium=18mg,
src-lxj-160,laoxiangji-cn-160-caicigao,老乡鸡,菜糍糕,official_label,https://lxjchina.com.cn/upload/2026-05/177828991193340300.pdf,《老乡鸡菜品溯源报告2.0》菜品营养成分信息表（每100g，序号160）,老乡鸡（食品安全部/研发部等；第三方检测机构检测）,2026-04-30,官方委托第三方检测机构对191款在售产品检测营养成分4+1(热量/蛋白质/脂肪/碳水/钠)，每100g基准；报告830页32.2万字，2026-04-30发布，官网可下载。,True,A,energy=271kcal/100g; protein=5.3g; fat=6.9g; carbs=46.3g; sodium=391mg,
src-lxj-161,laoxiangji-cn-161-tanggao-hongtangxian,老乡鸡,糖糕（红糖馅）,official_label,https://lxjchina.com.cn/upload/2026-05/177828991193340300.pdf,《老乡鸡菜品溯源报告2.0》菜品营养成分信息表（每100g，序号161）,老乡鸡（食品安全部/研发部等；第三方检测机构检测）,2026-04-30,官方委托第三方检测机构对191款在售产品检测营养成分4+1(热量/蛋白质/脂肪/碳水/钠)，每100g基准；报告830页32.2万字，2026-04-30发布，官网可下载。,True,A,energy=248kcal/100g; protein=4.3g; fat=7.1g; carbs=41.4g; sodium=23mg,
src-lxj-162,laoxiangji-cn-162-xianzhadayoutiao,老乡鸡,现炸大油条,official_label,https://lxjchina.com.cn/upload/2026-05/177828991193340300.pdf,《老乡鸡菜品溯源报告2.0》菜品营养成分信息表（每100g，序号162）,老乡鸡（食品安全部/研发部等；第三方检测机构检测）,2026-04-30,官方委托第三方检测机构对191款在售产品检测营养成分4+1(热量/蛋白质/脂肪/碳水/钠)，每100g基准；报告830页32.2万字，2026-04-30发布，官网可下载。,True,A,energy=445kcal/100g; protein=6.7g; fat=28.1g; carbs=41.7g; sodium=482mg,
src-lxj-162-tp,laoxiangji-cn-162-xianzhadayoutiao,老乡鸡,现炸大油条,third_party_analysis,https://m.trfsz.com/newsview1316060.html,老乡鸡美食热量大揭秘(泰然健康网),泰然健康网,2025-05-23,第三方汇总的per-份能量，未披露称重/拆解方法，声称参考门店价目牌；仅作per-份量级参考，不用于修改官方每100g A级值。,False,C,泰然健康网 per-份 energy=388kcal,per-份基准，与官方per-100g基准不同；两来源互相冲突时见SKU conflicting_sources。
src-lxj-163,laoxiangji-cn-163-xiangsuniuroubing,老乡鸡,香酥牛肉饼,official_label,https://lxjchina.com.cn/upload/2026-05/177828991193340300.pdf,《老乡鸡菜品溯源报告2.0》菜品营养成分信息表（每100g，序号163）,老乡鸡（食品安全部/研发部等；第三方检测机构检测）,2026-04-30,官方委托第三方检测机构对191款在售产品检测营养成分4+1(热量/蛋白质/脂肪/碳水/钠)，每100g基准；报告830页32.2万字，2026-04-30发布，官网可下载。,True,A,energy=291kcal/100g; protein=9.7g; fat=11.3g; carbs=37.3g; sodium=493mg,
src-lxj-163-tp,laoxiangji-cn-163-xiangsuniuroubing,老乡鸡,香酥牛肉饼,third_party_analysis,https://m.trfsz.com/newsview1316060.html,老乡鸡美食热量大揭秘(泰然健康网),泰然健康网,2025-05-23,第三方汇总的per-份能量，未披露称重/拆解方法，声称参考门店价目牌；仅作per-份量级参考，不用于修改官方每100g A级值。,False,C,泰然健康网 per-份 energy=277kcal,per-份基准，与官方per-100g基准不同；两来源互相冲突时见SKU conflicting_sources。
src-lxj-164,laoxiangji-cn-164-xiangcuichunjuan,老乡鸡,香脆春卷,official_label,https://lxjchina.com.cn/upload/2026-05/177828991193340300.pdf,《老乡鸡菜品溯源报告2.0》菜品营养成分信息表（每100g，序号164）,老乡鸡（食品安全部/研发部等；第三方检测机构检测）,2026-04-30,官方委托第三方检测机构对191款在售产品检测营养成分4+1(热量/蛋白质/脂肪/碳水/钠)，每100g基准；报告830页32.2万字，2026-04-30发布，官网可下载。,True,A,energy=309kcal/100g; protein=3.2g; fat=17.4g; carbs=35.0g; sodium=450mg,
src-lxj-165,laoxiangji-cn-165-chayedan,老乡鸡,茶叶蛋,official_label,https://lxjchina.com.cn/upload/2026-05/177828991193340300.pdf,《老乡鸡菜品溯源报告2.0》菜品营养成分信息表（每100g，序号165）,老乡鸡（食品安全部/研发部等；第三方检测机构检测）,2026-04-30,官方委托第三方检测机构对191款在售产品检测营养成分4+1(热量/蛋白质/脂肪/碳水/钠)，每100g基准；报告830页32.2万字，2026-04-30发布，官网可下载。,True,A,energy=145kcal/100g; protein=13.6g; fat=9.1g; carbs=2.4g; sodium=402mg,
src-lxj-165-tp,laoxiangji-cn-165-chayedan,老乡鸡,茶叶蛋,third_party_analysis,https://m.trfsz.com/newsview1316060.html,老乡鸡美食热量大揭秘(泰然健康网),泰然健康网,2025-05-23,第三方汇总的per-份能量，未披露称重/拆解方法，声称参考门店价目牌；仅作per-份量级参考，不用于修改官方每100g A级值。,False,C,泰然健康网 per-份 energy=74kcal,per-份基准，与官方per-100g基准不同；两来源互相冲突时见SKU conflicting_sources。
src-lxj-166,laoxiangji-cn-166-congxiangjiangroubao,老乡鸡,葱香酱肉包,official_label,https://lxjchina.com.cn/upload/2026-05/177828991193340300.pdf,《老乡鸡菜品溯源报告2.0》菜品营养成分信息表（每100g，序号166）,老乡鸡（食品安全部/研发部等；第三方检测机构检测）,2026-04-30,官方委托第三方检测机构对191款在售产品检测营养成分4+1(热量/蛋白质/脂肪/碳水/钠)，每100g基准；报告830页32.2万字，2026-04-30发布，官网可下载。,True,A,energy=282kcal/100g; protein=8.4g; fat=14.0g; carbs=30.7g; sodium=254mg,
src-lxj-167,laoxiangji-cn-167-fenghuangdan,老乡鸡,凤凰蛋,official_label,https://lxjchina.com.cn/upload/2026-05/177828991193340300.pdf,《老乡鸡菜品溯源报告2.0》菜品营养成分信息表（每100g，序号167）,老乡鸡（食品安全部/研发部等；第三方检测机构检测）,2026-04-30,官方委托第三方检测机构对191款在售产品检测营养成分4+1(热量/蛋白质/脂肪/碳水/钠)，每100g基准；报告830页32.2万字，2026-04-30发布，官网可下载。,True,A,energy=156kcal/100g; protein=15.7g; fat=9.9g; carbs=1.1g; sodium=158mg,
src-lxj-168,laoxiangji-cn-168-huajuan,老乡鸡,花卷,official_label,https://lxjchina.com.cn/upload/2026-05/177828991193340300.pdf,《老乡鸡菜品溯源报告2.0》菜品营养成分信息表（每100g，序号168）,老乡鸡（食品安全部/研发部等；第三方检测机构检测）,2026-04-30,官方委托第三方检测机构对191款在售产品检测营养成分4+1(热量/蛋白质/脂肪/碳水/钠)，每100g基准；报告830页32.2万字，2026-04-30发布，官网可下载。,True,A,energy=236kcal/100g; protein=7.3g; fat=1.4g; carbs=47.7g; sodium=271mg,
src-lxj-168-tp,laoxiangji-cn-168-huajuan,老乡鸡,花卷,third_party_analysis,https://m.trfsz.com/newsview1316060.html,老乡鸡美食热量大揭秘(泰然健康网),泰然健康网,2025-05-23,第三方汇总的per-份能量，未披露称重/拆解方法，声称参考门店价目牌；仅作per-份量级参考，不用于修改官方每100g A级值。,False,C,泰然健康网 per-份 energy=192kcal,per-份基准，与官方per-100g基准不同；两来源互相冲突时见SKU conflicting_sources。
src-lxj-169,laoxiangji-cn-169-jicaixianrouzhengjiao,老乡鸡,荠菜鲜肉蒸饺,official_label,https://lxjchina.com.cn/upload/2026-05/177828991193340300.pdf,《老乡鸡菜品溯源报告2.0》菜品营养成分信息表（每100g，序号169）,老乡鸡（食品安全部/研发部等；第三方检测机构检测）,2026-04-30,官方委托第三方检测机构对191款在售产品检测营养成分4+1(热量/蛋白质/脂肪/碳水/钠)，每100g基准；报告830页32.2万字，2026-04-30发布，官网可下载。,True,A,energy=198kcal/100g; protein=7.2g; fat=8.2g; carbs=23.7g; sodium=389mg,
src-lxj-169-tp,laoxiangji-cn-169-jicaixianrouzhengjiao,老乡鸡,荠菜鲜肉蒸饺,third_party_analysis,https://m.trfsz.com/newsview1316060.html,老乡鸡美食热量大揭秘(泰然健康网),泰然健康网,2025-05-23,第三方汇总的per-份能量，未披露称重/拆解方法，声称参考门店价目牌；仅作per-份量级参考，不用于修改官方每100g A级值。,False,C,泰然健康网 per-份 energy=178kcal,per-份基准，与官方per-100g基准不同；两来源互相冲突时见SKU conflicting_sources。
src-lxj-170,laoxiangji-cn-170-laomianxiaolongbao,老乡鸡,老面小笼包,official_label,https://lxjchina.com.cn/upload/2026-05/177828991193340300.pdf,《老乡鸡菜品溯源报告2.0》菜品营养成分信息表（每100g，序号170）,老乡鸡（食品安全部/研发部等；第三方检测机构检测）,2026-04-30,官方委托第三方检测机构对191款在售产品检测营养成分4+1(热量/蛋白质/脂肪/碳水/钠)，每100g基准；报告830页32.2万字，2026-04-30发布，官网可下载。,True,A,energy=216kcal/100g; protein=7.8g; fat=8.4g; carbs=27.0g; sodium=302mg,
src-lxj-170-tp,laoxiangji-cn-170-laomianxiaolongbao,老乡鸡,老面小笼包,third_party_analysis,https://m.trfsz.com/newsview1316060.html,老乡鸡美食热量大揭秘(泰然健康网),泰然健康网,2025-05-23,第三方汇总的per-份能量，未披露称重/拆解方法，声称参考门店价目牌；仅作per-份量级参考，不用于修改官方每100g A级值。,False,C,泰然健康网 per-份 energy=336kcal,per-份基准，与官方per-100g基准不同；两来源互相冲突时见SKU conflicting_sources。
src-lxj-171,laoxiangji-cn-171-naihuangjibao,老乡鸡,奶黄鸡包,official_label,https://lxjchina.com.cn/upload/2026-05/177828991193340300.pdf,《老乡鸡菜品溯源报告2.0》菜品营养成分信息表（每100g，序号171）,老乡鸡（食品安全部/研发部等；第三方检测机构检测）,2026-04-30,官方委托第三方检测机构对191款在售产品检测营养成分4+1(热量/蛋白质/脂肪/碳水/钠)，每100g基准；报告830页32.2万字，2026-04-30发布，官网可下载。,True,A,energy=220kcal/100g; protein=5.3g; fat=1.2g; carbs=46.3g; sodium=48mg,
src-lxj-171-tp,laoxiangji-cn-171-naihuangjibao,老乡鸡,奶黄鸡包,third_party_analysis,https://m.trfsz.com/newsview1316060.html,老乡鸡美食热量大揭秘(泰然健康网),泰然健康网,2025-05-23,第三方汇总的per-份能量，未披露称重/拆解方法，声称参考门店价目牌；仅作per-份量级参考，不用于修改官方每100g A级值。,False,C,泰然健康网 per-份 energy=154kcal,per-份基准，与官方per-100g基准不同；两来源互相冲突时见SKU conflicting_sources。
src-lxj-172,laoxiangji-cn-172-shuizhudan,老乡鸡,水煮蛋,official_label,https://lxjchina.com.cn/upload/2026-05/177828991193340300.pdf,《老乡鸡菜品溯源报告2.0》菜品营养成分信息表（每100g，序号172）,老乡鸡（食品安全部/研发部等；第三方检测机构检测）,2026-04-30,官方委托第三方检测机构对191款在售产品检测营养成分4+1(热量/蛋白质/脂肪/碳水/钠)，每100g基准；报告830页32.2万字，2026-04-30发布，官网可下载。,True,A,energy=144kcal/100g; protein=13.0g; fat=9.5g; carbs=1.6g; sodium=141mg,
src-lxj-173,laoxiangji-cn-173-xiangguqingcaibao-bocaimianpi,老乡鸡,香菇青菜包（菠菜面皮）,official_label,https://lxjchina.com.cn/upload/2026-05/177828991193340300.pdf,《老乡鸡菜品溯源报告2.0》菜品营养成分信息表（每100g，序号173）,老乡鸡（食品安全部/研发部等；第三方检测机构检测）,2026-04-30,官方委托第三方检测机构对191款在售产品检测营养成分4+1(热量/蛋白质/脂肪/碳水/钠)，每100g基准；报告830页32.2万字，2026-04-30发布，官网可下载。,True,A,energy=243kcal/100g; protein=5.1g; fat=12.2g; carbs=28.3g; sodium=397mg,
src-lxj-174,laoxiangji-cn-174-xiangguzhuroushaomai,老乡鸡,香菇猪肉烧麦,official_label,https://lxjchina.com.cn/upload/2026-05/177828991193340300.pdf,《老乡鸡菜品溯源报告2.0》菜品营养成分信息表（每100g，序号174）,老乡鸡（食品安全部/研发部等；第三方检测机构检测）,2026-04-30,官方委托第三方检测机构对191款在售产品检测营养成分4+1(热量/蛋白质/脂肪/碳水/钠)，每100g基准；报告830页32.2万字，2026-04-30发布，官网可下载。,True,A,energy=239kcal/100g; protein=5.8g; fat=6.2g; carbs=39.7g; sodium=500mg,
src-lxj-174-tp,laoxiangji-cn-174-xiangguzhuroushaomai,老乡鸡,香菇猪肉烧麦,third_party_analysis,https://m.trfsz.com/newsview1316060.html,老乡鸡美食热量大揭秘(泰然健康网),泰然健康网,2025-05-23,第三方汇总的per-份能量，未披露称重/拆解方法，声称参考门店价目牌；仅作per-份量级参考，不用于修改官方每100g A级值。,False,C,泰然健康网 per-份 energy=118kcal,per-份基准，与官方per-100g基准不同；两来源互相冲突时见SKU conflicting_sources。
src-lxj-175,laoxiangji-cn-175-laomianmantou,老乡鸡,老面馒头,official_label,https://lxjchina.com.cn/upload/2026-05/177828991193340300.pdf,《老乡鸡菜品溯源报告2.0》菜品营养成分信息表（每100g，序号175）,老乡鸡（食品安全部/研发部等；第三方检测机构检测）,2026-04-30,官方委托第三方检测机构对191款在售产品检测营养成分4+1(热量/蛋白质/脂肪/碳水/钠)，每100g基准；报告830页32.2万字，2026-04-30发布，官网可下载。,True,A,energy=240kcal/100g; protein=6.2g; fat=2.2g; carbs=48.1g; sodium=101mg,
src-lxj-176,laoxiangji-cn-176-heiquanmaijidingbao,老乡鸡,黑全麦鸡丁包,official_label,https://lxjchina.com.cn/upload/2026-05/177828991193340300.pdf,《老乡鸡菜品溯源报告2.0》菜品营养成分信息表（每100g，序号176）,老乡鸡（食品安全部/研发部等；第三方检测机构检测）,2026-04-30,官方委托第三方检测机构对191款在售产品检测营养成分4+1(热量/蛋白质/脂肪/碳水/钠)，每100g基准；报告830页32.2万字，2026-04-30发布，官网可下载。,True,A,energy=201kcal/100g; protein=9.2g; fat=5.0g; carbs=29.3g; sodium=329mg,
src-lxj-177,laoxiangji-cn-177-nuomizagufantuan-aoerliangjirouxian,老乡鸡,糯米杂谷饭团（奥尔良鸡肉馅）,official_label,https://lxjchina.com.cn/upload/2026-05/177828991193340300.pdf,《老乡鸡菜品溯源报告2.0》菜品营养成分信息表（每100g，序号177）,老乡鸡（食品安全部/研发部等；第三方检测机构检测）,2026-04-30,官方委托第三方检测机构对191款在售产品检测营养成分4+1(热量/蛋白质/脂肪/碳水/钠)，每100g基准；报告830页32.2万字，2026-04-30发布，官网可下载。,True,A,energy=177kcal/100g; protein=5.6g; fat=2.0g; carbs=33.7g; sodium=410mg,
src-lxj-178,laoxiangji-cn-178-houtougushanyaoyumihu,老乡鸡,猴头菇山药玉米糊,official_label,https://lxjchina.com.cn/upload/2026-05/177828991193340300.pdf,《老乡鸡菜品溯源报告2.0》菜品营养成分信息表（每100g，序号178）,老乡鸡（食品安全部/研发部等；第三方检测机构检测）,2026-04-30,官方委托第三方检测机构对191款在售产品检测营养成分4+1(热量/蛋白质/脂肪/碳水/钠)，每100g基准；报告830页32.2万字，2026-04-30发布，官网可下载。,True,A,energy=64kcal/100g; protein=1.3g; fat=0.0g; carbs=14.4g; sodium=0mg,
src-lxj-179,laoxiangji-cn-179-xiangcuitudousibing,老乡鸡,香脆土豆丝饼,official_label,https://lxjchina.com.cn/upload/2026-05/177828991193340300.pdf,《老乡鸡菜品溯源报告2.0》菜品营养成分信息表（每100g，序号179）,老乡鸡（食品安全部/研发部等；第三方检测机构检测）,2026-04-30,官方委托第三方检测机构对191款在售产品检测营养成分4+1(热量/蛋白质/脂肪/碳水/钠)，每100g基准；报告830页32.2万字，2026-04-30发布，官网可下载。,True,A,energy=304kcal/100g; protein=2.3g; fat=20.0g; carbs=29.0g; sodium=385mg,
src-lxj-180,laoxiangji-cn-180-bangbangxia,老乡鸡,棒棒虾,official_label,https://lxjchina.com.cn/upload/2026-05/177828991193340300.pdf,《老乡鸡菜品溯源报告2.0》菜品营养成分信息表（每100g，序号180）,老乡鸡（食品安全部/研发部等；第三方检测机构检测）,2026-04-30,官方委托第三方检测机构对191款在售产品检测营养成分4+1(热量/蛋白质/脂肪/碳水/钠)，每100g基准；报告830页32.2万字，2026-04-30发布，官网可下载。,True,A,energy=347kcal/100g; protein=10.1g; fat=21.6g; carbs=28.2g; sodium=407mg,
src-lxj-181,laoxiangji-cn-181-shengzhadajitui,老乡鸡,生炸大鸡腿,official_label,https://lxjchina.com.cn/upload/2026-05/177828991193340300.pdf,《老乡鸡菜品溯源报告2.0》菜品营养成分信息表（每100g，序号181）,老乡鸡（食品安全部/研发部等；第三方检测机构检测）,2026-04-30,官方委托第三方检测机构对191款在售产品检测营养成分4+1(热量/蛋白质/脂肪/碳水/钠)，每100g基准；报告830页32.2万字，2026-04-30发布，官网可下载。,True,A,energy=241kcal/100g; protein=22.1g; fat=11.3g; carbs=12.4g; sodium=1080mg,
src-lxj-181-tp,laoxiangji-cn-181-shengzhadajitui,老乡鸡,生炸大鸡腿,third_party_analysis,https://m.trfsz.com/newsview1316060.html,老乡鸡美食热量大揭秘(泰然健康网),泰然健康网,2025-05-23,第三方汇总的per-份能量，未披露称重/拆解方法，声称参考门店价目牌；仅作per-份量级参考，不用于修改官方每100g A级值。,False,C,泰然健康网 per-份 energy=432kcal,per-份基准，与官方per-100g基准不同；两来源互相冲突时见SKU conflicting_sources。
src-lxj-182,laoxiangji-cn-182-xiangcuishubing,老乡鸡,香脆薯饼,official_label,https://lxjchina.com.cn/upload/2026-05/177828991193340300.pdf,《老乡鸡菜品溯源报告2.0》菜品营养成分信息表（每100g，序号182）,老乡鸡（食品安全部/研发部等；第三方检测机构检测）,2026-04-30,官方委托第三方检测机构对191款在售产品检测营养成分4+1(热量/蛋白质/脂肪/碳水/钠)，每100g基准；报告830页32.2万字，2026-04-30发布，官网可下载。,True,A,energy=385kcal/100g; protein=3.2g; fat=28.4g; carbs=29.7g; sodium=294mg,
src-lxj-183,laoxiangji-cn-183-xiangyudiguawan,老乡鸡,香芋地瓜丸,official_label,https://lxjchina.com.cn/upload/2026-05/177828991193340300.pdf,《老乡鸡菜品溯源报告2.0》菜品营养成分信息表（每100g，序号183）,老乡鸡（食品安全部/研发部等；第三方检测机构检测）,2026-04-30,官方委托第三方检测机构对191款在售产品检测营养成分4+1(热量/蛋白质/脂肪/碳水/钠)，每100g基准；报告830页32.2万字，2026-04-30发布，官网可下载。,True,A,energy=351kcal/100g; protein=2.5g; fat=14.6g; carbs=52.3g; sodium=42mg,
src-lxj-184,laoxiangji-cn-184-zhajipai-putongjipai,老乡鸡,炸鸡排（普通鸡排）,official_label,https://lxjchina.com.cn/upload/2026-05/177828991193340300.pdf,《老乡鸡菜品溯源报告2.0》菜品营养成分信息表（每100g，序号184）,老乡鸡（食品安全部/研发部等；第三方检测机构检测）,2026-04-30,官方委托第三方检测机构对191款在售产品检测营养成分4+1(热量/蛋白质/脂肪/碳水/钠)，每100g基准；报告830页32.2万字，2026-04-30发布，官网可下载。,True,A,energy=297kcal/100g; protein=16.1g; fat=18.3g; carbs=17.3g; sodium=887mg,
src-lxj-185,laoxiangji-cn-185-zhajitui,老乡鸡,炸鸡腿,official_label,https://lxjchina.com.cn/upload/2026-05/177828991193340300.pdf,《老乡鸡菜品溯源报告2.0》菜品营养成分信息表（每100g，序号185）,老乡鸡（食品安全部/研发部等；第三方检测机构检测）,2026-04-30,官方委托第三方检测机构对191款在售产品检测营养成分4+1(热量/蛋白质/脂肪/碳水/钠)，每100g基准；报告830页32.2万字，2026-04-30发布，官网可下载。,True,A,energy=277kcal/100g; protein=14.9g; fat=16.4g; carbs=16.0g; sodium=785mg,
src-lxj-185-tp,laoxiangji-cn-185-zhajitui,老乡鸡,炸鸡腿,third_party_analysis,https://m.trfsz.com/newsview1316060.html,老乡鸡美食热量大揭秘(泰然健康网),泰然健康网,2025-05-23,第三方汇总的per-份能量，未披露称重/拆解方法，声称参考门店价目牌；仅作per-份量级参考，不用于修改官方每100g A级值。,False,C,泰然健康网 per-份 energy=292kcal,per-份基准，与官方per-100g基准不同；两来源互相冲突时见SKU conflicting_sources。
src-lxj-186,laoxiangji-cn-186-cuipijichi,老乡鸡,脆皮鸡翅,official_label,https://lxjchina.com.cn/upload/2026-05/177828991193340300.pdf,《老乡鸡菜品溯源报告2.0》菜品营养成分信息表（每100g，序号186）,老乡鸡（食品安全部/研发部等；第三方检测机构检测）,2026-04-30,官方委托第三方检测机构对191款在售产品检测营养成分4+1(热量/蛋白质/脂肪/碳水/钠)，每100g基准；报告830页32.2万字，2026-04-30发布，官网可下载。,True,A,energy=314kcal/100g; protein=13.8g; fat=21.8g; carbs=16.1g; sodium=730mg,
src-lxj-187,laoxiangji-cn-187-zharouchang,老乡鸡,炸肉肠,official_label,https://lxjchina.com.cn/upload/2026-05/177828991193340300.pdf,《老乡鸡菜品溯源报告2.0》菜品营养成分信息表（每100g，序号187）,老乡鸡（食品安全部/研发部等；第三方检测机构检测）,2026-04-30,官方委托第三方检测机构对191款在售产品检测营养成分4+1(热量/蛋白质/脂肪/碳水/钠)，每100g基准；报告830页32.2万字，2026-04-30发布，官网可下载。,True,A,energy=268kcal/100g; protein=15.6g; fat=18.0g; carbs=11.3g; sodium=884mg,
src-lxj-188,laoxiangji-cn-188-zharouchang,老乡鸡,炸肉肠,official_label,https://lxjchina.com.cn/upload/2026-05/177828991193340300.pdf,《老乡鸡菜品溯源报告2.0》菜品营养成分信息表（每100g，序号188）,老乡鸡（食品安全部/研发部等；第三方检测机构检测）,2026-04-30,官方委托第三方检测机构对191款在售产品检测营养成分4+1(热量/蛋白质/脂肪/碳水/钠)，每100g基准；报告830页32.2万字，2026-04-30发布，官网可下载。,True,A,energy=226kcal/100g; protein=14.4g; fat=11.4g; carbs=16.5g; sodium=922mg,
src-lxj-189,laoxiangji-cn-189-zhajipai-tiaolijipai,老乡鸡,炸鸡排（调理鸡排）,official_label,https://lxjchina.com.cn/upload/2026-05/177828991193340300.pdf,《老乡鸡菜品溯源报告2.0》菜品营养成分信息表（每100g，序号189）,老乡鸡（食品安全部/研发部等；第三方检测机构检测）,2026-04-30,官方委托第三方检测机构对191款在售产品检测营养成分4+1(热量/蛋白质/脂肪/碳水/钠)，每100g基准；报告830页32.2万字，2026-04-30发布，官网可下载。,True,A,energy=230kcal/100g; protein=15.2g; fat=12.4g; carbs=14.4g; sodium=676mg,
src-lxj-190,laoxiangji-cn-190-yinerlianzidunli,老乡鸡,银耳莲子炖梨,official_label,https://lxjchina.com.cn/upload/2026-05/177828991193340300.pdf,《老乡鸡菜品溯源报告2.0》菜品营养成分信息表（每100g，序号190）,老乡鸡（食品安全部/研发部等；第三方检测机构检测）,2026-04-30,官方委托第三方检测机构对191款在售产品检测营养成分4+1(热量/蛋白质/脂肪/碳水/钠)，每100g基准；报告830页32.2万字，2026-04-30发布，官网可下载。,True,A,energy=26kcal/100g; protein=0.0g; fat=0.0g; carbs=6.5g; sodium=0mg,
src-lxj-191,laoxiangji-cn-191-hongdoujiuniang,老乡鸡,红豆酒酿,official_label,https://lxjchina.com.cn/upload/2026-05/177828991193340300.pdf,《老乡鸡菜品溯源报告2.0》菜品营养成分信息表（每100g，序号191）,老乡鸡（食品安全部/研发部等；第三方检测机构检测）,2026-04-30,官方委托第三方检测机构对191款在售产品检测营养成分4+1(热量/蛋白质/脂肪/碳水/钠)，每100g基准；报告830页32.2万字，2026-04-30发布，官网可下载。,True,A,energy=56kcal/100g; protein=1.6g; fat=0.0g; carbs=12.3g; sodium=0mg,
src-lawson-001,lawson-cn-orleans-chicken-onigiri,罗森,奥尔良鸡肉饭团,third_party_analysis,https://www.fatsecret.cn/%E7%83%AD%E9%87%8F%E8%90%A5%E5%85%BB/%E7%BD%97%E6%A3%AE/%E5%A5%A5%E5%B0%94%E8%89%AF%E9%B8%A1%E8%82%89%E9%A5%AD%E5%9B%A2/100%E5%85%8B,fatsecret 罗森 奥尔良鸡肉饭团（每100g）,fatsecret.cn 食物库（第三方录入）,2026-09-18,第三方食物库转录包装营养成分表（每100g口径），Atwater校验通过,False,C,energy=158kcal/100g; protein=4.4g; carbs=30.9g; fat=1.6g,单源，无方法说明
src-lawson-002,lawson-cn-devil-onigiri-original,罗森,恶魔的饭团(原味),third_party_analysis,https://www.bilibili.com/opus/422896885286491339,吃光106个三明治和饭团，得出了这份便利店早餐报告,魔都食鉴局（哔哩哔哩专栏）,2020-08-13,逐项抄录包装标注：净含量90g+能量930KJ/100g+换算199.8Kcal/份（换算自洽）,False,B,energy=930KJ/100g=222.3kcal/100g; 199.8kcal/份(90g),能量-only，无宏量；2020-08数据
src-lawson-003,lawson-cn-devil-onigiri-original,罗森,恶魔的饭团(原味),third_party_analysis,https://www.fatsecret.cn/%E7%83%AD%E9%87%8F%E8%90%A5%E5%85%BB/%E7%BD%97%E6%A3%AE/%E6%81%B6%E9%AD%94%E9%A5%AD%E5%9B%A2/100%E5%85%8B,fatsecret 罗森 恶魔饭团（每100g）,fatsecret.cn 食物库（第三方录入）,2026-09-18,第三方库转录包装标签，Atwater校验222.3✓,False,C,energy=222kcal/100g; protein=4.7g; carbs=47.5g; fat=1.5g,交叉验证能量；宏量未采用（口味对应不明）
src-lawson-004,lawson-cn-devil-onigiri-pizza,罗森,恶魔的饭团(意式披萨味),third_party_analysis,https://www.bilibili.com/opus/422896885286491339,吃光106个三明治和饭团，得出了这份便利店早餐报告,魔都食鉴局（哔哩哔哩专栏）,2020-08-13,抄录包装：净含量110g+能量978KJ/100g，换算256.8kcal/份自洽,False,B,energy=978KJ/100g; 256.8kcal/份(110g),能量-only
src-lawson-005,lawson-cn-devil-onigiri-osaka,罗森,恶魔饭团(大阪烧烤味),third_party_analysis,https://www.bilibili.com/opus/422896885286491339,吃光106个三明治和饭团，得出了这份便利店早餐报告,魔都食鉴局（哔哩哔哩专栏）,2020-08-13,抄录包装：净含量100g+能量1205KJ/100g，换算287.6kcal/份自洽,False,B,energy=1205KJ/100g; 287.6kcal/份(100g),能量-only
src-lawson-006,lawson-cn-devil-onigiri-sukiyaki,罗森,恶魔饭团(寿喜烧牛肉),third_party_analysis,https://www.bilibili.com/opus/422896885286491339,吃光106个三明治和饭团，得出了这份便利店早餐报告,魔都食鉴局（哔哩哔哩专栏）,2020-08-13,抄录包装：净含量165g+能量981KJ/100g，换算386.3kcal/份自洽,False,B,energy=981KJ/100g; 386.3kcal/份(165g),能量-only
src-lawson-007,lawson-cn-korean-bbq-supreme-onigiri,罗森,韩式烤肉至尊饭团,third_party_analysis,https://www.bilibili.com/opus/422896885286491339,吃光106个三明治和饭团，得出了这份便利店早餐报告,魔都食鉴局（哔哩哔哩专栏）,2020-08-13,抄录包装：净含量165g+能量822KJ/100g,False,B,energy=822KJ/100g; 323.7kcal/份(165g),能量-only
src-lawson-008,lawson-cn-korean-bbq-supreme-onigiri,罗森,韩式烤肉至尊饭团,third_party_analysis,https://www.xuanshiwu.com/foods/592819.html,选食物网 中百罗森 韩式烤肉大口饭团（每100g）,选食物网（第三方录入）,2024-10-21,第三方库转录，Atwater校验-1.2%✓,False,C,energy=133kcal/100g,冲突源，保留
src-lawson-009,lawson-cn-crispy-seaweed-tuna-corn-onigiri,罗森,脆海苔金枪鱼玉米沙拉饭团,third_party_analysis,https://www.fatsecret.cn/%E7%83%AD%E9%87%8F%E8%90%A5%E5%85%BB/%E7%BD%97%E6%A3%AE/%E8%84%86%E6%B5%B7%E8%8B%94%E9%87%91%E6%9E%AA%E9%B1%BC%E7%8E%89%E7%B1%B3%E6%B2%99%E6%8B%89%E9%A5%AD%E5%9B%A2/100%E5%85%8B,fatsecret 罗森 脆海苔金枪鱼玉米沙拉饭团,fatsecret.cn 食物库,2026-09-18,转录包装标签每100g，Atwater✓,False,C,energy=182; protein=4.9; carbs=29.2; fat=4.9 (每100g),单源
src-lawson-010,lawson-cn-tuna-mayo-onigiri,罗森,金枪鱼沙拉酱饭团,third_party_analysis,https://www.fatsecret.cn/%E7%83%AD%E9%87%8F%E8%90%A5%E5%85%BB/%E7%BD%97%E6%A3%AE/%E9%87%91%E6%9E%AA%E9%B1%BC%E6%B2%99%E6%8B%89%E9%85%B1%E9%A5%AD%E5%9B%A2/100%E5%85%8B,fatsecret 罗森 金枪鱼沙拉酱饭团,fatsecret.cn 食物库,2026-09-18,转录包装标签每100g，Atwater✓,False,C,energy=196; protein=4.2; carbs=31.7; fat=5.7,单源
src-lawson-011,lawson-cn-tuna-mayo-onigiri,罗森,金枪鱼沙拉酱饭团,third_party_analysis,https://163.com/dy/article/FEM9VJND0525NE3U.html,罗森食物热量大全（网易号 范享乐动）,范享乐动,2020-06-09,博主汇总单品热量，无方法说明,False,D,213kcal/个,份量旁证
src-lawson-012,lawson-cn-salted-egg-yolk-meat-floss-roll,罗森,咸蛋黄香松饭卷,third_party_analysis,https://www.fatsecret.cn/%E7%83%AD%E9%87%8F%E8%90%A5%E5%85%BB/%E7%BD%97%E6%A3%AE/%E5%92%B8%E8%9B%8B%E9%BB%84%E9%A6%99%E6%9D%BE%E9%A5%AD%E5%8D%B7/100%E5%85%8B,fatsecret 罗森 咸蛋黄香松饭卷,fatsecret.cn 食物库,2026-09-18,转录包装标签每100g，Atwater✓,False,C,energy=290; protein=7.0; carbs=39.2; fat=8.8,冲突源A
src-lawson-013,lawson-cn-salted-egg-yolk-meat-floss-roll,罗森,咸蛋黄香松饭卷,third_party_analysis,https://www.xuanshiwu.com/foods/716448.html,选食物网 中百罗森 饭团【咸蛋黄松松】,选食物网（第三方录入）,2024-10-22,转录包装标签每100g，Atwater✓,False,C,energy=230; protein=4.6; carbs=36.4; fat=7.2,冲突源B
src-lawson-014,lawson-cn-braised-egg-onigiri,罗森,卤味溏心蛋饭团,third_party_analysis,https://www.fatsecret.cn/%E7%83%AD%E9%87%8F%E8%90%A5%E5%85%BB/%E7%BD%97%E6%A3%AE/%E5%8D%A4%E5%91%B3%E6%BA%8F%E5%BF%83%E8%9B%8B%E9%A5%AD%E5%9B%A2/100%E5%85%8B,fatsecret 罗森 卤味溏心蛋饭团,fatsecret.cn 食物库,2026-09-18,转录包装标签每100g，Atwater✓,False,C,energy=193; protein=5.6; carbs=32.3; fat=4.4,单源
src-lawson-015,lawson-cn-wholewheat-chicken-breast-sandwich,罗森,全麦鸡胸肉三明治,third_party_analysis,https://www.fatsecret.cn/%E7%83%AD%E9%87%8F%E8%90%A5%E5%85%BB/%E7%BD%97%E6%A3%AE/%E5%85%A8%E9%BA%A6%E9%B8%A1%E8%83%B8%E8%82%89%E4%B8%89%E6%98%8E%E6%B2%BB/100%E5%85%8B,fatsecret 罗森 全麦鸡胸肉三明治,fatsecret.cn 食物库,2026-09-18,转录包装营养成分表每100g，Atwater✓,False,B,energy=148; protein=7.9; carbs=15.0; fat=4.2,与miaofoods一致
src-lawson-016,lawson-cn-wholewheat-chicken-breast-sandwich,罗森,全麦鸡胸肉三明治,third_party_analysis,https://www.miaofoods.com/detail/fdea0ca6.html,喵喵食物库 罗森全麦鸡胸肉三明治 鸡胸肉三明治的热量,喵喵食物库(miaofoods.com),2026-09-18,第三方食物库转录包装标签，保留2位小数,False,B,energy=148.00kcal/100g; fat=4.20; protein=7.90; carbs=15.00,与fatsecret完全一致→交叉验证
src-lawson-017,lawson-cn-wholewheat-chicken-breast-sandwich,罗森,全麦鸡胸肉三明治,third_party_analysis,https://www.sina.cn/news/detail/5156745203679844.html,罗森标重195克三明治称出304克，生产商回应反向虚标克重（新浪新闻）,梨视频（经新浪转载）,2025-04-18,网友实测称重278–304g vs 包装标称195g,False,C,净含量标称195g；实测278–304g,用于calorie_uncertainty_drivers：单份实际克重可超标注50%+
src-lawson-018,lawson-cn-wholewheat-smoked-chicken-sandwich,罗森,全麦烟熏鸡肉三明治,third_party_analysis,https://www.bilibili.com/opus/422896885286491339,吃光106个三明治和饭团，得出了这份便利店早餐报告,魔都食鉴局（哔哩哔哩专栏）,2020-08-13,抄录包装：净含量85g+能量825KJ/100g，换算167.4kcal/份自洽,False,B,energy=825KJ/100g; 167.4kcal/份,能量-only
src-lawson-019,lawson-cn-wholewheat-smoked-chicken-sandwich,罗森,全麦烟熏鸡肉三明治,third_party_analysis,https://www.fatsecret.cn/%E7%83%AD%E9%87%8F%E8%90%A5%E5%85%BB/%E7%BD%97%E6%A3%AE/%E5%85%A8%E9%BA%A6%E7%83%9F%E7%86%8F%E9%B8%A1%E8%82%89%E4%B8%89%E6%98%8E%E6%B2%BB/100%E5%85%8B,fatsecret 罗森 全麦烟熏鸡肉三明治,fatsecret.cn 食物库,2026-09-18,转录包装标签每100g，Atwater 196.7✓,False,C,energy=197; protein=5.6; carbs=30.1; fat=5.9,能量交叉验证；宏量单源未采用
src-lawson-020,lawson-cn-wholewheat-ham-egg-sandwich,罗森,全麦火腿鸡蛋三明治,third_party_analysis,https://www.fatsecret.cn/%E7%83%AD%E9%87%8F%E8%90%A5%E5%85%BB/%E7%BD%97%E6%A3%AE/%E5%85%A8%E9%BA%A6%E7%81%AB%E8%85%BF%E9%B8%A1%E8%9B%8B%E4%B8%89%E6%98%8E%E6%B2%BB/100%E5%85%8B,fatsecret 罗森 全麦火腿鸡蛋三明治,fatsecret.cn 食物库,2026-09-18,转录包装标签每100g，Atwater✓,False,C,energy=195; protein=6.3; carbs=26.0; fat=7.2,冲突源A
src-lawson-021,lawson-cn-wholewheat-ham-egg-sandwich,罗森,全麦火腿鸡蛋三明治,third_party_analysis,https://www.xuanshiwu.com/foods/667604.html,选食物网 罗森 全麦火腿鸡蛋,选食物网（第三方录入）,2024-10-22,转录包装标签每100g，Atwater✓,False,C,energy=215; protein=7.1; carbs=30.5; fat=7.1,冲突源B
src-lawson-022,lawson-cn-wholewheat-chicken-sandwich,罗森,全麦鸡肉三明治,third_party_analysis,https://www.fatsecret.cn/%E7%83%AD%E9%87%8F%E8%90%A5%E5%85%BB/%E7%BD%97%E6%A3%AE/%E5%85%A8%E9%BA%A6%E9%B8%A1%E8%82%89%E4%B8%89%E6%98%8E%E6%B2%BB/100%E5%85%8B,fatsecret 罗森 全麦鸡肉三明治,fatsecret.cn 食物库,2026-09-18,转录包装标签每100g，Atwater✓,False,C,energy=189; protein=9.3; carbs=20.5; fat=7.7,单源
src-lawson-023,lawson-cn-orleans-chicken-fried-egg-sandwich,罗森,奥尔良鸡腿排煎蛋三明治,third_party_analysis,https://www.fatsecret.cn/%E7%83%AD%E9%87%8F%E8%90%A5%E5%85%BB/%E7%BD%97%E6%A3%AE/%E5%A5%A5%E5%B0%94%E8%89%AF%E9%B8%A1%E8%85%BF%E6%8E%92%E7%85%8E%E8%9B%8B%E4%B8%89%E6%98%8E%E6%B2%BB/100%E5%85%8B,fatsecret 罗森 奥尔良鸡腿排煎蛋三明治,fatsecret.cn 食物库,2026-09-18,转录包装标签每100g，Atwater✓,False,C,energy=289; protein=14.0; carbs=30.3; fat=12.3,单源
src-lawson-024,lawson-cn-teriyaki-chicken-chapata-sandwich,罗森,照烧鸡腿排恰巴塔三明治,third_party_analysis,https://www.fatsecret.cn/%E7%83%AD%E9%87%8F%E8%90%A5%E5%85%BB/%E7%BD%97%E6%A3%AE/%E7%85%A7%E7%83%A7%E9%B8%A1%E8%85%BF%E6%8E%92%E6%81%B0%E5%B7%B4%E5%A1%94%E4%B8%89%E6%98%8E%E6%B2%BB/100%E5%85%8B,fatsecret 罗森 照烧鸡腿排恰巴塔三明治,fatsecret.cn 食物库,2026-09-18,转录包装标签每100g，Atwater✓,False,C,energy=283; protein=12.3; carbs=26.0; fat=14.4,单源
src-lawson-025,lawson-cn-egg-potato-double-salad-sandwich,罗森,鸡蛋土豆双味沙拉三明治,third_party_analysis,https://www.fatsecret.cn/%E7%83%AD%E9%87%8F%E8%90%A5%E5%85%BB/%E7%BD%97%E6%A3%AE/%E9%B8%A1%E8%9B%8B%E5%9C%9F%E8%B1%86%E5%8F%8C%E5%91%B3%E6%B2%99%E6%8B%89%E4%B8%89%E6%98%8E%E6%B2%BB/100%E5%85%8B,fatsecret 罗森 鸡蛋土豆双味沙拉三明治,fatsecret.cn 食物库,2026-09-18,转录包装标签每100g，Atwater✓,False,C,energy=217; protein=4.3; carbs=15.4; fat=15.5,单源
src-lawson-026,lawson-cn-french-ham-cheese-sandwich,罗森,法式火腿芝士三明治,third_party_analysis,https://www.bilibili.com/opus/422896885286491339,吃光106个三明治和饭团，得出了这份便利店早餐报告,魔都食鉴局（哔哩哔哩专栏）,2020-08-13,抄录包装：净含量80g+能量996KJ/100g,False,B,energy=996KJ/100g; 190.2kcal/份(80g),能量-only
src-lawson-027,lawson-cn-colorful-five-sandwich,罗森,缤纷五彩三明治,third_party_analysis,https://www.bilibili.com/opus/422896885286491339,吃光106个三明治和饭团，得出了这份便利店早餐报告,魔都食鉴局（哔哩哔哩专栏）,2020-08-13,抄录包装：净含量160g+能量824KJ/100g,False,B,energy=824KJ/100g; 314.7kcal/份(160g),能量-only
src-lawson-028,lawson-cn-tali-chicken-sandwich,罗森,塔里鸡肉三明治,third_party_analysis,https://www.xuanshiwu.com/foods/628273.html,选食物网 罗森 三明治 罗森 塔里鸡肉三明治,选食物网（第三方录入）,2024-10-22,转录包装营养成分表每100g，Atwater✓,False,C,energy=231; protein=7.6; carbs=20.1; fat=13.4,单源
src-lawson-029,lawson-cn-double-orleans-chicken-fillet-sandwich,罗森,双层奥尔良鸡腿排三明治,third_party_analysis,https://www.fatsecret.cn/%E7%83%AD%E9%87%8F%E8%90%A5%E5%85%BB/%E7%BD%97%E6%A3%AE/%E5%8F%8C%E5%B1%82%E5%A5%A5%E5%B0%94%E8%89%AF%E9%B8%A1%E8%85%BF%E6%8E%92%E4%B8%89%E6%98%8E%E6%B2%BB/100%E5%85%8B,fatsecret 罗森 双层奥尔良鸡腿排三明治,fatsecret.cn 食物库,2026-09-18,转录包装标签每100g，Atwater✓,False,C,energy=211; protein=9.9; carbs=25.7; fat=7.5,冲突源A
src-lawson-030,lawson-cn-double-orleans-chicken-fillet-sandwich,罗森,双层奥尔良鸡腿排三明治,third_party_analysis,https://www.xuanshiwu.com/foods/qishow-621149-200.html,选食物网 罗森/LAWSON 双层奥尔良鸡腿排三明治（每100g）,选食物网（第三方录入）,2024-10-22,转录包装营养成分表每100g，Atwater✓,False,C,energy=279; protein=12.8; carbs=25.3; fat=14.0; fiber=0,冲突源B；注意该站重量变体页为自动生成，勿将URL中200克当作净含量
src-lawson-031,lawson-cn-five-color-vegetable-salad,罗森,五彩蔬菜沙拉,third_party_analysis,https://www.fatsecret.cn/%E7%83%AD%E9%87%8F%E8%90%A5%E5%85%BB/%E7%BD%97%E6%A3%AE/%E4%BA%94%E5%BD%A9%E8%94%AC%E8%8F%9C%E6%B2%99%E6%8B%89/100%E5%85%8B,fatsecret 罗森 五彩蔬菜沙拉,fatsecret.cn 食物库,2026-09-18,转录包装标签每100g，Atwater✓,False,B,energy=39; protein=1.5; carbs=3.6; fat=2.1,与选食物网一致
src-lawson-032,lawson-cn-five-color-vegetable-salad,罗森,五彩蔬菜沙拉,third_party_analysis,https://www.xuanshiwu.com/foods/534231.html,选食物网 罗森 五彩蔬菜沙拉,选食物网（第三方录入）,2024-10-21,转录包装标签每100g，Atwater✓,False,B,energy=39; protein=1.5; carbs=3.6; fat=2.1,交叉验证一致
src-lawson-033,lawson-cn-chicken-salad,罗森,鸡肉沙拉,third_party_analysis,https://www.fatsecret.cn/%E7%83%AD%E9%87%8F%E8%90%A5%E5%85%BB/%E7%BD%97%E6%A3%AE/%E9%B8%A1%E8%82%89%E6%B2%99%E6%8B%89/100%E5%85%8B,fatsecret 罗森 鸡肉沙拉,fatsecret.cn 食物库,2026-09-18,转录包装标签每100g，Atwater✓,False,C,energy=115; protein=13.4; carbs=7.7; fat=3.3,冲突源A(best)
src-lawson-034,lawson-cn-chicken-salad,罗森,鸡肉沙拉,third_party_analysis,https://www.xuanshiwu.com/foods/208305.html,选食物网 罗森 鸡肉沙拉,选食物网（第三方录入）,2024-10-20,转录包装标签每100g，Atwater✓但脂肪0存疑,False,D,energy=52; protein=8.7; carbs=3.9; fat=0.0,冲突源B，存疑
src-lawson-035,lawson-cn-salad-chicken-breast,罗森,沙拉鸡胸肉,third_party_analysis,https://www.fatsecret.cn/%E7%83%AD%E9%87%8F%E8%90%A5%E5%85%BB/%E7%BD%97%E6%A3%AE/%E6%B2%99%E6%8B%89%E9%B8%A1%E8%83%B8%E8%82%89/100%E5%85%8B,fatsecret 罗森 沙拉鸡胸肉,fatsecret.cn 食物库,2026-09-18,转录包装标签每100g，Atwater✓,False,C,energy=97; protein=18.3; carbs=2.3; fat=1.5,单源
src-lawson-036,lawson-cn-salad-chicken-breast,罗森,沙拉鸡胸肉,xiaohongshu_claim,https://post.smzdm.com/zz/p/amvzwl3d/,罗森便利店 低卡减脂好物分享 热量测评（smzdm转载小红书@烁烁的零食小屋）,烁烁的零食小屋（小红书，经smzdm转载+AI摘要）,2025-06-04,博主读包装/实测每袋热量，转述经AI摘要，未见原图,False,C,125kcal/袋,份量旁证：125kcal/袋 ÷ 97kcal/100g ≈ 129g/袋
src-lawson-037,lawson-cn-grilled-chicken-veg-salad,罗森,香烤鸡肉蔬菜沙拉,third_party_analysis,https://www.fatsecret.cn/%E7%83%AD%E9%87%8F%E8%90%A5%E5%85%BB/%E7%BD%97%E6%A3%AE/%E9%A6%99%E7%83%A4%E9%B8%A1%E8%82%89%E8%94%AC%E8%8F%9C%E6%B2%99%E6%8B%89/100%E5%85%8B,fatsecret 罗森 香烤鸡肉蔬菜沙拉,fatsecret.cn 食物库,2026-09-18,转录包装标签每100g，Atwater✓,False,C,energy=80; protein=5.5; carbs=4.7; fat=4.4,能量与选食物网77kcal/100g互证
src-lawson-038,lawson-cn-potato-salad,罗森,土豆泥沙拉,third_party_analysis,https://www.fatsecret.cn/%E7%83%AD%E9%87%8F%E8%90%A5%E5%85%BB/%E7%BD%97%E6%A3%AE/%E5%9C%9F%E8%B1%86%E6%B3%A5%E6%B2%99%E6%8B%89/100%E5%85%8B,fatsecret 罗森 土豆泥沙拉,fatsecret.cn 食物库,2026-09-18,转录包装标签每100g，Atwater✓,False,C,energy=189; protein=5.3; carbs=15.6; fat=11.8,冲突源之一
src-lawson-039,lawson-cn-potato-salad,罗森,土豆泥沙拉,third_party_analysis,https://www.xuanshiwu.com/foods/493307.html,选食物网 罗森 土豆沙拉,选食物网（第三方录入）,2024-10-21,转录包装标签每100g，Atwater✓,False,C,energy=202; protein=2.8; carbs=14.9; fat=14.6,冲突源之一
src-lawson-040,lawson-cn-caesar-chicken-salad,罗森,鸡肉凯撒沙拉,third_party_analysis,https://www.xuanshiwu.com/foods/467170.html,选食物网 罗森 鸡肉凯撒沙拉,选食物网（第三方录入）,2024-10-21,转录包装标签每100g，Atwater✓,False,C,energy=127; protein=7.3; carbs=8.4; fat=7.2,单源
src-lawson-041,lawson-cn-smoked-chicken-salad,罗森,烟熏鸡肉沙拉,third_party_analysis,https://www.xuanshiwu.com/foods/318592.html,选食物网 罗森 烟熏鸡肉沙拉,选食物网（第三方录入）,2024-10-20,转录包装标签每100g，Atwater✓,False,C,energy=83; protein=6.2; carbs=3.3; fat=5.0,best源
src-lawson-042,lawson-cn-smoked-chicken-salad,罗森,烟熏鸡肉沙拉,third_party_analysis,https://www.xuanshiwu.com/foods/635541.html,选食物网 中百罗森 烟熏鸡肉沙拉,选食物网（第三方录入）,2024-10-21,转录包装标签每100g,False,D,energy=53,冲突源（新配方/去酱版？）
src-lawson-043,lawson-cn-shrimp-konjac-salad,罗森,虾仁魔芋沙拉,third_party_analysis,https://www.xuanshiwu.com/foods/626377.html,选食物网 罗森 虾仁魔芋沙拉,选食物网（第三方录入）,2024-10-22,转录包装标签每100g，Atwater✓,False,C,energy=47; protein=5.3; carbs=4.8; fat=0.7,单源
src-lawson-044,lawson-cn-chicken-pumpkin-quinoa-salad,罗森,鸡肉卷南瓜藜麦沙拉,third_party_analysis,https://www.fatsecret.cn/%E7%83%AD%E9%87%8F%E8%90%A5%E5%85%BB/%E7%BD%97%E6%A3%AE/%E9%B8%A1%E8%82%89%E5%8D%B7%E5%8D%97%E7%93%9C%E8%97%9C%E9%BA%A6%E6%B2%99%E6%8B%89/100%E5%85%8B,fatsecret 罗森 鸡肉卷南瓜藜麦沙拉,fatsecret.cn 食物库,2026-09-18,转录包装标签每100g，Atwater✓,False,C,energy=116; protein=5.2; carbs=5.5; fat=8.3,单源
src-lawson-045,lawson-cn-lowfat-chicken-breast-balls,罗森,低脂鸡胸肉丸,xiaohongshu_claim,https://post.smzdm.com/zz/p/amvzwl3d/,罗森便利店 低卡减脂好物分享 热量测评（smzdm转载小红书@烁烁的零食小屋）,烁烁的零食小屋（小红书，经smzdm转载+AI摘要）,2025-06-04,博主读包装标签照片（原帖），本文仅见AI摘要转述,False,D,56kcal/袋,无方法无宏量
src-lawson-046,lawson-cn-oden-daikon,罗森,关东煮 萝卜,third_party_analysis,https://163.com/dy/article/FEM9VJND0525NE3U.html,罗森食物热量大全，一份盒饭热量高达1000大卡，减肥期慎吃（网易号）,范享乐动,2020-06-09,博主逐品目热量汇总，无称重/计算方法,False,D,14kcal/块,单源、无方法、年份久
src-lawson-047,lawson-cn-oden-kelp,罗森,关东煮 昆布/海带结,third_party_analysis,https://163.com/dy/article/FEM9VJND0525NE3U.html,罗森食物热量大全，一份盒饭热量高达1000大卡，减肥期慎吃（网易号）,范享乐动,2020-06-09,博主逐品目热量汇总，无称重/计算方法,False,D,3kcal/串,单源、无方法、年份久
src-lawson-048,lawson-cn-oden-konjac-knot,罗森,关东煮 粉丝结/魔芋丝,third_party_analysis,https://163.com/dy/article/FEM9VJND0525NE3U.html,罗森食物热量大全，一份盒饭热量高达1000大卡，减肥期慎吃（网易号）,范享乐动,2020-06-09,博主逐品目热量汇总，无称重/计算方法,False,D,4kcal/串,单源、无方法、年份久
src-lawson-049,lawson-cn-oden-shiitake,罗森,关东煮 香菇,third_party_analysis,https://163.com/dy/article/FEM9VJND0525NE3U.html,罗森食物热量大全，一份盒饭热量高达1000大卡，减肥期慎吃（网易号）,范享乐动,2020-06-09,博主逐品目热量汇总，无称重/计算方法,False,D,12kcal/串,单源、无方法、年份久
src-lawson-050,lawson-cn-oden-beef-tendon,罗森,关东煮 牛筋串,third_party_analysis,https://163.com/dy/article/FEM9VJND0525NE3U.html,罗森食物热量大全，一份盒饭热量高达1000大卡，减肥期慎吃（网易号）,范享乐动,2020-06-09,博主逐品目热量汇总，无称重/计算方法,False,D,20kcal/串,单源、无方法、年份久
src-lawson-051,lawson-cn-oden-egg,罗森,关东煮 鸡蛋,third_party_analysis,https://163.com/dy/article/FEM9VJND0525NE3U.html,罗森食物热量大全，一份盒饭热量高达1000大卡，减肥期慎吃（网易号）,范享乐动,2020-06-09,博主逐品目热量汇总，无称重/计算方法,False,D,70kcal/个,单源、无方法、年份久
src-lawson-052,lawson-cn-hokkaido-milk-toast,罗森,北海道牛奶吐司,third_party_analysis,https://www.fatsecret.cn/%E7%83%AD%E9%87%8F%E8%90%A5%E5%85%BB/%E7%BD%97%E6%A3%AE/%E5%8C%97%E6%B5%B7%E9%81%93%E7%89%9B%E5%A5%B6%E5%90%90%E5%8F%B8/100%E5%85%8B,fatsecret 罗森 北海道牛奶吐司,fatsecret.cn 食物库,2026-09-18,转录包装标签每100g，Atwater✓,False,C,energy=325; protein=7.8; carbs=46.7; fat=11.7,单源
src-lawson-053,lawson-cn-wholewheat-toast,罗森,全麦吐司,third_party_analysis,https://www.xuanshiwu.com/foods/517129.html,选食物网 罗森 全麦吐司,选食物网（第三方录入）,2024-10-21,转录包装标签每100g，Atwater✓,False,C,energy=283; protein=8.4; carbs=43.2; fat=8.3,best源
src-lawson-054,lawson-cn-wholewheat-toast,罗森,全麦吐司,third_party_analysis,https://www.miaofoods.com/search/%E7%BD%97%E6%A3%AE.html,喵喵食物库 罗森全麦切片面包（搜索列表页）,喵喵食物库(miaofoods.com),2026-09-18,第三方库列表页每100g热量,False,D,energy=327kcal/100g,冲突源；列表页仅能量
src-lawson-055,lawson-cn-sausage-bread,罗森,香肠面包,third_party_analysis,https://www.fatsecret.cn/%E7%83%AD%E9%87%8F%E8%90%A5%E5%85%BB/%E7%BD%97%E6%A3%AE/%E9%A6%99%E8%82%A0%E9%9D%A2%E5%8C%85/1%E4%BB%BD,fatsecret 罗森 香肠面包 1份(95克),fatsecret.cn 食物库,2026-09-18,转录包装标签并保留serving=95g，Atwater✓,False,C,energy=253/份(95g); protein=7.2; carbs=30.2; fat=11.4,冲突源A(best)
src-lawson-056,lawson-cn-sausage-bread,罗森,香肠面包,third_party_analysis,https://www.xuanshiwu.com/foods/470483.html,选食物网 罗森 香肠面包（每100g）,选食物网（第三方录入）,2024-10-21,转录包装标签每100g，Atwater✓,False,C,energy=253/100g; protein=7.2; carbs=30.2; fat=11.4,冲突源B（基准存疑）
src-lawson-057,lawson-cn-chocolate-ice-bread,罗森,巧克力味冰面包,third_party_analysis,https://www.fatsecret.cn/%E7%83%AD%E9%87%8F%E8%90%A5%E5%85%BB/%E7%BD%97%E6%A3%AE/%E5%B7%A7%E5%85%8B%E5%8A%9B%E5%91%B3%E5%86%B0%E9%9D%A2%E5%8C%85/100%E5%85%8B,fatsecret 罗森 巧克力味冰面包,fatsecret.cn 食物库,2026-09-18,转录包装标签每100g，Atwater✓,False,C,energy=282; protein=4.7; carbs=34.3; fat=14.0,单源
src-lawson-058,lawson-cn-starry-bread,罗森,星空面包,third_party_analysis,https://www.xuanshiwu.com/foods/486072.html,选食物网 罗森星空面包,选食物网（第三方录入）,2024-10-21,转录包装标签每100g，Atwater✓,False,C,energy=229; protein=5.5; carbs=34.1; fat=7.7,单源(best)
src-lawson-059,lawson-cn-rousong-bread,罗森,松松面包【肉松】,third_party_analysis,https://www.xuanshiwu.com/foods/689193.html,选食物网 中百罗森 松松面包【肉松】,选食物网（第三方录入）,2024-10-22,转录包装标签每100g，Atwater✓,False,C,energy=260; protein=9.1; carbs=32.5; fat=10.3,单源
src-lawson-060,lawson-cn-veggie-crisps,罗森,什锦蔬菜脆,third_party_analysis,https://www.fatsecret.cn/%E7%83%AD%E9%87%8F%E8%90%A5%E5%85%BB/%E7%BD%97%E6%A3%AE/%E4%BB%80%E9%94%A6%E8%94%AC%E8%8F%9C%E8%84%86/1%E4%BB%BD,fatsecret 罗森 什锦蔬菜脆 1份(40克),fatsecret.cn 食物库,2026-09-18,转录包装标签并保留serving=40g,False,C,energy=212/份(40g); protein=1.8; carbs=22.7; fat=12.2,单源
src-lawson-061,lawson-cn-baked-sweet-potato,罗森,烤红薯,third_party_analysis,https://www.fatsecret.cn/%E7%83%AD%E9%87%8F%E8%90%A5%E5%85%BB/%E7%BD%97%E6%A3%AE/%E7%83%A4%E7%BA%A2%E8%96%AF/100%E5%85%8B,fatsecret 罗森 烤红薯,fatsecret.cn 食物库,2026-09-18,转录/估算每100g，Atwater✓,False,C,energy=195; protein=3.2; carbs=42.7; fat=0.0,单源
src-lawson-062,lawson-cn-sweet-corn,罗森,甜玉米（整穗/袋）,third_party_analysis,https://www.xuanshiwu.com/foods/735535.html,选食物网 罗森 玉米,选食物网（第三方录入）,2024-10-22,转录包装标签每100g，Atwater -6.8%,False,C,energy=106; protein=4.0; carbs=18.0; fat=1.2,best源
src-lawson-063,lawson-cn-sweet-corn,罗森,甜玉米（整穗/袋）,xiaohongshu_claim,https://post.smzdm.com/zz/p/amvzwl3d/,罗森便利店 低卡减脂好物分享 热量测评（smzdm转载小红书）,烁烁的零食小屋（小红书，经smzdm转载+AI摘要）,2025-06-04,博主读包装标签（原帖），本文仅见AI摘要,False,C,147kcal/袋,份量旁证≈139g/袋
src-lawson-064,lawson-cn-soft-boiled-egg,罗森,日式溏心蛋,third_party_analysis,https://www.fatsecret.cn/%E7%83%AD%E9%87%8F%E8%90%A5%E5%85%BB/%E7%BD%97%E6%A3%AE/%E6%97%A5%E5%BC%8F%E6%BA%8F%E5%BF%83%E8%9B%8B/100%E5%85%8B,fatsecret 罗森 日式溏心蛋,fatsecret.cn 食物库,2026-09-18,转录包装标签每100g，Atwater✓,False,C,energy=146; protein=12.8; carbs=2.5; fat=9.0,冲突源A(best)
src-lawson-065,lawson-cn-soft-boiled-egg,罗森,日式溏心蛋,third_party_analysis,https://www.xuanshiwu.com/foods/429454.html,选食物网 罗森 溏心蛋,选食物网（第三方录入）,2024-10-20,转录包装标签每100g，Atwater✓,False,C,energy=163; protein=13.4; carbs=1.2; fat=11.7,冲突源B
src-lawson-066,lawson-cn-onsen-egg,罗森,温泉蛋,third_party_analysis,https://www.xuanshiwu.com/foods/684696.html,选食物网 罗森/LAWSON温泉蛋,选食物网（第三方录入）,2024-10-22,转录包装标签每100g，Atwater✓,False,C,energy=134; protein=12.4; carbs=2.8; fat=8.2,单源
src-lawson-067,lawson-cn-tamagoyaki,罗森,厚蛋烧,third_party_analysis,https://www.xuanshiwu.com/foods/465775.html,选食物网 罗森 厚蛋烧,选食物网（第三方录入）,2024-10-21,转录包装标签每100g，Atwater✓,False,C,energy=222; protein=10.83; carbs=5.7; fat=17.5,单源
src-lawson-068,lawson-cn-quail-eggs,罗森,鹌鹑蛋（卤/关东煮串）,third_party_analysis,https://www.xuanshiwu.com/foods/390581.html,选食物网 罗森 鹌鹑蛋,选食物网（第三方录入）,2024-10-20,转录包装标签每100g，Atwater✓,False,C,energy=167; protein=14.0; carbs=3.2; fat=11.0,best源
src-lawson-069,lawson-cn-quail-eggs,罗森,鹌鹑蛋（卤/关东煮串）,third_party_analysis,https://163.com/dy/article/FEM9VJND0525NE3U.html,罗森食物热量大全（网易号 范享乐动）,范享乐动,2020-06-09,博主逐品目热量汇总，无方法,False,D,42kcal/串,份量旁证≈25g/串
src-lawson-070,lawson-cn-fresh-milk,罗森,罗森鲜牛奶,third_party_analysis,https://www.xuanshiwu.com/foods/401457.html,选食物网 罗森 鲜牛奶,选食物网（第三方录入）,2024-10-20,转录包装标签每100g，Atwater✓,False,C,energy=64; protein=3.2; carbs=4.7; fat=3.6,单源；与全脂奶通用值互证
src-lawson-071,lawson-cn-oat-yogurt,罗森,罗森燕麦酸奶,third_party_analysis,https://www.xuanshiwu.com/foods/204377.html,选食物网 罗森 燕麦酸奶,选食物网（第三方录入）,2024-10-20,转录包装标签每100g，Atwater✓,False,C,energy=132; protein=4.96; carbs=20.17; fat=3.48,单源
src-lawson-072,lawson-cn-nut-yogurt,罗森,罗森酸奶【坚果】,third_party_analysis,https://www.xuanshiwu.com/foods/575845.html,选食物网 罗森/LAWSON酸奶【坚果】,选食物网（第三方录入）,2024-10-22,转录包装标签每100g；Atwater +7%偏差,False,C,energy=139; protein=5.59; carbs=20.98; fat=4.71,单源，Atwater偏差7%
src-lawson-073,lawson-cn-ice-skin-moon-cake,罗森,冰皮月亮蛋糕（草莓/芒果）,third_party_analysis,https://www.xuanshiwu.com/foods/1061255.html,选食物网 罗森冰皮月亮蛋糕,选食物网（第三方录入）,2024-12-11,转录包装标签每100g，Atwater✓,False,C,energy=237; protein=3.0; carbs=32.4; fat=10.6,best源
src-lawson-074,lawson-cn-ice-skin-moon-cake,罗森,冰皮月亮蛋糕（草莓/芒果）,third_party_analysis,https://163.com/dy/article/FEM9VJND0525NE3U.html,罗森食物热量大全（网易号 范享乐动）,范享乐动,2020-06-09,博主逐品目热量汇总，无方法,False,D,草莓169/芒果175 kcal/个,份量旁证：个重≈72-74g
src-lawson-075,lawson-cn-ice-skin-moon-cake-choc,罗森,冰皮月亮蛋糕（巧克力味）,third_party_analysis,https://www.fatsecret.cn/%E7%83%AD%E9%87%8F%E8%90%A5%E5%85%BB/%E7%BD%97%E6%A3%AE/%E5%86%B0%E7%9A%AE%E6%9C%88%E4%BA%AE%E8%9B%8B%E7%B3%95%EF%BC%88%E5%B7%A7%E5%85%8B%E5%8A%9B%E5%91%B3%EF%BC%89/100%E5%85%8B,fatsecret 罗森 冰皮月亮蛋糕（巧克力味）,fatsecret.cn 食物库,2026-09-18,转录包装标签每100g，Atwater✓,False,C,energy=287; protein=3.3; carbs=35.3; fat=14.7,单源
src-lawson-076,lawson-cn-milk-cake,罗森,牛乳蛋糕,third_party_analysis,https://www.xuanshiwu.com/foods/685689.html,选食物网 罗森/LAWSON 牛乳蛋糕,选食物网（第三方录入）,2024-10-22,转录包装标签每100g，Atwater✓,False,C,energy=240; protein=5.6; carbs=22.6; fat=14.2,best源
src-lawson-077,lawson-cn-milk-swiss-roll,罗森,乳牛瑞士卷,third_party_analysis,https://www.xuanshiwu.com/foods/66117.html,选食物网 罗森 乳牛瑞士卷,选食物网（第三方录入）,2024-10-19,转录包装标签每100g，Atwater✓,False,C,energy=303; protein=6.9; carbs=38.4; fat=13.4,best源
src-lawson-078,lawson-cn-milk-swiss-roll,罗森,乳牛瑞士卷,third_party_analysis,https://163.com/dy/article/FEM9VJND0525NE3U.html,罗森食物热量大全（网易号 范享乐动）,范享乐动,2020-06-09,博主逐品目热量汇总，无方法,False,D,175kcal/个,份量旁证：个重≈58g
src-lawson-079,lawson-cn-strawberry-daifuku,罗森,草莓大福,third_party_analysis,https://www.xuanshiwu.com/foods/98975.html,选食物网 罗森 草莓大福,选食物网（第三方录入）,2024-10-20,转录包装标签每100g；Atwater +16%不自洽,False,D,energy=172; protein=3.6; carbs=36.6; fat=4.3,Atwater偏差16%，存疑
src-lawson-080,lawson-cn-strawberry-daifuku,罗森,草莓大福,third_party_analysis,https://163.com/dy/article/FEM9VJND0525NE3U.html,罗森食物热量大全（网易号 范享乐动）,范享乐动,2020-06-09,博主逐品目热量汇总，无方法,False,D,127kcal/个(草莓慕斯味日式大福),冲突源
src-lawson-081,lawson-cn-double-skin-milk,罗森,双皮奶,third_party_analysis,https://www.xuanshiwu.com/foods/324021.html,选食物网 罗森 双皮奶,选食物网（第三方录入）,2024-10-20,转录包装标签每100g，Atwater✓,False,C,energy=163; protein=5.2; carbs=17.8; fat=7.9,best源
src-lawson-082,lawson-cn-double-skin-milk,罗森,双皮奶,third_party_analysis,https://163.com/dy/article/FEM9VJND0525NE3U.html,罗森食物热量大全（网易号 范享乐动）,范享乐动,2020-06-09,博主逐品目热量汇总，无方法,False,D,291kcal/盒,份量旁证：盒重≈178-180g
src-lawson-083,lawson-cn-egg-pudding,罗森,布丁（鸡蛋味）,third_party_analysis,https://www.xuanshiwu.com/foods/203320.html,选食物网 罗森 布丁,选食物网（第三方录入）,2024-10-20,转录包装标签每100g，Atwater✓,False,C,energy=180; protein=5.5; carbs=23.0; fat=7.4,best源
src-lawson-084,lawson-cn-egg-pudding,罗森,布丁（鸡蛋味）,third_party_analysis,https://163.com/dy/article/FEM9VJND0525NE3U.html,罗森食物热量大全（网易号 范享乐动）,范享乐动,2020-06-09,博主逐品目热量汇总，无方法,False,D,鸡蛋味布丁107/爽滑布丁364 kcal/个,杯规格旁证
src-mcd-001,mcd-cn-big-mac,麦当劳,巨无霸,official_menu,https://www.mcdonalds.com.cn/product/Big-Mac,巨无霸 | 麦当劳官网产品页,麦当劳中国,2026-09-18,,True,A,energy=2146kJ(≈513kcal换算); protein=27g; fat=26g; carbs=42g; sodium=961mg,官方产品页营养表(能量以千焦公布)；kcal为精确单位换算。
src-mcd-002,mcd-cn-grilled-chicken-sandwich,麦当劳,板烧鸡腿堡,official_menu,https://www.mcdonalds.com.cn/product/Grilled-Chicken-Sandwich,板烧鸡腿堡 | 麦当劳官网产品页,麦当劳中国,2026-09-18,,True,A,energy=1638kJ(≈391kcal换算); protein=23g; fat=17g; carbs=35g; sodium=1041mg,官方产品页营养表(能量以千焦公布)；kcal为精确单位换算。
src-mcd-003,mcd-cn-hamburger,麦当劳,汉堡包,official_menu,https://www.mcdonalds.com.cn/product/Hamburger,汉堡包 | 麦当劳官网产品页,麦当劳中国,2026-09-18,,True,A,energy=1039kJ(≈248kcal换算); protein=13g; fat=8g; carbs=29g; sodium=492mg,官方产品页营养表(能量以千焦公布)；kcal为精确单位换算。
src-mcd-004,mcd-cn-spicy-chicken-filet,麦当劳,麦辣鸡腿汉堡,official_menu,https://www.mcdonalds.com.cn/product/Spicy-Chicken-Filet,麦辣鸡腿汉堡 | 麦当劳官网产品页,麦当劳中国,2026-09-18,,True,A,energy=2029kJ(≈485kcal换算); protein=24g; fat=24g; carbs=42g; sodium=1208mg,官方产品页营养表(能量以千焦公布)；kcal为精确单位换算。
src-mcd-005,mcd-cn-mcchicken,麦当劳,麦香鸡,official_menu,https://www.mcdonalds.com.cn/product/McChicken,麦香鸡 | 麦当劳官网产品页,麦当劳中国,2026-09-18,,True,A,energy=1546kJ(≈370kcal换算); protein=15g; fat=17g; carbs=39g; sodium=731mg,官方产品页营养表(能量以千焦公布)；kcal为精确单位换算。
src-mcd-006,mcd-cn-filet-o-fish,麦当劳,麦香鱼,official_menu,https://www.mcdonalds.com.cn/product/Filet-O-Fish,麦香鱼 | 麦当劳官网产品页,麦当劳中国,2026-09-18,,True,A,energy=1359kJ(≈325kcal换算); protein=16g; fat=13g; carbs=35g; sodium=556mg,官方产品页营养表(能量以千焦公布)；kcal为精确单位换算。
src-mcd-007,mcd-cn-cheeseburger,麦当劳,吉士汉堡包,official_menu,https://www.mcdonalds.com.cn/product/Cheeseburger,吉士汉堡包 | 麦当劳官网产品页,麦当劳中国,2026-09-18,,True,A,energy=1231kJ(≈294kcal换算); protein=16g; fat=12g; carbs=30g; sodium=673mg,官方产品页营养表(能量以千焦公布)；kcal为精确单位换算。
src-mcd-008,mcd-cn-double-cheeseburger,麦当劳,双层吉士汉堡,official_menu,https://www.mcdonalds.com.cn/product/Double-Cheeseburger,双层吉士汉堡 | 麦当劳官网产品页,麦当劳中国,2026-09-18,,True,A,energy=1796kJ(≈429kcal换算); protein=27g; fat=22g; carbs=31g; sodium=1017mg,官方产品页营养表(能量以千焦公布)；kcal为精确单位换算。
src-mcd-009,mcd-cn-beef-sausage-double,麦当劳,不素之霸双层牛堡,official_menu,https://www.mcdonalds.com.cn/product/beef-sausage,不素之霸双层牛堡 | 麦当劳官网产品页,麦当劳中国,2026-09-18,,True,A,energy=2062kJ(≈493kcal换算); protein=28g; fat=27g; carbs=34g; sodium=1012mg,官方产品页营养表(能量以千焦公布)；kcal为精确单位换算。
src-mcd-010,mcd-cn-double-fof,麦当劳,双层深海鳕鱼堡,official_menu,https://www.mcdonalds.com.cn/product/double-fof,双层深海鳕鱼堡 | 麦当劳官网产品页,麦当劳中国,2026-09-18,,True,A,energy=2029kJ(≈485kcal换算); protein=28g; fat=21g; carbs=46g; sodium=917mg,官方产品页营养表(能量以千焦公布)；kcal为精确单位换算。
src-mcd-011,mcd-cn-angus-bacon,麦当劳,培根安格斯厚牛堡,official_menu,https://www.mcdonalds.com.cn/product/Thick-Angus-Beef-Burger-with-Bacon,培根安格斯厚牛堡 | 麦当劳官网产品页,麦当劳中国,2026-09-18,,True,A,energy=2959kJ(≈707kcal换算); protein=34g; fat=44g; carbs=43g; sodium=1037mg,官方产品页营养表(能量以千焦公布)；kcal为精确单位换算。
src-mcd-012,mcd-cn-angus-cheese,麦当劳,芝士安格斯厚牛堡,official_menu,https://www.mcdonalds.com.cn/product/Cheese-Angus,芝士安格斯厚牛堡 | 麦当劳官网产品页,麦当劳中国,2026-09-18,,True,A,energy=2914kJ(≈696kcal换算); protein=32g; fat=44g; carbs=43g; sodium=897mg,官方产品页营养表(能量以千焦公布)；kcal为精确单位换算。
src-mcd-013,mcd-cn-blt-double-beef,麦当劳,培根蔬萃双层牛堡,official_menu,https://www.mcdonalds.com.cn/product/Bacon-Lettuce-Tomato-Double-Beef-Burger,培根蔬萃双层牛堡 | 麦当劳官网产品页,麦当劳中国,2026-09-18,,True,A,energy=1850kJ(≈442kcal换算); protein=24g; fat=23g; carbs=34g; sodium=728mg,官方产品页营养表(能量以千焦公布)；kcal为精确单位换算。
src-mcd-014,mcd-cn-french-fries,麦当劳,薯条,official_menu,https://www.mcdonalds.com.cn/product/French-Fries,薯条 | 麦当劳官网产品页,麦当劳中国,2026-09-18,,True,A,energy=1210kJ(≈289kcal换算); protein=4g; fat=12g; carbs=38g; sodium=165mg | 全规格: 迷你444kJ(106kcal)/小877kJ(210kcal)/中1210kJ(289kcal)/大1587kJ(379kcal),官方产品页营养表(能量以千焦公布)；kcal为精确单位换算。
src-mcd-015,mcd-cn-crinkle-fries,麦当劳,脆脆薯条,official_menu,https://www.mcdonalds.com.cn/product/%E8%84%86%E8%84%86%E8%96%AF%E6%9D%A1,脆脆薯条 | 麦当劳官网产品页,麦当劳中国,2026-09-18,,True,A,energy=1168kJ(≈279kcal换算); protein=4g; fat=14g; carbs=32g; sodium=540mg,官方产品页营养表(能量以千焦公布)；kcal为精确单位换算。
src-mcd-016,mcd-cn-spicy-mcwings,麦当劳,麦辣鸡翅,official_menu,https://www.mcdonalds.com.cn/product/Spicy-McWings,麦辣鸡翅 | 麦当劳官网产品页,麦当劳中国,2026-09-18,,True,A,energy=937kJ(≈224kcal换算); protein=13g; fat=15g; carbs=9g; sodium=537mg,官方产品页营养表(能量以千焦公布)；kcal为精确单位换算。
src-mcd-017,mcd-cn-v-wings,麦当劳,薄皮焦香V翅,official_menu,https://www.mcdonalds.com.cn/product/20250326-V-wings,薄皮焦香V翅 | 麦当劳官网产品页,麦当劳中国,2026-09-18,,True,A,energy=804kJ(≈192kcal换算); protein=17g; fat=11g; carbs=6g; sodium=594mg,官方产品页营养表(能量以千焦公布)；kcal为精确单位换算。
src-mcd-018,mcd-cn-mcnuggets-5,麦当劳,麦乐鸡 (5块),official_menu,https://www.mcdonalds.com.cn/product/Chicken-McNuggets,麦乐鸡 (5块) | 麦当劳官网产品页,麦当劳中国,2026-09-18,,True,A,energy=890kJ(≈213kcal换算); protein=12g; fat=12g; carbs=13g; sodium=422mg,官方产品页营养表(能量以千焦公布)；kcal为精确单位换算。
src-mcd-019,mcd-cn-big-chicken-cutlet,麦当劳,那么大鸡排（椒盐风味）,official_menu,https://www.mcdonalds.com.cn/product/Big-Chicken-Cutlet,那么大鸡排（椒盐风味） | 麦当劳官网产品页,麦当劳中国,2026-09-18,,True,A,energy=1612kJ(≈385kcal换算); protein=24g; fat=21g; carbs=24g; sodium=996mg,官方产品页营养表(能量以千焦公布)；kcal为精确单位换算。
src-mcd-020,mcd-cn-corn-cup,麦当劳,玉米杯,official_menu,https://www.mcdonalds.com.cn/product/Corn-Cup,玉米杯 | 麦当劳官网产品页,麦当劳中国,2026-09-18,,True,A,energy=223kJ(≈53kcal换算); protein=2g; fat=1g; carbs=7g; sodium=1mg | 全规格: 小223kJ(53kcal)/大365kJ(87kcal),官方产品页营养表(能量以千焦公布)；kcal为精确单位换算。
src-mcd-021,mcd-cn-apple-slice,麦当劳,苹果片,official_menu,https://www.mcdonalds.com.cn/product/Apple-Slice,苹果片 | 麦当劳官网产品页,麦当劳中国,2026-09-18,,True,A,energy=133kJ(≈32kcal换算); protein=0g; fat=0g; carbs=7g; sodium=0mg,官方产品页营养表(能量以千焦公布)；kcal为精确单位换算。
src-mcd-022,mcd-cn-cone,麦当劳,圆筒冰淇淋,official_menu,https://www.mcdonalds.com.cn/product/Cone,圆筒冰淇淋 | 麦当劳官网产品页,麦当劳中国,2026-09-18,,True,A,energy=391kJ(≈93kcal换算); protein=2g; fat=3g; carbs=14g; sodium=36mg,官方产品页营养表(能量以千焦公布)；kcal为精确单位换算。
src-mcd-023,mcd-cn-oreo-mcflurry,麦当劳,奥利奥麦旋风,official_menu,https://www.mcdonalds.com.cn/product/Oreo-Mcflurry,奥利奥麦旋风 | 麦当劳官网产品页,麦当劳中国,2026-09-18,,True,A,energy=1115kJ(≈266kcal换算); protein=5g; fat=9g; carbs=40g; sodium=116mg,官方产品页营养表(能量以千焦公布)；kcal为精确单位换算。
src-mcd-024,mcd-cn-strawberry-mcflurry,麦当劳,草莓麦旋风,official_menu,https://www.mcdonalds.com.cn/product/Strawberry-Oreo-Mcflurry,草莓麦旋风 | 麦当劳官网产品页,麦当劳中国,2026-09-18,,True,A,energy=1234kJ(≈295kcal换算); protein=6g; fat=9g; carbs=47g; sodium=122mg,官方产品页营养表(能量以千焦公布)；kcal为精确单位换算。
src-mcd-025,mcd-cn-chocolate-sundae,麦当劳,朱古力新地,official_menu,https://www.mcdonalds.com.cn/product/Chocolate-Sundae,朱古力新地 | 麦当劳官网产品页,麦当劳中国,2026-09-18,,True,A,energy=1178kJ(≈282kcal换算); protein=5g; fat=9g; carbs=44g; sodium=126mg,官方产品页营养表(能量以千焦公布)；kcal为精确单位换算。
src-mcd-026,mcd-cn-strawberry-sundae,麦当劳,草莓新地,official_menu,https://www.mcdonalds.com.cn/product/Strawberry-Sundae,草莓新地 | 麦当劳官网产品页,麦当劳中国,2026-09-18,,True,A,energy=1027kJ(≈245kcal换算); protein=4g; fat=6g; carbs=43g; sodium=84mg,官方产品页营养表(能量以千焦公布)；kcal为精确单位换算。
src-mcd-027,mcd-cn-mini-chocolate-sundae,麦当劳,迷你朱古力新地,official_menu,https://www.mcdonalds.com.cn/product/%E8%BF%B7%E4%BD%A0%E6%9C%B1%E5%8F%A4%E5%8A%9B%E6%96%B0%E5%9C%B0,迷你朱古力新地 | 麦当劳官网产品页,麦当劳中国,2026-09-18,,True,A,energy=586kJ(≈140kcal换算); protein=3g; fat=4g; carbs=22g; sodium=63mg,官方产品页营养表(能量以千焦公布)；kcal为精确单位换算。
src-mcd-028,mcd-cn-mini-strawberry-sundae,麦当劳,迷你草莓新地,official_menu,https://www.mcdonalds.com.cn/product/%E8%BF%B7%E4%BD%A0%E8%8D%89%E8%8E%93%E6%96%B0%E5%9C%B0,迷你草莓新地 | 麦当劳官网产品页,麦当劳中国,2026-09-18,,True,A,energy=511kJ(≈122kcal换算); protein=2g; fat=3g; carbs=21g; sodium=42mg,官方产品页营养表(能量以千焦公布)；kcal为精确单位换算。
src-mcd-029,mcd-cn-taro-pie,麦当劳,香芋派,official_menu,https://www.mcdonalds.com.cn/product/Taro-Pie,香芋派 | 麦当劳官网产品页,麦当劳中国,2026-09-18,,True,A,energy=971kJ(≈232kcal换算); protein=2g; fat=12g; carbs=28g; sodium=159mg,官方产品页营养表(能量以千焦公布)；kcal为精确单位换算。
src-mcd-030,mcd-cn-pineapple-pie,麦当劳,菠萝派,official_menu,https://www.mcdonalds.com.cn/product/Pineapple-Pie,菠萝派 | 麦当劳官网产品页,麦当劳中国,2026-09-18,,True,A,energy=925kJ(≈221kcal换算); protein=2g; fat=11g; carbs=27g; sodium=147mg,官方产品页营养表(能量以千焦公布)；kcal为精确单位换算。
src-mcd-031,mcd-cn-sausage-mcmuffin,麦当劳,猪柳麦满分,official_menu,https://www.mcdonalds.com.cn/product/Sausage-McMuffin,猪柳麦满分 | 麦当劳官网产品页,麦当劳中国,2026-09-18,,True,A,energy=1288kJ(≈308kcal换算); protein=16g; fat=16g; carbs=24g; sodium=781mg,官方产品页营养表(能量以千焦公布)；kcal为精确单位换算。
src-mcd-032,mcd-cn-sausage-mcmuffin-egg,麦当劳,猪柳蛋麦满分,official_menu,https://www.mcdonalds.com.cn/product/Sausage-McMuffin-With-Egg,猪柳蛋麦满分 | 麦当劳官网产品页,麦当劳中国,2026-09-18,,True,A,energy=1618kJ(≈387kcal换算); protein=23g; fat=21g; carbs=25g; sodium=846mg,官方产品页营养表(能量以千焦公布)；kcal为精确单位换算。
src-mcd-033,mcd-cn-double-sausage-egg-mcmuffin,麦当劳,双层猪柳蛋麦满分,official_menu,https://www.mcdonalds.com.cn/product/%E5%8F%8C%E5%B1%82%E7%8C%AA%E6%9F%B3%E8%9B%8B%E9%BA%A6%E6%BB%A1%E5%88%86,双层猪柳蛋麦满分 | 麦当劳官网产品页,麦当劳中国,2026-09-18,,True,A,energy=2148kJ(≈513kcal换算); protein=29g; fat=32g; carbs=26g; sodium=1210mg,官方产品页营养表(能量以千焦公布)；kcal为精确单位换算。
src-mcd-034,mcd-cn-ham-muffin,麦当劳,火腿扒麦满分,official_menu,https://www.mcdonalds.com.cn/product/Ham-Muffin,火腿扒麦满分 | 麦当劳官网产品页,麦当劳中国,2026-09-18,,True,A,energy=1092kJ(≈261kcal换算); protein=14g; fat=12g; carbs=24g; sodium=608mg,官方产品页营养表(能量以千焦公布)；kcal为精确单位换算。
src-mcd-035,mcd-cn-crispy-chicken-muffin,麦当劳,大脆鸡扒麦满分,official_menu,https://www.mcdonalds.com.cn/product/Crispy-Chicken-Muffin,大脆鸡扒麦满分 | 麦当劳官网产品页,麦当劳中国,2026-09-18,,True,A,energy=1510kJ(≈361kcal换算); protein=16g; fat=17g; carbs=35g; sodium=804mg,官方产品页营养表(能量以千焦公布)；kcal为精确单位换算。
src-mcd-036,mcd-cn-grilled-chicken-muffin,麦当劳,原味板烧鸡腿麦满分,official_menu,https://www.mcdonalds.com.cn/product/Grilled-Chicken-Muffin,原味板烧鸡腿麦满分 | 麦当劳官网产品页,麦当劳中国,2026-09-18,,True,A,energy=1029kJ(≈246kcal换算); protein=15g; fat=9g; carbs=25g; sodium=611mg,官方产品页营养表(能量以千焦公布)；kcal为精确单位换算。
src-mcd-037,mcd-cn-double-grilled-chicken-muffin,麦当劳,双层原味板烧鸡腿麦满分,official_menu,https://www.mcdonalds.com.cn/product/Double-Grilled-Chicken-Muffin,双层原味板烧鸡腿麦满分 | 麦当劳官网产品页,麦当劳中国,2026-09-18,,True,A,energy=1486kJ(≈355kcal换算); protein=23g; fat=17g; carbs=27g; sodium=984mg,官方产品页营养表(能量以千焦公布)；kcal为精确单位换算。
src-mcd-038,mcd-cn-grilled-chicken-double-egg,麦当劳,原味板烧鸡腿炒双蛋堡,official_menu,https://www.mcdonalds.com.cn/product/%E5%8E%9F%E5%91%B3%E6%9D%BF%E7%83%A7%E9%B8%A1%E8%85%BF%E7%82%92%E5%8F%8C%E8%9B%8B%E5%A0%A1,原味板烧鸡腿炒双蛋堡 | 麦当劳官网产品页,麦当劳中国,2026-09-18,,True,A,energy=1754kJ(≈419kcal换算); protein=27g; fat=21g; carbs=30g; sodium=715mg,官方产品页营养表(能量以千焦公布)；kcal为精确单位换算。
src-mcd-039,mcd-cn-sausage-double-egg,麦当劳,猪柳炒双蛋堡,official_menu,https://www.mcdonalds.com.cn/product/Sausage-Scrambled-Double-Egg-Burger,猪柳炒双蛋堡 | 麦当劳官网产品页,麦当劳中国,2026-09-18,,True,A,energy=1827kJ(≈437kcal换算); protein=25g; fat=24g; carbs=29g; sodium=705mg,官方产品页营养表(能量以千焦公布)；kcal为精确单位换算。
src-mcd-040,mcd-cn-ham-morning-wrap,麦当劳,火腿扒早安营养卷,official_menu,https://www.mcdonalds.com.cn/product/%E7%81%AB%E8%85%BF%E6%89%92%E6%97%A9%E5%AE%89%E8%90%A5%E5%85%BB%E5%8D%B7,火腿扒早安营养卷 | 麦当劳官网产品页,麦当劳中国,2026-09-18,,True,A,energy=1857kJ(≈444kcal换算); protein=16g; fat=24g; carbs=39g; sodium=1065mg,官方产品页营养表(能量以千焦公布)；kcal为精确单位换算。
src-mcd-041,mcd-cn-thuringian-morning-wrap,麦当劳,图林根香肠早安营养卷,official_menu,https://www.mcdonalds.com.cn/product/%E5%9B%BE%E6%9E%97%E6%A0%B9%E9%A6%99%E8%82%A0%E6%97%A9%E5%AE%89%E8%90%A5%E5%85%BB%E5%8D%B7,图林根香肠早安营养卷 | 麦当劳官网产品页,麦当劳中国,2026-09-18,,True,A,energy=1779kJ(≈425kcal换算); protein=14g; fat=23g; carbs=38g; sodium=977mg,官方产品页营养表(能量以千焦公布)；kcal为精确单位换算。
src-mcd-042,mcd-cn-preserved-egg-chicken-congee,麦当劳,皮蛋鸡肉粥,official_menu,https://www.mcdonalds.com.cn/product/Congee-with-Chicken-and-preserved-egg,皮蛋鸡肉粥 | 麦当劳官网产品页,麦当劳中国,2026-09-18,,True,A,energy=558kJ(≈133kcal换算); protein=6g; fat=3g; carbs=20g; sodium=611mg,官方产品页营养表(能量以千焦公布)；kcal为精确单位换算。
src-mcd-043,mcd-cn-pickled-cabbage-chicken-congee,麦当劳,雪菜脆笋鸡肉粥,official_menu,https://www.mcdonalds.com.cn/product/Congee-with-Pickled-cabbage-and-bamboo-shoot,雪菜脆笋鸡肉粥 | 麦当劳官网产品页,麦当劳中国,2026-09-18,,True,A,energy=504kJ(≈120kcal换算); protein=4g; fat=2g; carbs=22g; sodium=552mg,官方产品页营养表(能量以千焦公布)；kcal为精确单位换算。
src-mcd-044,mcd-cn-hash-brown,麦当劳,脆薯饼,official_menu,https://www.mcdonalds.com.cn/product/Hash-Brown,脆薯饼 | 麦当劳官网产品页,麦当劳中国,2026-09-18,,True,A,energy=612kJ(≈146kcal换算); protein=1g; fat=9g; carbs=14g; sodium=311mg,官方产品页营养表(能量以千焦公布)；kcal为精确单位换算。
src-mcd-045,mcd-cn-dough-stick,麦当劳,脆香油条,official_menu,https://www.mcdonalds.com.cn/product/Asian-Dough-Stick,脆香油条 | 麦当劳官网产品页,麦当劳中国,2026-09-18,,True,A,energy=844kJ(≈202kcal换算); protein=5g; fat=12g; carbs=19g; sodium=230mg,官方产品页营养表(能量以千焦公布)；kcal为精确单位换算。
src-mcd-046,mcd-cn-thuringian-sausage,麦当劳,德式图林根香肠,official_menu,https://www.mcdonalds.com.cn/product/%E5%BE%B7%E5%BC%8F%E5%9B%BE%E6%9E%97%E6%A0%B9%E9%A6%99%E8%82%A0,德式图林根香肠 | 麦当劳官网产品页,麦当劳中国,2026-09-18,,True,A,energy=366kJ(≈87kcal换算); protein=5g; fat=6g; carbs=2g; sodium=293mg,官方产品页营养表(能量以千焦公布)；kcal为精确单位换算。
src-mcd-047,mcd-cn-soy-milk,麦当劳,优品豆浆,official_menu,https://www.mcdonalds.com.cn/product/Soybean-Milk-3,优品豆浆 | 麦当劳官网产品页,麦当劳中国,2026-09-18,,True,A,energy=633kJ(≈151kcal换算); protein=6g; fat=3g; carbs=25g; sodium=32mg | 全规格: 小633kJ(151kcal)/大844kJ(202kcal),官方产品页营养表(能量以千焦公布)；kcal为精确单位换算。
src-mcd-048,mcd-cn-hot-americano,麦当劳,热美式,official_menu,https://www.mcdonalds.com.cn/product/Hot-Americano,热美式 | 麦当劳官网产品页,麦当劳中国,2026-09-18,,True,A,energy=54kJ(≈13kcal换算); protein=1g; fat=0g; carbs=2g; sodium=0mg | 全规格: 小41kJ(10kcal)/中54kJ(13kcal)/大60kJ(14kcal),官方产品页营养表(能量以千焦公布)；kcal为精确单位换算。
src-mcd-049,mcd-cn-iced-americano,麦当劳,冰美式,official_menu,https://www.mcdonalds.com.cn/product/Iced-Americano,冰美式 | 麦当劳官网产品页,麦当劳中国,2026-09-18,,True,A,energy=54kJ(≈13kcal换算); protein=1g; fat=0g; carbs=2g; sodium=0mg | 全规格: 小41kJ(10kcal)/中54kJ(13kcal)/大60kJ(14kcal),官方产品页营养表(能量以千焦公布)；kcal为精确单位换算。
src-mcd-050,mcd-cn-hot-latte,麦当劳,热奶铁,official_menu,https://www.mcdonalds.com.cn/product/Hot-Nai-Tie,热奶铁 | 麦当劳官网产品页,麦当劳中国,2026-09-18,,True,A,energy=779kJ(≈186kcal换算); protein=11g; fat=8g; carbs=17g; sodium=99mg | 全规格: 小559kJ(134kcal)/中779kJ(186kcal)/大1040kJ(249kcal),官方产品页营养表(能量以千焦公布)；kcal为精确单位换算。
src-mcd-051,mcd-cn-iced-latte,麦当劳,冰奶铁,official_menu,https://www.mcdonalds.com.cn/product/Iced-Nai-Tie,冰奶铁 | 麦当劳官网产品页,麦当劳中国,2026-09-18,,True,A,energy=618kJ(≈148kcal换算); protein=8g; fat=7g; carbs=13g; sodium=77mg | 全规格: 小358kJ(86kcal)/中618kJ(148kcal)/大678kJ(162kcal),官方产品页营养表(能量以千焦公布)；kcal为精确单位换算。
src-mcd-052,mcd-cn-cappuccino,麦当劳,卡布奇诺,official_menu,https://www.mcdonalds.com.cn/product/Cappuccino,卡布奇诺 | 麦当劳官网产品页,麦当劳中国,2026-09-18,,True,A,energy=698kJ(≈167kcal换算); protein=9g; fat=7g; carbs=15g; sodium=88mg | 全规格: 中698kJ(167kcal)/大932kJ(223kcal),官方产品页营养表(能量以千焦公布)；kcal为精确单位换算。
src-mcd-053,mcd-cn-iced-oat-latte,麦当劳,冰燕麦奶铁,official_menu,https://www.mcdonalds.com.cn/product/Iced-Oatly-Nai-Tie,冰燕麦奶铁 | 麦当劳官网产品页,麦当劳中国,2026-09-18,,True,A,energy=554kJ(≈132kcal换算); protein=3g; fat=5g; carbs=17g; sodium=87mg | 全规格: 小322kJ(77kcal)/中554kJ(132kcal)/大608kJ(145kcal),官方产品页营养表(能量以千焦公布)；kcal为精确单位换算。
src-mcd-054,mcd-cn-boxed-milk,麦当劳,纯牛奶（盒装）,official_menu,https://www.mcdonalds.com.cn/product/Drink-11,纯牛奶（盒装） | 麦当劳官网产品页,麦当劳中国,2026-09-18,,True,A,energy=541kJ(≈129kcal换算); protein=7g; fat=7g; carbs=10g; sodium=73mg,官方产品页营养表(能量以千焦公布)；kcal为精确单位换算。
src-mcd-055,mcd-cn-lemon-black-tea,麦当劳,阳光柠檬红茶,official_menu,https://www.mcdonalds.com.cn/product/Fuze-Tea,阳光柠檬红茶 | 麦当劳官网产品页,麦当劳中国,2026-09-18,,True,A,energy=488kJ(≈117kcal换算); protein=0g; fat=0g; carbs=29g; sodium=17mg | 全规格: 小354kJ(85kcal)/中488kJ(117kcal)/大743kJ(178kcal),官方产品页营养表(能量以千焦公布)；kcal为精确单位换算。
src-mcd-056,mcd-cn-apple-juice,麦当劳,100%苹果汁,official_menu,https://www.mcdonalds.com.cn/product/Minute-Maid-100-Apple-Juice,100%苹果汁 | 麦当劳官网产品页,麦当劳中国,2026-09-18,,True,A,energy=368kJ(≈88kcal换算); protein=0g; fat=0g; carbs=21g; sodium=0mg,官方产品页营养表(能量以千焦公布)；kcal为精确单位换算。
src-mcd-057,mcd-cn-orange-juice,麦当劳,美汁源黄金橙橙,official_menu,https://www.mcdonalds.com.cn/product/Minute-Maid-Sunshine-Orange-Juice-2,美汁源黄金橙橙 | 麦当劳官网产品页,麦当劳中国,2026-09-18,,True,A,energy=691kJ(≈165kcal换算); protein=0g; fat=0g; carbs=41g; sodium=53mg,官方产品页营养表(能量以千焦公布)；kcal为精确单位换算。
src-mcd-058,mcd-cn-orange-float,麦当劳,阳光橙麦炫酷,official_menu,https://www.mcdonalds.com.cn/product/Drink-16,阳光橙麦炫酷 | 麦当劳官网产品页,麦当劳中国,2026-09-18,,True,A,energy=955kJ(≈228kcal换算); protein=1g; fat=2g; carbs=50g; sodium=77mg,官方产品页营养表(能量以千焦公布)；kcal为精确单位换算。
src-mcd-059,,麦当劳,(品牌级) 多项产品,third_party_analysis,https://www.zhihu.com/question/1977236544629782086,麦当劳中国官网「营养计算器」长期低标多项产品的热量和…（知乎问题）,知乎用户(未具名),,页面返回403无法读取正文，仅据搜索标题得知存在'官网营养计算器低标多项产品热量'的指控；未见可核验的方法或逐项数据，故不作为事实采纳，仅登记为潜在冲突来源。,False,D,无具体数值(未能读取),冲突登记：若后续能取得该指控的逐项对比与实测方法，应对相应SKU补充 conflicting_sources 与 best_current_estimate。当前仍以官方产品页A级值为 best_current_estimate。
src-micun-001,micun-cn-jiandan-shishu-shiguo-banfan,米村拌饭,煎蛋时蔬石锅拌饭,official_menu,https://www.sina.cn/news/detail/5283650279311288.html,米村拌饭推出四款石锅拌饭（米村拌饭官方微博，经新浪转载）,米村拌饭官方微博（经新浪 sina.cn 转载页公开读取）,2026-04-03,,True,D,无数值（仅菜单事实/组成信息）,【菜单事实引用，无营养数值】本行仅用于支撑该 SKU 的存在性/分类/规格/组成，未提供任何能量或宏量数据，故 source 级 confidence 记 D（SCHEMA §3 无 U 级）。仅有官方菜单事实（A级菜单事实），无任何能量/宏量数据；UGC 热量表亦未收录此新款。可按同系列基础配置做 component estimate（谷传玲称重基底：蔬菜≈80g/15 kcal + 玉米粒30g/25 + 海苔碎5g/30 + 米饭≈300g/348 + 碗底油≈5g/45 + 煎蛋≈70–90 + 拌饭酱30g/62–73 ≈ 585–626 kcal），但本轮不写入数值字段，避免假精确 → 进 needs_estimation。
src-micun-002,micun-cn-kaoniurou-shiguo-banfan,米村拌饭,烤牛肉石锅拌饭,third_party_analysis,https://m.baidu.com/bh/m/detail/ar_2857837884429501260,热量测评第1⃣️8⃣️5⃣ #米村拌饭热量（小红书笔记，经百度笔记聚合页转述）,小红书笔记（作者：养生美容小窍门），经百度笔记聚合页转述,2026-09-18,,False,C,energy=722kcal; energy_range=635-809kcal,722 kcal 来自小红书 UGC 热量表『烤牛肉拌饭～722大卡 24💰』，三份互相独立的转载笔记口径完全一致（722/722/722），但均无称重或计算方法披露 → C 级，附 ±12% 区间。宏量/钠/纤维/糖来源未给 → 留空。同名 AI 内容农场文（新浪·市井分享社 2026-09-15）也报 722 kcal，但其分项表内部自相矛盾（拌饭酱30g 仅记 36 kcal，与零售标签 229 kcal/100g→69 kcal 冲突；烤牛肉41g 记 125 kcal ≈305 kcal/100g 明显偏高；『米饭351g=482大卡』=137 kcal/100g 高于谷传玲称重的116 kcal/100g）→ 判 D 级，仅作旁证不作数值依据。
src-micun-003,micun-cn-mizhi-roujiang-shiguo-banfan,米村拌饭,秘制肉酱石锅拌饭,official_menu,https://www.micun.com/food,米村美食 | 米村拌饭品牌官方网站,米村拌饭（北京米村科技有限公司）,2026-09-18,,True,D,无数值（仅菜单事实/组成信息）,【菜单事实引用，无营养数值】本行仅用于支撑该 SKU 的存在性/分类/规格/组成，未提供任何能量或宏量数据，故 source 级 confidence 记 D（SCHEMA §3 无 U 级）。官网与官方微博仅给菜名与文案，无任何营养数据；UGC 热量表亦无此款（表内『酱香牛肉粒198大卡』为单加小食，非本拌饭）。可用『基础基底 + 猪后腿肉酱』做 component estimate，但肉酱克重与肥瘦比完全未知 → 本轮不写数值，进 needs_estimation。
src-micun-004,micun-cn-zhaoshao-jitui-shiguo-banfan,米村拌饭,照烧鸡腿肉石锅拌饭,third_party_analysis,http://m.toutiao.com/group/7680169194310091283/?upstream_biz=VolcEngine,我拆了4份米村拌饭，发现减脂最大的坑根本不是米饭（营养师谷传玲）,营养师谷传玲（首都保健营养美食学会注册营养师）,2026-08-31,注册营养师实物拆解称重法：自费下单门店/外卖实物，将米饭、肉、菜、酱逐一分开称重，再按 USDA FoodData Central 同类熟制食物数据计算能量与蛋白质；文末列 7 条参考文献（含 J Acad Nutr Diet 2012 能量密度系统综述、中国居民膳食营养素参考摄入量2023版）。,False,B,energy=626kcal; energy_range=551-701kcal,B级：谷传玲（注册营养师）自费下单实物，米饭/肉/菜/酱全部拆开称重，按 USDA FoodData Central 计算，文末列 7 条参考文献。原版 626 kcal；她的改良版（米饭减半 + 额外100g菜 + 酱吃1/3 + 加1个50g煎蛋）≈509 kcal（−117 kcal）。去皮鸡腿肉≈50g≈12g蛋白，加煎蛋后总蛋白≈19g。她未区分堂食石锅版与外卖版容器，故本值同时挂到『照烧鸡腿肉拌饭』；石锅版另有锅巴，实际可能略高。仅能量与蛋白有依据，碳水/脂肪/钠/纤维未逐项给出 → 宏量字段留空（SCHEMA §2：一条 SKU 只用一个 nutrition_value_type）。附 ±12% 区间避免假精确。
src-micun-005,micun-cn-feiyi-shiguo-banfan,米村拌饭,非遗石锅拌饭（基础款/素拌饭）,third_party_analysis,https://m.baidu.com/bh/m/detail/ar_2604748604300970621,米村拌饭热量测试｜减肥怎么吃米村拌饭（小红书@V生活真探社，经百度笔记聚合页转述）,,2026-09-18,,False,C,energy=717kcal; energy_range=630-800kcal,两个独立 UGC 口径：小红书热量表『石锅拌饭～725大卡 22💰』（三份转载一致 725/725/725）；小红书@小千饱了『石锅拌饭总热量709大卡』并给出逐项 delta。两者均无称重方法披露 → C 级。此处取两源中值 717 kcal 作 estimated_point，并给 630–800 宽区间以覆盖两源各自的 ±12% 带，不作精确宣称。宏量未给 → 留空。
src-micun-006,micun-cn-kaoniurou-banfan,米村拌饭,烤牛肉拌饭,third_party_analysis,http://m.toutiao.com/group/7680169194310091283/?upstream_biz=VolcEngine,我拆了4份米村拌饭，发现减脂最大的坑根本不是米饭（营养师谷传玲）,营养师谷传玲（首都保健营养美食学会注册营养师）,2026-08-31,注册营养师实物拆解称重法：自费下单门店/外卖实物，将米饭、肉、菜、酱逐一分开称重，再按 USDA FoodData Central 同类熟制食物数据计算能量与蛋白质；文末列 7 条参考文献（含 J Acad Nutr Diet 2012 能量密度系统综述、中国居民膳食营养素参考摄入量2023版）。,False,B,energy=619kcal; energy_range=545-694kcal,B级实测（称重+拆解+USDA计算+参考文献）。谷传玲给出的共同基底：蔬菜（菠菜/胡萝卜/杏鲍菇）≈80g=15 kcal、甜玉米粒30g=25 kcal、芝麻海苔碎5g=30 kcal、米饭≈300g=348 kcal、碗底残留油≈5g=45 kcal；瘦牛肉≈55g≈14g蛋白；拌饭酱整包30g：香菇酱73 kcal / 辣味拌饭酱62 kcal。原版合计 619 kcal；改良版（饭半份+加100g菜+酱1/3+加1个50g煎蛋）509 kcal（−110 kcal）。加煎蛋后蛋白≈21g。仅能量与蛋白有据，碳水/脂肪/钠/纤维未逐项给出 → 宏量留空。
src-micun-007,micun-cn-jinqiangyu-banfan,米村拌饭,金枪鱼拌饭,third_party_analysis,http://m.toutiao.com/group/7680169194310091283/?upstream_biz=VolcEngine,我拆了4份米村拌饭，发现减脂最大的坑根本不是米饭（营养师谷传玲）,营养师谷传玲（首都保健营养美食学会注册营养师）,2026-08-31,注册营养师实物拆解称重法：自费下单门店/外卖实物，将米饭、肉、菜、酱逐一分开称重，再按 USDA FoodData Central 同类熟制食物数据计算能量与蛋白质；文末列 7 条参考文献（含 J Acad Nutr Diet 2012 能量密度系统综述、中国居民膳食营养素参考摄入量2023版）。,False,B,energy=636kcal; energy_range=560-712kcal,B级：谷传玲称重，原版 636 kcal。她指出此款已淋沙拉酱（≈10g=50 kcal）又另配一包拌饭酱，是唯一『两种酱同时吃』的款；其改良法为保留预淋沙拉酱（刮不下来）、不加额外那包拌饭酱，配合饭半份+加菜+加煎蛋 → 497 kcal（−139 kcal）。水浸金枪鱼≈60g≈12g蛋白，加煎蛋后≈19g。旁证：小红书 UGC 表 676/678 kcal（C）；小红书@小千饱了 952 kcal（C）。宏量除蛋白外未逐项给出 → 留空。
src-micun-008,micun-cn-zhaoshao-jitui-banfan,米村拌饭,照烧鸡腿肉拌饭,third_party_analysis,http://m.toutiao.com/group/7680169194310091283/?upstream_biz=VolcEngine,我拆了4份米村拌饭，发现减脂最大的坑根本不是米饭（营养师谷传玲）,营养师谷传玲（首都保健营养美食学会注册营养师）,2026-08-31,注册营养师实物拆解称重法：自费下单门店/外卖实物，将米饭、肉、菜、酱逐一分开称重，再按 USDA FoodData Central 同类熟制食物数据计算能量与蛋白质；文末列 7 条参考文献（含 J Acad Nutr Diet 2012 能量密度系统综述、中国居民膳食营养素参考摄入量2023版）。,False,B,energy=626kcal; energy_range=551-701kcal,B级：谷传玲称重原版 626 kcal，改良版≈509 kcal（−117 kcal）。去皮鸡腿肉≈50g≈12g蛋白，加1个煎蛋后总蛋白≈19g。与堂食『照烧鸡腿肉石锅拌饭』共用同一实测值（谷未区分容器）；石锅版另有锅巴，实际可能略高 → 该不确定性已记入 calorie_uncertainty_drivers。宏量除蛋白外留空。
src-micun-009,micun-cn-gali-niurou-banfan,米村拌饭,咖喱牛肉拌饭（咖喱牛肉饭）,third_party_analysis,https://m.baidu.com/bh/m/detail/ar_2857837884429501260,热量测评第1⃣️8⃣️5⃣ #米村拌饭热量（小红书笔记，经百度笔记聚合页转述）,小红书笔记（作者：养生美容小窍门），经百度笔记聚合页转述,2026-09-18,,False,C,energy=710kcal; energy_range=625-795kcal,710 kcal 来自小红书 UGC 热量表『咖喱牛肉拌饭～710大卡 23💰』，三份转载一致（710/710/710），无称重方法 → C级，±12%区间。宏量未给 → 留空。⚠️ 命名不一致（拌饭 vs 饭）与是否含米饭未能确认；若为『咖喱牛肉饭』含饭版，710 kcal 与谷传玲基底（米饭348+牛肉+酱≈500–550）加咖喱酱后大致自洽。
src-micun-010,micun-cn-xiezi-shala-banfan,米村拌饭,蟹籽沙拉拌饭,third_party_analysis,https://m.baidu.com/bh/m/detail/ar_2857837884429501260,热量测评第1⃣️8⃣️5⃣ #米村拌饭热量（小红书笔记，经百度笔记聚合页转述）,小红书笔记（作者：养生美容小窍门），经百度笔记聚合页转述,2026-09-18,,False,C,energy=685kcal; energy_range=603-767kcal,685 kcal 来自小红书 UGC 热量表（两份转载一致 685/685），无方法披露 → C级，±12%区间。⚠️ 菜单事实仅由 UGC 支撑：官网『经典拌饭』未列此款，2026-04 官方微博四款石锅系列亦无，门店 Ctrip 列表也未出现 → 可能为区域限定/已下架/历史款。last_verified_date 仅到 UGC 笔记口径，标 menu_fact_uncertain。
src-micun-011,micun-cn-zhishi-roujiang-banfan,米村拌饭,芝士肉酱拌饭,third_party_analysis,https://you.ctrip.com/food/shenyang155/127654611.html,米村拌饭(全运路万达店) 本店特色美食 | 携程美食,携程美食（商户/用户自填特色菜列表）,2026-09-18,,False,D,无数值（仅菜单事实/组成信息）,【菜单事实引用，无营养数值】本行仅用于支撑该 SKU 的存在性/分类/规格/组成，未提供任何能量或宏量数据，故 source 级 confidence 记 D（SCHEMA §3 无 U 级）。菜单事实由 4 家门店列表交叉支撑（中等可信）；无任何营养数据，UGC 热量表未收录，官网亦未列。可用『基础基底 + 肉酱 + 芝士』做 component estimate，但芝士克重完全未知 → 本轮不写数值，进 needs_estimation。
src-micun-012,micun-cn-kids-kaoniurou-banfan,米村拌饭,儿童烤牛肉拌饭,third_party_analysis,https://m.baidu.com/bh/m/detail/ar_2857837884429501260,热量测评第1⃣️8⃣️5⃣ #米村拌饭热量（小红书笔记，经百度笔记聚合页转述）,小红书笔记（作者：养生美容小窍门），经百度笔记聚合页转述,2026-09-18,,False,C,energy=440kcal; energy_range=387-493kcal,440 kcal 在三份小红书 UGC 转载笔记与大众点评『杭州平价一人食｜米村拌饭穷鬼套餐(带热量)』（@小陈就吃亿口，2024-01-17，『儿童烤牛肉拌饭💰12 热量参考🔥440卡』）中完全一致 → 四源相互印证，但均无称重/计算方法披露，仍定 C级，±12%区间。宏量未给 → 留空。另：新浪 AI 内容农场文亦引用『儿童版烤牛肉拌饭热量约440大卡』，属对同一 UGC 口径的二手引用，未加权。
src-micun-013,micun-cn-kids-jinqiangyu-banfan,米村拌饭,儿童金枪鱼拌饭,third_party_analysis,https://m.baidu.com/bh/m/detail/ar_2857837884429501260,热量测评第1⃣️8⃣️5⃣ #米村拌饭热量（小红书笔记，经百度笔记聚合页转述）,小红书笔记（作者：养生美容小窍门），经百度笔记聚合页转述,2026-09-18,,False,C,energy=395kcal; energy_range=348-442kcal,395 kcal 在三份小红书 UGC 转载 + 大众点评『杭州穷鬼套餐(带热量)』（2024-01，『儿童金枪鱼拌饭💰9 热量参考🔥395卡』）中一致 → C级，±12%区间。蛋白侧证：搜狐/十点读书会（2026-09-10）『一份九块九的儿童金枪鱼拌饭，含60克金枪鱼，大概12克蛋白质』；谷传玲独立称重亦得水浸金枪鱼60g≈12g蛋白 → 蛋白≈12g 有双源支撑，但因整份宏量未系统给出，protein_g 仍留空，数值记于此备查。刺猬公社记者实测的 DIY 组合即以本款（不放酱）为基底。
src-micun-014,micun-cn-kids-zhaoshao-jitui-banfan,米村拌饭,儿童照烧鸡腿肉拌饭,official_menu,https://www.micun.com/food,米村美食 | 米村拌饭品牌官方网站,米村拌饭（北京米村科技有限公司）,2026-09-18,,True,D,无数值（仅菜单事实/组成信息）,【菜单事实引用，无营养数值】本行仅用于支撑该 SKU 的存在性/分类/规格/组成，未提供任何能量或宏量数据，故 source 级 confidence 记 D（SCHEMA §3 无 U 级）。官网仅给菜名与图片，无营养数据；UGC 热量表未收录。可按『儿童份≈成人份×0.6–0.65』的比例（由 儿童烤牛肉440 / 烤牛肉619–722 反推）做 component estimate，但该比例只有单点支撑 → 本轮不写数值，进 needs_estimation。
src-micun-015,micun-cn-kids-kaoniurou-shouzhuafan,米村拌饭,儿童烤牛肉手抓饭,third_party_analysis,https://you.ctrip.com/food/shenyang155/127654611.html,米村拌饭(全运路万达店) 本店特色美食 | 携程美食,携程美食（商户/用户自填特色菜列表）,2026-09-18,,False,D,无数值（仅菜单事实/组成信息）,【菜单事实引用，无营养数值】本行仅用于支撑该 SKU 的存在性/分类/规格/组成，未提供任何能量或宏量数据，故 source 级 confidence 记 D（SCHEMA §3 无 U 级）。⚠️ 菜单事实来源单一且可靠度较低：Ctrip『本店特色美食』为商户/用户自填、无日期、无官方交叉印证；官网与官方微博均无『手抓饭』字样。与『儿童烤牛肉拌饭』是否同款未能确认 → 保留为独立行并标 menu_fact_uncertain，不做营养估算、不套用 440 kcal。
src-micun-016,micun-cn-kids-jinqiangyu-shouzhuafan,米村拌饭,儿童金枪鱼手抓饭,third_party_analysis,https://you.ctrip.com/food/235/127838421.html,米村拌饭(江阴万达店) 本店特色美食 | 携程美食,携程美食（商户/用户自填特色菜列表）,2026-09-18,,False,D,无数值（仅菜单事实/组成信息）,【菜单事实引用，无营养数值】本行仅用于支撑该 SKU 的存在性/分类/规格/组成，未提供任何能量或宏量数据，故 source 级 confidence 记 D（SCHEMA §3 无 U 级）。同上：菜单事实仅单一商户自填列表支撑，与『儿童金枪鱼拌饭』关系未确认 → menu_only，不估算、不套用 395 kcal。
src-micun-017,micun-cn-light-niuyouguo-shishu,米村拌饭,牛油果时蔬轻食拌饭,official_menu,https://www.itbear.com.cn/html/2026-05/1330801.html,米村轻食拌饭来袭：打工人减脂新选择，吃完竟有意外满足感（含品牌方公布热量数据）,ITBear科技资讯 / 搜狐『洞见繁华』（转述米村品牌方公布数据）,2026-05-09,,False,C,energy=511kcal; energy_range=460-610kcal,能量值为【品牌方公布】，经 北京商报（腾讯新闻转载 2026-05-07）/ ITBear（2026-05-09）/ 搜狐（2026-05-09）三家一致转述。降级说明：SCHEMA §3 的 A 级要求官方同时给出能量+蛋白+碳水+脂肪，此处仅能量；且米村官网 micun.com 全站无营养字段（已 grep 验证 0 命中），官方微博未公布数值，官方小程序需登录、本 agent 未绕过 → 保守记 C，不冒充 A。宏量/钠/纤维未公布 → 全部留空。 品牌公布：牛油果时蔬款约511大卡。谷传玲（B级）独立拆解称重同款：叶菜+圣女果+胡萝卜≈75g=15 kcal、玉米≈40g=33、海苔芝麻碎≈10g=60、牛油果泥≈25g=43、杂粮饭≈230g=267、鸡蛋≈52g=90、焙煎芝麻沙拉汁25g=98 或 油醋沙拉汁25g=14 → 合计约606 kcal（芝麻汁）或 522 kcal（油醋汁），她本人判断『跟品牌对外公布的≥511千卡基本一致』。故 min/max 取 460–610 以覆盖两种酱汁选择。她同时批评『轻食这两个字，真的不等于低热量』『蔬菜只有75克左右，根本没比普通版多多少；优质蛋白主要就一个鸡蛋，大约只有7克蛋白质』。
src-micun-018,micun-cn-light-jituirou-niuyouguo,米村拌饭,鸡腿肉牛油果轻食拌饭（媒体口径：照烧鸡腿肉款）,official_menu,https://www.itbear.com.cn/html/2026-05/1330801.html,米村轻食拌饭来袭：打工人减脂新选择（含品牌方公布热量数据）,ITBear科技资讯 / 搜狐『洞见繁华』（转述米村品牌方公布数据）,2026-05-09,,False,C,energy=672kcal; energy_range=605-739kcal,能量值为【品牌方公布】，经 北京商报（腾讯新闻转载 2026-05-07）/ ITBear（2026-05-09）/ 搜狐（2026-05-09）三家一致转述。降级说明：SCHEMA §3 的 A 级要求官方同时给出能量+蛋白+碳水+脂肪，此处仅能量；且米村官网 micun.com 全站无营养字段（已 grep 验证 0 命中），官方微博未公布数值，官方小程序需登录、本 agent 未绕过 → 保守记 C，不冒充 A。宏量/钠/纤维未公布 → 全部留空。 品牌公布：照烧鸡腿肉款约672大卡。北京商报仅确认四款名称与 21.9–34.9 元价格区间，未给热量；热量数值以 ITBear 与搜狐的一致转述为准。±10% 区间。谷传玲对本款未单独拆解，但其轻食改良口径（杂粮饭2/3 + 加菜 + 加去皮鸡腿≈45g + 改油醋汁）≈534 kcal 可作为减脂版参考。
src-micun-019,micun-cn-light-jinqiangyu-niuyouguo,米村拌饭,金枪鱼牛油果轻食拌饭,official_menu,https://www.itbear.com.cn/html/2026-05/1330801.html,米村轻食拌饭来袭：打工人减脂新选择（含品牌方公布热量数据）,ITBear科技资讯 / 搜狐『洞见繁华』（转述米村品牌方公布数据）,2026-05-09,,False,C,energy=628kcal; energy_range=565-691kcal,能量值为【品牌方公布】，经 北京商报（腾讯新闻转载 2026-05-07）/ ITBear（2026-05-09）/ 搜狐（2026-05-09）三家一致转述。降级说明：SCHEMA §3 的 A 级要求官方同时给出能量+蛋白+碳水+脂肪，此处仅能量；且米村官网 micun.com 全站无营养字段（已 grep 验证 0 命中），官方微博未公布数值，官方小程序需登录、本 agent 未绕过 → 保守记 C，不冒充 A。宏量/钠/纤维未公布 → 全部留空。 品牌公布：金枪鱼款约628大卡。±10% 区间。蛋白未公布；若沿用谷传玲对普通金枪鱼拌饭的称重口径（水浸金枪鱼60g≈12g蛋白）+ 溏心蛋52g≈7g蛋白 ≈ 19g，但轻食款肉量未称重 → 不写入 protein_g 字段。
src-micun-020,micun-cn-light-kaoniurou-niuyouguo,米村拌饭,烤牛肉牛油果轻食拌饭,official_menu,https://www.itbear.com.cn/html/2026-05/1330801.html,米村轻食拌饭来袭：打工人减脂新选择（含品牌方公布热量数据）,ITBear科技资讯 / 搜狐『洞见繁华』（转述米村品牌方公布数据）,2026-05-09,,False,C,energy=723kcal; energy_range=651-795kcal,能量值为【品牌方公布】，经 北京商报（腾讯新闻转载 2026-05-07）/ ITBear（2026-05-09）/ 搜狐（2026-05-09）三家一致转述。降级说明：SCHEMA §3 的 A 级要求官方同时给出能量+蛋白+碳水+脂肪，此处仅能量；且米村官网 micun.com 全站无营养字段（已 grep 验证 0 命中），官方微博未公布数值，官方小程序需登录、本 agent 未绕过 → 保守记 C，不冒充 A。宏量/钠/纤维未公布 → 全部留空。 品牌公布：烤牛肉款约723大卡（四款最高）。±10% 区间。⚠️ 数值巧合提示：723 kcal 与小红书 UGC 表中普通『烤牛肉拌饭 722 大卡』几乎相同，二者是否同源（UGC 表反向引用品牌数据，或反之）无法判定 → 登记为潜在数据污染风险，未据此调整任何数值。谷传玲改良口径（杂粮饭2/3 + 加菜 + 加半份牛肉≈40g + 改油醋汁）≈521 kcal。
src-micun-021,micun-cn-shiban-jidan,米村拌饭,石板鸡蛋,third_party_analysis,https://m.baidu.com/bh/m/detail/ar_2857837884429501260,热量测评第1⃣️8⃣️5⃣ #米村拌饭热量（小红书笔记，经百度笔记聚合页转述）,小红书笔记（作者：养生美容小窍门），经百度笔记聚合页转述,2026-09-18,,False,C,energy=402kcal; energy_range=354-450kcal,数值来自小红书 UGC『米村拌饭热量测评』表（三份转载均收录）。三份转载笔记交叉核对结果：402 / 402 / 402 完全一致。均无称重/计算方法披露 → 按 SCHEMA §3 定 C 级，附 ±12% 区间，不冒充 B 级。宏量营养素/钠/纤维/糖来源均未给 → 全部留空。
src-micun-022,micun-cn-shiban-roujiang-doufu,米村拌饭,石板肉酱豆腐（UGC 亦记作石板豆腐/铁板豆腐）,third_party_analysis,https://m.baidu.com/bh/m/detail/ar_2857837884429501260,热量测评第1⃣️8⃣️5⃣ #米村拌饭热量（小红书笔记，经百度笔记聚合页转述）,小红书笔记（作者：养生美容小窍门），经百度笔记聚合页转述,2026-09-18,,False,C,energy=323kcal; energy_range=284-362kcal,数值来自小红书 UGC『米村拌饭热量测评』表（三份转载均收录）。三份转载笔记交叉核对结果：323 / 323 / 323 完全一致；名称在官方（石板肉酱豆腐）与 UGC（石板豆腐/铁板豆腐）间不一致但热量值相同 → 判定同款异名，已在 product_name 并列。均无称重/计算方法披露 → 按 SCHEMA §3 定 C 级，附 ±12% 区间，不冒充 B 级。宏量营养素/钠/纤维/糖来源均未给 → 全部留空。
src-micun-023,micun-cn-roumo-qiezi-bao,米村拌饭,肉末茄子煲,official_menu,https://www.micun.com/food,米村美食 | 米村拌饭品牌官方网站,米村拌饭（北京米村科技有限公司）,2026-09-18,,True,D,无数值（仅菜单事实/组成信息）,【菜单事实引用，无营养数值】本行仅用于支撑该 SKU 的存在性/分类/规格/组成，未提供任何能量或宏量数据，故 source 级 confidence 记 D（SCHEMA §3 无 U 级）。官网确认在售（菜单事实 A 级），但官网无任何营养数据；UGC 热量表未收录此款。茄子吸油特性使 component estimate 误差极大（油量完全未知）→ 不写数值，进 needs_estimation，并标记为减脂场景需回避项。
src-micun-024,micun-cn-zhishi-niangao-ji,米村拌饭,芝士年糕鸡,third_party_analysis,https://m.baidu.com/bh/m/detail/ar_2857837884429501260,热量测评第1⃣️8⃣️5⃣ #米村拌饭热量（小红书笔记，经百度笔记聚合页转述）,小红书笔记（作者：养生美容小窍门），经百度笔记聚合页转述,2026-09-18,,False,C,energy=726kcal; energy_range=639-813kcal,数值来自小红书 UGC『米村拌饭热量测评』表（三份转载均收录）。三份转载笔记交叉核对结果：725 / 728 / 725 —— 存在 3 kcal 的微小分歧，取中值 726 kcal 并保留 ±12% 区间。均无称重/计算方法披露 → 按 SCHEMA §3 定 C 级，附 ±12% 区间，不冒充 B 级。宏量营养素/钠/纤维/糖来源均未给 → 全部留空。
src-micun-025,micun-cn-xiangla-xiaochao-niurou,米村拌饭,香辣小炒牛肉,third_party_analysis,https://you.ctrip.com/food/154/135294334.html,米村拌饭(恒隆广场店) 本店特色美食 | 携程美食,携程美食（商户/用户自填特色菜列表）,2026-09-18,,False,D,无数值（仅菜单事实/组成信息）,【菜单事实引用，无营养数值】本行仅用于支撑该 SKU 的存在性/分类/规格/组成，未提供任何能量或宏量数据，故 source 级 confidence 记 D（SCHEMA §3 无 U 级）。菜单事实由两家门店列表交叉支撑（中等可信）+ 财经天下报道旁证；无任何营养数据，UGC 热量表未收录（表内『酱香牛肉粒198大卡』为另一款单加小食，不合并）。小炒类油量未知 → 不写数值，进 needs_estimation。
src-micun-026,micun-cn-roumo-suan-doujiao,米村拌饭,肉末酸豆角,third_party_analysis,https://you.ctrip.com/food/beijing1/131003055.html,米村拌饭(熙悦龙湖店) 本店特色美食 | 携程美食,携程美食（商户/用户自填特色菜列表）,2026-09-18,,False,D,无数值（仅菜单事实/组成信息）,【菜单事实引用，无营养数值】本行仅用于支撑该 SKU 的存在性/分类/规格/组成，未提供任何能量或宏量数据，故 source 级 confidence 记 D（SCHEMA §3 无 U 级）。菜单事实多店交叉（7/9 家门店列表）→ 可信度较高；无任何营养数据，UGC 热量表未收录 → needs_estimation。⚠️ 高钠风险项（酸豆角为腌渍品），钠值无来源，不填。
src-micun-027,micun-cn-suancai-shao-feichang,米村拌饭,酸菜烧肥肠,third_party_analysis,https://you.ctrip.com/food/beijing1/136360543-dianping.html,米村拌饭(望京凯德MALL店) 游友点评/特色菜 | 携程美食,携程美食（商户/用户自填特色菜列表）,2026-09-18,,False,D,无数值（仅菜单事实/组成信息）,【菜单事实引用，无营养数值】本行仅用于支撑该 SKU 的存在性/分类/规格/组成，未提供任何能量或宏量数据，故 source 级 confidence 记 D（SCHEMA §3 无 U 级）。菜单事实多店交叉（8/9 家）→ 可信；无任何营养数据，UGC 热量表未收录。肥肠为高脂内脏，component estimate 误差大 → 不写数值，进 needs_estimation。⚠️ 减脂场景明确高风险项。
src-micun-028,micun-cn-roumo-doufu,米村拌饭,肉末豆腐,third_party_analysis,https://you.ctrip.com/food/beijing1/136360543-dianping.html,米村拌饭(望京凯德MALL店) 游友点评/特色菜 | 携程美食,携程美食（商户/用户自填特色菜列表）,2026-09-18,,False,D,无数值（仅菜单事实/组成信息）,【菜单事实引用，无营养数值】本行仅用于支撑该 SKU 的存在性/分类/规格/组成，未提供任何能量或宏量数据，故 source 级 confidence 记 D（SCHEMA §3 无 U 级）。⚠️ 单一门店列表出现，且与官网『石板肉酱豆腐』/UGC『石板豆腐323大卡』疑似同款异名。按 SCHEMA『冲突不擅自取舍』保留为独立行 + menu_fact_uncertain，不合并、不套用 323 kcal。
src-micun-029,micun-cn-wuhuarou-jian-suancai,米村拌饭,五花肉煎酸菜,third_party_analysis,https://m.baidu.com/bh/m/detail/ar_2857837884429501260,热量测评第1⃣️8⃣️5⃣ #米村拌饭热量（小红书笔记，经百度笔记聚合页转述）,小红书笔记（作者：养生美容小窍门），经百度笔记聚合页转述,2026-09-18,,False,C,energy=498kcal; energy_range=438-558kcal,数值来自小红书 UGC『米村拌饭热量测评』表（三份转载均收录）。三份转载笔记交叉核对结果：498 / 498 / 498 完全一致。均无称重/计算方法披露 → 按 SCHEMA §3 定 C 级，附 ±12% 区间，不冒充 B 级。宏量营养素/钠/纤维/糖来源均未给 → 全部留空。
src-micun-030,micun-cn-zhishi-yumi,米村拌饭,芝士玉米,third_party_analysis,https://m.baidu.com/bh/m/detail/ar_2857837884429501260,热量测评第1⃣️8⃣️5⃣ #米村拌饭热量（小红书笔记，经百度笔记聚合页转述）,小红书笔记（作者：养生美容小窍门），经百度笔记聚合页转述,2026-09-18,,False,C,energy=381kcal; energy_range=335-427kcal,数值来自小红书 UGC『米村拌饭热量测评』表（三份转载均收录）。三份转载笔记交叉核对结果：381 / 381 / 381 完全一致。均无称重/计算方法披露 → 按 SCHEMA §3 定 C 级，附 ±12% 区间，不冒充 B 级。宏量营养素/钠/纤维/糖来源均未给 → 全部留空。
src-micun-031,micun-cn-zhaopai-feiniu-guo,米村拌饭,招牌肥牛锅（UGC 记作安格斯肥牛）,third_party_analysis,https://m.baidu.com/bh/m/detail/ar_2857837884429501260,热量测评第1⃣️8⃣️5⃣ #米村拌饭热量（小红书笔记，经百度笔记聚合页转述）,小红书笔记（作者：养生美容小窍门），经百度笔记聚合页转述,2026-09-18,,False,C,energy=487kcal; energy_range=429-545kcal,数值来自小红书 UGC『米村拌饭热量测评』表（三份转载均收录）。三份转载笔记交叉核对结果：487 / 487 / 487 完全一致（表内记作『安格斯肥牛～487大卡 24💰』）。均无称重/计算方法披露 → 按 SCHEMA §3 定 C 级，附 ±12% 区间，不冒充 B 级。宏量营养素/钠/纤维/糖来源均未给 → 全部留空。
src-micun-032,micun-cn-shao-niurou-dun-tudou,米村拌饭,烧牛肉炖土豆（UGC 亦记作土豆炖牛肉/炖牛肉炖土豆）,third_party_analysis,https://m.baidu.com/bh/m/detail/ar_2857837884429501260,热量测评第1⃣️8⃣️5⃣ #米村拌饭热量（小红书笔记，经百度笔记聚合页转述）,小红书笔记（作者：养生美容小窍门），经百度笔记聚合页转述,2026-09-18,,False,C,energy=610kcal; energy_range=537-683kcal,数值来自小红书 UGC『米村拌饭热量测评』表（三份转载均收录）。三份转载笔记交叉核对结果：610 / 610 / 610 完全一致；名称在三份转载中分别为『烧牛肉炖土豆』『土豆炖牛肉』『炖牛肉炖土豆』→ 判定同款异名。均无称重/计算方法披露 → 按 SCHEMA §3 定 C 级，附 ±12% 区间，不冒充 B 级。宏量营养素/钠/纤维/糖来源均未给 → 全部留空。
src-micun-033,micun-cn-lamen-mingtaiyu,米村拌饭,辣焖明太鱼（UGC 亦记作辣闷明太鱼）,third_party_analysis,https://m.baidu.com/bh/m/detail/ar_2857837884429501260,热量测评第1⃣️8⃣️5⃣ #米村拌饭热量（小红书笔记，经百度笔记聚合页转述）,小红书笔记（作者：养生美容小窍门），经百度笔记聚合页转述,2026-09-18,,False,C,energy=370kcal; energy_range=326-414kcal,数值来自小红书 UGC『米村拌饭热量测评』表（三份转载均收录）。三份转载笔记交叉核对结果：370 / 370 / 370 完全一致。均无称重/计算方法披露 → 按 SCHEMA §3 定 C 级，附 ±12% 区间，不冒充 B 级。宏量营养素/钠/纤维/糖来源均未给 → 全部留空。
src-micun-034,micun-cn-lamen-xiao-surou,米村拌饭,辣焖小酥肉,third_party_analysis,https://m.baidu.com/bh/m/detail/ar_2857837884429501260,热量测评第1⃣️8⃣️5⃣ #米村拌饭热量（小红书笔记，经百度笔记聚合页转述）,小红书笔记（作者：养生美容小窍门），经百度笔记聚合页转述,2026-09-18,,False,C,energy=758kcal; energy_range=667-849kcal,数值来自小红书 UGC『米村拌饭热量测评』表（三份转载中两份收录）。三份转载笔记交叉核对结果：758 / 758 一致（第三份未收录此款）。均无称重/计算方法披露 → 按 SCHEMA §3 定 C 级，附 ±12% 区间，不冒充 B 级。宏量营养素/钠/纤维/糖来源均未给 → 全部留空。
src-micun-035,micun-cn-wuhuarou-paocai-guo,米村拌饭,五花肉泡菜锅,third_party_analysis,https://m.baidu.com/bh/m/detail/ar_2857837884429501260,热量测评第1⃣️8⃣️5⃣ #米村拌饭热量（小红书笔记，经百度笔记聚合页转述）,小红书笔记（作者：养生美容小窍门），经百度笔记聚合页转述,2026-09-18,,False,C,energy=576kcal; energy_range=507-645kcal,数值来自小红书 UGC『米村拌饭热量测评』表（三份转载均收录）。三份转载笔记交叉核对结果：576 / 577 / 576 —— 1 kcal 差异无实质意义，取多数口径 576。均无称重/计算方法披露 → 按 SCHEMA §3 定 C 级，附 ±12% 区间，不冒充 B 级。宏量营养素/钠/纤维/糖来源均未给 → 全部留空。
src-micun-036,micun-cn-jingdian-sanbei-ji,米村拌饭,经典三杯鸡,official_menu,https://www.micun.com/food,米村美食 | 米村拌饭品牌官方网站,米村拌饭（北京米村科技有限公司）,2026-09-18,,True,D,无数值（仅菜单事实/组成信息）,【菜单事实引用，无营养数值】本行仅用于支撑该 SKU 的存在性/分类/规格/组成，未提供任何能量或宏量数据，故 source 级 confidence 记 D（SCHEMA §3 无 U 级）。菜单事实可信度高（官网五大招牌 + 3 家门店列表交叉）；但无任何营养数据，UGC 热量表亦未收录。三杯做法的麻油与糖用量未知 → component estimate 误差大，本轮不写数值，进 needs_estimation。
src-micun-037,micun-cn-jituirou-dun-tudou,米村拌饭,鸡腿肉炖土豆,official_menu,https://www.sina.cn/news/detail/5231380089015447.html,米村本月新品【鸡腿肉炖土豆】全国上市啦（米村拌饭官方微博，经新浪转载）,米村拌饭官方微博（经新浪 sina.cn 转载页公开读取）,2025-11-10,,True,D,无数值（仅菜单事实/组成信息）,【菜单事实引用，无营养数值】本行仅用于支撑该 SKU 的存在性/分类/规格/组成，未提供任何能量或宏量数据，故 source 级 confidence 记 D（SCHEMA §3 无 U 级）。菜单事实来自官方微博（A级菜单事实），无任何营养数据；UGC 热量表（早于本品上市）未收录。『先炸后炖』意味着油脂显著高于普通炖锅，但油量未知 → 不写数值，进 needs_estimation。⚠️ 官方微博自述『米村拌饭月月上新，每月10号』→ 本品在 2026-09 是否仍在售未能核实，标 lto_uncertain。
src-micun-038,micun-cn-gududu-heiya-bao,米村拌饭,咕嘟嘟黑鸭煲,third_party_analysis,https://you.ctrip.com/food/235/127838421.html,米村拌饭(江阴万达店) 本店特色美食 | 携程美食,携程美食（商户/用户自填特色菜列表）,2026-09-18,,False,D,无数值（仅菜单事实/组成信息）,【菜单事实引用，无营养数值】本行仅用于支撑该 SKU 的存在性/分类/规格/组成，未提供任何能量或宏量数据，故 source 级 confidence 记 D（SCHEMA §3 无 U 级）。⚠️ 菜单事实仅单一门店商户自填列表支撑，官网 / 官方微博 / UGC 热量表 / 其它媒体均无此款 → 可能是区域限定或已结束的 LTO。保留 menu_only，不做任何营养估算。
src-micun-039,micun-cn-shiguo-dajiang-tang,米村拌饭,石锅大酱汤,third_party_analysis,https://m.baidu.com/bh/m/detail/ar_2857837884429501260,热量测评第1⃣️8⃣️5⃣ #米村拌饭热量（小红书笔记，经百度笔记聚合页转述）,小红书笔记（作者：养生美容小窍门），经百度笔记聚合页转述,2026-09-18,,False,C,energy=221kcal; energy_range=194-248kcal,数值来自小红书 UGC『米村拌饭热量测评』表（三份转载均收录）。三份转载笔记交叉核对结果：221 / 221 / 221 完全一致。均无称重/计算方法披露 → 按 SCHEMA §3 定 C 级，附 ±12% 区间，不冒充 B 级。宏量营养素/钠/纤维/糖来源均未给 → 全部留空。
src-micun-040,micun-cn-dun-niurou-tang,米村拌饭,炖牛肉汤,third_party_analysis,https://m.baidu.com/bh/m/detail/ar_2857837884429501260,热量测评第1⃣️8⃣️5⃣ #米村拌饭热量（小红书笔记，经百度笔记聚合页转述）,小红书笔记（作者：养生美容小窍门），经百度笔记聚合页转述,2026-09-18,,False,D,energy=340kcal; energy_range=300-380kcal,⚠️ 单源且孤立：三份 UGC 转载中仅『养生美容小窍门』一份收录，官网 / 门店 Ctrip 列表均无『炖牛肉汤』（门店列表有『烧牛肉炖土豆 610大卡』）。24元的价格与烧牛肉炖土豆接近，疑为同款异名或已下架款。按 SCHEMA 不合并、不擅自取舍 → 保留独立行，因单源+存在性存疑降为 D 级，区间取 300–380（反映不确定性，不套机械 ±12%）。宏量未给 → 留空。
src-micun-041,micun-cn-xiangla-youyu,米村拌饭,香辣鱿鱼（UGC 亦记作石板鱿鱼）,third_party_analysis,https://m.baidu.com/bh/m/detail/ar_2857837884429501260,热量测评第1⃣️8⃣️5⃣ #米村拌饭热量（小红书笔记，经百度笔记聚合页转述）,小红书笔记（作者：养生美容小窍门），经百度笔记聚合页转述,2026-09-18,,False,C,energy=322kcal; energy_range=283-361kcal,数值来自小红书 UGC『米村拌饭热量测评』表（三份转载均收录）。三份转载笔记交叉核对结果：322 / 322 / 322 完全一致；两份记作『香辣鱿鱼』、一份记作『石板鱿鱼』→ 判定同款异名。均无称重/计算方法披露 → 按 SCHEMA §3 定 C 级，附 ±12% 区间，不冒充 B 级。宏量营养素/钠/纤维/糖来源均未给 → 全部留空。
src-micun-042,micun-cn-xiangjian-qinghuayu,米村拌饭,香煎青花鱼,third_party_analysis,https://m.baidu.com/bh/m/detail/ar_2857837884429501260,热量测评第1⃣️8⃣️5⃣ #米村拌饭热量（小红书笔记，经百度笔记聚合页转述）,小红书笔记（作者：养生美容小窍门），经百度笔记聚合页转述,2026-09-18,,False,C,energy=194kcal; energy_range=171-217kcal,数值来自小红书 UGC『米村拌饭热量测评』表（三份转载均收录）。三份转载笔记交叉核对结果：193 / 195 / 195 —— 2 kcal 分歧，取中值 194 kcal，±12% 区间（170–217）已完整覆盖两源。均无称重/计算方法披露 → 按 SCHEMA §3 定 C 级，附 ±12% 区间，不冒充 B 级。宏量营养素/钠/纤维/糖来源均未给 → 全部留空。
src-micun-043,micun-cn-chaoxianzu-michang,米村拌饭,朝鲜族米肠（UGC 亦记作米肠）,third_party_analysis,https://m.baidu.com/bh/m/detail/ar_2857837884429501260,热量测评第1⃣️8⃣️5⃣ #米村拌饭热量（小红书笔记，经百度笔记聚合页转述）,小红书笔记（作者：养生美容小窍门），经百度笔记聚合页转述,2026-09-18,,False,C,energy=385kcal; energy_range=339-431kcal,数值来自小红书 UGC『米村拌饭热量测评』表（两份转载收录）。三份转载笔记交叉核对结果：385 / 385 一致（分别记作『朝鲜族米肠』『米肠』）。均无称重/计算方法披露 → 按 SCHEMA §3 定 C 级，附 ±12% 区间，不冒充 B 级。宏量营养素/钠/纤维/糖来源均未给 → 全部留空。
src-micun-044,micun-cn-hongshao-shenhai-xueyu,米村拌饭,红烧深海鳕鱼,third_party_analysis,https://you.ctrip.com/food/beijing1/131003055.html,米村拌饭(熙悦龙湖店) 本店特色美食 | 携程美食,携程美食（商户/用户自填特色菜列表）,2026-09-18,,False,D,无数值（仅菜单事实/组成信息）,【菜单事实引用，无营养数值】本行仅用于支撑该 SKU 的存在性/分类/规格/组成，未提供任何能量或宏量数据，故 source 级 confidence 记 D（SCHEMA §3 无 U 级）。菜单事实 8/9 家门店交叉 + 财经天下报道旁证 → 可信度高。无任何营养数据，UGC 热量表未收录（表内『香煎青花鱼193–195大卡』为另一款鱼，不合并）。红烧做法糖油未知，且财经天下提示为半成品铁板复热 → 不写数值，进 needs_estimation。
src-micun-045,micun-cn-fengwei-zhaji,米村拌饭,风味炸鸡,third_party_analysis,https://m.baidu.com/bh/m/detail/ar_2857837884429501260,热量测评第1⃣️8⃣️5⃣ #米村拌饭热量（小红书笔记，经百度笔记聚合页转述）,小红书笔记（作者：养生美容小窍门），经百度笔记聚合页转述,2026-09-18,,False,C,energy=174kcal; energy_range=153-195kcal,数值来自小红书 UGC『米村拌饭热量测评』表（三份转载中两份收录）。三份转载笔记交叉核对结果：175 / 173 —— 取中值 174 kcal，±12%（153–195）已覆盖两源。均无称重/计算方法披露 → 按 SCHEMA §3 定 C 级，附 ±12% 区间，不冒充 B 级。宏量营养素/钠/纤维/糖来源均未给 → 全部留空。
src-micun-046,micun-cn-tengjiao-xiao-surou,米村拌饭,藤椒小酥肉,third_party_analysis,https://m.baidu.com/bh/m/detail/ar_2857837884429501260,热量测评第1⃣️8⃣️5⃣ #米村拌饭热量（小红书笔记，经百度笔记聚合页转述）,小红书笔记（作者：养生美容小窍门），经百度笔记聚合页转述,2026-09-18,,False,C,energy=181kcal; energy_range=159-203kcal,数值来自小红书 UGC『米村拌饭热量测评』表（三份转载中两份收录）。三份转载笔记交叉核对结果：181 / 181 一致。均无称重/计算方法披露 → 按 SCHEMA §3 定 C 级，附 ±12% 区间，不冒充 B 级。宏量营养素/钠/纤维/糖来源均未给 → 全部留空。
src-micun-047,micun-cn-jiangxiang-niurou-li,米村拌饭,酱香牛肉粒,third_party_analysis,https://m.baidu.com/bh/m/detail/ar_2857837884429501260,热量测评第1⃣️8⃣️5⃣ #米村拌饭热量（小红书笔记，经百度笔记聚合页转述）,小红书笔记（作者：养生美容小窍门），经百度笔记聚合页转述,2026-09-18,,False,C,energy=198kcal; energy_range=174-222kcal,数值来自小红书 UGC『米村拌饭热量测评』表（两份转载收录）。三份转载笔记交叉核对结果：198 / 198 一致。均无称重/计算方法披露 → 按 SCHEMA §3 定 C 级，附 ±12% 区间，不冒充 B 级。宏量营养素/钠/纤维/糖来源均未给 → 全部留空。
src-micun-048,micun-cn-shiguo-caixin,米村拌饭,石锅菜心,third_party_analysis,https://post.smzdm.com/p/a95g9gd5/,赛级健身人，都在米村拌饭『拼好饭』（刺猬公社 陈只三，经什么值得买转载）,刺猬公社 文｜陈只三 编｜陈梅馨,2026-08-26,,False,D,无数值（仅菜单事实/组成信息）,【菜单事实引用，无营养数值】本行仅用于支撑该 SKU 的存在性/分类/规格/组成，未提供任何能量或宏量数据，故 source 级 confidence 记 D（SCHEMA §3 无 U 级）。仅有一个不等式约束（4份 < 381 kcal，即单份 <95 kcal），无点值、无克重、无方法 → 按『不假精确』原则不写任何数值，进 needs_estimation。可由谷传玲实测蔬菜口径（单加菠菜/杏鲍菇一份≈100g≈20–25 kcal，水煮基本无油）做 component estimate，但石锅菜心可能带油带汁，误差大，故本轮不估。
src-micun-049,micun-cn-add-jidan,米村拌饭,单加煎蛋（可生食鸡蛋）,third_party_analysis,http://m.toutiao.com/group/7680169194310091283/?upstream_biz=VolcEngine,我拆了4份米村拌饭，发现减脂最大的坑根本不是米饭（营养师谷传玲）,营养师谷传玲（首都保健营养美食学会注册营养师）,2026-08-31,注册营养师实物拆解称重法：自费下单门店/外卖实物，将米饭、肉、菜、酱逐一分开称重，再按 USDA FoodData Central 同类熟制食物数据计算能量与蛋白质；文末列 7 条参考文献（含 J Acad Nutr Diet 2012 能量密度系统综述、中国居民膳食营养素参考摄入量2023版）。,False,B,energy=80kcal; energy_range=70-90kcal; protein=7g,B级依据：谷传玲称重『50克煎蛋≈7克蛋白质』（按 USDA 同类熟制食物估算），并在轻食拌饭拆解中记『鸡蛋约52克=90千卡』（含煎制用油）。两个口径合成 70–90 kcal 实测区间，取中值 80 kcal 作 estimated_point。protein_g=7 有明确称重依据故填写；碳水/脂肪未给 → 留空（SCHEMA §2 允许宏量缺失并在 source_notes 说明）。门店报价3元（头条 2026-02 笔记）。
src-micun-050,micun-cn-add-bocai,米村拌饭,单加菠菜,third_party_analysis,http://m.toutiao.com/group/7680169194310091283/?upstream_biz=VolcEngine,我拆了4份米村拌饭，发现减脂最大的坑根本不是米饭（营养师谷传玲）,营养师谷传玲（首都保健营养美食学会注册营养师）,2026-08-31,注册营养师实物拆解称重法：自费下单门店/外卖实物，将米饭、肉、菜、酱逐一分开称重，再按 USDA FoodData Central 同类熟制食物数据计算能量与蛋白质；文末列 7 条参考文献（含 J Acad Nutr Diet 2012 能量密度系统综述、中国居民膳食营养素参考摄入量2023版）。,False,B,energy_range=15-30kcal,谷传玲实测『一份菠菜约100克』，并推荐优先加菠菜（引 USDA：100g 焯煮菠菜含叶酸146µg、镁87mg、钾466mg、钙136mg；引 Chai & Liebman 2005：水煮可明显降低可溶性草酸）。刺猬公社实测的 DIY 组合含3份菠菜。门店报价约2元（搜狐/十点读书会 2026-09）。 B级：有明确称重克重与计算依据（USDA FoodData Central + 参考文献）。按 SCHEMA §2 用 estimated_range 只填 min/max，point 值留空（区间中值仅作参照，不写入 energy_kcal）。宏量除蛋白外未逐项给出 → 留空。
src-micun-051,micun-cn-add-xingbaogu,米村拌饭,单加杏鲍菇,third_party_analysis,http://m.toutiao.com/group/7680169194310091283/?upstream_biz=VolcEngine,我拆了4份米村拌饭，发现减脂最大的坑根本不是米饭（营养师谷传玲）,营养师谷传玲（首都保健营养美食学会注册营养师）,2026-08-31,注册营养师实物拆解称重法：自费下单门店/外卖实物，将米饭、肉、菜、酱逐一分开称重，再按 USDA FoodData Central 同类熟制食物数据计算能量与蛋白质；文末列 7 条参考文献（含 J Acad Nutr Diet 2012 能量密度系统综述、中国居民膳食营养素参考摄入量2023版）。,False,B,energy_range=20-35kcal,谷传玲实测『一份杏鲍菇约100克』，与菠菜并列为她推荐的加菜项；头条 2026-02 笔记报门店价2元。能量按菌菇通用密度估（未单独称重）→ 保守给 20–35 kcal 区间。 B级：有明确称重克重与计算依据（USDA FoodData Central + 参考文献）。按 SCHEMA §2 用 estimated_range 只填 min/max，point 值留空（区间中值仅作参照，不写入 energy_kcal）。宏量除蛋白外未逐项给出 → 留空。
src-micun-052,micun-cn-add-yumili,米村拌饭,单加甜玉米粒,third_party_analysis,http://m.toutiao.com/group/7680169194310091283/?upstream_biz=VolcEngine,我拆了4份米村拌饭，发现减脂最大的坑根本不是米饭（营养师谷传玲）,营养师谷传玲（首都保健营养美食学会注册营养师）,2026-08-31,注册营养师实物拆解称重法：自费下单门店/外卖实物，将米饭、肉、菜、酱逐一分开称重，再按 USDA FoodData Central 同类熟制食物数据计算能量与蛋白质；文末列 7 条参考文献（含 J Acad Nutr Diet 2012 能量密度系统综述、中国居民膳食营养素参考摄入量2023版）。,False,B,energy_range=21-33kcal,谷传玲称重：拌饭基底内『甜玉米粒30克≈25千卡』；轻食款内『玉米约40克=33千卡』。作为单加项时份量约30–40g → 取 21–33 kcal 区间。属快碳来源，刺猬公社提到的『把玉米粒换成菠菜』即降碳操作。 B级：有明确称重克重与计算依据（USDA FoodData Central + 参考文献）。按 SCHEMA §2 用 estimated_range 只填 min/max，point 值留空（区间中值仅作参照，不写入 energy_kcal）。宏量除蛋白外未逐项给出 → 留空。
src-micun-053,micun-cn-add-jinqiangyu,米村拌饭,单加水浸金枪鱼,third_party_analysis,http://m.toutiao.com/group/7680169194310091283/?upstream_biz=VolcEngine,我拆了4份米村拌饭，发现减脂最大的坑根本不是米饭（营养师谷传玲）,营养师谷传玲（首都保健营养美食学会注册营养师）,2026-08-31,注册营养师实物拆解称重法：自费下单门店/外卖实物，将米饭、肉、菜、酱逐一分开称重，再按 USDA FoodData Central 同类熟制食物数据计算能量与蛋白质；文末列 7 条参考文献（含 J Acad Nutr Diet 2012 能量密度系统综述、中国居民膳食营养素参考摄入量2023版）。,False,B,energy_range=83-111kcal,两个独立口径：刺猬公社引述小红书『45g的金枪鱼只有83大卡』（→184 kcal/100g）；谷传玲称重『水浸金枪鱼≈60g≈12g蛋白』。合并为 45–60g / 83–111 kcal（energy_kcal 填中值 97，按 estimated_range 以区间为准）。搜狐/十点读书会 2026-09 记门店单加价约3元，并确认儿童金枪鱼拌饭『含60克金枪鱼，大概12克蛋白质』。 B级：有明确称重克重与计算依据（USDA FoodData Central + 参考文献）。按 SCHEMA §2 用 estimated_range 只填 min/max，point 值留空（区间中值仅作参照，不写入 energy_kcal）。宏量除蛋白外未逐项给出 → 留空。
src-micun-054,micun-cn-add-huluobo,米村拌饭,单加胡萝卜,third_party_analysis,https://www.sohu.com/a/1074396458_121124777/,中产减脂的尽头：9块9米村拌饭（十点读书会，经搜狐转载）,十点读书会（经搜狐转载）,2026-09-10,,False,D,无数值（仅菜单事实/组成信息）,【菜单事实引用，无营养数值】本行仅用于支撑该 SKU 的存在性/分类/规格/组成，未提供任何能量或宏量数据，故 source 级 confidence 记 D（SCHEMA §3 无 U 级）。菜单事实与价格有据（2元/份）；能量无独立来源（谷传玲未单独称重胡萝卜单加份）→ 按不假精确原则不写数值，进 needs_estimation。可用同类项菠菜（100g≈20 kcal）做 C 级类比，但本轮不写入字段。
src-micun-055,micun-cn-add-haitai-sui,米村拌饭,单加芝麻海苔碎,third_party_analysis,https://post.smzdm.com/p/a95g9gd5/,赛级健身人，都在米村拌饭『拼好饭』（刺猬公社 陈只三，引述小红书健身圈实测）,刺猬公社 文｜陈只三 编｜陈梅馨,2026-08-20,注册营养师实物拆解称重法：自费下单门店/外卖实物，将米饭、肉、菜、酱逐一分开称重，再按 USDA FoodData Central 同类熟制食物数据计算能量与蛋白质；文末列 7 条参考文献（含 J Acad Nutr Diet 2012 能量密度系统综述、中国居民膳食营养素参考摄入量2023版）。,False,B,energy_range=30-78kcal,三个实测份量口径（克重不同，故按 SCHEMA §2 用 estimated_range 只填 min/max、point 留空）：①刺猬公社引述小红书『13g的海苔碎是70大卡』→538 kcal/100g；②谷传玲称重拌饭基底『芝麻海苔碎5克≈30千卡』→600 kcal/100g；③谷传玲轻食款『海苔芝麻碎约10克=60千卡』→600 kcal/100g。区间 30–78 kcal 覆盖 5g/10g/13g 三档；参照点值（10g≈60–70 kcal）仅记于 best_current_estimate，不写入 energy_kcal。宏量未给 → 留空。
src-micun-056,micun-cn-bai-mifan,米村拌饭,白米饭（五常稻花香米）,third_party_analysis,http://m.toutiao.com/group/7680169194310091283/?upstream_biz=VolcEngine,我拆了4份米村拌饭，发现减脂最大的坑根本不是米饭（营养师谷传玲）,营养师谷传玲（首都保健营养美食学会注册营养师）,2026-08-31,注册营养师实物拆解称重法：自费下单门店/外卖实物，将米饭、肉、菜、酱逐一分开称重，再按 USDA FoodData Central 同类熟制食物数据计算能量与蛋白质；文末列 7 条参考文献（含 J Acad Nutr Diet 2012 能量密度系统综述、中国居民膳食营养素参考摄入量2023版）。,False,B,energy_range=232-360kcal,B级称重：谷传玲『一份米饭接近300克，能量大约348千卡』（→116 kcal/100g，与 USDA 熟白米 130 kcal/100g 同量级）；她建议减脂女生吃一半（150g，≈174 kcal，直接少摄入174 kcal），男生吃2/3；『150克熟白米饭大约提供42克碳水化合物』（引 USDA）。因四个来源的『一份』克重口径不一致，按 SCHEMA §2 用 estimated_range 只填 min/max（232–360 kcal），point 留空；有称重依据的参照点 300g≈348 kcal 仅记于 best_current_estimate。carbs_g 留空（谷给出的42g碳水对应的是半份150g，与本行 serving 不一致，混填会造成假精确）。刺猬公社另指出『为了保持口感，米村拌饭的米饭和拌菜在烹饪过程中都会添加少量的油』。
src-micun-057,micun-cn-wugu-zaliang-fan,米村拌饭,五谷杂粮饭（轻食系列主食）,third_party_analysis,http://m.toutiao.com/group/7680169194310091283/?upstream_biz=VolcEngine,我拆了4份米村拌饭，发现减脂最大的坑根本不是米饭（营养师谷传玲）,营养师谷传玲（首都保健营养美食学会注册营养师）,2026-08-31,注册营养师实物拆解称重法：自费下单门店/外卖实物，将米饭、肉、菜、酱逐一分开称重，再按 USDA FoodData Central 同类熟制食物数据计算能量与蛋白质；文末列 7 条参考文献（含 J Acad Nutr Diet 2012 能量密度系统综述、中国居民膳食营养素参考摄入量2023版）。,False,B,energy=267kcal; energy_range=240-294kcal,B级称重：谷传玲轻食拌饭拆解中『杂粮饭约230克：267千卡』（→116 kcal/100g，与白米饭同密度）。她指出杂粮饭原料含糙米/黑米/紫米/燕麦，相比纯精白米『膳食纤维、矿物质、花青素和部分B族维生素通常会更丰富』（引《中国居民膳食指南2022》），但同时强调『轻食这两个字，真的不等于低热量』。纤维克数未实测 → 留空。
src-micun-058,micun-cn-shanquan-da-lengmian,米村拌饭,山泉大冷面（UGC 记作冷面）,third_party_analysis,https://m.baidu.com/bh/m/detail/ar_2857837884429501260,热量测评第1⃣️8⃣️5⃣ #米村拌饭热量（小红书笔记，经百度笔记聚合页转述）,小红书笔记（作者：养生美容小窍门），经百度笔记聚合页转述,2026-09-18,,False,C,energy=485kcal; energy_range=427-543kcal,数值来自小红书 UGC『米村拌饭热量测评』表（三份转载均收录）。三份转载笔记交叉核对结果：485 / 485 / 485 完全一致。均无称重/计算方法披露 → 按 SCHEMA §3 定 C 级，附 ±12% 区间，不冒充 B 级。宏量营养素/钠/纤维/糖来源均未给 → 全部留空。
src-micun-059,micun-cn-haidai-tang,米村拌饭,海带汤（外卖名：解腻海菜汤）,third_party_analysis,https://post.smzdm.com/p/a95g9gd5/,赛级健身人，都在米村拌饭『拼好饭』（刺猬公社 陈只三，经什么值得买转载）,刺猬公社 文｜陈只三 编｜陈梅馨,2026-08-26,,False,D,无数值（仅菜单事实/组成信息）,【菜单事实引用，无营养数值】本行仅用于支撑该 SKU 的存在性/分类/规格/组成，未提供任何能量或宏量数据，故 source 级 confidence 记 D（SCHEMA §3 无 U 级）。菜单事实充分（刺猬公社 / 搜狐 / 大众点评 / 财经天下『店内米饭、海带汤和所有小菜全部免费、无限续』/ 三款美团外卖券商品名均确认）。无任何来源给出能量或钠数值；刺猬公社仅有定性高钠提示。按不假精确原则全部留空，进 needs_estimation（建议用《中国食物成分表》『海带汤/紫菜汤』条目做 C 级 component estimate）。
src-micun-060,micun-cn-labaicai-paocai,米村拌饭,辣白菜 / 泡菜（免费小菜）,third_party_analysis,https://post.smzdm.com/p/a95g9gd5/,赛级健身人，都在米村拌饭『拼好饭』（刺猬公社 陈只三，经什么值得买转载）,刺猬公社 文｜陈只三 编｜陈梅馨,2026-08-26,,False,D,无数值（仅菜单事实/组成信息）,【菜单事实引用，无营养数值】本行仅用于支撑该 SKU 的存在性/分类/规格/组成，未提供任何能量或宏量数据，故 source 级 confidence 记 D（SCHEMA §3 无 U 级）。菜单事实充分（刺猬公社 / 搜狐 / 大众点评 2024-01『免费的海带汤➕泡菜➕酸豆角』/ 财经天下 / 美团外卖券名）。无任何数值来源；两篇新浪 AI 内容农场文的『泡菜钠含量不低，高血压人群建议泡菜少吃』『热量低但钠含量高』均为 D 级定性表述，不作数值依据。全部留空 → needs_estimation。
src-micun-061,micun-cn-combo-jinqiangyu-haicaitang-labaicai,米村拌饭,金枪鱼拌饭+解腻海菜汤+辣白菜 单人餐,meituan_menu,https://www.smzdm.com/p/163525258/,米村拌饭 金枪鱼拌饭+解腻海菜汤+辣白菜单人餐兑换券·1张 1次券（购买渠道：美团外卖）,,2025-11-30,,False,D,无数值（仅菜单事实/组成信息）,【菜单事实引用，无营养数值】本行仅用于支撑该 SKU 的存在性/分类/规格/组成，未提供任何能量或宏量数据，故 source 级 confidence 记 D（SCHEMA §3 无 U 级）。菜单事实来自美团外卖券的商品标题（经什么值得买小值机器人自动抓取，可信度高）；但券页不含任何营养信息 → 套餐本身不写数值。组件累加：金枪鱼拌饭 636–700 kcal（谷传玲 B / 小红书 C）+ 解腻海菜汤（unknown）+ 辣白菜（unknown）→ 已知部分 636–700 kcal，未知 2 项。进 needs_estimation。⚠️ 美团外卖 App 本体需登录+定位，本 agent 未绕过；券标题为可公开访问的第三方存档。
src-micun-062,micun-cn-combo-zhaoshao-jitui-haicaitang-labaicai,米村拌饭,照烧鸡腿肉拌饭+解腻海菜汤+辣白菜 单人餐,meituan_menu,https://www.smzdm.com/p/162458578/,米村拌饭 照烧鸡腿肉拌饭+解腻海菜汤+辣白菜单人餐兑换券·1张 1次券（购买渠道：美团外卖）,,2025-11-15,,False,D,无数值（仅菜单事实/组成信息）,【菜单事实引用，无营养数值】本行仅用于支撑该 SKU 的存在性/分类/规格/组成，未提供任何能量或宏量数据，故 source 级 confidence 记 D（SCHEMA §3 无 U 级）。券页无营养信息。组件累加：照烧鸡腿肉拌饭 626 kcal（谷传玲称重，B级）+ 解腻海菜汤（unknown）+ 辣白菜（unknown）。进 needs_estimation。
src-micun-063,micun-cn-combo-feiyi-shiguo-haicaitang,米村拌饭,非遗石锅拌饭+解腻海菜汤 单人餐,meituan_menu,https://www.zhizhizhi.com/n/c0fz9,美团外卖 米村拌饭 非遗石锅拌饭单人餐兑换券 多店可用（原价26元 现价18.9元）,,2025-06-19,,False,D,无数值（仅菜单事实/组成信息）,【菜单事实引用，无营养数值】本行仅用于支撑该 SKU 的存在性/分类/规格/组成，未提供任何能量或宏量数据，故 source 级 confidence 记 D（SCHEMA §3 无 U 级）。⚠️ 时效冲突：2025-06/07 美团外卖与到店均有『非遗石锅拌饭』单人餐券在售，但 2026-04-03 官方微博明确『考虑到外卖无法把石锅的滚烫送至您手里，很遗憾我们在外卖平台暂时下架了非遗石锅拌饭，大家可以选择金碗拌饭系列，或来餐厅感受石锅拌饭的魅力』→ 本套餐在 2026-09 的外卖渠道大概率已不可售。美团外卖 App 与慢慢买比价页均需登录/人机验证，本 agent 未绕过 → 渠道在售状态标 research_status=blocked。组件累加：非遗石锅拌饭 700–730 kcal（C级）+ 解腻海菜汤（unknown）。
src-micun-064,micun-cn-diy-pinhaofan-fitness-bowl,米村拌饭,健身圈『拼好饭』DIY 组合（儿童金枪鱼拌饭不放酱 + 玉米粒换菠菜 + 3份菠菜 + 1煎蛋）,third_party_analysis,https://post.smzdm.com/p/a95g9gd5/,赛级健身人，都在米村拌饭『拼好饭』（刺猬公社 陈只三，经什么值得买转载）,刺猬公社 文｜陈只三 编｜陈梅馨,2026-08-26,,False,C,energy=554kcal; energy_range=487-621kcal,554 kcal 为刺猬公社记者『按照小红书热量计算公式』得出的组合估算——非称重实测、公式未公开 → C级，±12%区间。用本库组件值交叉校核：儿童金枪鱼拌饭395（C）− 玉米粒25（B）+ 3份菠菜≈60（B）+ 煎蛋80（B）− 拌饭酱≈65（B，若原含）≈ 445–510 kcal，与 554 同量级但偏低约 45–110 kcal；差异可能来自『不放酱』基准是否已扣、以及儿童份米饭克重口径。宏量：可估蛋白≈12g（金枪鱼）+7g（煎蛋）+菠菜≈6g ≈ 25g，但无来源逐项给出 → protein_g 留空，仅记于此备查。
src-micun-065,__brand__,米村拌饭,米村拌饭 全菜单（五大招牌/经典拌饭/石板菜/儿童餐＆炖锅）,official_menu,https://www.micun.com/food,米村美食 - 米村拌饭 | 品牌官方网站,米村拌饭（北京米村科技有限公司）,2026-09-18,,True,A,菜单事实：五大招牌=烤牛肉石锅拌饭/招牌肥牛锅/香辣鱿鱼/儿童烤牛肉拌饭/经典三杯鸡；经典拌饭=照烧鸡腿肉石锅拌饭/秘制肉酱石锅拌饭/烤牛肉拌饭/金枪鱼拌饭；石板菜=芝士年糕鸡/石板鸡蛋/石板肉酱豆腐/肉末茄子煲；儿童餐＆炖锅=儿童烤牛肉拌饭/儿童照烧鸡腿肉拌饭/儿童金枪鱼拌饭/招牌肥牛锅,官网为 Astro 静态营销站，仅列 13 个精选菜品（4 个分类），不含小食/单加/汤/饮品/轻食拌饭/外卖专属系列，也【完全不含任何营养字段】——已对整站 HTML grep『热量|千卡|卡路里|营养|能量|protein|kJ』，0 命中。故米村无官网 A 级营养表；本行仅承担 A 级『菜单事实』。官网自述『来自吉林省延边，传承朝鲜族非遗，全国1900多家门店』；总部山东省青岛市黄岛区；官方声明『米村拌饭只直营，不加盟』。
src-micun-066,__brand__,米村拌饭,非遗石锅拌饭系列升级 + 外卖渠道下架公告,official_menu,https://www.sina.cn/news/detail/5283650279311288.html,米村拌饭推出四款石锅拌饭（米村拌饭官方微博 2026-04-03，经新浪转载）,米村拌饭官方微博,2026-04-03,,True,A,四款石锅拌饭：煎蛋时蔬石锅拌饭 / 烤牛肉石锅拌饭 / 秘制肉酱石锅拌饭 / 照烧鸡腿肉石锅拌饭。外卖渠道：『考虑到外卖无法把石锅的滚烫送至您手里，很遗憾我们在外卖平台暂时下架了非遗石锅拌饭，大家可以选择金碗拌饭系列』,本条是【外卖菜单】最关键的一条官方事实：石锅拌饭系列在美团/饿了么等外卖平台已下架，外卖改推『金碗拌饭系列』。官方微博同时未列出金碗拌饭系列的完整成员，故本库外卖拌饭 SKU 以官网『经典拌饭』+美团外卖券商品名交叉确认。
src-micun-067,__brand__,米村拌饭,轻食拌饭系列（4款）上市范围与定价,official_menu,https://news.qq.com/rain/a/20260507A06LEP00,米村拌饭北京上新轻食拌饭系列（北京商报 记者郭缤璐，经腾讯新闻转载）,北京商报,2026-05-07,,False,C,4款：牛油果时蔬轻食拌饭 / 鸡腿肉牛油果轻食拌饭 / 金枪鱼牛油果轻食拌饭 / 烤牛肉牛油果轻食拌饭；定价21.9–34.9元；青岛48家门店试点→北京、上海→计划全国布局；米村品牌部回应称轻食食材基本基于现有供应链体系,本条确认名称与价格，未给热量。区域上市 → 轻食系列在全国多数门店尚不可得，App 展示需加『区域限定』标记。
src-micun-068,__brand__,米村拌饭,轻食拌饭系列 官方公布热量（4款）,official_menu,https://www.itbear.com.cn/html/2026-05/1330801.html,米村轻食拌饭来袭：打工人减脂新选择，吃完竟有意外满足感,ITBear科技资讯（来源：互联网）,2026-05-09,转述品牌方公布数值，未说明品牌方测定方法,False,C,牛油果时蔬款≈511大卡；照烧鸡腿肉款≈672大卡；金枪鱼款≈628大卡；烤牛肉款≈723大卡（四款最高）,【降级说明】这是本轮唯一接近 A 级的品牌官方营养披露，但：①仅能量，无蛋白/碳水/脂肪/钠 → 不满足 SCHEMA §3 A 级『且给出能量+蛋白+碳水+脂肪』；②micun.com 与官方微博均查无此数值，官方小程序需登录、本 agent 未绕过 → 无法直接核验；③数值经 ITBear 与搜狐『洞见繁华』两家一致转述（同日 2026-05-09 00:35，疑同源稿）。故统一定 C 级，并在每条轻食 SKU 的 source_notes 中写明降级理由。媒体同时记录网友质疑『与普通正餐热量差异不大』。
src-micun-069,__brand__,米村拌饭,轻食拌饭系列 官方公布热量（同源异站校验）,official_menu,https://www.sohu.com/a/1020050544_121956424,米村轻食拌饭：打工人的减脂新选择，吃完竟然意外满足！,洞见繁华（搜狐号）,2026-05-09,转述品牌方公布数值,False,C,牛油果时蔬款≈511大卡；照烧鸡腿肉款672大卡；金枪鱼款628大卡；烤牛肉款723大卡；配料：黄天鹅可生食溏心蛋、进口牛油果泥、羽衣甘蓝/罗莎红生菜/芝麻菜/樱桃番茄、黑米/燕麦/糙米/糯米/大米五谷杂粮饭、玉米粒、海带碎；酱汁：芝麻沙拉汁或油醋汁,与 ITBear 数值逐项完全一致 → 交叉确认转述无误，但两稿同日同时分发布，判定为同源通稿，不构成独立第二来源。配料清单为本库轻食系列 product_description 与 component 的依据。
src-micun-070,__brand__,米村拌饭,轻食拌饭系列 东北区域上新（3款口径）,official_menu,https://www.sina.cn/news/detail/5298495872303770.html,米村拌饭东北上新轻食（米村拌饭官方微博，经新浪转载）,米村拌饭官方微博,2026-05-14,,True,A,『三款轻食拌饭，鸡肉/鱼肉/无肉款，搭配芝麻沙拉汁/油醋汁，口味自由随心选』；上线区域：青岛・北京・上海・东北；进口牛油果泥 + 流心溏心蛋 + 蔬果杂粮,⚠️ 官方微博此处称『三款』（鸡肉/鱼肉/无肉），而北京商报与 ITBear 称『四款』（含烤牛肉款）→ 存在官方口径冲突，可能为区域差异化上市或后期精简。本库按四款建 SKU，并在 missing_categories 与 notes 中标注该不确定性；未擅自删并任何一款。
src-micun-071,micun-cn-kaoniurou-banfan,米村拌饭,烤牛肉拌饭 / 照烧鸡腿拌饭 / 金枪鱼拌饭 / 轻食拌饭（4款拆解）,third_party_analysis,https://www.sohu.com/a/1070128937_383956/,我拆了4份米村拌饭，发现减脂最大的坑根本不是米饭,营养师谷传玲（首都保健营养美食学会注册营养师）；编辑：小薛营养师,2026-08-31,注册营养师实物拆解称重法：自费下单门店/外卖实物，将米饭、肉、菜、酱逐一分开称重，再按 USDA FoodData Central 同类熟制食物数据计算能量与蛋白质；文末列 7 条参考文献（含 J Acad Nutr Diet 2012 能量密度系统综述、中国居民膳食营养素参考摄入量2023版）。,False,B,烤牛肉拌饭 原版619 / 改良509 kcal；照烧鸡腿拌饭 原版626 / 改良≈509 kcal；金枪鱼拌饭 原版636 / 改良497 kcal；轻食拌饭 原版522（油醋汁）或606（焙煎芝麻汁）/ 改良加牛肉≈521、加鸡腿≈534 kcal。基底组件：蔬菜80g=15、玉米粒30g=25、海苔碎5g=30、米饭≈300g=348、碗底油≈5g=45 kcal；酱：香菇酱30g=73、辣味拌饭酱30g=62、金枪鱼款沙拉酱10g=50 kcal；蛋白：牛肉55g≈14g、水浸金枪鱼60g≈12g、去皮鸡腿50g≈12g、煎蛋50g≈7g,本轮唯一满足 SCHEMA B 级『有明确方法的第三方实测』的来源：实物下单 + 逐组件称重 + USDA FoodData Central 计算 + 7 条参考文献。原文发布渠道：今日头条（『2周前』）/ 搜狐健康频道（2026-08-31 20:24，标注原创）/ 微博视频号（2026-09-07 18:00，id=5340572631173882）/ 知乎想法（403 未能直接访问）。她的四条结论：①菜看着不少实际只有约80克；②肉选择不错但只有约50–60克；③一份米饭接近300克，减脂期不一定需要全吃完；④最容易被忽略的是那一整包酱。公式：少饭、少酱、加菜、加蛋白。改良后热量（微博口径）442~507大卡。
src-micun-072,micun-cn-kaoniurou-banfan,米村拌饭,烤牛肉拌饭（微博视频版）,third_party_analysis,https://weibo.com/2/detail/5340572631173882,米村拌饭热量实测 减脂吃法及热量方案出炉,营养师谷传玲（微博 VIP 认证）,2026-09-07,同 B 级称重法；微博文案为图文长文的视频摘要版,False,B,改良后热量 442~507 大卡；香菇酱一小包 73 大卡；蔬菜只有80多克（一顿正餐至少150克）；米饭近300克（女生减脂吃一半，男生吃2/3）,⚠️ 微博摘要口径『改良后442~507大卡』与长文口径『497–509大卡』下限不一致（442 vs 497），442 疑为视频中的另一组合。本库以长文（头条/搜狐）逐项数值为准，微博仅作日期与作者身份佐证；该差异已在 SKU best_current_estimate 中以区间形式保留（462–510 kcal）。
src-micun-073,micun-cn-feiyi-shiguo-banfan,米村拌饭,金枪鱼拌饭 / 牛肉粒拌饭 / 石锅拌饭（逐项去料 delta）,xiaohongshu_claim,https://post.smzdm.com/zz/p/akoekgv9/,米村拌饭全测评✅500大卡怎么吃❓热量总结篇✅（小红书@小千饱了，经什么值得买转载）,小红书@小千饱了（转载者：什么值得买用户 赵小云云）,2025-09-03,逐项拆解 + delta 计算（去酱/去海苔碎/组合方案），但原文未披露称重克重与计算方法,False,C,金枪鱼拌饭 总952 / 去辣酱848 / 去沙拉酱784 / 去海苔碎893 / 去酱去海苔碎621 kcal；牛肉粒拌饭 总750 / 去酱633 / 去海苔碎669 / 去酱去海苔碎551 kcal；石锅拌饭 总709 / 去酱635 / 去海苔碎650 / 去酱去海苔碎576 kcal。500大卡组合：蔬菜200 + 半份米饭180 + 肉类130 = 510 kcal；蔬菜200 + 三分之一米饭120 + 肉类130 + 半份拌饭酱50 = 500 kcal,这是任务点名的『什么值得买 米村拌饭全测评 500大卡怎么吃』来源，也是本库 common_modifications 中逐项 kcal delta 的唯一出处。【重要限定】①什么值得买该页为『转载文章』，正文数值来自站内『AI为你总结』板块对小红书原文的转述，本 agent 无法访问小红书原文（登录墙，未绕过）→ 数值为二手转述；②无称重克重、无计算公式 → 不满足 B 级『明确方法』，定 C；③其金枪鱼拌饭 952 kcal 与谷传玲称重的 636 kcal 相差 316 kcal，已写入该 SKU 的 conflicting_sources，且其『去酱去海苔碎621 kcal』与谷的 636 kcal 高度吻合 → 判断差异主要来自酱与海苔碎的计入方式而非饭量；④其隐含的『全份米饭≈360 kcal』与谷的 348 kcal 一致（差3%），『整份拌饭酱≈100 kcal』则明显高于谷的 62–73 kcal。
src-micun-074,micun-cn-feiyi-shiguo-banfan,米村拌饭,全菜单 24 项热量表（含价格）,xiaohongshu_claim,https://m.baidu.com/bh/m/detail/ar_2857837884429501260,热量测评第1⃣️8⃣️5⃣ #米村拌饭热量,小红书笔记（作者：养生美容小窍门），经百度笔记聚合页转述,2026-09-18,无称重/计算方法披露（笔记仅列『品名～XXX大卡 XX💰』）,False,C,烤牛肉拌饭722/24元；蟹籽沙拉拌饭685/22元；金枪鱼拌饭676/24元；石锅拌饭725/22元；儿童烤牛肉拌饭440/12元；儿童金枪鱼拌饭395/9元；咖喱牛肉拌饭710/23元；芝士玉米381/18元；香辣鱿鱼322/28元；五花肉煎酸菜498/26元；香煎青花鱼193/12元；朝鲜族米肠385/12元；安格斯肥牛487/24元；石板鸡蛋402/18元；石板豆腐323/18元；烧牛肉炖土豆610/28元；芝士年糕鸡725/28元；辣焖小酥肉758/26元；辣焖明太鱼370/28元；炖牛肉汤340/24元；五花肉泡菜锅576/22元；冷面485/12元；藤椒小酥肉181/8元；石锅大酱汤221/16元,本条 + src（ar_2604748604300970621 / ar_4911945563770237371）构成三份互相独立的转载，用于交叉核对同名项数值。三份在小数上存在 1–3 kcal 分歧（金枪鱼676/678、芝士年糕鸡725/728、五花肉泡菜锅576/577、香煎青花鱼193/195/195、风味炸鸡175/173），且收录项数不同（24/24/22）→ 判断为同一原始 UGC 表在传播中被改写，非三次独立实测。故统一定 C 级并一律附 ±12% 区间，绝不按『多源一致』升级为 B。笔记自述『一周去了4次』。
src-micun-075,micun-cn-jinqiangyu-banfan,米村拌饭,全菜单 24 项热量表（转载二）,xiaohongshu_claim,https://m.baidu.com/bh/m/detail/ar_2604748604300970621,米村拌饭热量测试｜🔥减肥怎么吃米村拌饭,小红书笔记（作者：V生活真探社 / 英俊鱼少吃点），经百度笔记聚合页转述,2026-09-18,无称重/计算方法披露,False,C,石锅拌饭725；石板鸡蛋402；烤牛肉拌饭722；石板鱿鱼322；金枪鱼拌饭678；安格斯肥牛487；咖喱牛肉拌饭710；蟹籽沙拉拌饭685；石锅大酱汤221；辣闷明太鱼370；铁板豆腐323；五花肉煎酸菜498；芝士玉米381；土豆炖牛肉610；芝士年糕鸡728；辣闷小酥肉758；冷面485；五花肉泡菜锅577；儿童烤牛肉拌饭440；酱香牛肉粒198；米肠385；儿童金枪鱼拌饭395；香煎青花鱼195；风味炸鸡175（大卡/份）,本转载独有项：酱香牛肉粒198、风味炸鸡175。命名差异（石板鱿鱼/铁板豆腐/土豆炖牛肉/辣闷）用于判定同款异名。减脂建议原文：『米饭不要吃完，也不要吃汤汤水水～米村拌饭酱很大，千万不要因为不想浪费掉硬撑』。
src-micun-076,micun-cn-bai-mifan,米村拌饭,全菜单 22 项热量表 + 米饭单列 + 隐藏吃法组合（转载三）,xiaohongshu_claim,https://m.baidu.com/bh/m/detail/ar_4911945563770237371,米村拌饭热量测评！,小红书笔记（作者：吃货哥是我），经百度笔记聚合页转述,2026-09-18,无称重/计算方法披露,False,C,石锅拌饭725；安格斯肥牛487；烤牛肉拌饭722；金枪鱼拌饭676；咖喱牛肉拌饭710；儿童烤牛肉拌饭440；儿童金枪鱼拌饭395；石板鸡蛋402；五花肉煎酸菜498；石板豆腐323；香辣鱿鱼322；芝士玉米381；辣焖小酥肉758；辣焖明太鱼370；芝士年糕鸡725；石锅大酱汤221；炖牛肉炖土豆610；五花肉泡菜锅576；风味炸鸡173；藤椒小酥肉181；酱香牛肉粒198；米饭232大卡/碗。隐藏吃法组合：香辣鱿鱼+米饭=554；石板鸡蛋+香辣鱿鱼+芝士玉米=1105；烤牛肉拌饭+石板鸡蛋+芝士玉米+辣焖明太鱼=2875 kcal,本转载独有：米饭 232大卡/碗（与谷传玲称重的 348 kcal/≈300g 冲突 → 已写入 micun-cn-bai-mifan 的 conflicting_sources，判断为『一碗』克重口径不同：232 kcal 按 116 kcal/100g 反推≈200g）。三个隐藏吃法组合的加总与其自身单项数值自洽（322+232=554 ✓；402+322+381=1105 ✓；722+402+381+370=1875 ≠ 2875 ✗ → 第三组加总不自洽，疑为录入错误，故本库不采用 2875 这一数字）。
src-micun-077,micun-cn-diy-pinhaofan-fitness-bowl,米村拌饭,米村拌饭『拼好饭』现象 + 单加小食结构 + 实测 DIY 组合,third_party_analysis,https://post.smzdm.com/p/a95g9gd5/,赛级健身人，都在米村拌饭『拼好饭』,刺猬公社（ID：ciweigongshe）文｜陈只三 编｜陈梅馨,2026-08-26,记者实地试吃 + 按小红书热量公式计算组合总热量（公式未公开，非称重实测）,False,C,结构事实：除拌饭、石板菜和炖锅外，米村有【9种可以单加的小食】，最便宜2块钱；免费米饭、泡菜和海带汤。逐项数值：13g海苔碎=70大卡；45g金枪鱼=83大卡；4份石锅菜心 < 1份芝士玉米。记者实测组合：儿童金枪鱼拌饭（不放酱）+ 玉米粒换菠菜 + 3份菠菜 + 1个煎蛋 ≈554 kcal / 19.9元。门店数：2018–2021 由140家增至400家；2023–2024 平均每天开2.3家、突破1855家；2025 主动收缩，目前稳定在1923家；商场店占比83.85%、社区店4.87%、街边店4.35%（窄门餐饮数据）,本条是『拼好饭』现象与【单加小食结构】最权威的第三方来源，也是 554 kcal DIY 组合的唯一出处。同文关键警示：『为了保持口感，米村拌饭的米饭和拌菜在烹饪过程中都会添加少量的油，中式轻食之所以好吃，背后看不见的努力其实都是卡路里』；『除了米饭和鸡蛋，大部分都是半预制再加热的』。转载渠道：什么值得买（2026-08-26）、网易（2026-08-20 07:38）、Foodaily。
src-micun-078,micun-cn-diy-pinhaofan-fitness-bowl,米村拌饭,米村拌饭『拼好饭』现象（同文异站，日期较早）,third_party_analysis,https://m.163.com/dy/article/L4OQJRQ9051282JL.html,赛级健身人，都在米村拌饭『拼好饭』,刺猬公社（网易号转载）,2026-08-20,同上,False,C,同 src（什么值得买转载）；另含图片图源标注：小红书@辣味贝果、小红书@我草莓招了、微博@超级琪琪,网易版发布时间（2026-08-20）早于什么值得买版（2026-08-26），判定网易为转载方；两版正文一致。用于确认作者、图源与首发时间。
src-micun-079,micun-cn-kids-jinqiangyu-banfan,米村拌饭,儿童金枪鱼拌饭 60g金枪鱼/12g蛋白 + 单加小菜价格 + 免费小料台,third_party_analysis,https://www.sohu.com/a/1074396458_121124777/,中产减脂的尽头：9块9米村拌饭,十点读书会（经搜狐『古籍收藏』号转载）,2026-09-10,记者访谈 + 实地观察（非称重实测）,False,C,『一份九块九的儿童金枪鱼拌饭，含60克金枪鱼，大概12克蛋白质』；单加价格：菠菜2元、胡萝卜2元、金枪鱼3元；免费小料台：海带汤、辣白菜；踩坑菜点名：香辣鱿鱼、肉末茄子、五花肉大白菜；门店可『点个儿童套餐9块9，单加牛肉、杏鲍菇和玉米粒，缺啥补啥』,本条独立佐证了谷传玲称重得到的『水浸金枪鱼60g≈12g蛋白』，是 protein≈12g 的第二来源；同时是【单加小食价格】的主要来源（与刺猬公社『最便宜2块钱』一致）。同文观点：『米村拌饭、老乡鸡和萨利亚成了健身人的三大自律据点』。
src-micun-080,micun-cn-kids-kaoniurou-banfan,米村拌饭,儿童拌饭热量与价格（穷鬼套餐）,xiaohongshu_claim,https://m.dianping.com/discovery/1390819556,杭州平价一人食｜米村拌饭穷鬼套餐‼️（带热量🔥）,大众点评用户 小陈就吃亿口,2024-01-17,笔记仅给『热量参考』，未披露称重或计算方法,False,C,儿童金枪鱼拌饭 9元 / 395卡；儿童烤牛肉拌饭 12元 / 440卡；酱香牛肉粒 12元；免费海带汤+泡菜+酸豆角；米饭可自己加；可备注多加点蔬菜、可跟服务员要一袋拌饭酱（辣的更好吃，微辣水平）,本条与小红书 UGC 热量表的 395/440 完全一致，构成儿童拌饭热量的第四来源；但两者数值雷同，判定为同一 UGC 口径的扩散，不作为独立实测，仍定 C。另确认【免费小菜含酸豆角】与【门店可备注多加蔬菜/单独索取酱包】两项 common_modifications 的可行性。门店：米村拌饭(杭州远洋乐堤港店)，人均¥30。
src-micun-081,__component__,米村拌饭,米村拌饭 香菇酱【不辣】（零售装）,official_label,https://www.xuanshiwu.com/foods/746959.html,米村拌饭 香菇酱【不辣】营养成分表（每100克）| 选食物网,选食物网（第三方食品数据库，收录零售包装标签）,2024-10-23,转录零售包装营养成分表；选食物网未披露原始标签照片或数据来源,False,C,229 kcal/100g；脂肪12.40g；碳水化合物21.80g；蛋白质7.60g；纤维素0.00g（无钠数据）,用于交叉验证谷传玲称重的『香菇酱30g=73 kcal』（→243 kcal/100g）：229 kcal/100g × 30g = 69 kcal，相差 5%，两源高度一致 → 提升对拌饭酱能量密度的信心。⚠️ 限定：此为【电商零售装】，与门店 30g 独立小包是否同配方未确认；且属第三方聚合（同 KFC 品牌对 fatsecret 的处理口径）→ 定 C 而非 A。选食物网需带 Referer + 桌面 UA 才能访问（直接抓取返回 403），未绕过任何登录。
src-micun-082,__component__,米村拌饭,米村 拌饭酱（零售装）,official_label,https://www.xuanshiwu.com/foods/508267.html,米村 拌饭酱营养成分表（每100克）| 选食物网,选食物网,2024-10-21,转录零售包装营养成分表,False,C,234 kcal/100g；脂肪14.40g；碳水化合物20.20g；蛋白质6.10g；纤维素0.00g（无钠数据）,与『米村拌饭 香菇酱【不辣】』（229 kcal/100g）为两条不同条目，脂肪/碳水/蛋白略有差异 → 提示零售装存在多口味/多批次。按 234 kcal/100g 计，30g≈70 kcal，与谷传玲的香菇酱73 / 辣味酱62 kcal 同量级。
src-micun-083,__component__,米村拌饭,米村拌饭 香辣蘸料（米村辣椒面，零售装）,official_label,https://www.xuanshiwu.com/foods/675160.html,米村拌饭 香辣蘸料营养成分表（每100克）| 选食物网,选食物网,2024-10-22,转录零售包装营养成分表,False,C,402 kcal/100g；脂肪12.80g；碳水化合物49.80g；蛋白质21.20g；纤维素0.00g（无钠数据）,门店小料台/单加蘸料。能量密度高（402 kcal/100g），但实际单次蘸用量通常仅 3–10g（≈12–40 kcal），本库不为『蘸料用量』编造数值，仅在 component 中按 100g 标签基准记录。
src-micun-084,micun-cn-kaoniurou-shiguo-banfan,米村拌饭,烤牛肉石锅拌饭 722大卡 + 分项表（AI 生成内容农场文）,semantic_estimate,https://www.sina.cn/news/article/comos_nirvuyh9009312.html,韩式石锅拌饭哪家好吃？米村拌饭实测：热量722大卡，减脂党这样吃+FAQ,市井分享社（新浪新闻聚合号）,2026-09-15,自述『根据截至2026年9月的网络测评数据』『数据来源：多份网络测评取平均值（2024-2026年）』——无实测、无原始来源链接、无称重,False,D,整份722大卡；分项表：米饭约351g/482大卡(67%)、烤牛肉约41g/125大卡(17%)、蔬菜约80g/约36大卡(5%)、鸡蛋1个/约70大卡(10%)、拌饭酱约30g/约36大卡(5%)、石锅锅巴微量/约5大卡。吃法对比：标准722 / 米饭减半498 / 米饭减半+酱料减半462。另称『2024年曾有测评显示该产品热量为598大卡』；儿童版约440大卡,【D级，仅作旁证，数值不采用】内部自相矛盾严重：①拌饭酱30g 记 36 kcal（120 kcal/100g），与零售标签 229–234 kcal/100g（→69–70 kcal/30g）和谷传玲称重的 73 kcal 直接冲突；②烤牛肉41g 记 125 kcal（≈305 kcal/100g），对瘦牛肉明显偏高，且与谷称重的 55g 不符；③米饭351g 记 482 kcal（137 kcal/100g），高于谷的 116 kcal/100g；④分项加总 482+125+36+70+36+5=754 ≠ 其自称的 722。该文属 SEO 内容农场批量产物（同站另有 10+ 篇同模板『米村拌饭…+FAQ』），标题中的 722 大卡实为对小红书 UGC 表的二手引用。登记此来源的目的：说明 722 kcal 为何在网络上传播极广，避免下游误把它当独立实测。
src-micun-085,micun-cn-kaoniurou-banfan,米村拌饭,对谷传玲数据的错误二次加工（AI 生成内容农场文）,semantic_estimate,https://www.sina.cn/news/article/comos_nirkqhk2530126.html,韩式石锅拌饭哪家好吃？实测米村拌饭热量+4招吃法，减脂党闭眼冲+FAQ,市井生活家（新浪新闻聚合号）,2026-09-11,自称引用营养师谷传玲微博（id=5340572631173882）拆解实测，但转述数值与原文不符,False,D,改良后442-507大卡；分项表：米饭≈300g『约230大卡』、牛肉50-60g『约80大卡』、蔬菜80g『约20大卡』、香菇酱1包73大卡、煎蛋1个约70大卡；并出现『纤维突破150克』『蛋白质22g』等表述,【D级，数值不采用】正确引用了谷传玲的 73 kcal 香菇酱与 442–507 区间，但把米饭 348 kcal 误写为 230 kcal、把牛肉能量凭空补为 80 kcal、并出现『纤维突破150克』这类明显失实的表述（一份拌饭不可能含150g膳食纤维）→ 判为对 B 级来源的错误二次加工。登记理由：下游若直接抓取该文，会得到与谷传玲原文冲突的数字；本条明确标注应以原文（src-micun 谷传玲行）为准。
src-micun-086,__brand__,米村拌饭,门店价格体系 / 免费续加政策 / 预制菜工艺 / 门店数,third_party_analysis,https://k.sina.cn/article_2268916473_873ceaf9019019tm0.html,3元吃到撑，中国版『萨莉亚』挤满年轻人,《财经天下》（经正和岛/新浪财经转载）,2024-10-17,记者实地探访（北京西红门荟聚店）+ 店内操作间观察 + 窄门餐眼数据 + 餐宝典报告,False,C,菜单单品价格大多25～30元；大粒牛肉石锅拌饭26元、安格斯肥牛饭27元；团购单人套餐20多元、双人餐60元出头；店内米饭、海带汤和所有小菜全部免费无限续；菜单标注米饭3元（衍生出『3元套餐』）；大众点评人均38元；门店数：2024-09底累计1438家（2020年43家、2021年182、2022年235、2023年479）；门店TOP3城市 北京137/沈阳75/天津74；毛利率约60%，回本18–24个月；早期菜单曾含石锅鱼、寿司、羊肉串等30多道产品，后精简到10多道,为价格字段与『免费无限续』这一关键 calorie_uncertainty_driver 提供 A/C 级媒体佐证。工艺关键句（影响营养判断）：『操作员把牛肉、鸡肉、鳕鱼、芝士、咖喱等食材一一开包，放到铁板上快速加热拌匀，加进酱汁料包』『除了鸡蛋，剩下都是半成品，包括葱花』→ 支持『标准化程度高、门店间份量波动小』这一判断，也是本库敢用单点称重值外推的依据。
src-micun-087,__brand__,米村拌饭,单加小食价格与『3元穷鬼套餐』构成,third_party_analysis,http://m.toutiao.com/group/7609287600645489215/,米村拌饭必吃榜2026！TOP5亲测，3块钱的『穷鬼套餐』真能吃饱,今日头条 月下抒雅怀,2026-02-26,自称『吃了不下20次』的个人体验，无称重；价格与单加项为门店实拍口径,False,D,价格：香辣鱿鱼约27.9元、芝士年糕鸡约27.9元、石板鸡蛋约18.9元（五大颗）、儿童烤牛肉拌饭约13.9元；单加：白米饭3元、煎蛋3元、杏鲍菇2元、海苔碎2元；免费自助区：海带汤、辣白菜、泡菜、拌饭酱（可自取）；DIY 穷鬼套餐：3元白米饭 + 免费海带汤/辣白菜/泡菜，再加煎蛋3元+杏鲍菇2元+海苔碎2元+免费拌饭酱，成本不到10元,D级（个人体验、无方法、价格为『约』），但为【单加项价格】与【免费自取酱料】提供了 2026 年口径的最新佐证，与刺猬公社『9种可单加小食，最便宜2块钱』、搜狐『菠菜2元、胡萝卜2元、金枪鱼3元』互相印证。同文提到『听说青岛门店已经上新轻食系列，牛油果拌饭之类的，也就20多块』→ 佐证轻食系列区域上市状态。
src-micun-088,micun-cn-shiguo-dajiang-tang,米村拌饭,门店现制/免费续加/小菜2元一盘/饮品3元畅饮（2021口径）,xiaohongshu_claim,https://www.dianping.com/discovery/643389338,米村拌饭（大连黄河路店/罗斯福店）,大众点评用户 静观汪洋,2021-06-27,用户到店体验，无称重,False,D,米饭3元一碗可续；3元的饮料畅饮（可乐/雪碧/芬达，冰凉）；小菜2元一盘；点单菜品：大酱汤、铁盘鸡蛋（石板鸡蛋）、米肠（里面加了野生苏子叶）、石锅拌饭；4人不到90元,D级历史口径（2021年），用于：①确认『米肠内含苏子叶』这一配料事实；②确认【3元汽水畅饮】的存在——按任务要求，普通汽水/瓶装水不入库，仅在 missing_categories 中说明排除理由。⚠️ 2021年的『小菜2元一盘』与 2024–2026 的『小菜免费无限续』冲突，判定为政策变更（财经天下 2024-10 明确『所有小菜全部免费、无限续』），本库采用较新口径。
src-micun-089,__brand__,米村拌饭,门店『本店特色美食』列表（北京熙悦龙湖店）,third_party_analysis,https://you.ctrip.com/food/beijing1/131003055.html,米村拌饭(北京熙悦龙湖店) 攻略/特色菜品推荐 | 携程美食,携程美食（商户/用户自填）,2026-09-18,商户或用户自填的特色菜列表，无日期、无官方审核、无营养信息,False,D,见 source_url 页面『本店特色美食』字段,9 家门店列表的并集为本库【非官网菜品】菜单事实的主要来源（如红烧深海鳕鱼 8/9、酸菜烧肥肠 8/9、肉末酸豆角 7/9、香辣小炒牛肉 2/9、咕嘟嘟黑鸭煲 1/9）。可靠度分级：≥7家出现→menu_fact_moderate/可信；2–4家→中等；1家→menu_fact_uncertain + single_source，且 research_status 降为 menu_only。因无日期，无法判断是否为历史 SKU。
src-micun-090,__brand__,米村拌饭,门店『本店特色美食』列表（沈阳全运路万达店）,third_party_analysis,https://you.ctrip.com/food/shenyang155/127654611.html,米村拌饭(沈阳全运路万达店) 攻略/特色菜品推荐 | 携程美食,携程美食（商户/用户自填）,2026-09-18,商户或用户自填的特色菜列表，无日期、无官方审核、无营养信息,False,D,见 source_url 页面『本店特色美食』字段,9 家门店列表的并集为本库【非官网菜品】菜单事实的主要来源（如红烧深海鳕鱼 8/9、酸菜烧肥肠 8/9、肉末酸豆角 7/9、香辣小炒牛肉 2/9、咕嘟嘟黑鸭煲 1/9）。可靠度分级：≥7家出现→menu_fact_moderate/可信；2–4家→中等；1家→menu_fact_uncertain + single_source，且 research_status 降为 menu_only。因无日期，无法判断是否为历史 SKU。
src-micun-091,__brand__,米村拌饭,门店『本店特色美食』列表（恒隆广场店）,third_party_analysis,https://you.ctrip.com/food/154/135294334.html,米村拌饭(恒隆广场店) 攻略/特色菜品推荐 | 携程美食,携程美食（商户/用户自填）,2026-09-18,商户或用户自填的特色菜列表，无日期、无官方审核、无营养信息,False,D,见 source_url 页面『本店特色美食』字段,9 家门店列表的并集为本库【非官网菜品】菜单事实的主要来源（如红烧深海鳕鱼 8/9、酸菜烧肥肠 8/9、肉末酸豆角 7/9、香辣小炒牛肉 2/9、咕嘟嘟黑鸭煲 1/9）。可靠度分级：≥7家出现→menu_fact_moderate/可信；2–4家→中等；1家→menu_fact_uncertain + single_source，且 research_status 降为 menu_only。因无日期，无法判断是否为历史 SKU。
src-micun-092,__brand__,米村拌饭,门店『本店特色美食』列表（汪清店）,third_party_analysis,https://you.ctrip.com/food/2469/13637335.html,米村拌饭(汪清店) 攻略/特色菜品推荐 | 携程美食,携程美食（商户/用户自填）,2026-09-18,商户或用户自填的特色菜列表，无日期、无官方审核、无营养信息,False,D,见 source_url 页面『本店特色美食』字段,9 家门店列表的并集为本库【非官网菜品】菜单事实的主要来源（如红烧深海鳕鱼 8/9、酸菜烧肥肠 8/9、肉末酸豆角 7/9、香辣小炒牛肉 2/9、咕嘟嘟黑鸭煲 1/9）。可靠度分级：≥7家出现→menu_fact_moderate/可信；2–4家→中等；1家→menu_fact_uncertain + single_source，且 research_status 降为 menu_only。因无日期，无法判断是否为历史 SKU。
src-micun-093,__brand__,米村拌饭,门店『本店特色美食』列表（南京万达茂店）,third_party_analysis,https://you.ctrip.com/food/nanjing9/118858768.html,米村拌饭(南京万达茂店) 攻略/特色菜品推荐 | 携程美食,携程美食（商户/用户自填）,2026-09-18,商户或用户自填的特色菜列表，无日期、无官方审核、无营养信息,False,D,见 source_url 页面『本店特色美食』字段,9 家门店列表的并集为本库【非官网菜品】菜单事实的主要来源（如红烧深海鳕鱼 8/9、酸菜烧肥肠 8/9、肉末酸豆角 7/9、香辣小炒牛肉 2/9、咕嘟嘟黑鸭煲 1/9）。可靠度分级：≥7家出现→menu_fact_moderate/可信；2–4家→中等；1家→menu_fact_uncertain + single_source，且 research_status 降为 menu_only。因无日期，无法判断是否为历史 SKU。
src-micun-094,__brand__,米村拌饭,门店『本店特色美食』列表（北京昌平乐多港万达店）,third_party_analysis,https://you.ctrip.com/food/1/120826698.html,米村拌饭(北京昌平乐多港万达店) 攻略/特色菜品推荐 | 携程美食,携程美食（商户/用户自填）,2026-09-18,商户或用户自填的特色菜列表，无日期、无官方审核、无营养信息,False,D,见 source_url 页面『本店特色美食』字段,9 家门店列表的并集为本库【非官网菜品】菜单事实的主要来源（如红烧深海鳕鱼 8/9、酸菜烧肥肠 8/9、肉末酸豆角 7/9、香辣小炒牛肉 2/9、咕嘟嘟黑鸭煲 1/9）。可靠度分级：≥7家出现→menu_fact_moderate/可信；2–4家→中等；1家→menu_fact_uncertain + single_source，且 research_status 降为 menu_only。因无日期，无法判断是否为历史 SKU。
src-micun-095,__brand__,米村拌饭,门店『本店特色美食』列表（维多利店）,third_party_analysis,https://you.ctrip.com/food/883/21480572.html,米村拌饭(维多利店) 攻略/特色菜品推荐 | 携程美食,携程美食（商户/用户自填）,2026-09-18,商户或用户自填的特色菜列表，无日期、无官方审核、无营养信息,False,D,见 source_url 页面『本店特色美食』字段,9 家门店列表的并集为本库【非官网菜品】菜单事实的主要来源（如红烧深海鳕鱼 8/9、酸菜烧肥肠 8/9、肉末酸豆角 7/9、香辣小炒牛肉 2/9、咕嘟嘟黑鸭煲 1/9）。可靠度分级：≥7家出现→menu_fact_moderate/可信；2–4家→中等；1家→menu_fact_uncertain + single_source，且 research_status 降为 menu_only。因无日期，无法判断是否为历史 SKU。
src-micun-096,__brand__,米村拌饭,门店『本店特色美食』列表（北京望京凯德MALL店）,third_party_analysis,https://you.ctrip.com/food/beijing1/136360543-dianping.html,米村拌饭(北京望京凯德MALL店) 攻略/特色菜品推荐 | 携程美食,携程美食（商户/用户自填）,2026-09-18,商户或用户自填的特色菜列表，无日期、无官方审核、无营养信息,False,D,见 source_url 页面『本店特色美食』字段,9 家门店列表的并集为本库【非官网菜品】菜单事实的主要来源（如红烧深海鳕鱼 8/9、酸菜烧肥肠 8/9、肉末酸豆角 7/9、香辣小炒牛肉 2/9、咕嘟嘟黑鸭煲 1/9）。可靠度分级：≥7家出现→menu_fact_moderate/可信；2–4家→中等；1家→menu_fact_uncertain + single_source，且 research_status 降为 menu_only。因无日期，无法判断是否为历史 SKU。
src-micun-097,__brand__,米村拌饭,门店『本店特色美食』列表（江阴万达店）,third_party_analysis,https://you.ctrip.com/food/235/127838421.html,米村拌饭(江阴万达店) 攻略/特色菜品推荐 | 携程美食,携程美食（商户/用户自填）,2026-09-18,商户或用户自填的特色菜列表，无日期、无官方审核、无营养信息,False,D,见 source_url 页面『本店特色美食』字段,9 家门店列表的并集为本库【非官网菜品】菜单事实的主要来源（如红烧深海鳕鱼 8/9、酸菜烧肥肠 8/9、肉末酸豆角 7/9、香辣小炒牛肉 2/9、咕嘟嘟黑鸭煲 1/9）。可靠度分级：≥7家出现→menu_fact_moderate/可信；2–4家→中等；1家→menu_fact_uncertain + single_source，且 research_status 降为 menu_only。因无日期，无法判断是否为历史 SKU。
src-micun-098,__brand__,米村拌饭,美团外卖单人餐券（金枪鱼拌饭组合）,meituan_menu,https://www.smzdm.com/p/163525258/,米村拌饭 金枪鱼拌饭+解腻海菜汤+辣白菜单人餐兑换券·1张 1次券,什么值得买·小值机器人（自动抓取美团外卖券）,2025-11-30,第三方券档存档，非美团 App 实时数据,False,C,购买渠道：美团外卖；原价32.38元；2025-11-26 17:29:54 开售，限时特惠28.3元；限地区,为【外卖套餐 SKU 名称与组成】提供可公开访问的证据（美团外卖 App 本体需登录+定位，本 agent 未绕过）。同类券：照烧鸡腿肉拌饭+解腻海菜汤+辣白菜（原价31.38，2025-11-15 记录）；非遗石锅拌饭+解腻海菜汤（美团到店，原价33.4，2025-07-02）；非遗石锅拌饭单人餐（美团外卖，原价26，2025-06-19）。
src-micun-099,__brand__,米村拌饭,被拒绝的来源：淘宝百科『米村拌饭菜单全解析』（AI 虚构）,semantic_estimate,https://bk.taobao.com/k/lvyou_410/41482b0424cf1e2c1d786221c68bfac1.html,米村拌饭菜单全解析！必点TOP5+隐藏吃法大公开🔥,淘宝百科网（AI 生成内容）,2025-09-15,无方法、无来源标注，内容可证伪,False,D,声称的菜品：香辣鸡排拌饭、金牌牛肉拌饭、芝士土豆泥拌饭、凉拌豆腐皮、酸梅汤；声称品牌『起源于2018年，最早在河南郑州扎根』『全国超过2000家门店』,【明确拒绝，未用于任何字段】该文列出的 5 道『必点菜』在米村官网、官方微博、9 家门店 Ctrip 列表、3 份小红书 UGC 热量表、刺猬公社与财经天下报道中【全部不存在】；品牌起源地亦错（实为 2014 年吉林延吉，创始人周强/黄浩，见财经天下）。判定为纯 AI 虚构的 SEO 内容。登记此行以留下审计痕迹，防止下游 agent 误采。
src-micun-100,__brand__,米村拌饭,被阻断的渠道清单,meituan_menu,https://h5.waimai.meituan.com/,美团外卖 / 饿了么 / 大众点评 / 小红书 / 微博 / 米村官方小程序 / 慢慢买比价 —— 均需登录、定位或人机验证,本 agent（调研记录）,2026-09-18,仅请求公开 HTML 外壳，未尝试绕过任何登录、签名或验证机制,False,D,无可提取数据,blocked 明细：①h5.waimai.meituan.com 返回 200 但为纯 JS 壳（『You need to enable JavaScript to run this app.』，54KB，无菜单数据），需 App 登录+定位；②h5.ele.me 同为 JS 壳（30KB）；③m.dianping.com/ugcdetail/* 返回登录二维码页；④www.dianping.com/discovery/* 返回 403；⑤小红书原文（@小千饱了 等）登录墙，仅能通过什么值得买/百度笔记的转载与站内 AI 总结间接读取；⑥zhihu.com/pin/* 返回 403（谷传玲知乎想法未能直读，改用其头条/搜狐/微博原文）；⑦m.weibo.cn/api/container/getIndex 返回 302（需登录），官方微博内容改经 sina.cn 转载页读取；⑧cu.manmanbuy.com 返回人机验证页；⑨baijiahao.baidu.com 返回百度安全验证；⑩米村官方微信小程序（唯一完整外卖菜单端）无 web 入口，无法匿名访问。因此本库【外卖菜单事实】以官方微博公告 + 美团券档商品名 + 官网分类 + 门店列表交叉重建，而非直接抓取平台菜单。
src-shaye-001,shaye-cn-danbai-duoduo-jixiong-reneng-wan,沙野轻食,蛋白多多鸡胸热能碗,third_party_analysis,https://finance.sina.com.cn/jjxw/2021-12-08/doc-ikyamrmy7707935.shtml,上海市消保委测评热销轻食产品：沙野轻食等品牌热量低标（中国消费者报 记者刘浩，新浪财经转载）,中国消费者报/上海市消保委×新闻晨报·周到,2021-12-08,联合测评：外卖平台购买现制现售样品（约500g/份），送上海源本食品质量检验有限公司（上海市营养食品质量监督检验站）实验室检测；按GB28050-2011问答折算能量并另计去除膳食纤维后能量；报道给出三款产能营养素供能比,False,B,energy=666kcal/份; ex-fiber=653kcal/份; 标称=385kcal/份(外卖平台宣传页); 实测/标称=169.6%; 误差>260kcal; 碳水供能比53.9%; 蛋白供能比21.6%; 脂肪供能比23.8%,本品牌唯一B级营养来源；原发链接 sghexport.shobserver.com/html/baijiahao/2021-12-03/601246.html 已404，以中国消费网/新浪财经转载为准
src-shaye-002,shaye-cn-danbai-duoduo-jixiong-reneng-wan,沙野轻食,蛋白多多鸡胸热能碗,third_party_analysis,https://women.huanqiu.com/article/45vYkpWRI7G,上海市消保委测评热销轻食产品：沙野轻食等品牌热量低标（中国消费网，环球网转载）,中国消费者报,2021-12,同src-shaye-001的转载版，用于交叉核对数字（666/653/385/169.6%/供能比）,False,B,energy=666kcal/份; ex-fiber=653kcal/份; 标称=385kcal/份; 169.6%,与新浪财经转载版数字一致
src-shaye-003,shaye-cn-danbai-duoduo-jixiong-reneng-wan,沙野轻食,蛋白多多鸡胸热能碗,semantic_estimate,https://www.sina.cn/news/article/comos_nirkcsq2727736.html,人均40的平价轻食店到底值不值？3个真相+避坑指南+FAQ（新浪AIGC聚合文）,AIGC（新浪看点号）,2026-09-10,无方法；文内表格把消保委数字错置为『标称153/实测260』,False,D,错误表：标称约153/实测约260/169.6%（与一手报道矛盾）,记录为错误二手源，仅入conflicting_sources，不采信
src-shaye-004,shaye-cn-danbai-duoduo-jixiong-reneng-wan,沙野轻食,蛋白多多鸡胸热能碗,semantic_estimate,https://www.sina.cn/news/article/comos_nirqrwy6361541.html,轻食老字号门店怎么选？3个热量维度帮你避坑+FAQ（新浪AIGC聚合文）,AIGC（新浪看点号）,2026-09,无方法；复用消保委653/供能比数字但把产品同时挂到『超级碗』名下，并把653当作当前在售标称,False,D,653千卡、蛋白供能比21.6%/碳水53.9%/脂肪23.8%（复述2021实测）；另称沙野『低卡能量碗』约420千卡、『双拼牛肉碗』约650千卡（无来源）,品牌归属混乱，仅记录不采信；420/650两款为孤证未建SKU
src-shaye-005,shaye-cn-jixiong-reli-can,沙野轻食,鸡胸热力餐,official_menu,http://www.shayeqs.com/chanpin/27.html,沙野轻食加盟官网·产品展示：鸡胸热力餐,沙野轻食加盟招商站（lead-gen模板站）,2025-04-11,产品页仅图片+名称，无营养/价格,False,D,menu_fact_only,加盟站非品牌直营渠道，但为唯一公开产品页；与AIGC文『鸡胸热力餐』返图口径互证
src-shaye-006,shaye-cn-diaoyu-reli-can,沙野轻食,鲷鱼热力餐,official_menu,http://www.shayeqs.com/chanpin/23.html,沙野轻食加盟官网·产品展示：鲷鱼热力餐,沙野轻食加盟招商站,2025-04-11,产品页仅图片+名称,False,D,menu_fact_only,
src-shaye-007,shaye-cn-heijiao-niurou-ban-yimian,沙野轻食,黑椒牛肉拌意面,official_menu,http://www.shayeqs.com/chanpin/24.html,沙野轻食加盟官网·产品展示：黑椒牛肉拌意面,沙野轻食加盟招商站,2025-04-11,产品页仅图片+名称,False,D,menu_fact_only,
src-shaye-008,shaye-cn-jixiong-moyu-liangpi-can,沙野轻食,鸡胸魔芋凉皮餐,official_menu,http://www.shayeqs.com/chanpin/25.html,沙野轻食加盟官网·产品展示：鸡胸魔芋凉皮餐,沙野轻食加盟招商站,2025-04-11,产品页仅图片+名称,False,D,menu_fact_only,
src-shaye-009,shaye-cn-xiangkao-bashayu-pai-shala,沙野轻食,香烤巴沙鱼排沙拉配,official_menu,http://www.shayeqs.com/chanpin/122.html,沙野轻食加盟官网·产品展示：香烤巴沙鱼排沙拉配,沙野轻食加盟招商站,2025-07-19,产品页仅图片+名称,False,D,menu_fact_only,
src-shaye-010,shaye-cn-jixiong-zaliang-fan,沙野轻食,鸡胸杂粮饭,official_menu,http://www.shayeqs.com/chanpin/123.html,沙野轻食加盟官网·产品展示：鸡胸杂粮饭,沙野轻食加盟招商站,2025-07-19,产品页仅图片+名称,False,D,menu_fact_only,
src-shaye-011,shaye-cn-xiangkao-bashayu-pai-shala,沙野轻食,香烤巴沙鱼排沙拉配,semantic_estimate,https://us.trip.com/restaurant/china/shanghai/detail/restaurant-133707965/,沙野轻食(望园南路店) Trip.com 门店页UGC评价,Trip.com 用户(XCN***16等),2026-01-29,消费者评价文本，提及『香烤巴沙鱼和藤椒鸡胸肉搭配杂粮饭』『牛排饭低糖低油低盐+杂粮饭+西兰花』,False,D,menu_fact_only(香烤巴沙鱼/藤椒鸡胸+杂粮饭/牛排饭在售),门店级互证；同时支撑 藤椒鸡腿肉系列 与 牛排类 SKU 的在售事实
src-shaye-012,shaye-cn-tengjiao-jituirou-xilie,沙野轻食,藤椒鸡腿肉系列（沙拉/卷）,semantic_estimate,https://us.trip.com/restaurant/china/shanghai/detail/restaurant-133707965/,沙野轻食(望园南路店) Trip.com 门店页UGC评价,Trip.com 用户,2026-01-29,评价文本互证藤椒鸡胸/鸡腿+杂粮饭在售,False,D,menu_fact_only,
src-shaye-013,shaye-cn-diy-zixuan-shala,沙野轻食,DIY自选沙拉,official_menu,http://news.sohu.com/a/575696748_121458735,摆脱肥胖刻不容缓|沙野轻食系列新品上线（北京加盟商公众号文，搜狐镜像）,沙野轻食北京加盟商公众号（热力小馆）,2022-08-10,门店公众号营销文，给出『香烤肉肉营养套餐』8种主食清单：紫米拌香米饭/南瓜糙米饭/混合生菜基地/蔓越莓藜麦饭/椒盐小土豆/螺旋意面/菠菜卷饼/紫薯；配菜：圣女果/西兰花/红腰豆/玉米粒/鸡蛋/黄瓜+各肉,False,D,menu_fact_only(8主食+配菜清单),组件营养components[]的主食清单依据；2022口径，2026年是否全数在售未核实
src-shaye-014,shaye-cn-jingdian-jixiongruo-shala,沙野轻食,经典鸡胸肉沙拉,semantic_estimate,https://www.sina.cn/gc/article/niqipiw3585544.html,沙野轻食适合健身吗？3大招牌沙拉热量/价格/点餐全拆解+FAQ（新浪AIGC聚合文）,AIGC（新浪看点号）,2026-09-01,无方法；自称『数据来自沙野轻食官方菜单及用户测评，蛋白质为估算值』,False,D,claim: 经典鸡胸肉沙拉162kcal/份P25g 18-25元; 藤椒鸡腿肉208kcal P28g 22-28元; 招牌牛排沙拉400kcal P35g 32元; 基础款80-150/常规300-500/高配600-800,kcal口径互相矛盾（162疑为鸡胸部分），全部只进merchant_claims
src-shaye-015,shaye-cn-zhaopai-niupai-shala,沙野轻食,招牌牛排沙拉,semantic_estimate,https://www.sina.cn/news/article/comos_niqxuen5933328.html,适合单人就餐的轻食店怎么选？沙野轻食3个维度深度测评+FAQ（新浪AIGC聚合文）,AIGC（新浪看点号）,2026-09,无方法,False,D,claim: 162/208/400kcal 三王牌; 最低18元; 7种主食基底,与src-shaye-014互证同一组标称
src-shaye-016,shaye-cn-tengjiao-jituirou-xilie,沙野轻食,藤椒鸡腿肉系列（沙拉/卷）,semantic_estimate,https://k.sina.com.cn/article_7879849057_1d5acf46106804a5zs.html,沙野轻食的热门菜品有哪些？（新浪AIGC聚合文）,AIGC（新浪看点号）,2026-09-10,无方法；给出7种主食与酱料分装-15~20%的说法、2026-05 DIY自选沙拉上线,False,D,claim: 藤椒鸡腿肉208kcal; 芝麻酱60/油醋汁30大卡每份; 7主食（南瓜糙米饭/菠菜卷饼/螺旋意面/生菜基底/藜麦/荞麦面/紫薯泥）,主食/酱料口径与加盟商公众号8主食清单大体一致
src-shaye-017,shaye-cn-mangguo-daxia-shala,沙野轻食,芒果大虾沙拉,semantic_estimate,https://www.sina.cn/news/article/comos_nirranu6169340.html,一个人吃轻食去哪？沙野轻食芒果大虾沙拉实测+FAQ（新浪AIGC聚合文）,AIGC（新浪看点号）,2026-09-13,无称重/拆解；称引微博用户晒单与官方爆单记录,False,D,claim: 300-400g/份、蛋白约20g、300-400大卡、28-38元,
src-shaye-018,shaye-cn-mangguo-tankao-jirou-shala,沙野轻食,芒果炭烤鸡肉沙拉,semantic_estimate,https://www.sina.cn/news/article/comos_niqzsvr0031404.html,沙拉好吃的轻食餐厅怎么选？沙野轻食3大招牌实测+FAQ（新浪AIGC聚合文，引博主『啊滚』实拍）,AIGC（新浪看点号）,2026-09-08,无方法；博主口径无称重,False,D,"claim: 香烤鸡胸肉健身餐300-400(约340)大卡P25g; 芒果炭烤鸡肉沙拉约380; 凯撒鸡肉沙拉约350; 基底热量表(螺旋意面350-400/杂粮饭300-350/蔬菜基底200-250, 含酱口径); 水煮蛋+70/虾仁+50",同文支撑 香烤鸡胸肉健身餐/凯撒鸡肉沙拉/绿野仙踪西冷牛排沙拉/水煮蛋加料 等SKU
src-shaye-019,shaye-cn-kaisai-jirou-shala,沙野轻食,凯撒鸡肉沙拉,semantic_estimate,https://www.sina.cn/news/article/comos_niqzsvr0031404.html,沙拉好吃的轻食餐厅怎么选？沙野轻食3大招牌实测+FAQ（新浪AIGC聚合文）,AIGC（新浪看点号）,2026-09-08,无方法,False,D,claim: 约350大卡（配凯撒酱）,
src-shaye-020,shaye-cn-lvyexianzong-xileng-niupai-shala,沙野轻食,绿野仙踪西冷牛排沙拉,semantic_estimate,https://www.sina.cn/news/article/comos_niqzsvr0031404.html,沙拉好吃的轻食餐厅怎么选？沙野轻食3大招牌实测+FAQ（博主口径）,AIGC（新浪看点号）/博主『啊滚』,2026-09-08,口感评价，无营养数据,False,D,menu_fact_only(牛排偏老/土豆泥亮点),
src-shaye-021,shaye-cn-xiangkao-jixiongruo-jianshen-can,沙野轻食,香烤鸡胸肉健身餐（含粗粮碗）,semantic_estimate,https://www.sina.cn/news/article/comos_niqzsvr0031404.html,沙拉好吃的轻食餐厅怎么选？沙野轻食3大招牌实测+FAQ（新浪AIGC聚合文）,AIGC（新浪看点号）,2026-09-08,无方法；0蔗糖蜂蜜芥末酱+基底自选描述,False,D,claim: 300-400大卡(约340)、P25g,价格28元另见 src-shaye-031
src-shaye-022,shaye-cn-heijiao-jixiong-limai-shala,沙野轻食,黑椒鸡胸藜麦沙拉,semantic_estimate,https://www.sina.cn/gc/article/nipsrra0631854.html,沙野轻食值得吃吗？健康低脂素食轻食店热量实测+避坑指南+FAQ（新浪AIGC聚合文）,AIGC（新浪看点号）,2026-09,自称『实测』但给出的是组件口算（菜基底<100+鸡胸130-160+杂粮50-70）,False,D,claim: 280-350大卡、P25-30g; 基础田园沙拉150-200(无蛋白); 配料警告(20g核桃仁≈130kcal),『基础田园沙拉』为孤证未建SKU
src-shaye-023,shaye-cn-niurou-limai-shala,沙野轻食,牛肉藜麦沙拉,semantic_estimate,https://k.sina.com.cn/article_7879996581_1d5af34a506801illy.html,沙拉轻食外卖怎么选？主流连锁品牌与点单避坑要点（新浪AIGC聚合文）,AIGC（新浪看点号）,2026-09-16,跨品牌点单指南；列沙野基底(藜麦/杂粮饭/荞麦面/生菜底)与肉类(鸡胸/牛肉/虾仁/烟熏鸡腿),False,D,menu_fact_only,
src-shaye-024,shaye-cn-zhaopai-kaobo-shala,沙野轻食,招牌考伯沙拉,semantic_estimate,https://www.sina.cn/news/article/comos_nirranp1005951.html,人均40的平价轻食店怎么选？沙野轻食3个维度实测+FAQ（新浪AIGC聚合文）,AIGC（新浪看点号）,2026-09-13,无方法,False,D,claim: 考伯沙拉+鸡胸约38元; 菜品含考伯沙拉/鸡胸肉碗/三明治/果汁,『果汁』为饮品线孤证，未建SKU，记missing_categories
src-shaye-025,shaye-cn-xiangjian-jixiong-limai-zaliang-wan,沙野轻食,香煎鸡胸藜麦杂粮碗,semantic_estimate,https://www.sina.cn/news/article/comos_niqzxcn5105441.html,轻食沙拉外卖怎么选？沙野轻食鸡胸肉杂粮碗减脂餐深度测评+FAQ（新浪AIGC聚合文）,AIGC（新浪看点号）,2026-09,组件口算表：香煎鸡胸100g=187kcal、生菜基底25、杂粮/藜麦150g=150-180、其余蔬菜50；并称外卖平台标注380-480,False,D,claim: 380-480kcal/份(平台标注); 组件合计≈412-442; 嫩烤鸡胸162 vs 香煎187; 酱30g千岛/芝麻150-250 vs 0脂油醋15-25,本库C级range(380-500)的组件依据
src-shaye-026,shaye-cn-xiangjian-jixiong-limai-zaliang-wan,沙野轻食,香煎鸡胸藜麦杂粮碗,semantic_estimate,https://cj.sina.com.cn/articles/view/7879923685/1d5ae17e506801byq0,沙拉轻食外卖推荐：沙野轻食烤鸡胸藜麦杂粮碗热量实测+点单技巧+FAQ（新浪AIGC聚合文）,AIGC（新浪看点号）,2026-08-31,组件口算表同src-shaye-025；另给减脂备注公式,False,D,claim: 380-480kcal、蛋白约31g/100g鸡胸; 酱料分装+主食减半后约400±50,
src-shaye-027,shaye-cn-boyan-kao-shouqiangtui-zaliang-wan,沙野轻食,薄盐烤手枪腿杂粮碗,semantic_estimate,https://k.sina.cn/article_7879849057_1d5acf46106804a7i6.html,沙野轻食的热烤杂粮碗有哪些口味？（新浪AIGC聚合文，含配料明细）,AIGC（新浪看点号）,2026-09-11,配料明细：手枪腿+鸡蛋+南瓜糙米饭(或香米紫米饭)+烤胡萝卜/蘑菇/西蓝花；无称重,False,D,menu_fact+composition(配料明细),同文支撑 香煎千页豆腐健身套餐/泰式打抛碗 的配料描述
src-shaye-028,shaye-cn-boyan-kao-shouqiangtui-zaliang-wan,沙野轻食,薄盐烤手枪腿杂粮碗,semantic_estimate,https://www.sina.cn/news/article/comos_nirranu6170407.html,沙野轻食值得点吗？3个维度拆解这家爆款健康低脂轻食店+FAQ（新浪AIGC聚合文）,AIGC（新浪看点号）,2026-09-13,无方法,False,D,claim: 手枪腿碗400-450kcal P30 F<15; 打抛碗约350; 泰式打抛碗+椒盐小土豆400-500,同文支撑 泰式打抛碗/椒盐小土豆 两条SKU
src-shaye-029,shaye-cn-taishi-dabao-jixiongruo-sui-culiang-wan,沙野轻食,泰式打抛鸡胸肉碎粗粮碗,semantic_estimate,https://www.sina.cn/news/article/comos_nirranu6170407.html,沙野轻食值得点吗？3个维度拆解这家爆款健康低脂轻食店+FAQ（新浪AIGC聚合文）,AIGC（新浪看点号）,2026-09-13,无方法,False,D,claim: 约350大卡,
src-shaye-030,shaye-cn-heijiao-niurou-sanmingzhi,沙野轻食,黑椒牛肉三明治,semantic_estimate,https://k.sina.com.cn/article_7879995992_1d5af325806801dt00.html,沙野轻食三明治超赞吗？320家店分布+加盟费揭秘+FAQ（新浪AIGC聚合文）,AIGC（新浪看点号）,2026-09-18,无方法；描述全麦面包+生菜/番茄/酸黄瓜+低脂蛋黄酱+轻微烤制,False,D,claim: 350-400大卡; 黑椒牛肉三明治+能量碗套餐约400大卡; 客单价26.7元,"同文支撑 鸡胸肉三明治(牛油果酱,18-25元) 与 低脂意面/魔芋面系列 事实"
src-shaye-031,shaye-cn-jixiongruo-sanmingzhi,沙野轻食,鸡胸肉三明治（牛油果酱）,semantic_estimate,https://k.sina.com.cn/article_7879995992_1d5af325806801dt00.html,沙野轻食三明治超赞吗？320家店分布+加盟费揭秘+FAQ（新浪AIGC聚合文）,AIGC（新浪看点号）,2026-09-18,无方法,False,D,claim: 18-25元,
src-shaye-032,shaye-cn-xiangkao-jixiongruo-jianshen-can,沙野轻食,香烤鸡胸肉健身餐（含粗粮碗）,semantic_estimate,https://k.sina.com.cn/article_7879777065_1d5abdb2906801hnfi.html,沙野轻食的价格怎么样？（新浪AIGC聚合文）,AIGC（新浪看点号）,2026-09-17,无方法；价格口径：主流套餐27-30元、香烤鸡胸健身套餐(含粗粮碗)标价约28元、菠菜饼等小食<10元,False,D,price_only: 28元/份,
src-shaye-033,shaye-cn-shuizhu-niujianrou-jianshen-taocan,沙野轻食,水煮牛腱肉健身套餐,semantic_estimate,https://k.sina.cn/article_7879995991_1d5af325706801a25k.html,沙野轻食的招牌轻食有哪些？（新浪AIGC聚合文）,AIGC（新浪看点号）,2026-08-26,无方法；列嫩煎牛排健身餐/水煮牛腱肉套餐/薄盐烤手枪腿杂粮碗为点单率最高,False,D,menu_fact_only,同文支撑 嫩煎牛排健身餐 SKU
src-shaye-034,shaye-cn-nenjian-niupai-jianshen-can,沙野轻食,嫩煎牛排健身餐,semantic_estimate,https://k.sina.cn/article_7879995991_1d5af325706801a25k.html,沙野轻食的招牌轻食有哪些？（新浪AIGC聚合文）,AIGC（新浪看点号）,2026-08-26,无方法,False,D,menu_fact_only,
src-shaye-035,shaye-cn-xiangjian-qianye-doufu-jianshen-taocan,沙野轻食,香煎千页豆腐健身套餐,semantic_estimate,https://k.sina.com.cn/article_7879995995_1d5af325b06801phyg.html,沙野轻食的沙拉有哪些口味？（新浪AIGC聚合文）,AIGC（新浪看点号）,2026-09-17,无方法；列肉类蛋白类(水煮牛腱/香煎千页豆腐/薄盐烤手枪腿/泰式打抛)与主食类(南瓜糙米饭/蔓越莓藜麦饭),False,D,menu_fact_only,
src-shaye-036,shaye-cn-jiaoyan-xiaotudou,沙野轻食,椒盐小土豆（佐餐小食/亦可作主食选项）,semantic_estimate,https://www.sina.cn/news/article/comos_nirranu6170407.html,沙野轻食值得点吗？3个维度拆解这家爆款健康低脂轻食店+FAQ（新浪AIGC聚合文）,AIGC（新浪看点号）,2026-09-13,无方法；『椒盐小土豆和香煎千页豆腐是佐餐小食中的亮点』,False,D,menu_fact_only,
src-shaye-037,shaye-cn-shuizhu-dan-jialiao,沙野轻食,水煮蛋（加料）,semantic_estimate,https://www.sina.cn/news/article/comos_niqzsvr0031404.html,沙拉好吃的轻食餐厅怎么选？沙野轻食3大招牌实测+FAQ（加料+70大卡/个）,AIGC（新浪看点号）,2026-09-08,加料口径+70大卡/个；本库按通用鸡蛋组成给C级point,False,D,claim: +70大卡/个,
src-shaye-038,shaye-cn-jixiongruo-jialiao,沙野轻食,鸡胸肉加料,semantic_estimate,https://www.sina.cn/gc/article/nisefvr3852601.html,沙拉好吃的轻食餐厅怎么选？沙野轻食3大维度实测+FAQ（新浪AIGC聚合文）,AIGC（新浪看点号）,2026-09-18,无方法；加一份鸡胸肉≈150大卡、加一份芝士≈100大卡；酱料口径 千岛≈120/油醋≈30/柠檬≈20/酸奶≈50 大卡每包,False,D,claim: 加鸡胸≈150大卡; 酱料包kcal口径,酱料口径另与 components[] 交叉
src-shaye-039,shaye-cn-xiaren-jialiao,沙野轻食,虾仁加料,semantic_estimate,https://www.sina.cn/news/article/comos_niqzxcn5105441.html,轻食沙拉外卖怎么选？沙野轻食鸡胸肉杂粮碗减脂餐深度测评+FAQ（虾仁约24大卡/份）,AIGC（新浪看点号）,2026-09,加料口径分歧：+24/+50/+80大卡/份,False,D,claim: 虾仁24~80大卡/份,
src-shaye-040,shaye-cn-diy-zixuan-shala,沙野轻食,DIY自选沙拉,third_party_analysis,https://post.m.smzdm.com/p/az86m07o/,标称275大卡、实测1544大卡：轻食今年在后厨和热量上双双翻车（什么值得买，引上海市消保委2025年60款比较试验）,什么值得买（AI聚合，引消保委/知乎/营养师谷传玲）,2026-09-15,转述消保委60款试验（28款标能量24款超标1.14-5.61倍；酱料钠占整餐35%；谷薯占比均值36.3%）与酱料品类kcal表（蛋黄酱200/焙煎芝麻145-160/千岛155/凯撒101/油醋59/和风39 每30g）及熟杂粮饭120-140kcal/100g,False,C,品类级：酱料与杂粮饭kcal/30g或100g；60款超标倍数；注：275→1544那款『减脂鸡胸肉藜麦沙拉』未点名品牌，不得归于沙野,components[]酱料/主食kcal依据；2025年60款试验原文(ccn.com.cn 2025-01-06)返回521不可达，以本转载为准
src-shaye-041,shaye-cn-jixiong-reli-can,沙野轻食,鸡胸热力餐,semantic_estimate,https://www.sina.cn/gc/article/nisefvr3852601.html,沙拉好吃的轻食餐厅怎么选？沙野轻食3大维度实测+FAQ（新浪AIGC聚合文）,AIGC（新浪看点号）,2026-09-18,无方法；『一份标准套餐（如鸡胸热力餐）热量约350-400大卡』,False,D,claim: 350-400大卡,
src-subway-001,,Subway 赛百味中国,全菜单(菜单事实),official_menu,https://www.subway.com.cn/657909-657909.html,Subway赛百味中国官方菜单(三明治/百味卷/能量碗/早餐/小食/曲奇/现磨咖啡/饮料/儿童餐),Subway 赛百味中国,2026-09-18,官方菜单确认SKU存在性/分类/规格;官网未公开逐项营养表。,True,A,菜单分类与产品名(非营养数值),中国官网/小程序未提供官方营养成分表→本品牌无A级营养数值。
src-subway-002,多个6英寸三明治/沙拉,Subway 赛百味中国,6英寸三明治/沙拉能量,third_party_analysis,https://www.fatsecret.cn/Diary.aspx?pa=brand&mpath=subway&frc=True,fatsecret.cn Subway 产品热量与份量(第三方聚合),fatsecret.cn,2026-09-18,"第三方聚合数据库,给出中国菜单名+份量克重+能量(kcal),多数无宏量,无实测方法说明→C级。",False,C,火鸡胸6寸280;香烤牛肉6寸346;金枪鱼6寸480;照烧鸡362;黑胡椒牛排366;香烤鸡排310;火腿317;意大利香辣530;香热奇士359;奇士牛排383;百味俱乐部320;香烤牛肉沙拉140;香烤鸡排沙拉140 (kcal),"与Sina(AI)区间大体一致,交叉印证能量量级;宏量缺口大。"
src-subway-003,多个三明治/组件,Subway 赛百味中国,三明治热量区间+面包/酱料/肉component值,semantic_estimate,https://k.sina.cn/article_7880068409_1d5b04d3906801goj8.html,赛百味三明治热量测评+减脂点单(新浪·大健康笔记),大健康笔记(新浪),2026-08-27,"页面明确标注'内容由AI生成',非实测/非官方;仅semantic估计→D级,不作事实。",False,D,缤纷蔬菜~200;火鸡胸270-315;香烤牛肉278-340;照烧鸡330-365;意式经典380-390;黑胡椒牛排415-420;金枪鱼380-455(kcal);面包:全麦192-210/白202/蜂蜜燕麦230/薄饼467;酱:黄芥末28-30/番茄28-30/甜洋葱45-60/蛋黄酱110/千岛180,"用于区间与component量级参考,已与fatsecret面包官方口径交叉验证;所有引用均标注AI生成来源。"
src-subway-004,components(base),Subway 赛百味中国,面包成分营养,third_party_analysis,https://www.fatsecret.cn/Diary.aspx?pa=fjrd&rid=4081278,fatsecret.cn Subway 6英寸各面包(白/全麦/蜂蜜燕麦/意式香草奶酪)含宏量,fatsecret.cn(Subway官方成分口径),2026-09-18,"承载Subway官方面包成分值,给出能量+蛋白+碳水+脂肪+克重;与Sina面包值交叉一致→面包component可信度较高(C)。",False,C,白/意式白200kcal7p38c2f(71g);全麦Hearty Multigrain 200kcal9p36c3f(71g);蜂蜜燕麦230kcal8p43c3f(88g);意式香草奶酪250kcal10p42c5f(82g),"美国Subway官方口径,中国门店面包配方基本一致;标注市场口径差异。"
src-subway-005,subway-cn-6in-italian-bmt,Subway 赛百味中国,意式经典BMT宏量,third_party_analysis,https://www.fatsecret.cn/Diary.aspx?pa=fjrd&rid=88317122,fatsecret.cn Subway Italian B.M.T.(含宏量),fatsecret.cn,2026-09-18,"第三方聚合,给369kcal/蛋白21/碳水36/脂肪16(216g);美版口径→C级,中国无官方宏量。",False,C,energy=369kcal;protein=21g;carbs=36g;fat=16g,"唯一拿到宏量的preset sub(第三方),谨慎使用。"
src-tastien-cn-0001,tastien-cn-xiang-la-ji-tui,塔斯汀中国汉堡,香辣鸡腿中国汉堡,official_menu,https://www.tasiting.com/product/category/hamburg,塔斯汀官网「塔塔美食」中国汉堡分类页,福州塔斯汀餐饮管理有限公司,2026-09-18,官方产品展示页（加盟官网）。仅列 7 款中国汉堡品名 + 官方卖点文案；全站无任何营养字段（grep kcal/热量/营养/蛋白 均无）。,True,A,菜单事实：中国汉堡分类下 7 款品名与官方描述（非营养数值）,官方唯一公开 web 菜单入口，但为品牌展示口径（加盟招商用），非外卖在售全量菜单；无 per-SKU 营养表。
src-tastien-cn-0002,tastien-cn-xiang-la-ji-tui,塔斯汀中国汉堡,香辣鸡腿中国汉堡,third_party_analysis,https://www.fatsecret.cn/热量营养/塔斯汀/香辣鸡腿堡/1份,塔斯汀 香辣鸡腿堡的热量和营养成分 | fatsecret.cn,fatsecret.cn（众包/品牌提交）,2026-09-18,无方法披露。页面标注『源: fatsecret Platform API』，为用户/品牌提交；给出基准 1份(201克)。fatsecret『塔斯汀』品牌桶仅 1 条有效条目（存档区为空），无钠/纤维/糖字段。,False,C,basis=1份(201克); energy=426 kcal; fat=16.7g; carbs=44.5g; protein=25.6g,本品牌唯一含宏量营养素的第三方结构化条目。品牌列表页显示 425 千卡、详情页 426 千卡（四舍五入口径差异，已记录）。
src-tastien-cn-0003,tastien-cn-xiang-la-ji-tui,塔斯汀中国汉堡,香辣鸡腿中国汉堡,xiaohongshu_claim,https://post.m.smzdm.com/zz/p/a65poo2g/,塔斯汀全系列汉堡热量分解测评大合集（吱吱热量日记，来自小红书）,吱吱热量日记（小红书原帖）／什么值得买 AI 摘要转载,2026-09-18,逐品给出『正常版』与『去酱/去皮/去肥肉版』两套 kcal 点值，属拆解式口径；但未披露称重或计算过程，页面为 smzdm『AI为你总结』摘要，原帖登录墙 → 定 C 级。页面未显示原帖发布日期，以抓取日登记。,False,C,板烧凤梨堡 500(去酱多菜415); 避风塘蟹柳堡 615(去酱去鸡腿皮426); 北京烤鸭堡 456(去肥肉去酱405); 培根煎蛋汉堡 567(去酱484); 藤椒鸡腿堡 481(去鸡腿皮去酱289); 香辣鸡腿堡 533(去酱449); 菌菇牛肉汉堡 542(去酱458) (kcal),本品牌逐品能量最完整的一篇。仅能量，无宏量。
src-tastien-cn-0004,tastien-cn-xiang-la-ji-tui,塔斯汀中国汉堡,香辣鸡腿中国汉堡,xiaohongshu_claim,https://post.m.smzdm.com/zz/p/a65p0k9o/,塔斯汀热量评测|附低卡万能点单攻略（🌟柚七七，来自小红书）,柚七七（小红书原帖）／什么值得买 AI 摘要转载,2026-09-18,给出单品 kcal/个 与组合 kcal，并给出『去酱约-70大卡』的差值口径；未披露称重/计算过程，AI 摘要页 → C 级。,False,C,嘎嘎双料鸭中国汉堡=516 kcal/个; 香辣鸡腿中国汉堡=501 kcal/个; 牛肉堡(去洋葱圈)+无糖可乐=483; 龙虾堡+鸡脖=461; 去酱≈-70 kcal,
src-tastien-cn-0005,tastien-cn-xiang-la-ji-tui,塔斯汀中国汉堡,香辣鸡腿中国汉堡,xiaohongshu_claim,https://post.smzdm.com/p/avvoonk9/,塔斯汀汉堡500kcal以内低卡吃法（源自小红薯：怡宝不渴）,怡宝不渴（小红书原帖）／什么值得买转载页,2026-02-05,逐品给出『去酱后』kcal 点值，并对酱料单独给值（甜面酱≈20kcal），隐含拆解口径；但原帖未披露称重/计算过程，转载页页脚明确标注『内容由AI生成』，小红书原帖需登录无法核验 → 不满足 B 级『明确方法』，定 C 级。,False,C,湘辣嫩鸡肉汉堡(去酱)≈325; 藤椒鸡腿汉堡(去酱)≈410; 香辣鸡腿堡(去酱)≈440; 板烧凤梨堡(去酱)≈480; 甜面酱≈20 (kcal),转载页显示发布 02-05 12:08，参考来源标注 2026-01-29。仅能量，无宏量。
src-tastien-cn-0006,tastien-cn-teng-jiao-ji-tui,塔斯汀中国汉堡,藤椒鸡腿中国汉堡,official_menu,https://www.tasiting.com/product/category/hamburg,塔斯汀官网「塔塔美食」中国汉堡分类页,福州塔斯汀餐饮管理有限公司,2026-09-18,官方产品展示页（加盟官网）。仅列 7 款中国汉堡品名 + 官方卖点文案；全站无任何营养字段（grep kcal/热量/营养/蛋白 均无）。,True,A,菜单事实：中国汉堡分类下 7 款品名与官方描述（非营养数值）,官方唯一公开 web 菜单入口，但为品牌展示口径（加盟招商用），非外卖在售全量菜单；无 per-SKU 营养表。
src-tastien-cn-0007,tastien-cn-teng-jiao-ji-tui,塔斯汀中国汉堡,藤椒鸡腿中国汉堡,xiaohongshu_claim,https://post.m.smzdm.com/zz/p/a65poo2g/,塔斯汀全系列汉堡热量分解测评大合集（吱吱热量日记，来自小红书）,吱吱热量日记（小红书原帖）／什么值得买 AI 摘要转载,2026-09-18,逐品给出『正常版』与『去酱/去皮/去肥肉版』两套 kcal 点值，属拆解式口径；但未披露称重或计算过程，页面为 smzdm『AI为你总结』摘要，原帖登录墙 → 定 C 级。页面未显示原帖发布日期，以抓取日登记。,False,C,板烧凤梨堡 500(去酱多菜415); 避风塘蟹柳堡 615(去酱去鸡腿皮426); 北京烤鸭堡 456(去肥肉去酱405); 培根煎蛋汉堡 567(去酱484); 藤椒鸡腿堡 481(去鸡腿皮去酱289); 香辣鸡腿堡 533(去酱449); 菌菇牛肉汉堡 542(去酱458) (kcal),本品牌逐品能量最完整的一篇。仅能量，无宏量。
src-tastien-cn-0008,tastien-cn-teng-jiao-ji-tui,塔斯汀中国汉堡,藤椒鸡腿中国汉堡,xiaohongshu_claim,https://post.smzdm.com/p/avvoonk9/,塔斯汀汉堡500kcal以内低卡吃法（源自小红薯：怡宝不渴）,怡宝不渴（小红书原帖）／什么值得买转载页,2026-02-05,逐品给出『去酱后』kcal 点值，并对酱料单独给值（甜面酱≈20kcal），隐含拆解口径；但原帖未披露称重/计算过程，转载页页脚明确标注『内容由AI生成』，小红书原帖需登录无法核验 → 不满足 B 级『明确方法』，定 C 级。,False,C,湘辣嫩鸡肉汉堡(去酱)≈325; 藤椒鸡腿汉堡(去酱)≈410; 香辣鸡腿堡(去酱)≈440; 板烧凤梨堡(去酱)≈480; 甜面酱≈20 (kcal),转载页显示发布 02-05 12:08，参考来源标注 2026-01-29。仅能量，无宏量。
src-tastien-cn-0009,tastien-cn-bei-jing-kao-ya,塔斯汀中国汉堡,北京烤鸭中国汉堡,official_menu,https://www.tasiting.com/product/category/hamburg,塔斯汀官网「塔塔美食」中国汉堡分类页,福州塔斯汀餐饮管理有限公司,2026-09-18,官方产品展示页（加盟官网）。仅列 7 款中国汉堡品名 + 官方卖点文案；全站无任何营养字段（grep kcal/热量/营养/蛋白 均无）。,True,A,菜单事实：中国汉堡分类下 7 款品名与官方描述（非营养数值）,官方唯一公开 web 菜单入口，但为品牌展示口径（加盟招商用），非外卖在售全量菜单；无 per-SKU 营养表。
src-tastien-cn-0010,tastien-cn-bei-jing-kao-ya,塔斯汀中国汉堡,北京烤鸭中国汉堡,xiaohongshu_claim,https://post.m.smzdm.com/zz/p/a65poo2g/,塔斯汀全系列汉堡热量分解测评大合集（吱吱热量日记，来自小红书）,吱吱热量日记（小红书原帖）／什么值得买 AI 摘要转载,2026-09-18,逐品给出『正常版』与『去酱/去皮/去肥肉版』两套 kcal 点值，属拆解式口径；但未披露称重或计算过程，页面为 smzdm『AI为你总结』摘要，原帖登录墙 → 定 C 级。页面未显示原帖发布日期，以抓取日登记。,False,C,板烧凤梨堡 500(去酱多菜415); 避风塘蟹柳堡 615(去酱去鸡腿皮426); 北京烤鸭堡 456(去肥肉去酱405); 培根煎蛋汉堡 567(去酱484); 藤椒鸡腿堡 481(去鸡腿皮去酱289); 香辣鸡腿堡 533(去酱449); 菌菇牛肉汉堡 542(去酱458) (kcal),本品牌逐品能量最完整的一篇。仅能量，无宏量。
src-tastien-cn-0011,tastien-cn-bei-jing-kao-ya,塔斯汀中国汉堡,北京烤鸭中国汉堡,xiaohongshu_claim,https://post.m.smzdm.com/zz/p/ax6oznm9/,谁说减脂不能吃汉堡！塔斯汀9款低卡搭配！（搞笑女的吃饭日常，来自小红书）,搞笑女的吃饭日常（小红书原帖）／什么值得买 AI 摘要转载,2026-09-18,给出 9 组『汉堡/小食+饮品』组合的总 kcal 点值，未披露计算过程；页面为 AI 摘要，原帖登录墙 → C 级。页面未显示原帖日期，以抓取日登记。,False,C,北京烤鸭汉堡+无糖冰柠可乐=477; 蜜汁手扒鸡半只+玉米=413; 培根煎蛋汉堡+欢喜全翅=520; 塔塔鸡块+奥尔良烤翅+无糖冰柠可乐=380; 板烧凤梨汉堡+啃定好鸭脖=481; 孜然菌菇牛肉汉堡+啃定好鸭脖+无糖冰柠可乐=508 (kcal),组合值用于交叉校验单品值；本库不把 UGC 自创组合登记为菜单 SKU（非在售套餐），仅作为来源证据挂在相关单品上。
src-tastien-cn-0012,tastien-cn-bei-jing-kao-ya,塔斯汀中国汉堡,北京烤鸭中国汉堡,xiaohongshu_claim,https://post.smzdm.com/p/avvoonk9/,塔斯汀汉堡500kcal以内低卡吃法（源自小红薯：怡宝不渴）,怡宝不渴（小红书原帖）／什么值得买转载页,2026-02-05,逐品给出『去酱后』kcal 点值，并对酱料单独给值（甜面酱≈20kcal），隐含拆解口径；但原帖未披露称重/计算过程，转载页页脚明确标注『内容由AI生成』，小红书原帖需登录无法核验 → 不满足 B 级『明确方法』，定 C 级。,False,C,湘辣嫩鸡肉汉堡(去酱)≈325; 藤椒鸡腿汉堡(去酱)≈410; 香辣鸡腿堡(去酱)≈440; 板烧凤梨堡(去酱)≈480; 甜面酱≈20 (kcal),转载页显示发布 02-05 12:08，参考来源标注 2026-01-29。仅能量，无宏量。
src-tastien-cn-0013,tastien-cn-ban-shao-feng-li,塔斯汀中国汉堡,板烧凤梨中国汉堡,official_menu,https://www.tasiting.com/product/category/hamburg,塔斯汀官网「塔塔美食」中国汉堡分类页,福州塔斯汀餐饮管理有限公司,2026-09-18,官方产品展示页（加盟官网）。仅列 7 款中国汉堡品名 + 官方卖点文案；全站无任何营养字段（grep kcal/热量/营养/蛋白 均无）。,True,A,菜单事实：中国汉堡分类下 7 款品名与官方描述（非营养数值）,官方唯一公开 web 菜单入口，但为品牌展示口径（加盟招商用），非外卖在售全量菜单；无 per-SKU 营养表。
src-tastien-cn-0014,tastien-cn-ban-shao-feng-li,塔斯汀中国汉堡,板烧凤梨中国汉堡,xiaohongshu_claim,https://post.m.smzdm.com/zz/p/a65poo2g/,塔斯汀全系列汉堡热量分解测评大合集（吱吱热量日记，来自小红书）,吱吱热量日记（小红书原帖）／什么值得买 AI 摘要转载,2026-09-18,逐品给出『正常版』与『去酱/去皮/去肥肉版』两套 kcal 点值，属拆解式口径；但未披露称重或计算过程，页面为 smzdm『AI为你总结』摘要，原帖登录墙 → 定 C 级。页面未显示原帖发布日期，以抓取日登记。,False,C,板烧凤梨堡 500(去酱多菜415); 避风塘蟹柳堡 615(去酱去鸡腿皮426); 北京烤鸭堡 456(去肥肉去酱405); 培根煎蛋汉堡 567(去酱484); 藤椒鸡腿堡 481(去鸡腿皮去酱289); 香辣鸡腿堡 533(去酱449); 菌菇牛肉汉堡 542(去酱458) (kcal),本品牌逐品能量最完整的一篇。仅能量，无宏量。
src-tastien-cn-0015,tastien-cn-ban-shao-feng-li,塔斯汀中国汉堡,板烧凤梨中国汉堡,xiaohongshu_claim,https://post.smzdm.com/p/avvoonk9/,塔斯汀汉堡500kcal以内低卡吃法（源自小红薯：怡宝不渴）,怡宝不渴（小红书原帖）／什么值得买转载页,2026-02-05,逐品给出『去酱后』kcal 点值，并对酱料单独给值（甜面酱≈20kcal），隐含拆解口径；但原帖未披露称重/计算过程，转载页页脚明确标注『内容由AI生成』，小红书原帖需登录无法核验 → 不满足 B 级『明确方法』，定 C 级。,False,C,湘辣嫩鸡肉汉堡(去酱)≈325; 藤椒鸡腿汉堡(去酱)≈410; 香辣鸡腿堡(去酱)≈440; 板烧凤梨堡(去酱)≈480; 甜面酱≈20 (kcal),转载页显示发布 02-05 12:08，参考来源标注 2026-01-29。仅能量，无宏量。
src-tastien-cn-0016,tastien-cn-ban-shao-feng-li,塔斯汀中国汉堡,板烧凤梨中国汉堡,xiaohongshu_claim,https://post.m.smzdm.com/zz/p/axdqkw44/,塔斯汀合集(带热量)·减脂期点单技巧（糕冷小美，来自抖音）,糕冷小美（抖音原帖）／什么值得买 AI 摘要转载,2026-09-18,给出小食与组合 kcal 点值，并给出改造差值（去酱料甜面酱/沙拉酱 -70~100 kcal；去掉一半堡胚或薄胚 -约200 kcal 碳水）；未披露称重/计算过程，AI 摘要页 → C 级。,False,C,奥尔良烤翅=162 kcal/对; 去皮鸡腿=166 kcal; 粗薯条=210 kcal/份; 多汁牛肉堡(去洋葱圈)+无糖可乐=483; 板烧凤梨堡+蔬菜沙拉(低脂酱)≈500; 培根煎蛋堡(去一半酱)+无糖冰柠咖≈450 (kcal),『去皮鸡腿166』未指明对应哪一款鸡腿类 SKU（塔塔香鸡腿/开熏火焰鸡腿），故未据此填值。『蔬菜沙拉』未在本品牌任何菜单来源中出现，该组合值未采用。
src-tastien-cn-0017,tastien-cn-pei-gen-jian-dan,塔斯汀中国汉堡,培根煎蛋中国汉堡,official_menu,https://www.tasiting.com/product/category/hamburg,塔斯汀官网「塔塔美食」中国汉堡分类页,福州塔斯汀餐饮管理有限公司,2026-09-18,官方产品展示页（加盟官网）。仅列 7 款中国汉堡品名 + 官方卖点文案；全站无任何营养字段（grep kcal/热量/营养/蛋白 均无）。,True,A,菜单事实：中国汉堡分类下 7 款品名与官方描述（非营养数值）,官方唯一公开 web 菜单入口，但为品牌展示口径（加盟招商用），非外卖在售全量菜单；无 per-SKU 营养表。
src-tastien-cn-0018,tastien-cn-pei-gen-jian-dan,塔斯汀中国汉堡,培根煎蛋中国汉堡,xiaohongshu_claim,https://post.m.smzdm.com/zz/p/a65poo2g/,塔斯汀全系列汉堡热量分解测评大合集（吱吱热量日记，来自小红书）,吱吱热量日记（小红书原帖）／什么值得买 AI 摘要转载,2026-09-18,逐品给出『正常版』与『去酱/去皮/去肥肉版』两套 kcal 点值，属拆解式口径；但未披露称重或计算过程，页面为 smzdm『AI为你总结』摘要，原帖登录墙 → 定 C 级。页面未显示原帖发布日期，以抓取日登记。,False,C,板烧凤梨堡 500(去酱多菜415); 避风塘蟹柳堡 615(去酱去鸡腿皮426); 北京烤鸭堡 456(去肥肉去酱405); 培根煎蛋汉堡 567(去酱484); 藤椒鸡腿堡 481(去鸡腿皮去酱289); 香辣鸡腿堡 533(去酱449); 菌菇牛肉汉堡 542(去酱458) (kcal),本品牌逐品能量最完整的一篇。仅能量，无宏量。
src-tastien-cn-0019,tastien-cn-pei-gen-jian-dan,塔斯汀中国汉堡,培根煎蛋中国汉堡,xiaohongshu_claim,https://post.m.smzdm.com/zz/p/ax6oznm9/,谁说减脂不能吃汉堡！塔斯汀9款低卡搭配！（搞笑女的吃饭日常，来自小红书）,搞笑女的吃饭日常（小红书原帖）／什么值得买 AI 摘要转载,2026-09-18,给出 9 组『汉堡/小食+饮品』组合的总 kcal 点值，未披露计算过程；页面为 AI 摘要，原帖登录墙 → C 级。页面未显示原帖日期，以抓取日登记。,False,C,北京烤鸭汉堡+无糖冰柠可乐=477; 蜜汁手扒鸡半只+玉米=413; 培根煎蛋汉堡+欢喜全翅=520; 塔塔鸡块+奥尔良烤翅+无糖冰柠可乐=380; 板烧凤梨汉堡+啃定好鸭脖=481; 孜然菌菇牛肉汉堡+啃定好鸭脖+无糖冰柠可乐=508 (kcal),组合值用于交叉校验单品值；本库不把 UGC 自创组合登记为菜单 SKU（非在售套餐），仅作为来源证据挂在相关单品上。
src-tastien-cn-0020,tastien-cn-pei-gen-jian-dan,塔斯汀中国汉堡,培根煎蛋中国汉堡,xiaohongshu_claim,https://post.m.smzdm.com/zz/p/axdqkw44/,塔斯汀合集(带热量)·减脂期点单技巧（糕冷小美，来自抖音）,糕冷小美（抖音原帖）／什么值得买 AI 摘要转载,2026-09-18,给出小食与组合 kcal 点值，并给出改造差值（去酱料甜面酱/沙拉酱 -70~100 kcal；去掉一半堡胚或薄胚 -约200 kcal 碳水）；未披露称重/计算过程，AI 摘要页 → C 级。,False,C,奥尔良烤翅=162 kcal/对; 去皮鸡腿=166 kcal; 粗薯条=210 kcal/份; 多汁牛肉堡(去洋葱圈)+无糖可乐=483; 板烧凤梨堡+蔬菜沙拉(低脂酱)≈500; 培根煎蛋堡(去一半酱)+无糖冰柠咖≈450 (kcal),『去皮鸡腿166』未指明对应哪一款鸡腿类 SKU（塔塔香鸡腿/开熏火焰鸡腿），故未据此填值。『蔬菜沙拉』未在本品牌任何菜单来源中出现，该组合值未采用。
src-tastien-cn-0021,tastien-cn-zi-ran-jun-gu-niu-rou,塔斯汀中国汉堡,孜然菌菇牛肉中国汉堡,official_menu,https://www.tasiting.com/product/category/hamburg,塔斯汀官网「塔塔美食」中国汉堡分类页,福州塔斯汀餐饮管理有限公司,2026-09-18,官方产品展示页（加盟官网）。仅列 7 款中国汉堡品名 + 官方卖点文案；全站无任何营养字段（grep kcal/热量/营养/蛋白 均无）。,True,A,菜单事实：中国汉堡分类下 7 款品名与官方描述（非营养数值）,官方唯一公开 web 菜单入口，但为品牌展示口径（加盟招商用），非外卖在售全量菜单；无 per-SKU 营养表。
src-tastien-cn-0022,tastien-cn-zi-ran-jun-gu-niu-rou,塔斯汀中国汉堡,孜然菌菇牛肉中国汉堡,xiaohongshu_claim,https://post.m.smzdm.com/zz/p/a65poo2g/,塔斯汀全系列汉堡热量分解测评大合集（吱吱热量日记，来自小红书）,吱吱热量日记（小红书原帖）／什么值得买 AI 摘要转载,2026-09-18,逐品给出『正常版』与『去酱/去皮/去肥肉版』两套 kcal 点值，属拆解式口径；但未披露称重或计算过程，页面为 smzdm『AI为你总结』摘要，原帖登录墙 → 定 C 级。页面未显示原帖发布日期，以抓取日登记。,False,C,板烧凤梨堡 500(去酱多菜415); 避风塘蟹柳堡 615(去酱去鸡腿皮426); 北京烤鸭堡 456(去肥肉去酱405); 培根煎蛋汉堡 567(去酱484); 藤椒鸡腿堡 481(去鸡腿皮去酱289); 香辣鸡腿堡 533(去酱449); 菌菇牛肉汉堡 542(去酱458) (kcal),本品牌逐品能量最完整的一篇。仅能量，无宏量。
src-tastien-cn-0023,tastien-cn-zi-ran-jun-gu-niu-rou,塔斯汀中国汉堡,孜然菌菇牛肉中国汉堡,xiaohongshu_claim,https://post.m.smzdm.com/zz/p/ax6oznm9/,谁说减脂不能吃汉堡！塔斯汀9款低卡搭配！（搞笑女的吃饭日常，来自小红书）,搞笑女的吃饭日常（小红书原帖）／什么值得买 AI 摘要转载,2026-09-18,给出 9 组『汉堡/小食+饮品』组合的总 kcal 点值，未披露计算过程；页面为 AI 摘要，原帖登录墙 → C 级。页面未显示原帖日期，以抓取日登记。,False,C,北京烤鸭汉堡+无糖冰柠可乐=477; 蜜汁手扒鸡半只+玉米=413; 培根煎蛋汉堡+欢喜全翅=520; 塔塔鸡块+奥尔良烤翅+无糖冰柠可乐=380; 板烧凤梨汉堡+啃定好鸭脖=481; 孜然菌菇牛肉汉堡+啃定好鸭脖+无糖冰柠可乐=508 (kcal),组合值用于交叉校验单品值；本库不把 UGC 自创组合登记为菜单 SKU（非在售套餐），仅作为来源证据挂在相关单品上。
src-tastien-cn-0024,tastien-cn-you-zi-you-wei-ya,塔斯汀中国汉堡,有孜有味鸭中国汉堡,official_menu,https://www.tasiting.com/product/category/hamburg,塔斯汀官网「塔塔美食」中国汉堡分类页,福州塔斯汀餐饮管理有限公司,2026-09-18,官方产品展示页（加盟官网）。仅列 7 款中国汉堡品名 + 官方卖点文案；全站无任何营养字段（grep kcal/热量/营养/蛋白 均无）。,True,A,菜单事实：中国汉堡分类下 7 款品名与官方描述（非营养数值）,官方唯一公开 web 菜单入口，但为品牌展示口径（加盟招商用），非外卖在售全量菜单；无 per-SKU 营养表。
src-tastien-cn-0025,tastien-cn-bi-feng-tang-xie-liu,塔斯汀中国汉堡,避风塘蟹味柳中国汉堡,third_party_analysis,https://you.ctrip.com/food/2663/152049335.html,塔斯汀中国汉堡(罗源府前街店) - 携程美食「本店特色美食」,携程美食（聚合点评数据）,2026-09-18,门店页『本店特色美食』字段（20 项），点评时间跨度 2025-09 至 2025-11；无营养数值、无价格。,False,D,菜单事实：香辣鸡腿堡/板烧凤梨中国汉堡/香辣鸡翅/秘汁手扒鸡/荆楚尖叫翅尖/多汁牛肉中国汉堡/粗薯/藤椒半边鸡/冰柠可乐/跳跳糖土豆泥/盐酥鸡米花/北京烤鸭中国汉堡/培根煎蛋中国汉堡/避风塘蟹味柳中国汉堡/塔塔香鸡腿/川香香骨鸡/脆米鸡米花/川式香菜肉肉肠/桂花酒酿糍粑,用于补充官网未列的在售小食 SKU。
src-tastien-cn-0026,tastien-cn-bi-feng-tang-xie-liu,塔斯汀中国汉堡,避风塘蟹味柳中国汉堡,xiaohongshu_claim,https://post.m.smzdm.com/zz/p/a65poo2g/,塔斯汀全系列汉堡热量分解测评大合集（吱吱热量日记，来自小红书）,吱吱热量日记（小红书原帖）／什么值得买 AI 摘要转载,2026-09-18,逐品给出『正常版』与『去酱/去皮/去肥肉版』两套 kcal 点值，属拆解式口径；但未披露称重或计算过程，页面为 smzdm『AI为你总结』摘要，原帖登录墙 → 定 C 级。页面未显示原帖发布日期，以抓取日登记。,False,C,板烧凤梨堡 500(去酱多菜415); 避风塘蟹柳堡 615(去酱去鸡腿皮426); 北京烤鸭堡 456(去肥肉去酱405); 培根煎蛋汉堡 567(去酱484); 藤椒鸡腿堡 481(去鸡腿皮去酱289); 香辣鸡腿堡 533(去酱449); 菌菇牛肉汉堡 542(去酱458) (kcal),本品牌逐品能量最完整的一篇。仅能量，无宏量。
src-tastien-cn-0027,tastien-cn-bi-feng-tang-xie-liu,塔斯汀中国汉堡,避风塘蟹味柳中国汉堡,xiaohongshu_claim,https://post.smzdm.com/p/avvoonk9/,塔斯汀汉堡500kcal以内低卡吃法（源自小红薯：怡宝不渴）,怡宝不渴（小红书原帖）／什么值得买转载页,2026-02-05,逐品给出『去酱后』kcal 点值，并对酱料单独给值（甜面酱≈20kcal），隐含拆解口径；但原帖未披露称重/计算过程，转载页页脚明确标注『内容由AI生成』，小红书原帖需登录无法核验 → 不满足 B 级『明确方法』，定 C 级。,False,C,湘辣嫩鸡肉汉堡(去酱)≈325; 藤椒鸡腿汉堡(去酱)≈410; 香辣鸡腿堡(去酱)≈440; 板烧凤梨堡(去酱)≈480; 甜面酱≈20 (kcal),转载页显示发布 02-05 12:08，参考来源标注 2026-01-29。仅能量，无宏量。
src-tastien-cn-0028,tastien-cn-duo-zhi-niu-rou,塔斯汀中国汉堡,多汁牛肉中国汉堡,official_menu,https://www.tasiting.com/article/119,开胃美食717 | 塔斯汀夏日食欲拯救计划！（官网资讯）,塔斯汀中国汉堡,2024-05-15,官方资讯稿，含产品组成描述：多汁牛肉中国汉堡（厚实牛肉饼+番茄+炸洋葱圈）、火爆辣子鸡中国汉堡（鸡肉丁+香酥干辣椒）、冰柠可乐、青梅见喜气泡饮（永泰青梅+七喜，夏日限定）。无营养数值。,True,A,菜单事实与组成描述（非营养数值）,2024 年稿件，青梅见喜气泡饮为季节限定，当前在售状态未核实。
src-tastien-cn-0029,tastien-cn-duo-zhi-niu-rou,塔斯汀中国汉堡,多汁牛肉中国汉堡,xiaohongshu_claim,https://post.m.smzdm.com/zz/p/axdqkw44/,塔斯汀合集(带热量)·减脂期点单技巧（糕冷小美，来自抖音）,糕冷小美（抖音原帖）／什么值得买 AI 摘要转载,2026-09-18,给出小食与组合 kcal 点值，并给出改造差值（去酱料甜面酱/沙拉酱 -70~100 kcal；去掉一半堡胚或薄胚 -约200 kcal 碳水）；未披露称重/计算过程，AI 摘要页 → C 级。,False,C,奥尔良烤翅=162 kcal/对; 去皮鸡腿=166 kcal; 粗薯条=210 kcal/份; 多汁牛肉堡(去洋葱圈)+无糖可乐=483; 板烧凤梨堡+蔬菜沙拉(低脂酱)≈500; 培根煎蛋堡(去一半酱)+无糖冰柠咖≈450 (kcal),『去皮鸡腿166』未指明对应哪一款鸡腿类 SKU（塔塔香鸡腿/开熏火焰鸡腿），故未据此填值。『蔬菜沙拉』未在本品牌任何菜单来源中出现，该组合值未采用。
src-tastien-cn-0030,tastien-cn-duo-zhi-niu-rou,塔斯汀中国汉堡,多汁牛肉中国汉堡,xiaohongshu_claim,https://post.m.smzdm.com/zz/p/a65p0k9o/,塔斯汀热量评测|附低卡万能点单攻略（🌟柚七七，来自小红书）,柚七七（小红书原帖）／什么值得买 AI 摘要转载,2026-09-18,给出单品 kcal/个 与组合 kcal，并给出『去酱约-70大卡』的差值口径；未披露称重/计算过程，AI 摘要页 → C 级。,False,C,嘎嘎双料鸭中国汉堡=516 kcal/个; 香辣鸡腿中国汉堡=501 kcal/个; 牛肉堡(去洋葱圈)+无糖可乐=483; 龙虾堡+鸡脖=461; 去酱≈-70 kcal,
src-tastien-cn-0031,tastien-cn-tao-tao-ang-si-niu,塔斯汀中国汉堡,桃桃安格斯牛中国汉堡,third_party_analysis,https://k.sina.cn/article_7390874094_1b887c9ee00101m4uu.html,塔斯汀汉堡上新！桃桃安格斯牛堡征服秋日味蕾,爱的精灵a（新浪号）,2025-09-09,新品稿：桃桃安格斯牛中国汉堡=手擀现烤堡胚+安格斯牛肉饼+清甜黄桃；同期小食新品 脆米鸡米花、桂花酒酿糍粑。文中称『减脂党都把它列为体重控制期专属餐，备注多菜少酱更无负担』——营销/媒体话术，非营养事实。,False,D,菜单事实与组成；营销话术（未作为营养数值）,『体重控制期专属餐』为宣传语境表述，已按 SCHEMA 记入 merchant_claims，不进营养字段。
src-tastien-cn-0032,tastien-cn-xin-jiang-la-pi-zi-ji-pai,塔斯汀中国汉堡,新疆辣皮子鸡排中国汉堡,third_party_analysis,https://k.sina.cn/article_7390874094_1b887c9ee00101mw86.html,塔斯汀汉堡：经典双堡为基，解锁国风风味全景图（新浪新闻自媒体）,爱的精灵a（新浪号）,2025-11-14,媒体/自媒体软文式产品盘点，给出各汉堡组成描述（北京烤鸭堡=烤鸭肉+老北京酱+黄瓜丝+葱丝；新疆辣皮子鸡排堡=新疆辣皮子腌制鸡排；避风塘蟹味柳堡=鸡排+蟹味柳+炒料；火爆鱿鱼堡=铁板鱿鱼风味鱿鱼须；培根煎蛋堡=培根+煎蛋+清甜酱料；孜然菌菇牛肉堡=卤牛肉片+菌菇+孜然；板烧凤梨堡=板烧肉+炙烤凤梨；桃桃安格斯牛堡=安格斯牛肉饼+桃桃风味酱）。无营养数值。,False,D,无营养数值，仅菜单事实与组成描述,自媒体软文（品牌宣发口径），仅作菜单事实与组成来源，不作营养来源。
src-tastien-cn-0033,tastien-cn-huo-bao-you-yu,塔斯汀中国汉堡,火爆鱿鱼中国汉堡,third_party_analysis,https://k.sina.cn/article_7390874094_1b887c9ee00101mw86.html,塔斯汀汉堡：经典双堡为基，解锁国风风味全景图（新浪新闻自媒体）,爱的精灵a（新浪号）,2025-11-14,媒体/自媒体软文式产品盘点，给出各汉堡组成描述（北京烤鸭堡=烤鸭肉+老北京酱+黄瓜丝+葱丝；新疆辣皮子鸡排堡=新疆辣皮子腌制鸡排；避风塘蟹味柳堡=鸡排+蟹味柳+炒料；火爆鱿鱼堡=铁板鱿鱼风味鱿鱼须；培根煎蛋堡=培根+煎蛋+清甜酱料；孜然菌菇牛肉堡=卤牛肉片+菌菇+孜然；板烧凤梨堡=板烧肉+炙烤凤梨；桃桃安格斯牛堡=安格斯牛肉饼+桃桃风味酱）。无营养数值。,False,D,无营养数值，仅菜单事实与组成描述,自媒体软文（品牌宣发口径），仅作菜单事实与组成来源，不作营养来源。
src-tastien-cn-0034,tastien-cn-huo-bao-la-zi-ji,塔斯汀中国汉堡,火爆辣子鸡中国汉堡,official_menu,https://www.tasiting.com/article/119,开胃美食717 | 塔斯汀夏日食欲拯救计划！（官网资讯）,塔斯汀中国汉堡,2024-05-15,官方资讯稿，含产品组成描述：多汁牛肉中国汉堡（厚实牛肉饼+番茄+炸洋葱圈）、火爆辣子鸡中国汉堡（鸡肉丁+香酥干辣椒）、冰柠可乐、青梅见喜气泡饮（永泰青梅+七喜，夏日限定）。无营养数值。,True,A,菜单事实与组成描述（非营养数值）,2024 年稿件，青梅见喜气泡饮为季节限定，当前在售状态未核实。
src-tastien-cn-0035,tastien-cn-tian-yuan-cui-ji,塔斯汀中国汉堡,田园脆鸡中国汉堡,third_party_analysis,https://you.ctrip.com/food/shenzhen26/136231880.html,塔斯汀中国汉堡(龙岗坂田店·深圳) - 携程美食「本店特色美食」,携程美食（聚合点评数据）,2026-09-18,门店页『本店特色美食』字段（20 项），人均 ¥18；无营养数值。,False,D,菜单事实：香辣鸡腿中国汉堡/藤椒鸡腿中国汉堡/多汁牛肉中国汉堡/塔塔鸡块/培根煎蛋中国汉堡/藤椒半边鸡/板烧凤梨中国汉堡/塔塔鸡腿中国小堡/田园脆鸡中国汉堡/国味烤鸭堡拼盘餐/粗薯/双享翅根/胡辣汤土豆泥/香辣鸡翅/冰柠可乐,
src-tastien-cn-0036,tastien-cn-ta-ta-ji-tui-xiao-bao,塔斯汀中国汉堡,塔塔鸡腿中国小堡,third_party_analysis,https://you.ctrip.com/food/shenzhen26/136231880.html,塔斯汀中国汉堡(龙岗坂田店·深圳) - 携程美食「本店特色美食」,携程美食（聚合点评数据）,2026-09-18,门店页『本店特色美食』字段（20 项），人均 ¥18；无营养数值。,False,D,菜单事实：香辣鸡腿中国汉堡/藤椒鸡腿中国汉堡/多汁牛肉中国汉堡/塔塔鸡块/培根煎蛋中国汉堡/藤椒半边鸡/板烧凤梨中国汉堡/塔塔鸡腿中国小堡/田园脆鸡中国汉堡/国味烤鸭堡拼盘餐/粗薯/双享翅根/胡辣汤土豆泥/香辣鸡翅/冰柠可乐,
src-tastien-cn-0037,tastien-cn-xiang-la-nen-ji-rou,塔斯汀中国汉堡,湘辣嫩鸡肉中国汉堡,xiaohongshu_claim,https://post.smzdm.com/p/avvoonk9/,塔斯汀汉堡500kcal以内低卡吃法（源自小红薯：怡宝不渴）,怡宝不渴（小红书原帖）／什么值得买转载页,2026-02-05,逐品给出『去酱后』kcal 点值，并对酱料单独给值（甜面酱≈20kcal），隐含拆解口径；但原帖未披露称重/计算过程，转载页页脚明确标注『内容由AI生成』，小红书原帖需登录无法核验 → 不满足 B 级『明确方法』，定 C 级。,False,C,湘辣嫩鸡肉汉堡(去酱)≈325; 藤椒鸡腿汉堡(去酱)≈410; 香辣鸡腿堡(去酱)≈440; 板烧凤梨堡(去酱)≈480; 甜面酱≈20 (kcal),转载页显示发布 02-05 12:08，参考来源标注 2026-01-29。仅能量，无宏量。
src-tastien-cn-0038,tastien-cn-xiang-la-nen-ji-rou,塔斯汀中国汉堡,湘辣嫩鸡肉中国汉堡,xiaohongshu_claim,https://post.smzdm.com/p/avvoonk9/,塔斯汀汉堡500kcal以内低卡吃法（源自小红薯：怡宝不渴）,怡宝不渴（小红书原帖）／什么值得买转载页,2026-02-05,逐品给出『去酱后』kcal 点值，并对酱料单独给值（甜面酱≈20kcal），隐含拆解口径；但原帖未披露称重/计算过程，转载页页脚明确标注『内容由AI生成』，小红书原帖需登录无法核验 → 不满足 B 级『明确方法』，定 C 级。,False,C,湘辣嫩鸡肉汉堡(去酱)≈325; 藤椒鸡腿汉堡(去酱)≈410; 香辣鸡腿堡(去酱)≈440; 板烧凤梨堡(去酱)≈480; 甜面酱≈20 (kcal),转载页显示发布 02-05 12:08，参考来源标注 2026-01-29。仅能量，无宏量。
src-tastien-cn-0039,tastien-cn-xiang-la-nen-ji-rou,塔斯汀中国汉堡,湘辣嫩鸡肉中国汉堡,xiaohongshu_claim,https://post.m.smzdm.com/zz/p/axdqkw44/,塔斯汀合集(带热量)·减脂期点单技巧（糕冷小美，来自抖音）,糕冷小美（抖音原帖）／什么值得买 AI 摘要转载,2026-09-18,给出小食与组合 kcal 点值，并给出改造差值（去酱料甜面酱/沙拉酱 -70~100 kcal；去掉一半堡胚或薄胚 -约200 kcal 碳水）；未披露称重/计算过程，AI 摘要页 → C 级。,False,C,奥尔良烤翅=162 kcal/对; 去皮鸡腿=166 kcal; 粗薯条=210 kcal/份; 多汁牛肉堡(去洋葱圈)+无糖可乐=483; 板烧凤梨堡+蔬菜沙拉(低脂酱)≈500; 培根煎蛋堡(去一半酱)+无糖冰柠咖≈450 (kcal),『去皮鸡腿166』未指明对应哪一款鸡腿类 SKU（塔塔香鸡腿/开熏火焰鸡腿），故未据此填值。『蔬菜沙拉』未在本品牌任何菜单来源中出现，该组合值未采用。
src-tastien-cn-0040,tastien-cn-ga-ga-shuang-liao-ya,塔斯汀中国汉堡,嘎嘎双料鸭中国汉堡,xiaohongshu_claim,https://post.m.smzdm.com/zz/p/a65p0k9o/,塔斯汀热量评测|附低卡万能点单攻略（🌟柚七七，来自小红书）,柚七七（小红书原帖）／什么值得买 AI 摘要转载,2026-09-18,给出单品 kcal/个 与组合 kcal，并给出『去酱约-70大卡』的差值口径；未披露称重/计算过程，AI 摘要页 → C 级。,False,C,嘎嘎双料鸭中国汉堡=516 kcal/个; 香辣鸡腿中国汉堡=501 kcal/个; 牛肉堡(去洋葱圈)+无糖可乐=483; 龙虾堡+鸡脖=461; 去酱≈-70 kcal,
src-tastien-cn-0041,tastien-cn-xu-fu-niu-bao,塔斯汀中国汉堡,徐福牛堡,third_party_analysis,https://www.sina.cn/news/detail/5337744410941138.html,塔斯汀联名电影《欢迎来龙餐馆》推广（徐福牛堡与联名套餐配置）,许梦成真（新浪号）,2026-08-30,软文式描述：徐福牛堡=手擀现烤堡胚+铁板现煎厚牛肉饼+整片芝士+生菜+洋葱碎+甜咸特调酱汁；徐福美味精选三件套(单人)=徐福牛堡1+风味小食(薯条或鸡块)1+限定海盐凤梨风味饮1；薯牛欢享双人六件套=徐福牛堡2+定制饮品2+双份人气小食拼盘。无营养数值。,False,D,菜单事实：徐福牛堡组成 + 两款联名套餐配置,与 smzdm AIGC 长文（post.smzdm.com/p/awwzggd2/，2026-09-10）所述配方一致（堡胚+牛肉饼+整片芝士+生菜洋葱+酸甜口酱汁，套餐配海盐凤梨风味饮，单点正价 17–18 元）。
src-tastien-cn-0042,tastien-cn-xiao-long-xia-bao,塔斯汀中国汉堡,小龙虾中国汉堡,official_menu,https://www.sina.cn/news/detail/5307217843849887.html,塔斯汀中国汉堡官方微博：小龙虾季打开方式：直接炫个龙虾堡！,塔斯汀中国汉堡（官方微博，新浪承载）,2026-06-07,官方微博原文（新浪新闻详情页承载）。描述：手擀现烤堡胚夹满虾肉。无营养数值。,True,A,菜单事实：小龙虾堡（2026 夏季限定）品名与组成（非营养数值）,
src-tastien-cn-0043,tastien-cn-xiao-long-xia-bao,塔斯汀中国汉堡,小龙虾中国汉堡,xiaohongshu_claim,https://post.m.smzdm.com/zz/p/a65p0k9o/,塔斯汀热量评测|附低卡万能点单攻略（🌟柚七七，来自小红书）,柚七七（小红书原帖）／什么值得买 AI 摘要转载,2026-09-18,给出单品 kcal/个 与组合 kcal，并给出『去酱约-70大卡』的差值口径；未披露称重/计算过程，AI 摘要页 → C 级。,False,C,嘎嘎双料鸭中国汉堡=516 kcal/个; 香辣鸡腿中国汉堡=501 kcal/个; 牛肉堡(去洋葱圈)+无糖可乐=483; 龙虾堡+鸡脖=461; 去酱≈-70 kcal,
src-tastien-cn-0044,tastien-cn-ma-po-dou-fu,塔斯汀中国汉堡,麻婆豆腐中国汉堡,third_party_analysis,https://www.stheadline.com/zh-hans/travel/3264523/,港人大赞内地快餐店「塔斯汀」超抵食！极推麻婆豆腐汉堡,星岛头条,2023-08-21,2023 年报道，列出当时中式创新口味：麻婆豆腐、藤椒鸡腿、北京烤鸭、五香肉饼、鱼香肉丝真有鱼中国汉堡；价格带：单点汉堡¥12–18、单人套餐¥19.9起最贵¥26；小食：香辣鸡翅/奥尔良烤翅/荆楚尖叫翅尖/啃定好鸡脖/盐酥鸡米花/塔塔香鸡腿。无营养数值。,False,D,菜单事实（2023 年口径）,麻婆豆腐中国汉堡当前在售状态未核实，SKU 已标 uncertain_current。五香肉饼/鱼香肉丝真有鱼未建 SKU（见 missing_categories）。
src-tastien-cn-0045,tastien-cn-cu-shu,塔斯汀中国汉堡,粗薯,official_menu,https://www.tasiting.com/product/category/snack,塔斯汀官网「塔塔美食」塔塔小食分类页,福州塔斯汀餐饮管理有限公司,2026-09-18,官方产品展示页。列 10 款小食品名 + 卖点文案；无营养字段。,True,A,菜单事实：塔塔小食 10 款品名（非营养数值）,
src-tastien-cn-0046,tastien-cn-cu-shu,塔斯汀中国汉堡,粗薯,xiaohongshu_claim,https://post.m.smzdm.com/zz/p/axdqkw44/,塔斯汀合集(带热量)·减脂期点单技巧（糕冷小美，来自抖音）,糕冷小美（抖音原帖）／什么值得买 AI 摘要转载,2026-09-18,给出小食与组合 kcal 点值，并给出改造差值（去酱料甜面酱/沙拉酱 -70~100 kcal；去掉一半堡胚或薄胚 -约200 kcal 碳水）；未披露称重/计算过程，AI 摘要页 → C 级。,False,C,奥尔良烤翅=162 kcal/对; 去皮鸡腿=166 kcal; 粗薯条=210 kcal/份; 多汁牛肉堡(去洋葱圈)+无糖可乐=483; 板烧凤梨堡+蔬菜沙拉(低脂酱)≈500; 培根煎蛋堡(去一半酱)+无糖冰柠咖≈450 (kcal),『去皮鸡腿166』未指明对应哪一款鸡腿类 SKU（塔塔香鸡腿/开熏火焰鸡腿），故未据此填值。『蔬菜沙拉』未在本品牌任何菜单来源中出现，该组合值未采用。
src-tastien-cn-0047,tastien-cn-gan-mei-hong-xin-shu-tiao,塔斯汀中国汉堡,甘梅红心薯条,third_party_analysis,https://you.ctrip.com/food/243/130488384.html,塔斯汀中国汉堡(丰泽街店·泉州) - 携程美食「本店特色美食」,携程美食（聚合点评数据）,2026-09-18,门店页『本店特色美食』字段（19 项），点评时间跨度 2022-06 至 2026-03；无营养数值。,False,D,菜单事实：甘梅红心薯条/香辣鸡腿堡/盐酥鸡米花/藤椒鸡腿中国汉堡/香辣鸡翅/北京烤鸭中国汉堡/培根煎蛋中国汉堡/开熏火焰鸡腿/花生浆/上校鸡块/多汁牛肉中国汉堡/桃桃安格斯牛中国汉堡/秘汁手扒鸡/冰柠可乐/啃定好鸡脖/藤椒半边鸡,该页另出现『上校鸡块』『劲爆鸡米花』等他品牌命名，疑为聚合数据串店，本库未采用。
src-tastien-cn-0048,tastien-cn-yan-su-ji-mi-hua,塔斯汀中国汉堡,盐酥鸡米花,official_menu,https://www.tasiting.com/product/category/snack,塔斯汀官网「塔塔美食」塔塔小食分类页,福州塔斯汀餐饮管理有限公司,2026-09-18,官方产品展示页。列 10 款小食品名 + 卖点文案；无营养字段。,True,A,菜单事实：塔塔小食 10 款品名（非营养数值）,
src-tastien-cn-0049,tastien-cn-cui-mi-ji-mi-hua,塔斯汀中国汉堡,脆米鸡米花,third_party_analysis,https://k.sina.cn/article_7390874094_1b887c9ee00101m4uu.html,塔斯汀汉堡上新！桃桃安格斯牛堡征服秋日味蕾,爱的精灵a（新浪号）,2025-09-09,新品稿：桃桃安格斯牛中国汉堡=手擀现烤堡胚+安格斯牛肉饼+清甜黄桃；同期小食新品 脆米鸡米花、桂花酒酿糍粑。文中称『减脂党都把它列为体重控制期专属餐，备注多菜少酱更无负担』——营销/媒体话术，非营养事实。,False,D,菜单事实与组成；营销话术（未作为营养数值）,『体重控制期专属餐』为宣传语境表述，已按 SCHEMA 记入 merchant_claims，不进营养字段。
src-tastien-cn-0050,tastien-cn-ta-ta-ji-kuai,塔斯汀中国汉堡,塔塔鸡块,official_menu,https://www.tasiting.com/product/category/snack,塔斯汀官网「塔塔美食」塔塔小食分类页,福州塔斯汀餐饮管理有限公司,2026-09-18,官方产品展示页。列 10 款小食品名 + 卖点文案；无营养字段。,True,A,菜单事实：塔塔小食 10 款品名（非营养数值）,
src-tastien-cn-0051,tastien-cn-ta-ta-ji-kuai,塔斯汀中国汉堡,塔塔鸡块,xiaohongshu_claim,https://post.m.smzdm.com/zz/p/ax6oznm9/,谁说减脂不能吃汉堡！塔斯汀9款低卡搭配！（搞笑女的吃饭日常，来自小红书）,搞笑女的吃饭日常（小红书原帖）／什么值得买 AI 摘要转载,2026-09-18,给出 9 组『汉堡/小食+饮品』组合的总 kcal 点值，未披露计算过程；页面为 AI 摘要，原帖登录墙 → C 级。页面未显示原帖日期，以抓取日登记。,False,C,北京烤鸭汉堡+无糖冰柠可乐=477; 蜜汁手扒鸡半只+玉米=413; 培根煎蛋汉堡+欢喜全翅=520; 塔塔鸡块+奥尔良烤翅+无糖冰柠可乐=380; 板烧凤梨汉堡+啃定好鸭脖=481; 孜然菌菇牛肉汉堡+啃定好鸭脖+无糖冰柠可乐=508 (kcal),组合值用于交叉校验单品值；本库不把 UGC 自创组合登记为菜单 SKU（非在售套餐），仅作为来源证据挂在相关单品上。
src-tastien-cn-0052,tastien-cn-ta-ta-ji-kuai,塔斯汀中国汉堡,塔塔鸡块,xiaohongshu_claim,https://post.m.smzdm.com/zz/p/axdqkw44/,塔斯汀合集(带热量)·减脂期点单技巧（糕冷小美，来自抖音）,糕冷小美（抖音原帖）／什么值得买 AI 摘要转载,2026-09-18,给出小食与组合 kcal 点值，并给出改造差值（去酱料甜面酱/沙拉酱 -70~100 kcal；去掉一半堡胚或薄胚 -约200 kcal 碳水）；未披露称重/计算过程，AI 摘要页 → C 级。,False,C,奥尔良烤翅=162 kcal/对; 去皮鸡腿=166 kcal; 粗薯条=210 kcal/份; 多汁牛肉堡(去洋葱圈)+无糖可乐=483; 板烧凤梨堡+蔬菜沙拉(低脂酱)≈500; 培根煎蛋堡(去一半酱)+无糖冰柠咖≈450 (kcal),『去皮鸡腿166』未指明对应哪一款鸡腿类 SKU（塔塔香鸡腿/开熏火焰鸡腿），故未据此填值。『蔬菜沙拉』未在本品牌任何菜单来源中出现，该组合值未采用。
src-tastien-cn-0053,tastien-cn-xiang-la-ji-chi,塔斯汀中国汉堡,香辣鸡翅,official_menu,https://www.tasiting.com/product/category/snack,塔斯汀官网「塔塔美食」塔塔小食分类页,福州塔斯汀餐饮管理有限公司,2026-09-18,官方产品展示页。列 10 款小食品名 + 卖点文案；无营养字段。,True,A,菜单事实：塔塔小食 10 款品名（非营养数值）,
src-tastien-cn-0054,tastien-cn-shuang-xiang-chi-gen,塔斯汀中国汉堡,双享翅根,official_menu,https://www.tasiting.com/product/category/snack,塔斯汀官网「塔塔美食」塔塔小食分类页,福州塔斯汀餐饮管理有限公司,2026-09-18,官方产品展示页。列 10 款小食品名 + 卖点文案；无营养字段。,True,A,菜单事实：塔塔小食 10 款品名（非营养数值）,
src-tastien-cn-0055,tastien-cn-ao-er-liang-kao-chi,塔斯汀中国汉堡,奥尔良烤翅,official_menu,https://www.tasiting.com/product/category/snack,塔斯汀官网「塔塔美食」塔塔小食分类页,福州塔斯汀餐饮管理有限公司,2026-09-18,官方产品展示页。列 10 款小食品名 + 卖点文案；无营养字段。,True,A,菜单事实：塔塔小食 10 款品名（非营养数值）,
src-tastien-cn-0056,tastien-cn-ao-er-liang-kao-chi,塔斯汀中国汉堡,奥尔良烤翅,xiaohongshu_claim,https://post.m.smzdm.com/zz/p/axdqkw44/,塔斯汀合集(带热量)·减脂期点单技巧（糕冷小美，来自抖音）,糕冷小美（抖音原帖）／什么值得买 AI 摘要转载,2026-09-18,给出小食与组合 kcal 点值，并给出改造差值（去酱料甜面酱/沙拉酱 -70~100 kcal；去掉一半堡胚或薄胚 -约200 kcal 碳水）；未披露称重/计算过程，AI 摘要页 → C 级。,False,C,奥尔良烤翅=162 kcal/对; 去皮鸡腿=166 kcal; 粗薯条=210 kcal/份; 多汁牛肉堡(去洋葱圈)+无糖可乐=483; 板烧凤梨堡+蔬菜沙拉(低脂酱)≈500; 培根煎蛋堡(去一半酱)+无糖冰柠咖≈450 (kcal),『去皮鸡腿166』未指明对应哪一款鸡腿类 SKU（塔塔香鸡腿/开熏火焰鸡腿），故未据此填值。『蔬菜沙拉』未在本品牌任何菜单来源中出现，该组合值未采用。
src-tastien-cn-0057,tastien-cn-ao-er-liang-kao-chi,塔斯汀中国汉堡,奥尔良烤翅,xiaohongshu_claim,https://post.m.smzdm.com/zz/p/ax6oznm9/,谁说减脂不能吃汉堡！塔斯汀9款低卡搭配！（搞笑女的吃饭日常，来自小红书）,搞笑女的吃饭日常（小红书原帖）／什么值得买 AI 摘要转载,2026-09-18,给出 9 组『汉堡/小食+饮品』组合的总 kcal 点值，未披露计算过程；页面为 AI 摘要，原帖登录墙 → C 级。页面未显示原帖日期，以抓取日登记。,False,C,北京烤鸭汉堡+无糖冰柠可乐=477; 蜜汁手扒鸡半只+玉米=413; 培根煎蛋汉堡+欢喜全翅=520; 塔塔鸡块+奥尔良烤翅+无糖冰柠可乐=380; 板烧凤梨汉堡+啃定好鸭脖=481; 孜然菌菇牛肉汉堡+啃定好鸭脖+无糖冰柠可乐=508 (kcal),组合值用于交叉校验单品值；本库不把 UGC 自创组合登记为菜单 SKU（非在售套餐），仅作为来源证据挂在相关单品上。
src-tastien-cn-0058,tastien-cn-huan-xi-quan-chi,塔斯汀中国汉堡,欢喜全翅,official_menu,https://www.tasiting.com/product/category/snack,塔斯汀官网「塔塔美食」塔塔小食分类页,福州塔斯汀餐饮管理有限公司,2026-09-18,官方产品展示页。列 10 款小食品名 + 卖点文案；无营养字段。,True,A,菜单事实：塔塔小食 10 款品名（非营养数值）,
src-tastien-cn-0059,tastien-cn-jing-chu-jian-jiao-chi-jian,塔斯汀中国汉堡,荆楚尖叫翅尖,official_menu,https://www.tasiting.com/product/category/snack,塔斯汀官网「塔塔美食」塔塔小食分类页,福州塔斯汀餐饮管理有限公司,2026-09-18,官方产品展示页。列 10 款小食品名 + 卖点文案；无营养字段。,True,A,菜单事实：塔塔小食 10 款品名（非营养数值）,
src-tastien-cn-0060,tastien-cn-ken-ding-hao-ji-bo,塔斯汀中国汉堡,啃定好鸡脖,official_menu,https://www.tasiting.com/product/category/snack,塔斯汀官网「塔塔美食」塔塔小食分类页,福州塔斯汀餐饮管理有限公司,2026-09-18,官方产品展示页。列 10 款小食品名 + 卖点文案；无营养字段。,True,A,菜单事实：塔塔小食 10 款品名（非营养数值）,
src-tastien-cn-0061,tastien-cn-ta-ta-xiang-ji-tui,塔斯汀中国汉堡,塔塔香鸡腿,official_menu,https://www.tasiting.com/product/category/snack,塔斯汀官网「塔塔美食」塔塔小食分类页,福州塔斯汀餐饮管理有限公司,2026-09-18,官方产品展示页。列 10 款小食品名 + 卖点文案；无营养字段。,True,A,菜单事实：塔塔小食 10 款品名（非营养数值）,
src-tastien-cn-0062,tastien-cn-ta-ta-xiang-ji-tui,塔斯汀中国汉堡,塔塔香鸡腿,xiaohongshu_claim,https://post.m.smzdm.com/zz/p/axdqkw44/,塔斯汀合集(带热量)·减脂期点单技巧（糕冷小美，来自抖音）,糕冷小美（抖音原帖）／什么值得买 AI 摘要转载,2026-09-18,给出小食与组合 kcal 点值，并给出改造差值（去酱料甜面酱/沙拉酱 -70~100 kcal；去掉一半堡胚或薄胚 -约200 kcal 碳水）；未披露称重/计算过程，AI 摘要页 → C 级。,False,C,奥尔良烤翅=162 kcal/对; 去皮鸡腿=166 kcal; 粗薯条=210 kcal/份; 多汁牛肉堡(去洋葱圈)+无糖可乐=483; 板烧凤梨堡+蔬菜沙拉(低脂酱)≈500; 培根煎蛋堡(去一半酱)+无糖冰柠咖≈450 (kcal),『去皮鸡腿166』未指明对应哪一款鸡腿类 SKU（塔塔香鸡腿/开熏火焰鸡腿），故未据此填值。『蔬菜沙拉』未在本品牌任何菜单来源中出现，该组合值未采用。
src-tastien-cn-0063,tastien-cn-huang-jin-ma-ti-xia-qiu,塔斯汀中国汉堡,黄金马蹄虾球,third_party_analysis,https://m.sohu.com/a/947941232_121678045/,塔斯汀小食饮品红榜：老粉亲测不踩雷,肖其国（搜狐号）,2025-10-27,单品盘点：粗薯、黄金马蹄虾球、桂花酒酿糍粑（甜品向）、川香香骨鸡、望春山楂乌梅汁、紫玉红枣黑米浆。无营养数值。,False,D,菜单事实：小食/饮品在售品名与定位（桂花酒酿糍粑被描述为餐后甜点）,
src-tastien-cn-0064,tastien-cn-chuan-xiang-xiang-gu-ji,塔斯汀中国汉堡,川香香骨鸡,third_party_analysis,https://m.sohu.com/a/947941232_121678045/,塔斯汀小食饮品红榜：老粉亲测不踩雷,肖其国（搜狐号）,2025-10-27,单品盘点：粗薯、黄金马蹄虾球、桂花酒酿糍粑（甜品向）、川香香骨鸡、望春山楂乌梅汁、紫玉红枣黑米浆。无营养数值。,False,D,菜单事实：小食/饮品在售品名与定位（桂花酒酿糍粑被描述为餐后甜点）,
src-tastien-cn-0065,tastien-cn-chuan-shi-xiang-cai-rou-rou-chang,塔斯汀中国汉堡,川式香菜肉肉肠,third_party_analysis,https://you.ctrip.com/food/2663/152049335.html,塔斯汀中国汉堡(罗源府前街店) - 携程美食「本店特色美食」,携程美食（聚合点评数据）,2026-09-18,门店页『本店特色美食』字段（20 项），点评时间跨度 2025-09 至 2025-11；无营养数值、无价格。,False,D,菜单事实：香辣鸡腿堡/板烧凤梨中国汉堡/香辣鸡翅/秘汁手扒鸡/荆楚尖叫翅尖/多汁牛肉中国汉堡/粗薯/藤椒半边鸡/冰柠可乐/跳跳糖土豆泥/盐酥鸡米花/北京烤鸭中国汉堡/培根煎蛋中国汉堡/避风塘蟹味柳中国汉堡/塔塔香鸡腿/川香香骨鸡/脆米鸡米花/川式香菜肉肉肠/桂花酒酿糍粑,用于补充官网未列的在售小食 SKU。
src-tastien-cn-0066,tastien-cn-tiao-tiao-tang-tu-dou-ni,塔斯汀中国汉堡,跳跳糖土豆泥,third_party_analysis,https://you.ctrip.com/food/2663/152049335.html,塔斯汀中国汉堡(罗源府前街店) - 携程美食「本店特色美食」,携程美食（聚合点评数据）,2026-09-18,门店页『本店特色美食』字段（20 项），点评时间跨度 2025-09 至 2025-11；无营养数值、无价格。,False,D,菜单事实：香辣鸡腿堡/板烧凤梨中国汉堡/香辣鸡翅/秘汁手扒鸡/荆楚尖叫翅尖/多汁牛肉中国汉堡/粗薯/藤椒半边鸡/冰柠可乐/跳跳糖土豆泥/盐酥鸡米花/北京烤鸭中国汉堡/培根煎蛋中国汉堡/避风塘蟹味柳中国汉堡/塔塔香鸡腿/川香香骨鸡/脆米鸡米花/川式香菜肉肉肠/桂花酒酿糍粑,用于补充官网未列的在售小食 SKU。
src-tastien-cn-0067,tastien-cn-hu-la-tang-tu-dou-ni,塔斯汀中国汉堡,胡辣汤土豆泥,third_party_analysis,https://you.ctrip.com/food/shenzhen26/136231880.html,塔斯汀中国汉堡(龙岗坂田店·深圳) - 携程美食「本店特色美食」,携程美食（聚合点评数据）,2026-09-18,门店页『本店特色美食』字段（20 项），人均 ¥18；无营养数值。,False,D,菜单事实：香辣鸡腿中国汉堡/藤椒鸡腿中国汉堡/多汁牛肉中国汉堡/塔塔鸡块/培根煎蛋中国汉堡/藤椒半边鸡/板烧凤梨中国汉堡/塔塔鸡腿中国小堡/田园脆鸡中国汉堡/国味烤鸭堡拼盘餐/粗薯/双享翅根/胡辣汤土豆泥/香辣鸡翅/冰柠可乐,
src-tastien-cn-0068,tastien-cn-gui-hua-jiu-niang-ci-ba,塔斯汀中国汉堡,桂花酒酿糍粑,third_party_analysis,https://k.sina.cn/article_7390874094_1b887c9ee00101m4uu.html,塔斯汀汉堡上新！桃桃安格斯牛堡征服秋日味蕾,爱的精灵a（新浪号）,2025-09-09,新品稿：桃桃安格斯牛中国汉堡=手擀现烤堡胚+安格斯牛肉饼+清甜黄桃；同期小食新品 脆米鸡米花、桂花酒酿糍粑。文中称『减脂党都把它列为体重控制期专属餐，备注多菜少酱更无负担』——营销/媒体话术，非营养事实。,False,D,菜单事实与组成；营销话术（未作为营养数值）,『体重控制期专属餐』为宣传语境表述，已按 SCHEMA 记入 merchant_claims，不进营养字段。
src-tastien-cn-0069,tastien-cn-qiao-ke-li-hong-dou-nai-xiang-juan,塔斯汀中国汉堡,巧克力红豆奶香卷,third_party_analysis,https://post.m.smzdm.com/zz/p/a5078vxx/,塔斯汀新品测评！黄桃安格斯牛肉堡｜爆浆巧克力卷｜拉丝糍粑｜米香鸡米花（C柚爱喝柠檬茶，来自哔哩哔哩）,C柚爱喝柠檬茶（B站原视频）／什么值得买 AI 摘要转载,2026-09-18,视频测评摘要：黄桃安格斯牛肉堡（6块黄桃+安格斯牛肉+黑椒酱）、桂花酒酿糍粑、脆米鸡米花、巧克力红豆奶香卷；通过外卖平台购买。无营养数值。页面未显示原视频日期，以抓取日登记。,False,D,菜单事实：4 款新品/在售品名与组成,『黄桃安格斯牛肉堡』与官方/新浪稿的『桃桃安格斯牛堡』疑为同款不同叫法，本库合并为一条 SKU 并记录别名冲突。
src-tastien-cn-0070,tastien-cn-mi-zhi-shou-ba-ji,塔斯汀中国汉堡,秘汁手扒鸡,official_menu,https://www.tasiting.com/product/category/chicken,塔斯汀官网「塔塔美食」吃鸡系列分类页,福州塔斯汀餐饮管理有限公司,2026-09-18,官方产品展示页。列 3 款整鸡/鸡腿类品名；无营养字段。,True,A,菜单事实：吃鸡系列 3 款品名（非营养数值）,
src-tastien-cn-0071,tastien-cn-mi-zhi-shou-ba-ji,塔斯汀中国汉堡,秘汁手扒鸡,xiaohongshu_claim,https://post.m.smzdm.com/zz/p/ax6oznm9/,谁说减脂不能吃汉堡！塔斯汀9款低卡搭配！（搞笑女的吃饭日常，来自小红书）,搞笑女的吃饭日常（小红书原帖）／什么值得买 AI 摘要转载,2026-09-18,给出 9 组『汉堡/小食+饮品』组合的总 kcal 点值，未披露计算过程；页面为 AI 摘要，原帖登录墙 → C 级。页面未显示原帖日期，以抓取日登记。,False,C,北京烤鸭汉堡+无糖冰柠可乐=477; 蜜汁手扒鸡半只+玉米=413; 培根煎蛋汉堡+欢喜全翅=520; 塔塔鸡块+奥尔良烤翅+无糖冰柠可乐=380; 板烧凤梨汉堡+啃定好鸭脖=481; 孜然菌菇牛肉汉堡+啃定好鸭脖+无糖冰柠可乐=508 (kcal),组合值用于交叉校验单品值；本库不把 UGC 自创组合登记为菜单 SKU（非在售套餐），仅作为来源证据挂在相关单品上。
src-tastien-cn-0072,tastien-cn-teng-jiao-ban-bian-ji,塔斯汀中国汉堡,藤椒半边鸡,official_menu,https://www.tasiting.com/product/category/chicken,塔斯汀官网「塔塔美食」吃鸡系列分类页,福州塔斯汀餐饮管理有限公司,2026-09-18,官方产品展示页。列 3 款整鸡/鸡腿类品名；无营养字段。,True,A,菜单事实：吃鸡系列 3 款品名（非营养数值）,
src-tastien-cn-0073,tastien-cn-kai-xun-huo-yan-ji-tui,塔斯汀中国汉堡,开熏火焰鸡腿,official_menu,https://www.tasiting.com/product/category/chicken,塔斯汀官网「塔塔美食」吃鸡系列分类页,福州塔斯汀餐饮管理有限公司,2026-09-18,官方产品展示页。列 3 款整鸡/鸡腿类品名；无营养字段。,True,A,菜单事实：吃鸡系列 3 款品名（非营养数值）,
src-tastien-cn-0074,tastien-cn-kai-xun-huo-yan-ji-tui,塔斯汀中国汉堡,开熏火焰鸡腿,xiaohongshu_claim,https://post.m.smzdm.com/zz/p/axdqkw44/,塔斯汀合集(带热量)·减脂期点单技巧（糕冷小美，来自抖音）,糕冷小美（抖音原帖）／什么值得买 AI 摘要转载,2026-09-18,给出小食与组合 kcal 点值，并给出改造差值（去酱料甜面酱/沙拉酱 -70~100 kcal；去掉一半堡胚或薄胚 -约200 kcal 碳水）；未披露称重/计算过程，AI 摘要页 → C 级。,False,C,奥尔良烤翅=162 kcal/对; 去皮鸡腿=166 kcal; 粗薯条=210 kcal/份; 多汁牛肉堡(去洋葱圈)+无糖可乐=483; 板烧凤梨堡+蔬菜沙拉(低脂酱)≈500; 培根煎蛋堡(去一半酱)+无糖冰柠咖≈450 (kcal),『去皮鸡腿166』未指明对应哪一款鸡腿类 SKU（塔塔香鸡腿/开熏火焰鸡腿），故未据此填值。『蔬菜沙拉』未在本品牌任何菜单来源中出现，该组合值未采用。
src-tastien-cn-0075,tastien-cn-wu-tang-bing-ning-ke-le,塔斯汀中国汉堡,无糖冰柠可乐,official_menu,https://www.tasiting.com/product/category/drink,塔斯汀官网「塔塔美食」饮品系列分类页,福州塔斯汀餐饮管理有限公司,2026-09-18,官方产品展示页。列 7 款饮品品名 + 卖点文案；无营养字段、无糖度/容量规格。,True,A,菜单事实：饮品系列 7 款品名（非营养数值）,
src-tastien-cn-0076,tastien-cn-wu-tang-bing-ning-ke-le,塔斯汀中国汉堡,无糖冰柠可乐,xiaohongshu_claim,https://post.m.smzdm.com/zz/p/ax6oznm9/,谁说减脂不能吃汉堡！塔斯汀9款低卡搭配！（搞笑女的吃饭日常，来自小红书）,搞笑女的吃饭日常（小红书原帖）／什么值得买 AI 摘要转载,2026-09-18,给出 9 组『汉堡/小食+饮品』组合的总 kcal 点值，未披露计算过程；页面为 AI 摘要，原帖登录墙 → C 级。页面未显示原帖日期，以抓取日登记。,False,C,北京烤鸭汉堡+无糖冰柠可乐=477; 蜜汁手扒鸡半只+玉米=413; 培根煎蛋汉堡+欢喜全翅=520; 塔塔鸡块+奥尔良烤翅+无糖冰柠可乐=380; 板烧凤梨汉堡+啃定好鸭脖=481; 孜然菌菇牛肉汉堡+啃定好鸭脖+无糖冰柠可乐=508 (kcal),组合值用于交叉校验单品值；本库不把 UGC 自创组合登记为菜单 SKU（非在售套餐），仅作为来源证据挂在相关单品上。
src-tastien-cn-0077,tastien-cn-wu-tang-bing-ning-ke-le,塔斯汀中国汉堡,无糖冰柠可乐,xiaohongshu_claim,https://post.m.smzdm.com/zz/p/a65p0k9o/,塔斯汀热量评测|附低卡万能点单攻略（🌟柚七七，来自小红书）,柚七七（小红书原帖）／什么值得买 AI 摘要转载,2026-09-18,给出单品 kcal/个 与组合 kcal，并给出『去酱约-70大卡』的差值口径；未披露称重/计算过程，AI 摘要页 → C 级。,False,C,嘎嘎双料鸭中国汉堡=516 kcal/个; 香辣鸡腿中国汉堡=501 kcal/个; 牛肉堡(去洋葱圈)+无糖可乐=483; 龙虾堡+鸡脖=461; 去酱≈-70 kcal,
src-tastien-cn-0078,tastien-cn-ning-meng-hong-cha,塔斯汀中国汉堡,柠檬红茶,official_menu,https://www.tasiting.com/product/category/drink,塔斯汀官网「塔塔美食」饮品系列分类页,福州塔斯汀餐饮管理有限公司,2026-09-18,官方产品展示页。列 7 款饮品品名 + 卖点文案；无营养字段、无糖度/容量规格。,True,A,菜单事实：饮品系列 7 款品名（非营养数值）,
src-tastien-cn-0079,tastien-cn-wang-chun-shan-zha-wu-mei-zhi,塔斯汀中国汉堡,望春山楂乌梅汁,official_menu,https://www.tasiting.com/product/category/drink,塔斯汀官网「塔塔美食」饮品系列分类页,福州塔斯汀餐饮管理有限公司,2026-09-18,官方产品展示页。列 7 款饮品品名 + 卖点文案；无营养字段、无糖度/容量规格。,True,A,菜单事实：饮品系列 7 款品名（非营养数值）,
src-tastien-cn-0080,tastien-cn-zi-yu-hong-zao-hei-mi-jiang,塔斯汀中国汉堡,紫玉红枣黑米浆（热）,official_menu,https://www.tasiting.com/product/category/drink,塔斯汀官网「塔塔美食」饮品系列分类页,福州塔斯汀餐饮管理有限公司,2026-09-18,官方产品展示页。列 7 款饮品品名 + 卖点文案；无营养字段、无糖度/容量规格。,True,A,菜单事实：饮品系列 7 款品名（非营养数值）,
src-tastien-cn-0081,tastien-cn-ta-ta-feng-wei-nai,塔斯汀中国汉堡,塔塔风味奶（热）,official_menu,https://www.tasiting.com/product/category/drink,塔斯汀官网「塔塔美食」饮品系列分类页,福州塔斯汀餐饮管理有限公司,2026-09-18,官方产品展示页。列 7 款饮品品名 + 卖点文案；无营养字段、无糖度/容量规格。,True,A,菜单事实：饮品系列 7 款品名（非营养数值）,
src-tastien-cn-0082,tastien-cn-hua-sheng-jiang,塔斯汀中国汉堡,花生浆,third_party_analysis,https://you.ctrip.com/food/243/130488384.html,塔斯汀中国汉堡(丰泽街店·泉州) - 携程美食「本店特色美食」,携程美食（聚合点评数据）,2026-09-18,门店页『本店特色美食』字段（19 项），点评时间跨度 2022-06 至 2026-03；无营养数值。,False,D,菜单事实：甘梅红心薯条/香辣鸡腿堡/盐酥鸡米花/藤椒鸡腿中国汉堡/香辣鸡翅/北京烤鸭中国汉堡/培根煎蛋中国汉堡/开熏火焰鸡腿/花生浆/上校鸡块/多汁牛肉中国汉堡/桃桃安格斯牛中国汉堡/秘汁手扒鸡/冰柠可乐/啃定好鸡脖/藤椒半边鸡,该页另出现『上校鸡块』『劲爆鸡米花』等他品牌命名，疑为聚合数据串店，本库未采用。
src-tastien-cn-0083,tastien-cn-hai-yan-feng-li-feng-wei-yin,塔斯汀中国汉堡,海盐凤梨风味饮,third_party_analysis,https://www.sina.cn/news/detail/5337744410941138.html,塔斯汀联名电影《欢迎来龙餐馆》推广（徐福牛堡与联名套餐配置）,许梦成真（新浪号）,2026-08-30,软文式描述：徐福牛堡=手擀现烤堡胚+铁板现煎厚牛肉饼+整片芝士+生菜+洋葱碎+甜咸特调酱汁；徐福美味精选三件套(单人)=徐福牛堡1+风味小食(薯条或鸡块)1+限定海盐凤梨风味饮1；薯牛欢享双人六件套=徐福牛堡2+定制饮品2+双份人气小食拼盘。无营养数值。,False,D,菜单事实：徐福牛堡组成 + 两款联名套餐配置,与 smzdm AIGC 长文（post.smzdm.com/p/awwzggd2/，2026-09-10）所述配方一致（堡胚+牛肉饼+整片芝士+生菜洋葱+酸甜口酱汁，套餐配海盐凤梨风味饮，单点正价 17–18 元）。
src-tastien-cn-0084,tastien-cn-qing-mei-jian-xi-qi-pao-yin,塔斯汀中国汉堡,青梅见喜气泡饮,official_menu,https://www.tasiting.com/article/119,开胃美食717 | 塔斯汀夏日食欲拯救计划！（官网资讯）,塔斯汀中国汉堡,2024-05-15,官方资讯稿，含产品组成描述：多汁牛肉中国汉堡（厚实牛肉饼+番茄+炸洋葱圈）、火爆辣子鸡中国汉堡（鸡肉丁+香酥干辣椒）、冰柠可乐、青梅见喜气泡饮（永泰青梅+七喜，夏日限定）。无营养数值。,True,A,菜单事实与组成描述（非营养数值）,2024 年稿件，青梅见喜气泡饮为季节限定，当前在售状态未核实。
src-tastien-cn-0085,tastien-cn-wu-tang-bing-ning-ka,塔斯汀中国汉堡,无糖冰柠咖,xiaohongshu_claim,https://post.m.smzdm.com/zz/p/axdqkw44/,塔斯汀合集(带热量)·减脂期点单技巧（糕冷小美，来自抖音）,糕冷小美（抖音原帖）／什么值得买 AI 摘要转载,2026-09-18,给出小食与组合 kcal 点值，并给出改造差值（去酱料甜面酱/沙拉酱 -70~100 kcal；去掉一半堡胚或薄胚 -约200 kcal 碳水）；未披露称重/计算过程，AI 摘要页 → C 级。,False,C,奥尔良烤翅=162 kcal/对; 去皮鸡腿=166 kcal; 粗薯条=210 kcal/份; 多汁牛肉堡(去洋葱圈)+无糖可乐=483; 板烧凤梨堡+蔬菜沙拉(低脂酱)≈500; 培根煎蛋堡(去一半酱)+无糖冰柠咖≈450 (kcal),『去皮鸡腿166』未指明对应哪一款鸡腿类 SKU（塔塔香鸡腿/开熏火焰鸡腿），故未据此填值。『蔬菜沙拉』未在本品牌任何菜单来源中出现，该组合值未采用。
src-tastien-cn-0086,tastien-cn-taocan-tg1096-3pc,塔斯汀中国汉堡,单人3件套 TG1096（买一送二）,meituan_menu,https://guangdiu.com/detail.php?id=29554002,美团 塔斯汀中国汉堡【买一送二】单人3件套 TG1096（原价23元/现价12.8元）,逛丢（同步美团团购商品介绍）,2026-09-18,"逐字引用美团团购『商品介绍』：主食=香辣鸡腿堡中国汉堡(1份,¥12)；选区A(3选2,可重复选)=双享翅根(1只,¥4)/塔塔鸡块(3块,¥4.8)/荆楚尖叫翅尖(5个,¥5.5)；覆盖1146城；核销走塔斯汀小程序。无营养数值。",False,D,菜单事实：套餐组成 + 单点价格锚点（香辣鸡腿堡¥12、双享翅根¥4/只、塔塔鸡块¥4.8/3块、尖叫翅尖¥5.5/5个）,美团门店在售菜单页需登录（未绕过），本条为美团团购商品介绍的公开镜像。
src-tastien-cn-0087,tastien-cn-taocan-tg1915-4pc,塔斯汀中国汉堡,单人四件套 TG1915,meituan_menu,https://guangdiu.com/search.php?q=%E5%A1%94%E6%96%AF%E6%B1%80,逛丢『塔斯汀』搜索结果：美团在售团购档位清单（TG005/TG1915/TG2215/TG022/TG1769/TG1545/TG1542/TG2082/双人8件套）,逛丢（同步美团/慢慢买）,2026-09-18,2026-09-10~09-18 期间在售的美团团购档位标题与价格：百万爆款双堡 TG005(13.7–13.9元)、单人四件套 TG1915(原价30.8/现14.29–14.8元)、3+2随心配 TG2215(28.9元)、超值翅根三重奏 TG022(原24/13.9元)、塔塔翅根桶 TG022、薯薯三重奏 TG1769、热销小吃N选1 TG1545、热销小吃N选2 TG1542、塔粉专享5样美食 TG2082、精选双人8件套兑换券。部分详情页触发滑块安全验证，商品介绍未全部取得。无营养数值。,False,D,菜单事实：团购套餐档位名称/编号/促销价,套餐内可选清单（如 TG2215 A区8款汉堡选3、B区9款小食选2）来自搜狐转载的抖音团购达人帖（2026-09-12）交叉印证。
src-tastien-cn-0088,tastien-cn-taocan-tg005-double-burger,塔斯汀中国汉堡,百万爆款双堡 TG005,meituan_menu,https://guangdiu.com/search.php?q=%E5%A1%94%E6%96%AF%E6%B1%80,逛丢『塔斯汀』搜索结果：美团在售团购档位清单（TG005/TG1915/TG2215/TG022/TG1769/TG1545/TG1542/TG2082/双人8件套）,逛丢（同步美团/慢慢买）,2026-09-18,2026-09-10~09-18 期间在售的美团团购档位标题与价格：百万爆款双堡 TG005(13.7–13.9元)、单人四件套 TG1915(原价30.8/现14.29–14.8元)、3+2随心配 TG2215(28.9元)、超值翅根三重奏 TG022(原24/13.9元)、塔塔翅根桶 TG022、薯薯三重奏 TG1769、热销小吃N选1 TG1545、热销小吃N选2 TG1542、塔粉专享5样美食 TG2082、精选双人8件套兑换券。部分详情页触发滑块安全验证，商品介绍未全部取得。无营养数值。,False,D,菜单事实：团购套餐档位名称/编号/促销价,套餐内可选清单（如 TG2215 A区8款汉堡选3、B区9款小食选2）来自搜狐转载的抖音团购达人帖（2026-09-12）交叉印证。
src-tastien-cn-0089,tastien-cn-taocan-tg2215-3plus2,塔斯汀中国汉堡,3+2 随心配 TG2215,meituan_menu,https://guangdiu.com/search.php?q=%E5%A1%94%E6%96%AF%E6%B1%80,逛丢『塔斯汀』搜索结果：美团在售团购档位清单（TG005/TG1915/TG2215/TG022/TG1769/TG1545/TG1542/TG2082/双人8件套）,逛丢（同步美团/慢慢买）,2026-09-18,2026-09-10~09-18 期间在售的美团团购档位标题与价格：百万爆款双堡 TG005(13.7–13.9元)、单人四件套 TG1915(原价30.8/现14.29–14.8元)、3+2随心配 TG2215(28.9元)、超值翅根三重奏 TG022(原24/13.9元)、塔塔翅根桶 TG022、薯薯三重奏 TG1769、热销小吃N选1 TG1545、热销小吃N选2 TG1542、塔粉专享5样美食 TG2082、精选双人8件套兑换券。部分详情页触发滑块安全验证，商品介绍未全部取得。无营养数值。,False,D,菜单事实：团购套餐档位名称/编号/促销价,套餐内可选清单（如 TG2215 A区8款汉堡选3、B区9款小食选2）来自搜狐转载的抖音团购达人帖（2026-09-12）交叉印证。
src-tastien-cn-0090,tastien-cn-taocan-3-3-3,塔斯汀中国汉堡,中国汉堡自选套餐（3汉堡+3小食+3饮品）,meituan_menu,https://youhui.bacaoo.com/p/435129,塔斯汀中国汉堡自选套餐：3份汉堡+3份小食+3份饮品（专享兑换券，券后43.30元）,拔草哦（同步美团券）,2026-06-29,券名即组成：自选汉堡×3+自选小食×3+自选饮品×3；另有 17.9–19.9 元档『自选汉堡+小食×2+饮品』券。无营养数值。,False,D,菜单事实：自选套餐券档结构,
src-tastien-cn-0091,tastien-cn-taocan-4pc-snack,塔斯汀中国汉堡,中国汉堡小食4件套（汉堡+粗薯+鸡米花+可乐）,third_party_analysis,http://m.shihuo.cn/page/supplierList/1505250536?id=5367401&sku_id=1505250536,塔斯汀 中国汉堡小食4件套（汉堡+粗薯+鸡米花+可乐）团购券,识货（聚合团购）,2026-09-18,商品名即组成：汉堡+粗薯+鸡米花+可乐；购买后15天有效、堂食外带均可。无营养数值。,False,D,菜单事实：4件套组成,
src-tastien-cn-0092,tastien-cn-taocan-xiang-la-ji-tui-danren,塔斯汀中国汉堡,香辣鸡腿中国汉堡套餐,third_party_analysis,http://m.shihuo.cn/page/supplierList/2935593793?id=5350701&sku_id=2935593793,塔斯汀 香辣鸡腿中国汉堡套餐（含香辣鸡腿中国汉堡1个）,识货（聚合团购）,2026-09-18,商品页明示含『香辣鸡腿中国汉堡1个』；渠道价 京东外卖¥7/天猫¥8/拼多多¥8。套餐其余组件未披露。无营养数值。,False,D,菜单事实：单人套餐存在性与价格锚点,
src-tastien-cn-0093,tastien-cn-taocan-tg022-wing-trio,塔斯汀中国汉堡,超值翅根三重奏 TG022 / 塔塔翅根桶,meituan_menu,https://guangdiu.com/search.php?q=%E5%A1%94%E6%96%AF%E6%B1%80,逛丢『塔斯汀』搜索结果：美团在售团购档位清单（TG005/TG1915/TG2215/TG022/TG1769/TG1545/TG1542/TG2082/双人8件套）,逛丢（同步美团/慢慢买）,2026-09-18,2026-09-10~09-18 期间在售的美团团购档位标题与价格：百万爆款双堡 TG005(13.7–13.9元)、单人四件套 TG1915(原价30.8/现14.29–14.8元)、3+2随心配 TG2215(28.9元)、超值翅根三重奏 TG022(原24/13.9元)、塔塔翅根桶 TG022、薯薯三重奏 TG1769、热销小吃N选1 TG1545、热销小吃N选2 TG1542、塔粉专享5样美食 TG2082、精选双人8件套兑换券。部分详情页触发滑块安全验证，商品介绍未全部取得。无营养数值。,False,D,菜单事实：团购套餐档位名称/编号/促销价,套餐内可选清单（如 TG2215 A区8款汉堡选3、B区9款小食选2）来自搜狐转载的抖音团购达人帖（2026-09-12）交叉印证。
src-tastien-cn-0094,tastien-cn-taocan-tg1769-fries-trio,塔斯汀中国汉堡,薯薯三重奏 TG1769,meituan_menu,https://guangdiu.com/search.php?q=%E5%A1%94%E6%96%AF%E6%B1%80,逛丢『塔斯汀』搜索结果：美团在售团购档位清单（TG005/TG1915/TG2215/TG022/TG1769/TG1545/TG1542/TG2082/双人8件套）,逛丢（同步美团/慢慢买）,2026-09-18,2026-09-10~09-18 期间在售的美团团购档位标题与价格：百万爆款双堡 TG005(13.7–13.9元)、单人四件套 TG1915(原价30.8/现14.29–14.8元)、3+2随心配 TG2215(28.9元)、超值翅根三重奏 TG022(原24/13.9元)、塔塔翅根桶 TG022、薯薯三重奏 TG1769、热销小吃N选1 TG1545、热销小吃N选2 TG1542、塔粉专享5样美食 TG2082、精选双人8件套兑换券。部分详情页触发滑块安全验证，商品介绍未全部取得。无营养数值。,False,D,菜单事实：团购套餐档位名称/编号/促销价,套餐内可选清单（如 TG2215 A区8款汉堡选3、B区9款小食选2）来自搜狐转载的抖音团购达人帖（2026-09-12）交叉印证。
src-tastien-cn-0095,tastien-cn-taocan-tg1545-snack-n1,塔斯汀中国汉堡,塔粉专享热销小吃 N选1 TG1545,meituan_menu,https://guangdiu.com/search.php?q=%E5%A1%94%E6%96%AF%E6%B1%80,逛丢『塔斯汀』搜索结果：美团在售团购档位清单（TG005/TG1915/TG2215/TG022/TG1769/TG1545/TG1542/TG2082/双人8件套）,逛丢（同步美团/慢慢买）,2026-09-18,2026-09-10~09-18 期间在售的美团团购档位标题与价格：百万爆款双堡 TG005(13.7–13.9元)、单人四件套 TG1915(原价30.8/现14.29–14.8元)、3+2随心配 TG2215(28.9元)、超值翅根三重奏 TG022(原24/13.9元)、塔塔翅根桶 TG022、薯薯三重奏 TG1769、热销小吃N选1 TG1545、热销小吃N选2 TG1542、塔粉专享5样美食 TG2082、精选双人8件套兑换券。部分详情页触发滑块安全验证，商品介绍未全部取得。无营养数值。,False,D,菜单事实：团购套餐档位名称/编号/促销价,套餐内可选清单（如 TG2215 A区8款汉堡选3、B区9款小食选2）来自搜狐转载的抖音团购达人帖（2026-09-12）交叉印证。
src-tastien-cn-0096,tastien-cn-taocan-tg1542-snack-n2,塔斯汀中国汉堡,热销小吃 N选2 TG1542,meituan_menu,https://guangdiu.com/search.php?q=%E5%A1%94%E6%96%AF%E6%B1%80,逛丢『塔斯汀』搜索结果：美团在售团购档位清单（TG005/TG1915/TG2215/TG022/TG1769/TG1545/TG1542/TG2082/双人8件套）,逛丢（同步美团/慢慢买）,2026-09-18,2026-09-10~09-18 期间在售的美团团购档位标题与价格：百万爆款双堡 TG005(13.7–13.9元)、单人四件套 TG1915(原价30.8/现14.29–14.8元)、3+2随心配 TG2215(28.9元)、超值翅根三重奏 TG022(原24/13.9元)、塔塔翅根桶 TG022、薯薯三重奏 TG1769、热销小吃N选1 TG1545、热销小吃N选2 TG1542、塔粉专享5样美食 TG2082、精选双人8件套兑换券。部分详情页触发滑块安全验证，商品介绍未全部取得。无营养数值。,False,D,菜单事实：团购套餐档位名称/编号/促销价,套餐内可选清单（如 TG2215 A区8款汉堡选3、B区9款小食选2）来自搜狐转载的抖音团购达人帖（2026-09-12）交叉印证。
src-tastien-cn-0097,tastien-cn-taocan-tg2082-5items,塔斯汀中国汉堡,塔粉专享 5 样美食 TG2082,meituan_menu,https://guangdiu.com/search.php?q=%E5%A1%94%E6%96%AF%E6%B1%80,逛丢『塔斯汀』搜索结果：美团在售团购档位清单（TG005/TG1915/TG2215/TG022/TG1769/TG1545/TG1542/TG2082/双人8件套）,逛丢（同步美团/慢慢买）,2026-09-18,2026-09-10~09-18 期间在售的美团团购档位标题与价格：百万爆款双堡 TG005(13.7–13.9元)、单人四件套 TG1915(原价30.8/现14.29–14.8元)、3+2随心配 TG2215(28.9元)、超值翅根三重奏 TG022(原24/13.9元)、塔塔翅根桶 TG022、薯薯三重奏 TG1769、热销小吃N选1 TG1545、热销小吃N选2 TG1542、塔粉专享5样美食 TG2082、精选双人8件套兑换券。部分详情页触发滑块安全验证，商品介绍未全部取得。无营养数值。,False,D,菜单事实：团购套餐档位名称/编号/促销价,套餐内可选清单（如 TG2215 A区8款汉堡选3、B区9款小食选2）来自搜狐转载的抖音团购达人帖（2026-09-12）交叉印证。
src-tastien-cn-0098,tastien-cn-taocan-double-8pc,塔斯汀中国汉堡,精选双人8件套,meituan_menu,https://guangdiu.com/search.php?q=%E5%A1%94%E6%96%AF%E6%B1%80,逛丢『塔斯汀』搜索结果：美团在售团购档位清单（TG005/TG1915/TG2215/TG022/TG1769/TG1545/TG1542/TG2082/双人8件套）,逛丢（同步美团/慢慢买）,2026-09-18,2026-09-10~09-18 期间在售的美团团购档位标题与价格：百万爆款双堡 TG005(13.7–13.9元)、单人四件套 TG1915(原价30.8/现14.29–14.8元)、3+2随心配 TG2215(28.9元)、超值翅根三重奏 TG022(原24/13.9元)、塔塔翅根桶 TG022、薯薯三重奏 TG1769、热销小吃N选1 TG1545、热销小吃N选2 TG1542、塔粉专享5样美食 TG2082、精选双人8件套兑换券。部分详情页触发滑块安全验证，商品介绍未全部取得。无营养数值。,False,D,菜单事实：团购套餐档位名称/编号/促销价,套餐内可选清单（如 TG2215 A区8款汉堡选3、B区9款小食选2）来自搜狐转载的抖音团购达人帖（2026-09-12）交叉印证。
src-tastien-cn-0099,tastien-cn-taocan-guo-wei-kao-ya-pin-pan,塔斯汀中国汉堡,国味烤鸭堡拼盘餐,third_party_analysis,https://you.ctrip.com/food/shenzhen26/136231880.html,塔斯汀中国汉堡(龙岗坂田店·深圳) - 携程美食「本店特色美食」,携程美食（聚合点评数据）,2026-09-18,门店页『本店特色美食』字段（20 项），人均 ¥18；无营养数值。,False,D,菜单事实：香辣鸡腿中国汉堡/藤椒鸡腿中国汉堡/多汁牛肉中国汉堡/塔塔鸡块/培根煎蛋中国汉堡/藤椒半边鸡/板烧凤梨中国汉堡/塔塔鸡腿中国小堡/田园脆鸡中国汉堡/国味烤鸭堡拼盘餐/粗薯/双享翅根/胡辣汤土豆泥/香辣鸡翅/冰柠可乐,
src-tastien-cn-0100,tastien-cn-taocan-xufu-3pc,塔斯汀中国汉堡,徐福美味精选三件套（龙餐馆联名）,third_party_analysis,https://www.sina.cn/news/detail/5337744410941138.html,塔斯汀联名电影《欢迎来龙餐馆》推广（徐福牛堡与联名套餐配置）,许梦成真（新浪号）,2026-08-30,软文式描述：徐福牛堡=手擀现烤堡胚+铁板现煎厚牛肉饼+整片芝士+生菜+洋葱碎+甜咸特调酱汁；徐福美味精选三件套(单人)=徐福牛堡1+风味小食(薯条或鸡块)1+限定海盐凤梨风味饮1；薯牛欢享双人六件套=徐福牛堡2+定制饮品2+双份人气小食拼盘。无营养数值。,False,D,菜单事实：徐福牛堡组成 + 两款联名套餐配置,与 smzdm AIGC 长文（post.smzdm.com/p/awwzggd2/，2026-09-10）所述配方一致（堡胚+牛肉饼+整片芝士+生菜洋葱+酸甜口酱汁，套餐配海盐凤梨风味饮，单点正价 17–18 元）。
src-tastien-cn-0101,tastien-cn-taocan-xufu-6pc,塔斯汀中国汉堡,薯牛欢享双人六件套（龙餐馆联名）,third_party_analysis,https://www.sina.cn/news/detail/5337744410941138.html,塔斯汀联名电影《欢迎来龙餐馆》推广（徐福牛堡与联名套餐配置）,许梦成真（新浪号）,2026-08-30,软文式描述：徐福牛堡=手擀现烤堡胚+铁板现煎厚牛肉饼+整片芝士+生菜+洋葱碎+甜咸特调酱汁；徐福美味精选三件套(单人)=徐福牛堡1+风味小食(薯条或鸡块)1+限定海盐凤梨风味饮1；薯牛欢享双人六件套=徐福牛堡2+定制饮品2+双份人气小食拼盘。无营养数值。,False,D,菜单事实：徐福牛堡组成 + 两款联名套餐配置,与 smzdm AIGC 长文（post.smzdm.com/p/awwzggd2/，2026-09-10）所述配方一致（堡胚+牛肉饼+整片芝士+生菜洋葱+酸甜口酱汁，套餐配海盐凤梨风味饮，单点正价 17–18 元）。
src-tastien-cn-0102,tastien-cn-taocan-taotao-ciba-kele,塔斯汀中国汉堡,桃桃安格斯牛堡+桂花酒酿糍粑+冰柠可乐（兑换券）,third_party_analysis,https://post.m.smzdm.com/zz/p/a5078vxx/,塔斯汀新品测评！黄桃安格斯牛肉堡｜爆浆巧克力卷｜拉丝糍粑｜米香鸡米花（C柚爱喝柠檬茶，来自哔哩哔哩）,C柚爱喝柠檬茶（B站原视频）／什么值得买 AI 摘要转载,2026-09-18,视频测评摘要：黄桃安格斯牛肉堡（6块黄桃+安格斯牛肉+黑椒酱）、桂花酒酿糍粑、脆米鸡米花、巧克力红豆奶香卷；通过外卖平台购买。无营养数值。页面未显示原视频日期，以抓取日登记。,False,D,菜单事实：4 款新品/在售品名与组成,『黄桃安格斯牛肉堡』与官方/新浪稿的『桃桃安格斯牛堡』疑为同款不同叫法，本库合并为一条 SKU 并记录别名冲突。
src-tastien-cn-0103,tastien-cn-taocan-burger3-cuimi-ciba,塔斯汀中国汉堡,汉堡3选1+脆米鸡米花+桂花酒酿糍粑（兑换券）,third_party_analysis,https://post.m.smzdm.com/zz/p/a5078vxx/,塔斯汀新品测评！黄桃安格斯牛肉堡｜爆浆巧克力卷｜拉丝糍粑｜米香鸡米花（C柚爱喝柠檬茶，来自哔哩哔哩）,C柚爱喝柠檬茶（B站原视频）／什么值得买 AI 摘要转载,2026-09-18,视频测评摘要：黄桃安格斯牛肉堡（6块黄桃+安格斯牛肉+黑椒酱）、桂花酒酿糍粑、脆米鸡米花、巧克力红豆奶香卷；通过外卖平台购买。无营养数值。页面未显示原视频日期，以抓取日登记。,False,D,菜单事实：4 款新品/在售品名与组成,『黄桃安格斯牛肉堡』与官方/新浪稿的『桃桃安格斯牛堡』疑为同款不同叫法，本库合并为一条 SKU 并记录别名冲突。
src-tastien-cn-0104,tastien-cn-taocan-mb42-duo-ren,塔斯汀中国汉堡,汉堡多人套餐系列 MB42（香辣/藤椒鸡腿堡2选1 + 七喜/冰柠可乐2选1）,third_party_analysis,https://www.shihuo.cn/page/goodsDetail?goodsId=6435674,塔斯汀 汉堡多人套餐系列（MB42/MB40/MB12 等券档）,识货（聚合淘宝团购）,2026-09-18,规格字段逐字：『香辣/藤椒鸡腿堡2选1+七喜/冰柠可乐2选1 MB42』『【小吃三选一】粗薯/双亨翅根/尖叫翅尖 MB40』『【小吃三选二】鸡米花/塔塔鸡块/粗薯 MB12』『2份尖叫翅尖 mt289』。无营养数值。,False,D,菜单事实：券档组成（MB42 双人堡+饮；MB40/MB12 小食券档）,MB40/MB12/mt289 为小食券档，未逐一建 SKU（见 missing_categories）。
src-tastien-cn-0105,,塔斯汀中国汉堡,品牌级：品类能量量级与促销事实,xiaohongshu_claim,https://post.m.smzdm.com/zz/p/aqkqgg8x/,两周吃完塔斯汀汉堡，塔门口味大测评！（宝宝吃肉啦，来自小红书）,宝宝吃肉啦（小红书原帖）／什么值得买 AI 摘要转载,2026-09-18,8 款汉堡口味排位；营养方面仅有品类级模糊表述『每款约500卡路里左右』（无逐品数值、无方法）→ 不用于填值，仅作量级交叉参考。另载促销事实：小程序夜宵专属 9.9 元一个堡、每周二买一送一、可备注不加沙拉酱。,False,D,无逐品营养数值（仅『约500卡路里/款』的模糊表述，未采用）,
src-tastien-cn-0106,,塔斯汀中国汉堡,品牌级：品类级 AI 生成估算（已核查并排除）,semantic_estimate,https://zhidao.baidu.com/question/374888016089198692.html,塔斯汀全系列热量测评｜汉堡＋小食＋饮品（百度知道·机构号自动回答）,赛玖百科小窍门（百度认证:长沙赛玖商务服务有限公司）,2026-02-25,回答自述『数据基于常见品类及一般规格估算』，为品类级 AI 生成内容，无逐 SKU 数值、无称重/拆解 → 不满足任何可用等级，本库未据此填任何数值，仅登记为已核查并排除的来源。,False,D,（未采用）品类级模糊值：汉堡约500大卡/份、小食150–300大卡/份、饮品50–150大卡/杯,与逐品 UGC 值量级一致，可作方向性印证，但不作证据。
src-tastien-cn-0107,,塔斯汀中国汉堡,品牌级：门店规模与中国披萨独立业态,third_party_analysis,https://www.bbtnews.com.cn/2025/1210/578337.shtml,破万店后重启披萨赛道 塔斯汀弃「单押汉堡」（北京商报）,张天元（北京商报）,2025-12-10,报道：截至 2025-11 底在营门店 11124 家；2025-12 在泉州开出 2 家『塔斯汀中国披萨』门店，小程序提供多款披萨/意面/牛排/焗饭/小食 + 4 款汉堡，8 寸披萨最低 18 元。,False,D,菜单事实：门店规模；独立披萨业态菜单（本库未扫）,披萨/意面/牛排/焗饭属独立门店业态，未纳入本品牌外卖主菜单扫库（见 missing_categories）。
src-tastien-cn-0108,,塔斯汀中国汉堡,品牌级：3+2 套餐可选范围（A区8款/B区9款）,third_party_analysis,https://www.sohu.com/a/1074992698_121822845/,塔斯汀开学季双堡3+2活动（A区8款堡选3、B区9款小食选2）,慧银小湖（搜狐号，转载抖音团购达人）,2026-09-12,帖文说明 TG2215 类『3+2』套餐可选范围：A区8款（含香辣鸡腿堡、藤椒鸡腿堡）选3、B区9款选2，支持外送。无营养数值。,False,D,菜单事实：套餐可选结构与规模（A区8款/B区9款）,
src-tastien-cn-0109,,塔斯汀中国汉堡,品牌级：单店在售汉堡约 8 款、SKU 汰换率高,third_party_analysis,https://post.smzdm.com/zz/p/akoq4qmr/,测评『中国汉堡之王』塔斯汀的所有汉堡，能好吃吗？（来自快手）,快手原视频／什么值得买 AI 摘要转载,2026-09-18,视频摘要：门店菜单在售 8 款汉堡，含避风塘蟹味柳汉堡（3根蟹柳棒+1块鸡排）、板烧凤梨堡、新疆辣皮子鸡排堡、藤椒鸡腿堡、香辣鸡腿堡、有滋有味鸭堡；并称『菜单上八款在售汉堡，七款已下架』。无营养数值。,False,D,菜单事实：汉堡 SKU 汰换率高（门店在售约 8 款）；避风塘蟹味柳堡/新疆辣皮子鸡排堡组成,重要口径提示：单店任一时刻在售汉堡约 8 款，全网累计 SKU 远大于单店；本库登记的是品牌层面可查到的 SKU 全集。
src-tastien-cn-0110,,塔斯汀中国汉堡,徐福牛堡配方与价格带交叉印证,third_party_analysis,https://post.smzdm.com/p/awwzggd2/,看完《龙餐馆》去冲塔斯汀的人：徐福牛堡全网真实口碑我扒完了（什么值得买 AIGC 聚合，源自279位全网作者）,什么值得买 AIGC 聚合,2026-09-10,聚合微博/知乎/小红书/B站评论，给出徐福牛堡配方、单点正价 17–18 元、券后约 12 元、周边规则；页脚标注『内容由AI生成』。无营养数值。,False,D,菜单事实：徐福牛堡配方与价格带；美团外卖×塔斯汀×TNT 潮玩 19 元档单人套餐（2026-09-05 前后上线）,
src-tastien-cn-0111,,塔斯汀中国汉堡,品牌级：6 款汉堡组成描述与『加双培根』加料口径,third_party_analysis,https://www.sohu.com/a/917472990_121678045,塔斯汀汉堡闭眼冲攻略！纠结星人速来抄作业,肖其国（搜狐号）,2025-07-25,6 款汉堡组成描述（香辣鸡腿堡配生菜黄瓜片、藤椒鸡腿堡、板烧凤梨堡厚切凤梨+沙拉酱、避风塘蟹柳堡、培根煎蛋堡可加双培根、有孜有味鸭堡）。无营养数值。,False,D,菜单事实与组成描述,『加双培根』为可选加料（common_modifications 依据）。
src-tastien-cn-0112,,塔斯汀中国汉堡,品牌级：2023 年口味矩阵与价格带（单点堡¥12–18、单人套餐¥19.9起）,third_party_analysis,https://www.stheadline.com/zh-hans/travel/3264523/,港人大赞内地快餐店「塔斯汀」超抵食！极推麻婆豆腐汉堡,星岛头条,2023-08-21,2023 年报道，列出当时中式创新口味：麻婆豆腐、藤椒鸡腿、北京烤鸭、五香肉饼、鱼香肉丝真有鱼中国汉堡；价格带：单点汉堡¥12–18、单人套餐¥19.9起最贵¥26；小食：香辣鸡翅/奥尔良烤翅/荆楚尖叫翅尖/啃定好鸡脖/盐酥鸡米花/塔塔香鸡腿。无营养数值。,False,D,菜单事实（2023 年口径）,麻婆豆腐中国汉堡当前在售状态未核实，SKU 已标 uncertain_current。五香肉饼/鱼香肉丝真有鱼未建 SKU（见 missing_categories）。
